pij																																																																																																																																																																																																																																																																																																																																																																																																																																																																																																																																																																																																																																																																																																																																																																																																																																																																																																																																																																																																																																							
87	14	21	83	73	95	25	35	21	42	40	87	71	70	52	57	34	95	32	12	57	65	80	96	97	48	26	83	66	27	30	54	42	13	18	79	91	98	26	39	84	57	76	93	34	49	64	60	21	61	39	12	93	36	62	19	74	67	65	45	69	44	43	91	23	56	67	64	28	47	88	25	70	39	19	45	84	89	16	86	48	26	36	31	84	69	60	27	44	44	82	41	62	69	90	89	30	91	42	53	54	91	95	50	72	60	91	52	21	52	23	55	91	46	23	69	76	91	35	63	17	75	44	44	27	85	63	31	92	36	45	99	99	68	52	62	81	20	30	80	22	17	87	18	85	11	96	63	87	18	72	30	12	11	92	39	60	87	30	74	96	52	98	23	45	85	42	89	77	62	72	26	51	20	66	17	99	70	21	87	36	53	18	62	68	13	19	22	57	78	41	36	83	76	87	75	77	28	81	75	94	49	47	35	62	97	86	57	30	50	46	100	99	13	77	12	17	52	50	15	60	12	21	67	34	99	39	33	61	17	76	73	87	99	55	22	63	90	92	91	38	52	70	91	15	71	86	63	45	65	94	66	16	47	36	36	27	84	52	27	66	52	34	82	48	47	35	64	98	85	86	95	52	79	64	78	26	21	36	84	30	90	84	67	82	20	56	84	11	13	70	51	76	75	53	24	18	84	98	77	13	90	82	99	65	41	31	34	70	69	72	43	70	18	68	84	77	82	59	84	34	14	86	77	22	29	16	91	35	87	79	91	13	79	20	46	65	50	58	74	58	52	67	85	66	99	19	14	87	93	62	39	75	76	87	11	31	11	52	92	85	86	46	76	36	55	89	70	91	63	94	28	79	94	78	41	19	57	34	40	80	44	79	71	96	75	26	21	84	49	59	66	33	56	33	11	39	62	97	85	30	32	67	54	25	73	34	76	18	32	35	41	73	16	40	12	12	73	71	92	52	43	87	74	64	60	91	29	96	47	39	90	35	96	93	34	27	58	32	55	53	19	29	29	22	81	87	25	61	55	71	43	48	99	21	80	73	98	63	61	11	42	31	42	43	51	100	36	86	48	58	44	70	65	63	58	27	50	13	64	42	72	98	70	14	82	40	43	69	62	15	28	30	27	36	38	93	69	67	57	80	99	56	40	67	98	81	59	17	45	78	70	51	80	42	13	25	24	77	94	63	10	38	63	26	99	44	41	72	90	97	30	23	100	29	90	67	66	76	44	86	64	68	87	67	30	54	19	31	94	80	29	80	81	35	71	70	97	92	31	69	50	20	25	73	32	19	98	22	55	98	85	22	62	93	67	42	77	58	50	34	94	90	23	34	15	89	80	61	41	30	84	45	16	59	78	21	27	39	34	83	36	67	86	75	76	14	27	99	14	46	39	94	70	67	55	52	51	41	68	22	45	56	57	62	62	69	26	49	35	67	61	27	48	99	22	43	65	31	52	50	32	58	25	25	17	64	50	84	39	64	67	50	33	48	47	24	78	17	61	22	25	26	58	18	87	98	54	53	35	48	15	50	90	65	18	12	84	90	87	62	34	64	80	61	53	72	43	12	15	67	84	67	94	63	89	59	60	84	76	56	49	82	42	40	88	46	15	57	63	48	61	65	27	33	64	56	42	22	76	44	97	28	76	46	71	57	25	89	71	34	78	90	12	30	75	84	22	32	26	90	85	22	24	42	22	86	81	15	68	30	64	44	19	25	35	87	23	49	29	67	43	40	25	35	78	71	17	63	44	57	65	68	65	58	71	51	54	66	67	88	88	50	67	11	70	89	64	94	39	14	77	24	67	85	91	95	14	89	34	28	37	85	70	42	51	24	34	14	34	65	19	12	63	28	90	36	19	28	34	40	89	40	20	49	86	24	86	81	44	49	57	58	88	95	14	99	97	43	38	43	11	63	64	42	88	25	75	60	92	47	91	29	28	95	17	27	20	90	16	91	75	33	43	10	60	16	28	18	27	24	83	76	31	85	64	39	96	61	63	16	92	56	56	61	46	97	67	31	50	54	95	79	36	94	80	38	59	70	65	95	79	87	33	80	93	85	35	49	15	58	24	95	68	52	76	82	95	83	45	40	37	52	56	58	22	99	14	23	97	45	72	65	61	24	32	58	76	70	97	65	21	56	18	86	28	89	24	49	90	52	57	31	14	29	18	59	64	99	95	57	84	87	81	49	38	89	15	94	47	56	51	21	86	32	90	19	27	92	42	57	25	15	10	16	23	46	36	67	45	92	24	25	21	23	80	41	84	13	41
95	52	57	52	79	67	92	37	54	86	91	84	76	34	67	17	75	11	70	59	29	83	38	86	29	93	34	56	53	62	58	72	16	72	71	40	73	27	70	61	51	84	47	28	10	66	90	87	29	86	87	23	50	58	10	50	37	16	79	13	25	31	13	90	57	78	89	91	34	28	62	30	16	58	76	17	61	42	35	90	61	14	62	38	26	71	59	93	38	14	98	32	66	55	97	96	86	79	63	42	12	33	69	23	36	15	19	59	17	51	75	91	16	17	82	82	75	29	50	84	32	56	54	96	17	94	34	55	11	73	76	25	27	39	86	57	12	78	44	72	84	60	27	71	16	37	69	88	38	71	15	58	60	39	77	21	44	22	26	68	20	60	87	16	50	10	100	74	48	74	16	47	21	69	12	43	92	48	50	55	27	27	24	69	93	59	98	57	24	64	13	28	59	79	86	52	57	39	36	27	54	16	36	52	74	27	92	83	47	49	55	59	42	78	54	79	21	46	27	80	35	35	50	24	66	40	81	48	57	87	51	85	95	71	97	88	73	93	43	10	46	80	17	85	34	82	55	45	63	80	77	42	48	48	97	49	96	36	16	58	53	93	57	18	11	75	17	13	44	35	42	33	24	79	90	44	13	62	68	42	53	64	23	71	84	31	43	64	25	40	89	29	52	38	90	22	17	52	31	38	28	26	25	51	39	59	81	29	68	35	64	76	80	55	79	36	76	15	85	68	56	89	53	84	55	56	67	13	94	33	32	55	99	74	83	36	92	30	74	58	20	52	10	77	66	81	90	61	83	98	96	14	66	61	60	63	47	18	24	56	28	77	58	81	87	33	83	37	27	81	88	75	45	97	78	48	45	54	60	66	59	19	31	19	31	65	40	55	21	36	52	66	16	81	43	39	37	63	43	90	41	86	37	56	83	69	84	53	88	83	14	97	21	80	14	71	76	99	45	46	24	59	62	22	64	51	88	32	94	77	59	62	75	56	33	94	63	46	68	83	17	29	39	81	84	86	71	35	93	63	17	19	95	71	23	11	23	16	71	53	27	84	34	11	40	26	23	12	72	19	59	59	50	28	17	26	99	20	82	50	56	78	43	66	68	20	74	33	98	34	64	96	21	40	38	11	96	64	47	74	59	86	90	75	40	28	23	86	83	34	69	71	76	43	15	34	80	86	70	47	24	64	53	86	31	54	12	69	63	99	97	41	65	24	44	96	90	77	55	38	67	16	39	88	81	55	37	37	95	35	93	92	76	15	64	43	92	23	60	64	51	17	26	40	38	46	59	41	33	15	90	25	11	70	62	50	97	85	25	16	49	32	21	94	84	31	74	21	42	93	82	89	14	33	66	52	74	55	33	90	31	34	22	81	65	61	47	61	25	86	25	99	47	86	67	41	28	97	98	79	83	72	92	83	81	62	51	95	72	61	62	53	33	96	34	74	94	85	40	95	37	38	25	37	80	12	28	71	17	36	27	97	81	29	97	82	18	54	47	70	61	17	93	83	86	86	83	46	66	82	31	78	47	89	43	21	92	23	52	68	95	13	92	81	34	41	18	32	75	19	24	35	16	96	33	80	54	35	60	65	19	25	94	70	93	56	57	35	37	54	55	58	75	50	84	86	69	60	27	94	44	59	92	100	77	21	46	95	57	89	81	16	60	49	61	27	58	74	85	74	60	80	17	81	73	12	98	38	51	24	75	79	11	60	75	42	51	99	90	96	12	38	56	81	58	39	57	49	41	22	21	76	79	12	89	70	67	57	54	64	34	31	80	62	67	20	15	55	51	39	65	14	67	24	49	88	58	14	72	97	36	37	93	84	92	94	77	37	89	45	18	53	67	84	44	13	56	31	95	43	52	73	48	84	64	48	98	75	74	22	84	77	60	28	44	37	48	25	20	67	67	60	91	57	25	31	47	51	40	34	62	100	70	79	71	27	25	96	99	77	77	26	16	70	23	75	81	34	11	68	100	44	84	67	98	84	93	57	29	38	87	19	89	35	68	16	27	47	70	35	28	30	90	54	35	13	27	24	26	59	37	90	28	68	68	35	31	36	28	98	12	24	49	51	71	30	81	34	54	87	89	13	39	18	87	34	91	93	96	52	81	27	16	30	54	20	27	99	54	99	85	12	46	47	59	27	30	35	56	22	96	63	37	29	27	67	18	56	74	84	37	96	95	83	87	77	73	87	76	52	63	74	95	34	66	11	85	99	79	25	14	59	85	57	52	62	77	49	36	61	43	14	80	20	13	75	20	85	68	28
56	100	78	13	77	74	78	63	53	83	32	56	81	17	54	22	98	15	81	42	11	28	19	48	11	36	78	74	74	47	24	41	95	49	40	99	31	58	97	24	88	89	80	48	79	12	67	97	93	29	28	36	50	19	67	30	76	92	33	54	42	66	59	94	65	33	35	59	25	84	61	49	52	45	66	67	68	58	37	56	19	83	95	39	40	84	53	53	32	98	56	91	57	21	61	45	83	37	73	25	67	88	21	86	54	63	98	10	46	83	62	37	60	24	73	25	87	32	40	39	23	66	64	72	57	83	57	74	76	25	63	36	29	79	64	35	94	44	31	81	43	84	30	83	16	57	31	35	87	86	50	95	99	22	20	56	27	74	22	75	70	92	41	21	72	94	83	83	71	81	99	51	66	32	48	75	38	65	17	55	69	91	17	24	54	22	93	83	67	44	84	100	80	94	59	79	50	33	59	79	69	72	93	96	97	95	28	42	58	71	38	96	46	38	78	38	27	47	68	18	41	26	38	62	91	78	23	38	24	71	23	22	86	94	68	15	79	36	55	29	42	58	92	39	69	35	57	88	74	81	76	58	85	60	47	19	49	33	24	63	59	67	13	83	60	27	59	86	19	92	27	22	43	76	32	59	18	51	88	32	56	93	76	17	43	10	64	49	92	50	49	29	74	35	81	26	16	52	89	15	98	36	37	15	87	35	12	72	49	31	61	60	82	12	96	13	70	55	22	42	57	61	36	61	52	34	96	35	33	13	91	92	24	48	54	24	26	16	62	72	87	71	21	34	94	96	95	12	60	32	75	79	70	68	85	36	54	82	68	66	97	92	62	19	10	77	63	58	63	24	74	54	46	31	45	76	49	40	36	79	22	25	27	81	30	49	11	18	71	43	24	84	35	37	77	75	80	81	65	26	64	40	47	62	43	17	32	15	33	48	24	53	63	58	42	94	53	71	51	40	64	87	30	43	69	99	60	22	20	51	47	41	74	13	94	42	69	24	34	17	64	88	30	52	27	28	67	98	32	95	79	76	36	80	36	23	98	95	49	21	74	60	99	43	53	11	85	90	51	62	23	29	87	22	42	32	51	59	70	39	48	36	67	62	100	82	75	43	94	57	58	94	94	89	42	80	18	65	93	97	79	96	79	74	87	46	66	24	59	74	27	93	92	82	41	41	64	25	77	60	13	94	50	11	26	81	82	27	82	43	93	20	79	35	45	75	90	38	85	82	24	23	44	24	40	66	98	21	46	34	65	76	53	88	52	78	36	42	86	59	57	27	48	18	47	69	40	94	99	32	11	95	36	80	17	24	88	57	96	57	88	82	52	98	19	21	93	39	75	64	32	93	69	83	39	88	82	13	23	17	54	83	79	46	11	52	61	48	95	18	78	85	96	56	94	16	42	22	20	32	54	62	95	57	88	20	78	61	55	11	18	77	61	73	80	84	90	98	99	94	73	94	44	15	65	20	95	23	97	85	34	96	15	86	16	61	55	39	67	46	61	53	77	91	22	63	80	81	72	17	63	100	79	62	71	80	45	85	13	29	36	40	42	36	22	27	58	53	57	16	99	56	13	74	20	62	88	88	51	32	37	67	38	86	86	67	98	65	58	89	69	84	28	47	91	56	77	10	90	68	80	85	73	97	90	51	69	88	96	67	87	81	72	48	34	78	11	46	13	75	12	86	31	25	60	41	54	70	93	51	75	15	62	48	30	93	60	69	72	99	58	73	99	47	43	18	30	29	42	12	55	79	89	32	71	18	49	32	41	95	54	64	33	85	36	15	21	93	61	33	11	71	43	86	48	46	64	43	32	55	48	45	27	83	53	83	88	48	86	54	50	71	42	17	55	95	31	22	56	44	83	14	34	70	24	22	49	67	19	43	73	40	48	49	99	75	79	49	48	48	71	29	77	19	13	38	93	80	76	90	21	83	82	54	99	89	35	45	75	57	60	65	55	38	65	37	17	36	92	73	63	74	86	48	87	35	97	77	84	25	55	96	78	19	45	37	75	10	67	92	21	59	69	18	98	15	63	50	74	34	68	71	32	30	16	77	57	62	33	24	90	21	28	73	22	99	61	73	74	53	75	14	94	42	46	18	73	53	78	51	95	16	14	60	20	64	62	69	23	54	53	79	69	70	25	22	25	15	43	26	40	87	29	87	92	70	68	32	18	36	30	58	48	54	68	81	76	75	58	86	41	74	100	50	34	56	50	47	63	48	77	54	25	88	14	97	55	77	88	57	92	88	97	52	57	37	36	14	14	78
29	52	80	99	51	46	90	25	93	87	87	20	41	38	40	92	42	100	72	30	68	22	64	98	80	40	16	61	62	35	24	40	87	33	10	59	59	22	36	72	24	27	57	20	41	30	71	14	26	89	29	12	34	33	39	12	70	82	61	93	59	27	28	45	91	82	83	97	18	76	97	93	56	76	10	22	17	48	11	18	25	80	82	43	38	55	13	50	23	73	59	98	57	37	58	18	96	10	44	92	82	84	37	55	66	31	76	38	88	92	97	98	46	85	15	86	25	74	32	55	55	96	90	74	69	89	42	88	99	86	25	79	23	45	50	45	79	95	19	51	21	52	73	93	24	21	22	72	56	36	65	95	98	86	73	12	27	19	25	76	45	77	76	71	86	76	66	81	66	59	24	91	43	41	100	42	58	56	70	74	52	90	28	38	68	68	69	52	59	46	44	23	87	48	99	87	42	74	73	70	28	82	81	39	75	60	55	53	24	69	93	18	64	21	32	100	12	30	51	93	49	81	75	32	37	87	31	45	33	48	85	34	88	34	55	26	34	84	27	89	36	99	96	66	87	82	77	45	54	26	55	27	87	27	32	24	48	21	92	21	38	26	46	55	42	92	15	30	53	90	11	40	80	22	61	56	43	26	16	93	27	49	85	47	97	93	15	30	53	63	91	56	15	12	40	88	46	59	75	60	99	11	16	33	71	62	19	62	76	48	22	27	26	41	83	29	12	38	15	12	65	44	28	41	31	58	92	39	59	63	46	79	61	55	20	40	72	40	85	20	88	79	77	88	16	34	21	63	76	53	37	27	78	34	94	27	77	89	32	81	70	66	54	17	34	40	57	68	85	64	100	54	27	84	57	42	22	13	54	80	83	64	82	10	16	91	29	40	13	59	62	13	38	77	53	34	97	58	42	70	17	41	29	13	68	40	15	56	28	45	24	55	59	34	66	64	25	29	69	67	76	23	14	26	54	16	54	83	67	18	33	41	41	89	31	81	12	98	74	12	36	32	79	30	81	89	90	19	49	28	23	24	70	91	57	77	89	28	98	86	89	46	69	16	12	41	41	25	78	90	46	54	85	52	91	49	53	33	71	20	20	85	74	25	62	72	77	43	17	93	71	71	29	20	76	59	85	44	49	11	15	81	41	45	30	43	21	77	84	24	46	53	14	92	25	73	100	15	48	56	40	47	69	52	30	28	99	98	92	18	39	94	17	100	19	90	11	13	55	55	45	11	40	64	56	43	99	83	45	62	76	27	71	71	65	57	98	54	80	26	76	98	91	26	69	73	12	13	12	36	72	84	63	84	91	60	86	82	43	70	11	13	65	68	85	73	47	18	29	90	68	65	29	80	90	76	27	38	22	52	77	91	97	20	14	71	25	67	52	58	73	40	35	35	76	59	79	99	62	64	96	12	77	18	31	16	11	77	17	19	85	10	25	59	16	55	46	71	28	69	96	90	93	36	14	93	13	89	94	27	89	20	74	72	42	19	32	32	45	19	83	63	81	20	68	49	18	51	24	60	76	94	35	18	11	66	81	83	67	99	18	18	93	93	16	93	52	62	34	52	45	16	41	39	61	84	46	47	40	27	90	73	66	91	83	66	64	100	37	74	45	15	31	34	98	69	72	57	61	72	13	81	85	22	60	76	27	77	90	64	23	15	75	30	80	12	72	45	59	26	43	51	72	16	45	22	98	87	32	82	78	22	33	89	61	99	45	19	20	35	77	52	24	55	22	63	28	54	64	73	46	46	53	94	24	35	93	31	13	42	33	90	83	32	77	62	55	27	70	82	54	73	86	63	49	83	64	90	41	17	60	94	91	21	90	71	71	54	49	76	71	97	41	97	72	15	58	24	93	13	13	71	92	23	33	31	66	43	28	97	92	68	91	78	44	80	63	13	59	21	28	77	45	17	57	87	24	95	87	36	39	31	83	93	54	69	41	18	89	99	46	25	74	54	63	19	95	49	16	34	98	51	95	92	33	16	44	24	49	39	67	18	55	47	44	77	13	14	15	38	71	34	64	43	25	86	13	48	21	59	84	98	17	73	12	22	49	57	51	90	19	74	61	89	99	39	78	22	10	53	23	71	83	13	27	79	56	15	15	75	33	54	20	38	27	97	80	62	45	45	70	38	78	15	39	61	99	40	21	60	29	11	42	44	32	48	74	46	97	82	68	41	32	47	95	43	43	99	15	86	80	80	64	71	93	29	15	58	55	56	57	53	50	91	33	77	40	52	47	52	94	23	37	75	98	63	24	45	51	96
87	19	12	74	21	54	69	89	50	66	22	60	62	57	63	32	55	26	42	61	98	74	14	18	36	13	88	47	54	39	99	58	19	81	83	24	47	27	91	73	27	46	75	72	53	78	58	18	34	66	60	20	86	78	61	57	98	77	20	52	82	82	41	43	61	70	37	31	72	83	15	14	32	28	81	32	78	87	69	14	67	50	77	41	51	27	81	97	92	70	35	64	80	91	80	22	51	20	91	12	28	63	50	59	87	61	41	79	68	94	42	58	28	49	46	17	10	61	43	35	80	28	75	66	81	40	68	91	74	59	28	28	55	16	41	18	20	64	86	26	64	95	12	89	27	57	13	32	87	70	97	25	86	63	85	71	54	20	57	76	30	23	85	41	30	67	64	32	62	98	41	93	21	92	67	37	65	92	42	12	16	22	63	63	82	52	15	54	88	24	39	74	86	53	83	51	81	71	45	38	57	61	24	54	88	91	24	82	48	51	32	87	92	57	68	38	91	19	40	53	12	71	83	49	84	80	36	39	36	51	67	86	86	80	70	59	37	81	23	71	80	13	52	25	43	10	81	72	82	46	23	48	30	27	78	22	95	67	24	15	48	93	28	97	19	94	73	76	90	60	72	53	21	66	77	12	87	13	26	28	99	13	46	54	65	61	90	71	12	74	69	30	51	84	85	16	22	35	94	75	46	79	60	15	72	57	36	62	59	15	73	73	85	88	26	35	49	58	54	93	55	47	48	79	28	43	47	69	57	84	48	27	39	48	18	81	17	25	94	67	57	56	88	65	54	71	90	31	11	62	62	33	22	93	63	88	52	21	14	64	54	93	89	63	44	57	89	49	77	71	76	52	42	28	83	48	47	34	13	94	71	48	24	88	37	67	74	71	72	57	26	65	46	94	85	31	41	31	10	11	55	97	83	57	93	40	51	58	35	94	51	30	31	62	30	99	83	28	54	28	42	67	51	99	11	19	52	54	21	20	37	11	32	28	62	38	12	50	22	97	15	73	42	78	85	68	78	33	90	11	36	57	88	30	72	86	77	41	37	74	94	83	11	51	32	80	33	31	70	81	34	92	35	38	37	32	79	72	31	35	96	37	76	15	65	45	65	74	16	44	56	45	96	89	47	55	80	100	89	52	44	45	33	61	39	89	78	77	52	52	26	72	95	96	95	96	48	99	30	37	80	61	40	89	41	53	57	64	67	62	54	87	64	75	21	87	98	81	86	73	77	62	50	88	99	61	76	44	14	23	15	66	58	44	36	21	37	29	16	23	90	89	77	33	69	28	66	62	35	52	60	21	70	19	66	11	47	38	79	49	15	73	93	60	22	24	87	57	50	75	17	77	36	98	22	15	66	78	17	31	71	75	85	77	43	58	56	81	47	43	51	45	35	71	85	27	83	61	83	11	57	75	16	81	41	32	12	45	78	51	48	39	70	99	86	49	72	99	81	35	53	60	41	83	62	42	23	12	18	78	91	95	96	99	21	93	38	14	60	47	15	11	44	13	12	67	16	42	65	73	28	28	96	80	20	20	14	67	36	49	13	15	20	23	80	58	53	46	18	17	21	26	98	88	64	13	94	92	49	87	70	45	46	59	74	69	31	23	99	42	79	74	72	65	26	31	42	67	30	77	14	74	29	41	47	31	62	52	19	32	47	58	99	97	77	65	92	18	21	58	31	19	71	84	63	59	92	83	22	98	35	35	81	36	88	27	47	31	15	25	24	86	99	57	24	51	30	14	19	44	27	69	79	32	48	67	48	62	33	66	92	44	49	18	36	40	10	21	68	67	53	47	60	36	36	11	39	45	94	84	33	95	91	36	27	33	52	44	81	75	73	44	72	59	12	21	37	41	21	36	41	17	80	11	33	62	74	56	33	76	91	35	22	98	17	16	97	29	75	39	37	84	91	57	29	98	31	14	26	46	68	32	91	49	77	71	69	80	35	34	79	13	55	65	63	60	78	21	63	32	96	26	44	20	65	54	94	25	25	63	100	96	25	90	34	75	54	76	57	76	26	66	22	21	38	46	81	44	44	85	93	63	41	26	99	64	30	73	86	55	72	76	74	67	65	88	19	13	61	79	68	84	16	44	21	58	90	35	71	76	63	87	46	17	19	17	58	26	17	35	71	73	77	48	71	68	99	32	30	32	84	81	84	99	96	65	35	55	70	60	17	53	72	22	44	14	46	82	88	85	47	50	53	57	41	12	40	31	83	78	28	61	34	54	73	97	82	72	16	30	46	79	25	66	11	73	28	90	15	72
29	76	24	13	30	83	64	97	57	47	20	54	55	57	28	92	83	33	77	94	85	28	43	55	31	67	43	70	56	66	54	60	94	12	47	34	94	20	21	25	59	44	85	26	58	22	42	46	83	57	75	52	16	62	64	83	35	57	77	96	25	26	58	11	64	42	49	57	50	53	60	12	95	18	99	59	97	87	24	27	12	46	94	17	93	91	45	31	45	44	14	33	87	91	62	27	92	86	83	40	93	15	58	48	58	99	63	13	16	81	61	99	20	59	64	74	53	96	62	60	73	46	86	44	56	72	41	78	77	30	84	96	47	89	63	59	76	54	62	43	29	97	88	41	12	51	42	71	40	56	100	83	32	17	53	32	71	23	88	22	20	50	48	42	33	55	84	89	93	18	20	58	25	44	94	47	58	76	75	42	49	40	14	21	46	90	34	73	15	18	32	30	91	51	45	72	52	47	73	92	28	39	77	30	94	91	95	72	50	52	83	100	99	68	49	59	80	77	59	90	87	67	21	95	24	71	22	98	34	67	35	86	62	18	96	22	46	40	76	70	50	77	52	34	46	46	52	77	94	19	98	84	44	42	93	17	96	18	21	34	72	73	60	67	20	62	72	60	86	88	13	44	69	56	87	42	100	86	66	19	66	82	14	30	35	17	67	90	38	37	52	78	90	63	68	23	83	78	21	44	95	64	18	51	76	50	23	90	44	57	28	97	61	70	56	94	43	20	75	78	64	53	96	40	43	86	66	90	27	38	53	99	56	44	37	98	27	23	47	38	84	97	30	25	63	48	95	36	71	89	77	89	71	82	68	60	17	22	64	95	33	74	73	21	33	29	70	76	99	91	74	55	42	49	44	27	78	47	22	90	70	25	89	53	44	27	91	67	32	32	38	72	89	32	37	64	36	17	77	65	60	98	95	78	100	44	38	89	12	87	32	32	24	52	55	68	62	60	82	94	69	68	94	95	68	31	49	66	87	12	48	70	44	63	29	13	38	29	77	47	47	87	74	66	72	91	68	74	71	22	44	59	12	81	54	60	39	53	47	22	24	95	38	43	37	36	84	54	49	24	41	64	56	16	54	55	37	91	14	37	49	90	55	84	77	49	27	82	52	14	78	21	33	98	14	48	85	41	31	83	96	10	22	68	76	26	43	59	76	52	25	60	69	24	48	74	50	38	47	70	40	96	73	56	18	75	18	87	61	27	25	74	40	71	57	53	99	66	15	77	53	27	40	99	42	76	15	42	88	42	32	54	25	37	87	79	94	69	41	89	44	41	87	74	13	54	11	22	38	24	99	47	44	44	63	22	70	16	12	27	11	99	85	53	98	74	100	61	59	25	41	52	76	53	22	33	65	54	93	78	79	59	17	46	66	35	68	54	80	26	49	40	24	88	44	96	58	45	52	86	45	58	94	11	44	63	76	28	89	92	72	66	95	56	56	62	50	63	71	53	71	88	68	95	56	87	56	72	38	83	75	68	39	90	98	59	50	59	44	86	30	96	59	90	55	11	53	22	50	17	28	78	23	48	90	56	94	55	21	37	79	11	71	86	22	28	98	95	13	74	35	26	69	39	17	45	20	83	16	66	92	94	88	58	36	47	35	26	24	72	79	82	66	61	32	55	53	78	77	76	65	89	82	19	13	20	80	29	75	96	30	14	99	32	37	38	95	57	89	53	50	29	22	91	80	50	31	34	21	83	18	22	27	13	76	91	86	80	94	93	52	41	44	22	60	53	14	48	39	11	22	74	96	39	63	65	89	51	34	73	23	43	34	18	34	72	50	43	70	49	89	62	50	27	71	55	53	82	48	79	36	72	88	89	41	47	41	61	96	63	91	44	17	77	48	81	78	87	30	11	26	71	66	14	88	37	19	44	28	98	11	46	36	74	67	94	80	60	38	63	97	29	73	87	85	93	47	27	79	38	34	56	77	46	75	60	15	34	43	97	74	72	50	96	43	62	78	18	47	44	27	88	93	80	11	80	71	96	41	76	97	60	100	51	16	29	29	89	25	36	87	31	31	69	91	16	26	81	77	27	42	88	11	87	42	31	95	19	98	79	22	46	23	67	84	29	86	64	13	12	83	59	87	13	55	35	12	76	35	86	15	35	27	85	87	28	16	61	21	40	34	67	97	74	92	66	68	23	85	89	21	33	33	18	12	88	23	16	21	63	13	52	34	73	95	42	90	75	43	34	85	25	36	49	34	37	46	40	31	68	56	56	22	89	58	30	19	55	32	25	12	58	44	11	55	51	92	10	79	60
66	18	11	84	34	91	70	69	39	85	22	72	41	69	79	68	90	45	68	81	28	54	63	37	58	80	71	98	93	43	92	62	34	13	41	18	86	75	16	21	86	87	69	81	17	41	79	62	52	12	42	95	38	69	77	19	98	44	17	93	47	91	37	41	75	62	46	45	62	54	85	84	56	32	91	84	66	92	57	18	35	32	57	66	25	12	25	25	24	10	49	79	27	24	96	73	11	88	40	45	59	16	32	36	52	24	87	69	44	41	27	50	94	12	60	34	70	62	82	48	11	48	45	25	38	83	15	13	63	61	12	87	45	49	72	34	56	41	19	52	96	83	42	88	35	59	69	37	61	47	14	35	43	66	84	17	27	63	20	36	68	22	90	97	27	75	85	87	69	82	91	56	54	23	65	33	90	67	19	46	46	66	23	46	49	82	91	32	53	19	19	63	86	87	37	25	87	12	42	72	86	75	58	71	14	59	12	99	44	19	86	11	14	36	87	45	73	60	62	40	81	82	91	50	62	68	11	15	52	53	18	51	39	36	94	29	25	69	18	89	26	18	14	81	46	23	31	75	94	21	30	69	86	13	72	32	45	41	35	41	60	30	47	18	90	75	40	80	62	20	18	65	34	63	82	10	92	50	12	86	87	89	90	87	53	96	93	12	81	26	28	99	11	56	22	18	79	44	61	18	98	67	31	54	31	49	73	40	45	43	14	87	50	74	60	44	93	79	80	36	62	96	57	40	19	88	74	85	73	63	29	14	21	95	27	22	40	30	79	24	62	44	37	59	85	91	44	11	97	40	52	13	86	12	96	79	55	18	61	67	42	88	81	18	83	14	77	79	50	57	89	63	25	33	19	11	70	91	50	39	31	51	97	19	38	14	43	60	35	35	93	75	40	44	99	30	13	12	91	55	25	89	56	24	74	37	76	30	49	69	27	51	72	38	32	62	45	60	89	87	95	44	24	53	61	83	66	64	90	21	56	78	57	75	68	28	13	13	62	33	56	92	74	87	11	54	35	37	75	54	74	55	98	36	70	61	28	91	34	79	88	24	96	88	97	85	67	85	95	19	33	94	66	55	32	95	30	96	34	92	48	97	83	37	19	20	33	50	77	49	19	48	70	46	92	51	84	19	19	34	16	71	37	87	36	47	58	65	25	94	47	15	70	39	11	77	48	65	87	64	71	68	43	84	77	97	28	58	25	90	12	94	51	84	65	57	38	80	27	67	98	23	69	20	94	83	44	29	25	26	46	60	52	26	79	78	73	30	23	90	67	39	21	20	81	17	35	26	64	15	45	82	99	34	30	91	66	15	82	16	65	52	89	94	44	71	32	76	99	13	46	80	33	32	77	65	75	69	28	76	91	55	19	37	89	29	46	51	33	13	79	50	83	66	29	84	29	54	52	23	12	64	12	10	40	63	35	59	38	44	37	40	34	86	40	79	19	58	69	45	98	91	92	97	84	57	11	25	51	66	41	79	61	74	39	83	84	95	17	70	49	21	91	49	18	79	26	62	57	10	19	81	66	99	20	64	86	36	80	71	10	64	12	36	41	59	60	22	73	37	85	92	11	93	20	15	44	76	54	30	49	38	15	55	33	25	12	80	87	20	19	40	58	22	40	51	27	79	37	88	70	52	18	60	42	89	49	83	25	23	30	32	65	57	56	70	14	67	87	28	64	32	29	30	21	80	43	98	11	27	41	29	67	89	25	100	51	71	36	77	96	90	36	86	64	92	84	76	48	78	89	94	35	54	52	52	73	64	20	61	37	96	22	62	63	24	61	42	87	24	33	15	10	89	29	76	54	77	38	47	16	45	39	41	87	40	73	89	36	13	72	31	68	45	63	57	27	33	88	60	88	89	81	51	88	21	74	70	73	23	65	24	57	99	38	38	38	43	97	92	89	42	17	53	16	17	87	73	15	34	17	58	43	94	71	44	84	70	48	93	98	18	64	97	20	57	74	90	51	25	35	42	26	39	96	34	94	14	20	34	79	83	19	64	70	75	96	85	60	42	72	55	65	99	16	49	88	97	41	97	33	65	39	80	77	66	42	24	39	61	73	15	99	88	12	71	27	89	22	50	57	27	34	96	45	68	23	26	54	69	73	51	81	90	98	79	40	24	47	56	15	56	18	66	28	30	56	26	57	68	66	62	69	71	14	99	70	85	71	28	35	99	95	84	64	77	16	31	39	55	94	19	43	22	69	97	46	85	76	26	22	41	73	27	84	38	50	34	28	64	56	99	48	92	73	16	73	87	14	23
24	32	71	85	92	76	43	17	16	90	94	50	81	48	65	29	27	90	88	55	28	14	71	22	48	16	57	95	30	71	19	87	48	13	19	43	17	68	73	78	51	44	70	61	53	89	92	88	72	39	18	15	60	79	89	28	95	50	43	58	48	14	88	96	57	32	51	15	95	33	13	52	51	84	85	60	78	26	87	21	10	89	16	43	61	37	44	22	43	11	96	27	61	44	80	43	16	81	85	92	31	61	90	23	22	42	52	56	39	34	70	17	49	90	74	50	71	92	92	27	63	16	80	54	73	40	70	21	51	54	70	25	71	71	80	52	73	63	88	53	40	34	86	90	85	54	65	84	80	80	37	84	96	73	72	94	12	62	14	69	76	29	81	97	22	76	13	27	57	16	59	88	27	70	32	42	34	62	82	28	23	88	29	75	97	35	12	54	49	15	74	49	90	65	18	77	84	23	81	40	54	45	50	92	40	14	11	66	22	79	95	23	21	37	37	14	67	60	70	49	90	22	45	11	69	69	86	32	50	83	96	44	94	21	54	69	30	13	13	20	51	70	44	93	69	85	86	67	30	87	36	85	79	13	15	10	81	66	42	81	11	97	37	90	86	73	31	97	47	58	59	86	44	36	81	53	28	14	40	50	56	14	29	41	78	68	75	41	48	26	17	60	38	93	20	77	48	39	34	96	50	41	88	76	11	55	56	14	57	93	41	64	85	67	88	70	63	48	81	45	56	55	60	54	64	29	80	67	98	20	49	88	86	21	13	46	98	34	45	42	92	72	75	54	75	14	83	42	11	89	61	92	93	53	31	82	53	79	83	23	14	50	93	63	76	36	68	49	28	87	95	22	24	31	39	22	71	79	22	41	82	76	19	33	61	11	58	80	44	88	68	72	87	78	32	37	22	56	83	84	71	18	38	61	81	22	15	23	91	20	93	25	38	92	87	39	45	55	37	83	35	61	65	51	97	25	53	87	95	50	80	10	53	72	39	23	30	56	24	17	27	25	30	30	38	29	12	37	68	89	45	67	53	52	66	25	74	26	94	35	69	32	90	62	96	49	43	36	81	95	68	48	47	35	45	56	69	17	29	70	43	89	96	65	13	16	50	44	77	11	16	38	36	50	90	55	55	10	22	52	14	47	87	94	72	39	22	79	18	49	64	31	44	63	49	67	66	68	47	41	48	94	56	23	57	17	88	89	68	63	99	67	28	68	57	78	71	17	22	38	94	97	98	58	87	63	63	46	18	74	59	46	33	83	69	51	39	15	18	82	86	57	60	67	97	81	66	56	64	51	48	51	41	64	64	53	25	93	84	26	73	61	35	88	45	84	42	59	29	27	63	87	31	78	29	49	79	70	16	80	50	29	75	21	40	41	17	45	83	17	81	36	88	51	14	54	12	10	67	20	38	39	82	80	37	40	66	10	20	27	28	25	13	20	46	36	53	30	85	77	99	74	97	44	41	63	23	25	54	38	21	83	48	18	54	44	43	19	26	65	63	67	75	36	44	75	62	26	18	54	99	15	55	77	67	64	17	51	64	85	18	16	61	97	94	84	68	79	51	72	14	31	85	71	93	48	22	87	21	47	86	24	25	24	71	58	15	25	37	67	98	92	48	47	98	93	95	36	53	77	61	80	79	30	68	15	36	67	47	34	56	41	68	36	81	12	72	45	37	12	20	34	55	13	32	10	77	62	73	50	85	99	14	12	57	77	18	63	58	88	79	87	66	94	57	84	95	68	59	91	61	53	63	58	82	20	30	43	70	92	66	28	100	37	77	59	85	96	22	93	95	36	78	56	68	84	18	20	65	34	16	79	53	27	62	35	75	97	69	33	40	61	58	36	53	72	34	47	83	60	77	74	77	59	31	59	41	88	51	20	57	92	35	28	85	83	41	29	70	67	85	19	72	49	68	36	64	13	63	17	85	80	72	45	64	70	19	86	69	49	30	12	68	56	44	64	71	97	73	45	63	34	18	34	51	11	84	62	78	85	47	77	81	89	47	14	11	47	83	26	19	78	27	83	81	86	51	99	16	20	43	52	98	95	35	91	46	53	82	42	53	67	68	47	78	83	88	47	52	17	50	70	90	77	74	65	99	89	18	76	67	61	84	45	97	69	17	45	38	80	89	95	27	95	29	67	66	90	89	50	95	83	84	87	94	20	28	79	48	95	78	12	40	47	65	18	34	15	78	59	41	63	59	15	44	71	28	26	99	48	22	39	23	50	60	62	41	30	91	54	16	86	25	86	67	48	78	11	69	93
84	97	78	97	39	96	89	63	76	72	88	83	88	53	78	48	51	87	95	45	69	98	11	68	64	68	66	49	72	56	28	38	25	56	61	37	14	62	67	39	60	48	77	64	11	23	43	94	46	71	59	99	20	95	64	79	25	35	18	87	76	49	97	39	79	62	61	31	53	89	77	65	12	50	53	53	82	88	27	65	11	85	35	95	40	40	16	94	17	77	29	14	36	23	40	15	11	52	17	93	90	93	78	59	54	78	61	57	42	18	53	28	65	30	24	14	19	78	64	55	60	99	51	21	29	63	37	42	68	41	22	30	88	96	59	26	80	53	18	88	63	66	41	62	38	81	58	61	28	40	12	100	38	56	67	29	29	76	35	11	39	39	53	55	29	88	72	65	59	38	93	17	18	23	71	70	69	67	62	97	73	32	19	89	86	72	26	51	68	78	40	32	75	94	97	40	40	19	85	41	49	14	77	84	65	19	92	46	18	72	18	73	79	16	59	63	59	22	26	27	83	100	57	37	11	42	29	68	11	24	18	22	80	20	39	94	71	81	37	36	40	80	50	60	15	44	56	85	16	49	28	38	88	94	65	25	87	18	80	93	98	96	92	50	27	53	48	98	59	19	50	69	81	21	27	50	95	48	94	16	88	56	85	91	14	91	34	58	17	24	73	32	85	69	79	43	25	53	32	18	83	16	42	45	99	54	87	31	80	40	95	76	79	16	60	17	96	16	84	40	62	51	90	31	91	47	81	80	83	53	53	94	60	13	92	33	48	48	37	60	11	89	15	83	56	70	67	94	40	30	53	14	28	84	70	23	73	52	72	27	93	12	33	68	16	67	81	65	44	90	37	85	48	75	14	81	14	44	25	76	92	96	77	56	81	32	76	12	60	49	34	29	71	16	61	76	67	29	48	79	44	93	25	14	67	87	51	48	97	49	39	49	18	60	89	96	28	87	81	24	39	44	97	22	37	63	14	42	35	44	14	30	22	73	89	13	52	90	20	19	53	98	18	12	84	99	36	70	84	60	46	69	78	78	20	38	36	24	66	66	75	14	66	22	59	57	43	58	69	26	18	14	33	61	38	19	45	73	12	89	51	19	45	33	81	74	100	54	59	89	85	68	94	100	55	29	25	90	12	80	50	87	78	88	58	55	34	65	62	60	25	42	78	63	94	22	22	33	93	98	26	97	35	52	79	47	64	58	49	58	82	52	55	56	65	17	79	41	87	38	52	24	92	26	49	45	75	12	10	75	43	48	39	23	52	79	74	19	52	33	24	83	39	13	56	99	63	70	26	24	11	64	28	68	91	89	96	53	78	97	71	22	95	61	58	38	81	65	48	89	31	32	84	59	39	40	24	40	67	97	29	47	96	83	90	75	89	80	99	79	40	86	58	80	66	50	41	89	56	46	49	20	39	38	12	74	89	33	78	34	93	27	22	89	40	85	46	44	12	58	80	74	31	91	100	72	19	48	97	97	89	90	92	39	77	76	27	82	13	60	43	23	78	72	51	11	25	72	49	27	34	28	44	16	19	64	47	45	64	37	63	48	25	93	79	88	89	55	12	93	63	93	55	25	85	96	27	89	48	51	21	20	12	13	45	94	17	77	22	16	56	38	68	55	44	85	43	83	57	39	83	76	39	49	28	25	96	74	63	69	78	42	49	52	52	37	62	57	88	89	59	86	68	49	44	30	51	49	89	51	39	70	16	60	78	22	47	92	85	66	72	81	28	69	37	71	58	79	84	63	87	34	34	10	96	69	75	98	43	74	83	44	30	10	38	62	95	85	93	16	77	27	78	62	88	59	99	30	64	74	13	33	88	65	35	61	31	83	42	11	47	23	48	55	53	15	28	91	26	62	78	31	69	44	12	87	75	82	13	12	61	79	68	82	59	73	18	51	26	67	81	54	69	93	50	70	34	34	48	16	88	19	80	63	80	15	12	16	45	47	20	73	24	22	56	54	15	96	64	84	39	56	58	81	92	13	41	58	97	60	66	65	56	99	84	56	24	23	27	76	20	86	92	98	21	72	18	46	57	70	26	68	76	71	54	66	60	66	49	45	19	42	77	76	51	48	79	57	45	67	61	65	47	44	15	27	40	76	75	79	59	91	99	96	44	58	75	75	66	45	37	16	73	49	74	58	81	75	15	57	94	31	15	99	67	52	51	65	60	93	92	36	24	43	92	93	48	75	83	24	64	72	10	47	37	60	65	88	35	57	78	85	87	80	36	63	55	99	80	35	50	98	86	55	92	48	22	87	74	79
81	61	16	77	59	12	52	52	13	39	89	33	14	60	41	78	34	67	59	52	69	17	37	36	91	41	92	28	52	58	35	13	37	82	49	53	44	62	25	37	59	67	53	10	71	30	21	88	90	29	91	69	80	91	41	26	33	42	75	88	43	28	59	10	72	83	51	95	89	10	29	14	67	12	37	45	62	82	61	36	14	28	76	99	31	37	95	49	11	68	64	72	21	78	83	65	85	97	84	22	17	57	24	33	76	38	34	56	38	58	27	78	56	55	33	74	31	71	84	31	43	73	84	82	28	51	87	10	41	91	87	11	83	76	87	34	14	33	29	20	79	93	68	16	57	43	14	53	66	37	96	60	94	50	90	38	52	28	51	86	23	92	46	95	81	16	53	16	89	96	32	85	45	26	10	70	20	65	69	87	58	12	92	50	21	73	49	36	73	46	45	31	33	96	45	68	35	66	90	60	19	34	46	68	75	27	21	66	70	82	69	35	26	31	16	84	40	47	72	95	83	14	46	23	97	22	67	91	66	90	38	48	86	100	58	54	13	48	23	10	18	19	41	11	72	20	33	79	12	59	85	48	31	85	15	25	42	58	27	49	90	95	73	28	52	19	25	79	74	86	34	12	72	55	27	100	30	83	19	11	29	13	87	47	13	24	90	80	16	61	71	81	87	50	34	52	87	65	36	34	98	47	97	43	88	31	61	83	73	51	61	74	59	76	27	53	65	15	94	83	12	94	84	51	61	33	51	57	96	33	66	97	86	85	48	97	80	81	88	97	59	14	65	18	70	29	52	75	42	13	92	14	69	77	36	40	30	26	18	55	58	82	75	95	43	51	57	64	82	68	55	98	86	94	80	75	30	51	33	96	79	55	13	44	95	66	37	34	20	94	41	73	35	36	39	67	81	43	43	82	93	47	94	28	67	80	37	43	18	93	70	92	61	35	88	77	27	31	67	59	31	34	31	93	10	48	40	84	19	44	45	41	86	26	49	44	87	15	71	60	91	71	34	72	85	43	63	24	96	42	49	31	94	16	85	45	58	20	69	52	88	52	72	10	92	23	22	96	22	66	18	51	81	26	45	54	14	68	91	97	64	53	17	20	90	61	66	86	19	69	13	91	12	65	37	79	84	33	10	82	83	15	39	63	14	57	29	26	36	15	79	90	71	17	49	72	70	76	57	52	94	50	22	31	96	24	93	86	68	83	66	85	82	73	18	58	97	45	58	32	82	65	91	27	21	26	51	74	38	89	73	87	69	32	59	26	98	76	20	52	48	60	89	42	91	56	81	66	10	59	55	50	29	21	59	66	63	51	87	65	66	43	20	48	66	86	81	12	51	32	40	99	37	67	96	42	84	40	11	71	34	99	22	44	49	49	57	84	66	55	30	35	11	52	81	14	52	97	69	56	78	68	99	93	69	26	48	57	16	96	11	84	77	79	75	13	15	30	31	30	20	22	82	58	12	12	32	60	84	53	43	41	15	72	16	52	51	19	20	15	26	79	93	69	47	96	84	13	27	73	47	12	91	67	14	87	26	90	87	28	90	72	74	16	75	88	90	72	24	24	97	54	51	48	53	58	62	18	89	13	14	11	69	93	97	83	57	85	72	85	32	13	75	39	41	46	90	31	34	85	52	25	75	67	93	53	44	39	23	40	96	25	45	35	37	11	20	93	18	56	70	70	93	27	16	18	22	94	58	17	51	100	96	19	23	33	10	36	82	56	22	50	98	92	65	84	30	56	16	53	69	15	67	11	32	40	92	46	19	71	31	59	32	28	21	24	80	79	13	99	93	23	57	45	52	16	39	29	24	43	34	95	25	73	80	63	60	40	40	94	58	28	92	38	51	42	74	47	57	93	40	79	72	86	40	26	48	53	68	73	17	52	86	14	95	83	99	98	41	59	14	43	49	17	51	28	44	22	73	71	29	53	47	57	61	93	28	24	44	61	15	48	14	77	30	14	96	27	43	46	80	72	68	61	25	84	13	91	15	91	86	57	38	67	38	30	14	11	84	30	18	54	42	44	56	38	16	53	66	57	57	75	80	93	26	44	64	31	97	33	37	57	69	74	32	69	71	23	90	11	29	99	50	18	91	88	53	74	47	92	33	30	82	96	88	78	37	37	45	61	92	92	58	33	95	77	41	46	87	70	66	32	13	51	20	15	51	51	12	42	97	84	83	76	38	97	59	52	81	98	44	47	61	74	26	37	92	87	45	77	71	67	97	83	30	15	32	92	35	43	94	28	49	94	34	31	69	95	35	71
100	68	33	16	33	61	61	39	65	73	75	52	42	24	25	78	32	46	38	44	69	26	64	25	28	59	79	26	96	51	25	82	18	99	32	30	52	50	99	57	72	39	58	54	12	86	95	92	58	11	21	13	82	41	19	37	76	21	76	69	17	91	41	16	26	24	100	51	83	90	51	86	25	21	37	48	57	12	27	62	52	34	79	79	47	23	75	80	64	50	75	28	85	28	24	41	91	26	34	85	49	30	51	29	57	58	52	74	16	38	20	49	67	28	69	38	71	37	87	18	59	35	59	82	19	59	61	54	40	27	15	53	97	71	93	46	25	76	56	85	42	83	42	16	82	17	94	46	12	57	20	32	32	13	65	73	75	94	71	21	62	20	22	41	96	75	18	50	30	12	23	86	18	91	94	63	13	48	70	89	38	54	14	17	36	88	82	94	19	17	63	43	40	85	74	73	99	45	53	78	46	60	88	40	22	26	96	25	49	84	62	62	47	84	77	62	45	40	46	13	59	25	69	33	49	41	87	51	13	11	27	39	88	28	86	56	77	24	55	46	38	23	78	93	69	35	56	39	72	61	23	59	54	34	48	91	54	13	26	54	65	35	68	64	45	21	74	95	66	57	90	85	66	22	38	31	59	40	82	71	95	61	39	95	33	92	99	59	44	20	42	86	62	59	58	23	31	18	32	88	89	17	76	85	86	45	63	26	76	48	87	73	13	36	62	93	67	56	79	90	34	72	28	50	18	13	23	25	96	56	93	75	12	46	31	17	75	75	83	19	26	76	77	94	39	27	49	21	98	56	22	80	35	20	17	84	28	58	73	80	58	66	50	63	89	24	67	33	28	15	28	76	19	57	88	20	77	77	35	43	61	52	79	40	54	56	44	98	26	78	64	40	40	54	55	86	57	42	68	66	72	81	81	27	61	68	46	73	64	23	25	88	76	51	90	86	61	97	47	58	78	54	52	72	46	72	85	86	63	30	82	37	36	15	50	100	75	77	25	73	42	83	39	12	34	59	32	17	17	59	83	68	37	41	24	22	22	58	84	83	28	68	10	37	25	33	68	82	65	16	89	77	66	41	96	50	33	51	12	25	82	56	29	46	71	45	99	92	51	60	32	81	25	22	85	54	46	53	69	64	55	66	69	23	78	56	34	30	87	81	64	14	74	84	11	25	56	33	22	87	20	77	55	32	77	16	79	100	76	59	94	97	23	61	42	76	92	37	15	44	27	52	56	78	41	44	55	66	78	27	24	70	70	42	42	92	93	72	47	27	15	81	35	82	13	61	65	20	70	22	49	30	24	20	72	20	67	25	92	56	42	97	91	80	16	38	36	32	65	14	62	69	24	52	21	63	56	28	61	71	33	52	23	22	21	55	46	74	54	37	98	31	27	49	24	35	79	55	47	57	52	64	47	97	63	47	83	95	69	66	16	41	25	99	64	83	55	77	82	76	66	61	74	18	17	77	29	27	82	81	38	97	97	59	42	64	94	80	67	11	20	50	13	46	26	48	25	43	26	96	46	70	14	60	35	71	28	14	25	68	33	81	42	48	12	20	90	53	30	87	43	57	74	24	85	76	17	63	54	26	14	96	57	14	55	12	17	42	39	64	65	66	56	44	72	77	20	36	75	46	45	97	100	45	56	69	99	21	62	67	24	97	55	15	37	39	73	96	29	82	55	43	66	25	59	74	38	18	24	57	19	74	15	71	55	80	97	24	83	59	65	100	98	71	36	89	11	94	36	82	62	46	11	64	73	23	36	45	41	79	35	74	23	27	54	58	73	80	80	36	77	68	54	79	41	88	96	12	69	80	73	79	71	44	74	65	49	30	94	91	19	12	38	21	18	42	93	37	22	27	73	92	58	36	17	36	50	31	93	24	24	19	42	45	56	35	59	49	25	72	80	15	38	73	24	57	25	77	31	35	22	22	58	81	75	23	64	80	25	34	95	62	77	26	91	30	11	52	52	59	97	86	56	89	81	69	52	26	68	16	79	98	56	32	24	57	92	63	82	51	76	93	55	14	49	33	57	11	43	53	46	11	45	26	53	46	41	43	13	14	62	98	64	59	81	25	55	72	12	20	72	12	88	84	30	97	92	18	16	63	49	34	50	56	28	38	51	79	34	35	95	99	94	92	89	92	87	18	49	97	33	72	65	98	47	50	70	17	63	86	24	68	49	84	59	18	64	66	37	44	44	42	24	80	12	75	53	54	31	33	16	72	51	43	34	80	57	62	60	39	65	16	49	90	98	81	60	53	63	69
97	33	32	65	57	39	98	60	52	94	25	42	69	90	11	43	13	25	58	51	68	92	76	46	77	75	23	16	25	22	35	90	56	21	49	78	67	69	67	35	18	36	58	48	29	97	28	21	88	53	95	50	82	59	74	83	19	30	70	26	90	29	71	69	58	40	87	81	60	24	71	11	23	35	32	94	42	22	57	36	88	25	50	50	89	91	31	68	41	78	27	26	84	27	72	15	75	91	28	99	24	50	77	92	67	68	43	39	87	97	57	19	13	32	90	55	89	57	28	29	12	17	61	14	56	90	67	27	16	83	68	73	26	31	84	52	56	23	11	14	75	50	95	14	44	47	93	68	25	31	28	79	85	66	68	85	100	49	46	26	59	74	96	78	40	11	78	46	73	54	83	42	35	46	84	13	28	81	74	17	22	68	36	83	81	17	73	72	76	96	44	78	94	31	97	12	42	83	23	34	65	98	75	10	63	46	36	73	26	12	86	46	44	46	32	79	98	20	92	78	36	87	90	57	51	62	68	83	50	65	75	78	31	23	18	24	60	35	71	29	60	16	76	30	66	27	78	91	50	25	67	69	21	62	11	51	30	72	76	59	18	48	59	87	97	34	39	14	74	17	54	71	79	85	34	39	12	93	66	32	21	49	74	44	30	66	29	33	84	30	23	39	15	19	36	35	99	14	52	82	39	44	26	73	13	16	23	56	21	93	16	40	98	28	76	78	73	21	79	62	70	85	11	66	64	68	42	23	60	87	91	41	52	65	52	65	22	28	24	78	45	39	32	78	58	77	86	28	91	11	50	59	39	65	66	26	38	37	42	27	74	43	67	63	63	62	92	81	62	82	60	52	40	87	50	64	72	32	18	35	10	56	83	41	27	68	32	64	18	76	46	75	78	20	49	18	65	79	64	93	47	20	66	95	56	99	88	77	68	21	42	37	15	38	17	17	66	90	54	71	12	50	32	93	16	63	76	63	77	73	38	55	96	93	51	75	74	66	85	45	67	23	22	43	29	67	52	74	23	53	89	20	85	45	97	57	12	15	51	52	16	81	45	46	66	91	62	14	48	66	83	43	79	92	81	63	39	51	75	57	52	13	44	87	72	44	65	59	60	46	31	37	60	51	57	81	19	34	19	57	67	80	71	67	70	86	93	18	82	13	12	13	40	85	87	30	31	58	81	49	98	22	28	90	72	43	14	70	50	24	47	52	12	16	14	42	13	61	96	31	82	12	89	94	47	91	49	37	24	29	95	88	91	72	35	57	89	39	79	30	80	22	32	22	98	82	98	42	55	94	21	45	11	93	69	34	79	70	18	54	95	66	28	97	89	79	69	54	41	46	32	22	34	94	90	57	27	11	37	27	13	74	36	31	23	34	44	47	12	16	68	43	69	23	41	30	47	62	95	18	27	86	30	68	78	79	52	76	10	80	59	70	11	97	53	94	48	60	75	12	16	36	39	95	71	61	39	49	89	44	98	100	72	50	75	55	31	68	24	91	27	22	44	23	56	27	65	94	84	95	68	25	64	53	75	88	73	73	95	42	63	94	93	12	98	26	14	66	96	48	31	62	27	93	71	73	10	82	61	40	83	90	38	11	56	94	56	24	31	55	82	11	52	70	96	19	90	44	63	62	82	60	40	21	56	57	38	44	12	88	63	60	17	75	73	51	64	54	91	89	71	78	45	34	85	63	38	96	55	51	64	37	84	71	46	48	38	76	37	58	61	55	86	80	38	12	85	65	94	17	15	93	34	65	52	57	30	17	21	68	56	79	33	34	28	37	16	34	11	96	46	65	50	65	73	35	21	53	58	38	97	15	96	45	43	54	43	18	46	45	93	47	73	66	25	59	44	23	78	20	42	56	87	79	26	16	57	76	14	19	81	95	68	91	16	36	84	59	61	45	100	90	80	48	46	47	24	86	17	16	57	71	61	25	70	52	53	53	52	65	32	11	83	93	47	93	90	91	99	52	57	57	44	99	96	77	75	33	13	87	59	35	41	91	57	62	33	44	75	28	93	79	20	18	97	31	90	72	33	90	75	53	17	51	36	54	68	94	91	80	68	21	11	85	86	79	69	29	24	86	68	31	53	57	89	56	23	13	78	73	46	66	42	69	63	14	95	81	81	54	73	51	75	87	87	41	17	86	99	47	87	13	93	23	72	73	12	85	31	36	12	49	86	41	94	59	25	24	18	21	86	19	56	53	13	12	86	62	53	75	21	61	77	55	88	74	54	23	67	78	58	71	61	81	72	37	95	93	73	81
53	33	59	19	78	80	28	19	59	77	97	42	12	80	45	76	94	29	43	12	23	24	82	72	39	26	79	73	52	12	73	11	67	69	80	40	64	68	26	88	88	18	68	98	53	19	35	83	19	71	68	35	18	61	42	48	66	43	10	91	94	40	26	23	73	37	91	16	78	15	70	37	20	43	58	69	99	55	38	70	41	14	19	29	76	20	23	52	33	62	13	33	82	50	14	97	20	24	95	39	97	65	76	20	45	52	68	13	77	15	27	37	41	47	95	76	17	42	11	68	28	39	96	65	65	73	34	91	86	36	28	71	38	29	11	52	60	74	46	73	18	60	76	15	23	17	100	80	60	73	95	69	74	64	39	12	53	88	71	52	57	77	79	26	92	99	40	21	90	82	100	45	75	13	56	66	86	70	56	31	92	75	36	22	20	80	42	22	47	82	60	81	24	86	74	87	76	87	22	40	23	70	60	81	40	97	52	18	69	73	95	55	52	33	31	33	59	31	35	39	76	50	67	52	41	20	53	96	91	24	55	84	85	33	71	77	14	38	15	63	42	85	13	94	71	76	79	15	63	41	89	63	28	93	55	77	34	97	22	73	92	53	82	17	24	89	87	28	73	21	38	93	72	66	38	39	88	51	66	48	25	60	18	84	81	91	47	16	84	43	74	12	72	90	21	68	37	46	70	36	45	65	27	35	97	15	74	22	94	30	36	76	68	94	50	63	19	61	31	75	20	77	49	33	54	51	85	60	49	20	72	35	68	50	51	49	58	80	87	60	74	91	55	83	17	83	98	68	65	36	47	77	67	38	24	11	75	21	88	78	13	43	69	25	77	65	75	51	92	13	19	70	42	51	22	60	18	19	70	67	40	99	96	93	61	22	43	96	71	72	28	49	60	80	79	79	91	33	84	92	62	63	80	23	57	50	66	45	28	17	71	12	33	100	62	51	71	62	59	42	99	38	25	15	35	87	66	27	76	74	61	66	66	95	96	30	37	78	90	23	98	87	15	31	30	49	63	25	68	39	13	38	23	100	96	13	25	18	91	37	50	26	98	28	61	67	87	43	18	37	86	39	18	42	51	42	79	48	53	20	59	25	12	90	85	22	17	68	99	30	40	46	57	32	24	55	69	22	75	57	92	60	57	12	71	49	40	48	55	99	40	72	16	100	88	13	81	28	26	32	26	84	100	93	36	86	17	22	13	89	69	24	59	50	89	23	42	33	51	69	68	45	45	57	57	17	12	17	42	90	59	89	71	75	46	15	54	54	88	25	47	29	78	55	58	43	19	85	78	76	81	41	63	90	11	67	71	45	45	14	96	18	24	49	62	74	76	49	41	52	49	31	50	39	81	26	71	92	52	19	29	12	41	16	70	37	57	69	90	40	46	16	24	26	94	27	91	68	34	61	60	99	83	62	68	29	90	11	16	39	95	79	55	73	29	49	72	57	98	24	51	12	26	13	36	33	19	80	82	30	19	21	15	92	63	49	43	93	56	13	66	46	81	19	36	31	25	96	68	21	26	86	94	87	15	89	39	56	15	30	14	69	73	88	18	32	35	79	82	89	25	91	97	98	72	57	81	80	45	43	28	18	41	41	62	49	89	84	18	11	98	60	97	63	69	54	25	17	12	10	43	56	90	67	66	83	47	29	60	24	78	28	98	47	96	95	58	61	54	58	37	19	32	96	59	69	88	78	95	60	29	68	77	67	59	40	79	65	47	24	62	91	97	93	89	23	93	69	19	12	85	98	48	68	20	51	62	15	31	32	10	31	86	31	23	21	73	86	48	57	97	79	81	95	78	42	20	95	69	73	69	36	69	82	80	99	92	61	21	82	53	14	47	62	38	50	49	51	87	62	63	22	38	94	80	54	11	64	54	21	82	29	62	78	18	26	71	28	17	39	36	33	29	92	94	40	94	42	72	41	17	76	66	86	47	87	50	36	43	20	71	17	76	99	81	46	97	95	58	91	58	69	92	61	44	64	35	59	82	27	54	65	88	14	67	17	17	41	28	90	68	25	84	16	48	29	66	40	93	66	36	80	28	88	60	53	37	47	25	69	30	56	33	54	24	60	91	16	87	99	65	19	61	89	40	43	97	86	20	69	32	20	91	66	44	35	71	89	54	13	83	24	18	57	12	66	62	60	32	63	15	28	59	60	89	27	89	70	98	37	88	69	91	55	98	85	79	97	85	21	75	91	30	36	63	16	18	46	59	83	43	100	39	12	17	22	82	23	52	13	60	74	22	93	88	73	28	41	47	50
10	98	84	16	47	85	18	23	81	62	60	73	43	96	22	72	87	100	78	73	99	30	42	40	93	24	28	76	79	19	36	45	72	89	39	14	95	100	64	100	56	43	21	92	20	16	90	89	42	55	92	77	98	42	84	32	15	45	20	19	84	44	21	26	56	67	39	39	73	37	71	100	70	41	63	82	76	22	51	48	57	76	90	100	59	56	28	98	40	13	100	12	20	34	28	88	99	11	68	81	99	25	45	56	11	91	65	59	28	68	26	88	24	28	45	20	80	10	52	75	13	88	88	98	19	98	98	83	55	13	31	17	52	23	55	69	87	83	95	49	72	53	38	89	74	56	17	90	90	10	87	21	60	52	83	91	49	60	59	67	28	79	39	69	15	96	41	87	39	93	91	75	83	55	53	27	53	76	62	10	17	93	90	24	79	77	47	64	95	36	33	42	56	77	85	91	69	43	58	49	53	20	77	97	75	64	18	39	56	24	48	41	43	89	73	23	67	87	86	55	71	70	12	52	26	41	92	46	50	74	98	39	89	11	47	18	44	43	64	30	67	54	65	37	36	51	69	36	89	32	22	12	34	63	58	46	50	96	42	83	85	29	84	91	36	14	88	96	41	53	79	68	83	21	95	60	71	62	73	28	30	48	87	61	41	59	31	89	21	49	11	95	73	51	24	91	92	82	96	80	60	96	65	44	61	21	20	39	38	77	51	27	60	69	57	19	87	64	48	51	53	49	38	24	34	34	49	39	22	69	72	95	18	64	29	83	42	41	80	71	11	89	93	57	34	37	74	39	27	36	65	52	76	14	93	97	20	68	83	61	99	30	34	16	93	48	80	16	88	60	44	89	70	64	86	16	31	73	55	28	26	28	61	92	69	23	99	92	44	93	59	33	75	68	46	89	86	80	98	24	84	80	11	18	26	46	43	85	83	99	61	80	12	18	80	68	22	44	46	23	17	31	22	38	37	48	95	94	92	89	32	63	36	58	24	17	74	95	30	56	90	77	34	35	85	28	36	92	89	95	75	98	98	60	49	61	52	23	78	74	60	69	74	16	27	67	63	96	93	72	93	43	68	84	21	10	98	78	31	66	70	50	36	15	91	82	12	40	47	85	35	86	100	78	87	71	19	13	33	38	18	26	34	28	71	93	42	28	56	76	68	42	72	59	89	46	34	80	73	56	54	50	55	29	59	86	54	52	90	98	62	57	98	93	90	51	92	53	78	42	21	43	73	62	99	96	43	36	25	84	47	33	98	70	64	85	80	45	53	93	84	20	77	60	23	51	92	74	86	80	93	64	12	47	21	74	51	47	12	97	56	66	67	24	50	46	44	41	14	94	92	57	54	20	29	18	23	13	66	49	28	83	48	42	70	17	51	81	92	81	80	59	11	14	42	49	99	74	98	11	30	80	78	15	79	55	67	78	72	36	54	63	37	20	68	80	19	87	48	55	62	67	100	76	80	39	19	44	67	57	60	72	94	62	83	63	21	92	74	88	75	23	38	54	54	48	85	15	42	49	33	94	52	41	76	15	14	34	51	54	38	31	53	69	15	58	78	92	63	63	28	83	16	33	58	54	63	42	53	62	51	23	61	32	26	65	100	11	44	100	64	83	36	94	30	57	12	52	48	45	22	92	30	57	94	45	64	68	51	42	41	78	93	77	93	45	71	16	79	100	97	64	88	71	26	46	93	44	23	11	68	92	95	40	23	47	17	80	64	42	40	14	91	12	95	100	22	66	91	37	35	54	39	39	86	34	100	13	82	60	96	95	91	61	59	42	91	24	49	19	31	30	16	10	75	76	74	77	51	83	27	15	77	90	31	55	65	18	59	37	35	40	94	53	70	64	91	93	60	18	79	11	18	61	46	57	90	64	98	62	47	16	98	33	23	44	27	58	100	34	90	60	26	15	92	36	45	92	34	56	16	95	38	20	83	93	32	88	55	12	40	78	73	61	32	32	14	85	41	40	59	68	44	24	48	96	94	20	66	94	33	94	53	18	70	12	86	59	60	70	58	11	88	19	24	14	22	77	73	43	45	63	86	13	21	98	23	26	78	75	69	37	97	57	62	89	65	23	56	85	59	68	18	17	22	93	92	44	20	27	69	86	48	16	86	87	47	91	88	76	43	72	78	95	81	14	70	75	76	50	70	61	51	26	39	70	79	55	79	28	59	85	42	27	89	81	95	79	75	25	18	71	61	26	55	24	46	84	30	17	61	61	57	78	72	36	67	73	28	80	39	44	13	27	56	88	92	11	15	68
55	78	56	63	52	78	88	41	71	45	24	92	32	30	76	19	76	20	73	95	79	36	79	98	38	76	88	22	46	29	98	43	83	97	52	31	77	58	67	21	17	21	47	91	28	65	100	50	30	44	59	90	89	91	40	72	74	20	35	84	70	66	92	80	28	83	36	75	74	30	64	91	90	22	20	75	48	53	13	59	48	46	31	92	88	51	24	59	57	71	89	18	63	26	13	50	76	95	61	26	52	69	72	40	75	71	60	39	14	62	97	37	13	81	87	30	14	68	71	23	95	65	54	32	84	27	88	70	29	13	11	56	69	59	41	41	86	39	62	65	36	30	75	86	60	95	72	67	91	23	78	11	79	73	76	34	89	94	84	90	29	60	27	25	27	24	70	22	51	17	63	74	88	92	34	69	95	82	48	49	42	91	81	64	62	55	98	47	51	80	85	28	92	34	50	13	53	69	19	48	44	13	65	14	43	87	99	60	33	18	38	88	53	58	29	51	85	78	19	44	88	11	50	16	51	26	70	21	48	97	47	41	84	93	34	45	11	27	59	28	81	93	41	67	78	60	36	24	79	34	24	81	71	24	23	42	85	60	80	71	100	81	66	80	60	75	13	11	81	71	30	55	74	95	78	53	41	41	81	56	21	99	79	58	99	40	22	79	50	80	86	27	24	33	68	21	79	10	40	28	20	18	28	76	51	36	79	21	69	11	23	68	21	19	20	90	35	48	86	78	18	54	14	38	30	70	95	74	92	46	91	73	30	44	93	18	23	63	25	35	39	77	26	43	95	66	22	60	51	53	43	63	92	91	37	18	99	95	44	14	14	65	22	72	46	30	22	74	12	33	88	18	16	79	22	94	84	28	74	74	25	94	63	97	30	62	13	21	82	31	36	21	13	18	65	51	38	90	12	85	67	100	64	55	94	99	40	76	83	18	73	53	60	54	98	97	22	69	37	28	25	88	26	17	90	97	73	69	78	68	93	92	87	47	31	80	48	41	82	23	68	27	67	37	47	65	65	13	70	60	52	87	52	19	82	76	97	92	53	98	75	16	32	11	30	50	54	42	88	49	96	76	68	92	45	30	63	37	56	32	47	15	46	25	77	13	94	71	54	57	46	59	89	97	83	49	57	26	52	20	71	43	96	65	89	100	74	70	94	64	86	85	27	34	28	18	83	19	77	35	70	96	46	96	19	63	88	90	29	87	66	48	80	95	51	89	83	92	90	11	75	90	81	99	13	17	99	85	46	54	69	63	84	43	63	15	80	23	51	10	83	75	11	74	16	51	13	92	52	25	31	74	48	14	14	88	89	46	90	38	46	63	39	62	69	95	48	24	82	17	49	84	61	85	29	82	40	65	95	40	40	81	33	25	15	13	63	58	94	17	49	91	40	22	52	27	71	43	74	74	98	49	36	19	74	55	66	83	98	77	61	55	67	13	51	63	46	64	96	96	11	49	19	52	88	79	51	86	27	37	52	14	32	23	82	33	81	49	53	33	73	56	47	73	16	63	43	41	49	88	32	21	27	96	48	33	81	35	61	43	35	96	69	65	11	94	45	27	95	44	64	43	14	89	60	47	51	25	70	32	97	48	53	69	20	80	18	76	42	26	63	11	53	54	83	16	93	91	93	20	91	51	72	14	66	19	70	73	30	27	93	82	17	91	30	11	32	43	24	17	74	96	39	24	22	25	16	96	54	58	13	12	20	62	45	68	72	12	94	12	91	95	58	52	99	91	51	65	29	61	46	21	96	51	40	69	96	35	41	14	63	39	29	35	45	70	71	85	82	75	46	85	26	54	55	92	52	82	57	47	36	26	44	49	78	92	89	58	27	25	69	96	32	79	41	29	37	47	37	61	25	44	46	76	85	57	43	56	74	31	73	42	67	24	58	53	98	15	97	97	18	100	60	17	89	88	48	51	98	15	57	60	41	23	23	95	24	83	51	73	57	46	63	71	100	65	13	19	59	44	38	33	32	27	60	28	93	46	12	95	40	54	96	65	87	80	81	86	99	50	89	98	62	82	86	94	13	25	66	28	69	34	18	23	91	63	83	21	37	71	82	50	47	48	83	62	40	98	72	67	75	52	19	77	27	38	66	89	73	89	49	69	69	67	78	98	32	60	65	40	50	12	76	72	64	36	58	73	19	23	80	95	73	94	23	11	98	45	68	66	92	47	78	24	74	31	94	95	95	90	49	13	71	92	20	30	29	88	48	73	81	91	92	78	75	58	99	83	35	43	76	95	46	63	93	59	70	42	41	89
53	79	85	26	64	14	68	50	79	92	82	20	15	65	69	82	12	74	49	47	97	42	14	78	37	11	22	42	14	33	55	87	25	27	43	43	12	20	54	27	81	24	46	36	26	87	91	68	96	31	38	18	65	34	18	93	45	93	77	13	12	31	99	17	73	40	96	58	48	80	99	86	22	91	89	12	27	81	80	55	27	19	89	83	42	53	36	68	24	90	99	36	65	70	96	62	21	85	26	49	33	35	58	55	69	63	80	94	84	70	22	24	12	43	83	63	61	64	94	69	100	36	20	62	16	63	52	46	48	99	86	65	95	56	51	57	14	11	96	19	28	17	60	99	91	76	50	20	63	82	99	93	63	83	29	16	20	30	94	57	82	35	13	38	32	21	34	59	33	11	39	64	42	76	46	36	62	33	82	61	37	13	58	41	88	86	27	91	16	81	32	28	44	24	42	76	76	80	43	29	83	11	58	53	25	89	85	27	23	93	78	28	56	46	86	93	72	18	78	69	50	58	60	68	23	19	68	63	29	91	56	11	29	74	12	54	97	21	55	16	14	62	99	49	77	72	100	89	59	27	76	25	100	86	83	96	24	93	43	47	35	60	45	32	90	69	64	60	62	86	50	87	40	35	49	10	91	24	49	38	18	81	14	23	73	96	29	93	90	56	16	97	28	91	62	83	69	48	18	28	91	73	21	18	30	39	32	26	60	61	31	90	21	52	57	49	39	20	58	65	73	20	18	19	35	58	97	16	35	66	26	88	58	82	94	71	86	25	51	10	84	17	89	11	87	48	69	54	96	52	76	54	87	70	97	98	35	27	36	59	13	90	30	77	54	13	92	93	69	51	24	71	91	93	17	48	67	39	40	57	24	92	39	76	37	98	58	41	24	11	25	60	36	31	71	56	67	57	77	65	24	60	82	61	59	95	77	51	26	89	60	43	48	80	85	31	57	96	99	74	67	86	67	72	67	69	85	12	24	50	24	72	44	80	58	59	35	84	53	93	18	18	43	75	52	13	49	57	45	47	20	11	73	24	57	16	77	17	57	84	93	45	88	75	70	46	90	88	44	65	87	75	22	46	45	60	73	79	65	41	19	10	56	61	24	22	26	28	65	85	63	67	40	54	85	28	45	93	88	53	31	32	77	46	93	94	67	25	73	76	91	77	67	97	18	86	85	33	79	50	56	29	32	14	67	100	53	80	50	15	83	75	54	86	26	14	72	30	59	63	29	58	27	63	21	87	27	76	83	48	97	69	76	92	70	74	41	83	83	30	75	90	18	29	70	36	55	22	81	27	38	82	78	51	96	47	33	89	27	89	41	55	39	72	99	30	75	14	56	24	90	84	99	68	70	87	41	91	26	76	95	25	82	60	73	60	31	14	42	77	13	90	62	75	78	69	51	41	35	99	28	41	47	43	16	98	87	32	21	72	49	70	35	74	74	24	35	53	64	59	16	68	89	94	21	16	56	98	82	56	83	46	26	74	47	22	94	67	74	71	42	88	26	70	22	100	32	89	60	53	59	70	96	81	40	33	98	68	56	12	43	62	13	96	40	25	90	41	37	70	45	58	77	42	24	60	81	20	73	57	78	57	81	92	52	60	99	32	88	51	72	21	28	38	11	46	30	32	63	16	16	15	59	96	87	54	98	99	14	74	65	61	71	41	87	72	21	16	95	38	50	17	20	38	22	60	58	65	23	22	29	100	35	93	39	64	21	72	33	83	28	81	41	67	72	20	51	40	16	98	44	60	31	80	22	28	12	96	29	84	52	31	95	31	82	65	14	29	31	94	96	66	65	62	44	92	83	65	27	78	84	57	85	24	32	57	85	71	35	71	91	30	74	59	79	66	68	25	20	20	78	89	83	77	72	73	16	51	55	96	99	98	39	91	92	83	89	35	89	27	14	24	31	77	14	99	71	15	45	96	25	13	58	89	92	26	16	27	35	88	55	56	75	17	35	92	60	43	47	63	11	67	53	38	19	19	73	23	68	55	55	49	45	19	69	38	21	64	71	74	36	97	36	14	27	49	14	59	95	81	98	44	78	26	54	21	95	62	75	92	76	54	82	99	42	69	69	42	59	89	63	78	33	34	55	93	35	42	34	67	69	99	91	53	93	87	29	11	70	32	47	59	50	10	18	91	11	50	10	64	29	14	25	94	38	50	70	51	64	20	28	59	57	40	16	77	89	34	24	50	33	98	28	33	22	91	16	77	42	51	18	85	94	57	51	23	73	46	33	34	26	56	93	42	34	41	72	35	91	52
65	67	48	76	43	80	19	57	19	20	31	61	72	38	24	29	50	26	97	50	94	74	36	45	93	97	65	87	35	70	75	13	16	45	28	98	34	31	39	84	25	30	17	62	75	93	75	69	61	46	11	28	69	60	21	92	64	47	49	20	35	99	76	46	96	74	79	52	37	53	93	73	12	37	59	42	22	13	82	87	44	22	77	56	79	65	74	62	88	40	79	19	42	17	27	43	71	35	66	31	28	81	59	61	39	87	37	72	30	27	41	50	99	96	70	19	21	76	26	13	46	34	81	20	17	83	57	72	90	82	69	90	78	49	57	83	54	10	49	28	46	43	51	39	70	71	97	46	22	31	49	36	66	34	89	25	15	31	35	13	74	65	76	76	44	72	35	48	48	53	95	79	68	68	43	63	16	40	31	18	63	80	56	91	82	35	58	92	51	70	45	69	39	64	11	84	26	84	34	95	96	60	31	48	20	88	63	49	27	70	69	13	74	30	38	41	56	18	21	26	26	34	60	49	52	94	84	97	58	95	74	70	34	74	53	63	15	22	15	89	90	68	55	34	56	95	20	15	45	91	74	40	34	74	93	74	29	11	92	49	40	47	39	71	79	46	82	45	94	14	65	20	54	62	80	46	44	67	43	61	30	72	45	30	47	11	65	35	92	91	52	61	26	35	56	80	31	44	46	32	40	69	58	21	49	46	12	40	71	70	57	64	37	26	83	12	71	21	86	69	90	83	11	59	19	49	85	18	39	37	18	32	72	79	76	49	48	14	63	71	54	49	33	92	86	46	11	60	67	34	12	26	53	21	93	91	10	23	42	83	71	35	57	64	15	26	70	47	48	36	62	15	24	74	40	52	90	14	48	88	39	42	100	14	19	70	79	99	64	17	29	57	29	12	61	38	37	28	96	65	21	45	70	88	16	55	57	83	33	76	23	70	94	28	37	39	96	64	51	46	82	98	24	89	61	71	64	66	95	80	19	51	78	66	61	39	28	15	48	95	49	74	69	42	58	11	23	28	44	54	68	23	25	27	60	15	46	83	27	23	65	75	74	91	30	77	78	35	51	44	79	40	99	10	41	44	74	12	59	77	68	65	65	14	23	36	38	52	60	18	53	23	55	87	67	43	87	82	66	35	67	73	30	33	23	86	92	75	90	72	84	14	92	82	64	91	16	99	40	11	37	85	91	44	61	88	53	67	88	30	10	60	48	70	36	72	10	64	80	43	39	100	29	64	62	56	94	46	46	18	56	42	25	17	45	24	45	31	13	69	64	13	56	36	61	36	84	94	65	97	56	74	53	61	84	83	37	82	22	48	33	43	65	30	49	65	35	50	87	31	51	60	74	14	61	95	80	31	42	48	18	58	31	43	75	34	59	85	63	49	91	69	77	66	22	95	48	13	92	88	55	81	63	74	43	61	41	75	11	63	74	90	55	62	82	34	94	100	53	15	80	65	22	38	27	76	12	52	48	87	62	36	81	95	30	53	17	95	99	34	28	65	79	45	65	40	89	76	66	47	91	59	76	34	38	34	99	98	21	14	86	65	60	27	88	82	96	78	49	79	32	45	75	26	35	38	29	62	26	75	66	60	11	90	65	14	14	78	13	44	38	86	46	90	90	37	31	19	41	33	81	50	34	86	51	68	41	48	47	87	25	73	21	86	75	26	37	96	37	72	94	20	93	95	20	88	90	79	50	98	49	34	95	66	88	72	35	47	67	37	60	73	41	45	55	98	40	27	39	70	98	19	96	98	81	96	68	24	62	52	88	39	93	90	83	44	80	73	97	71	95	20	22	40	63	54	36	86	15	26	72	49	58	58	79	40	43	73	53	42	12	99	59	11	99	89	11	40	76	82	40	92	77	78	73	91	15	18	97	67	39	17	69	74	70	42	68	82	78	100	99	28	37	31	18	22	30	42	25	40	83	46	96	68	97	30	80	42	39	20	24	52	77	93	18	25	47	83	14	13	93	73	95	65	71	75	36	41	40	13	13	61	100	59	86	36	85	88	59	17	74	70	80	94	15	84	81	12	86	57	67	31	88	12	27	34	69	84	94	53	50	18	45	17	84	38	40	41	99	29	18	35	43	23	74	41	47	34	54	33	71	45	51	86	99	43	91	77	55	12	60	26	13	86	35	32	70	35	21	70	17	95	30	14	79	50	80	74	34	55	45	43	70	46	96	33	40	97	82	79	58	29	45	85	80	92	35	73	62	29	77	94	88	100	21	65	52	79	55	66	48	32	88	94	45	48	17	52	83	94
55	98	18	98	95	20	100	82	65	14	48	71	13	31	96	12	63	87	78	64	77	83	98	95	89	89	59	82	48	88	47	63	77	29	77	54	64	64	24	50	55	99	70	54	63	16	15	17	73	65	25	43	21	37	60	91	94	90	77	94	59	26	11	38	37	63	46	59	77	62	83	82	51	94	60	77	46	19	83	60	22	95	74	46	71	78	52	51	39	39	60	15	51	48	14	89	69	41	47	40	40	18	33	59	45	63	15	17	65	80	52	32	96	57	36	15	49	94	55	73	64	55	71	86	96	90	13	26	83	46	72	45	14	53	78	33	100	35	47	34	69	85	70	45	28	35	34	73	77	91	72	97	90	96	54	93	100	68	22	79	17	32	93	62	40	16	55	31	69	46	81	73	78	68	79	25	27	53	70	37	80	21	82	73	11	88	47	72	41	20	80	44	39	80	48	64	57	39	100	34	76	69	32	73	76	50	91	61	16	44	59	54	31	51	38	100	87	99	42	71	23	11	33	49	96	77	25	80	39	65	77	41	53	46	41	89	50	52	29	89	28	71	19	56	88	67	33	28	88	57	32	57	92	34	64	19	78	29	39	26	73	76	21	99	21	17	42	58	85	70	11	76	23	64	88	12	40	64	49	41	12	66	73	97	36	61	13	72	73	46	53	55	56	84	88	54	56	71	100	98	74	53	97	35	45	61	34	97	42	29	43	83	64	56	66	34	27	51	98	33	68	97	69	21	28	69	48	64	11	61	68	91	35	75	87	36	37	71	58	34	78	18	32	55	20	69	31	61	27	89	85	56	79	43	61	70	56	96	99	32	81	52	89	12	61	27	37	11	14	38	79	60	15	68	96	15	97	83	60	77	46	38	27	62	83	16	73	32	81	12	37	45	27	37	85	100	74	45	40	13	97	43	25	45	39	48	47	98	35	37	61	58	42	11	72	30	35	79	36	32	54	37	85	83	40	27	77	87	31	20	87	55	19	51	93	60	91	31	71	81	19	70	59	61	59	72	88	94	94	87	16	28	32	44	48	15	59	74	11	92	76	16	16	42	66	98	68	37	46	91	46	98	63	76	48	32	53	87	95	53	31	17	73	96	85	36	31	25	41	27	16	67	40	32	40	76	59	17	22	71	60	63	17	66	37	25	15	84	84	14	72	93	89	54	39	30	47	78	19	49	88	34	84	64	26	84	67	87	15	92	52	76	54	40	76	36	91	60	66	52	43	42	73	61	48	26	83	79	49	48	99	15	78	74	93	50	87	67	59	51	85	12	75	69	28	68	67	31	49	22	41	37	97	36	59	24	14	30	26	70	91	67	63	85	79	82	97	77	43	39	37	66	59	50	42	52	89	81	11	39	71	48	27	35	47	64	92	60	86	77	36	100	25	19	20	38	54	23	31	64	89	100	25	80	78	25	32	33	24	40	35	60	75	32	48	78	39	26	99	43	69	56	36	66	18	65	68	47	76	31	59	35	39	33	61	77	52	74	37	40	40	73	58	95	35	81	56	88	78	50	45	58	29	71	30	39	51	45	77	50	24	67	72	28	54	29	59	58	93	23	42	24	43	22	100	33	90	34	70	83	13	24	15	96	37	93	54	66	60	19	37	24	61	21	16	23	44	93	61	32	27	75	16	74	62	92	92	96	82	85	34	13	77	82	93	40	69	14	13	68	21	50	97	69	23	58	84	97	19	46	34	75	62	77	13	92	56	48	46	59	81	60	15	16	24	82	20	61	98	95	32	36	94	36	13	59	90	81	88	84	31	13	48	16	37	18	37	43	68	55	66	26	70	78	99	38	43	59	63	11	39	11	48	23	47	58	29	86	41	12	92	91	39	29	26	50	12	55	42	69	92	56	73	10	24	54	59	82	71	24	16	59	58	60	71	84	97	14	55	12	54	97	77	40	32	46	28	94	23	85	81	94	43	29	57	44	46	65	11	32	40	57	11	84	93	67	77	23	35	19	74	49	54	93	69	71	70	46	98	15	49	67	83	32	46	10	27	46	60	16	76	26	12	78	63	55	26	95	96	100	40	99	70	96	33	57	35	33	52	31	100	41	85	30	47	88	95	28	15	21	82	17	23	94	59	38	25	99	10	47	18	81	54	17	23	97	62	78	38	13	37	40	19	97	32	56	40	75	76	73	26	94	63	72	74	18	31	47	44	45	39	88	56	59	28	98	12	73	89	11	35	15	64	85	29	91	31	62	63	11	95	28	63	99	73	24	84	47	73	85	41	30	38	35	60	18	29	16	42	33
23	93	77	61	29	29	49	60	20	21	24	86	81	34	23	38	77	44	49	48	55	89	79	15	76	92	57	57	49	14	89	81	71	57	98	85	27	37	18	44	46	80	11	42	20	53	71	79	14	96	69	41	32	27	33	61	28	46	13	99	16	84	65	29	65	62	34	57	15	15	65	51	98	41	49	61	84	21	95	19	39	81	78	94	19	38	62	82	93	57	57	36	94	17	40	21	46	33	18	54	64	30	74	50	79	13	86	26	32	47	16	88	69	30	48	11	37	69	45	44	32	93	84	23	68	14	39	18	71	34	69	62	68	43	16	56	59	53	88	18	76	62	99	83	79	88	88	12	92	100	26	79	43	99	93	12	93	27	18	51	64	81	40	88	12	48	49	31	11	83	20	60	39	84	72	24	45	13	19	100	73	31	42	75	87	46	77	57	38	60	79	20	80	64	24	16	20	72	77	15	91	91	58	71	25	40	11	76	96	16	14	89	84	26	46	64	22	90	29	92	65	15	83	35	36	86	31	70	29	85	41	26	23	20	77	38	20	99	33	48	53	99	22	51	55	55	80	74	15	81	89	92	20	56	99	15	60	28	55	67	86	48	66	11	61	18	36	32	96	35	32	70	86	40	22	10	36	43	23	66	94	70	68	63	64	37	27	87	76	48	24	83	82	58	17	83	39	13	30	84	33	59	30	32	95	35	40	74	14	54	32	69	92	57	18	97	26	37	19	56	83	38	83	98	27	74	63	39	76	13	22	90	27	18	86	21	21	22	41	84	75	44	27	11	49	96	81	72	38	61	59	18	34	72	33	67	21	10	29	55	46	41	17	94	62	48	79	73	87	85	82	43	20	47	98	26	32	94	40	76	75	98	81	75	87	66	84	96	61	64	29	86	20	90	38	89	74	88	34	31	32	50	62	40	72	64	29	44	16	41	88	71	21	90	90	87	24	71	51	43	21	24	98	64	35	48	86	50	56	74	70	22	54	76	35	73	19	96	22	26	86	50	64	18	83	79	98	52	82	94	30	78	77	84	78	43	18	87	92	26	87	35	52	12	88	79	58	94	13	86	67	51	39	77	51	55	72	75	65	91	38	94	32	24	86	80	53	60	65	59	61	97	26	69	18	57	79	26	44	43	56	18	54	99	68	13	91	37	21	40	48	90	43	35	56	66	42	74	38	90	23	42	49	12	37	28	98	24	86	42	30	31	36	29	95	28	18	92	56	66	10	66	83	34	41	72	48	51	38	60	73	12	34	36	59	90	83	89	57	39	97	50	29	25	47	10	70	81	14	46	22	17	66	23	25	69	93	92	51	98	76	41	92	43	86	20	44	74	76	46	31	72	57	17	49	78	23	76	52	31	38	52	12	44	17	21	18	17	39	65	98	63	36	26	13	46	26	31	70	20	56	27	29	88	94	98	13	49	65	47	14	53	67	60	66	87	83	15	80	68	86	53	47	36	29	91	84	60	59	40	69	98	16	29	49	51	78	63	37	92	60	75	91	65	29	86	84	69	46	47	84	48	53	73	43	36	32	45	75	95	59	23	91	57	74	88	63	98	33	44	64	12	44	88	62	53	19	62	35	28	22	33	82	43	29	48	13	29	46	25	63	37	86	87	33	37	25	71	54	84	68	42	82	78	81	65	76	12	42	14	80	95	52	62	97	47	42	85	59	80	88	90	24	28	85	86	86	93	85	78	28	20	97	97	77	70	37	34	78	83	11	15	88	76	43	83	10	50	12	32	58	58	49	58	24	91	80	98	59	53	78	59	59	44	65	30	61	33	81	15	77	94	36	32	12	77	16	78	65	41	46	85	83	22	59	41	50	21	90	29	99	20	94	25	83	71	36	30	99	86	23	70	90	55	78	33	25	26	71	73	38	41	36	50	95	93	89	60	97	63	89	50	33	91	88	52	76	75	100	52	96	98	97	37	37	48	91	62	78	28	80	60	65	90	69	12	72	65	48	44	23	60	68	17	85	93	96	83	17	92	51	95	98	12	27	72	10	19	58	70	89	25	52	68	71	62	41	40	61	83	71	57	39	68	27	31	36	92	69	39	56	76	54	23	69	35	95	36	89	38	46	37	76	54	47	62	63	34	21	61	38	40	15	65	13	83	25	28	24	74	91	51	32	77	82	75	95	17	16	71	66	23	35	33	43	35	88	39	82	52	22	66	64	84	70	28	58	71	63	63	80	69	24	91	34	99	82	90	79	96	25	79	39	44	73	48	28	97	10	81	93	74	74	100	65	20	54	24	41	72
94	45	95	27	88	86	25	55	53	49	81	90	48	82	48	41	19	94	70	92	86	87	88	59	24	73	89	20	51	35	99	43	76	47	69	13	55	40	94	86	60	10	21	99	12	37	50	82	58	36	95	55	52	45	66	56	45	23	69	77	97	21	46	42	81	77	90	53	93	71	58	44	80	89	97	98	56	88	14	48	41	73	63	94	39	94	62	44	79	14	96	26	57	33	17	18	60	50	88	99	56	39	26	46	80	40	79	33	67	46	83	87	69	46	32	39	72	42	60	46	88	47	76	57	48	17	40	20	72	64	53	47	82	52	49	13	35	28	76	59	89	54	24	66	48	63	59	21	43	74	47	50	100	23	100	20	70	91	60	35	40	49	64	43	38	73	54	11	68	49	45	30	96	20	20	20	64	80	19	42	86	60	45	93	25	23	68	50	97	48	71	93	17	25	51	57	73	38	25	88	16	31	91	26	95	95	93	96	30	37	35	81	11	38	33	100	72	27	78	41	38	28	31	89	21	17	98	90	72	32	83	16	53	72	68	31	82	25	20	25	88	83	76	29	98	12	43	38	50	48	65	65	51	94	78	96	77	93	11	15	92	38	32	100	81	26	89	46	38	61	35	28	20	12	15	27	41	11	67	74	70	27	39	22	25	72	63	42	82	66	99	58	54	36	21	63	18	93	81	37	30	49	78	56	95	27	74	81	29	50	45	44	49	96	43	82	20	63	38	85	79	63	73	77	95	78	63	38	28	86	44	20	100	55	70	29	98	39	36	95	21	22	11	49	13	21	49	54	53	18	74	24	41	52	13	94	78	81	76	48	76	77	47	78	67	52	85	67	49	90	49	15	58	75	38	73	30	76	47	44	13	79	29	22	44	57	50	41	51	55	14	78	38	40	36	91	11	41	23	41	94	49	59	86	49	53	50	35	61	72	39	77	52	67	29	22	34	70	34	22	99	31	19	38	49	57	25	46	98	66	17	45	26	93	17	78	28	15	80	83	16	51	37	17	27	70	48	79	79	75	86	32	93	79	94	58	33	74	33	76	28	77	88	86	98	11	98	63	72	13	12	36	96	48	58	23	17	83	84	78	25	72	24	21	50	16	84	55	82	82	31	25	91	44	39	82	59	49	67	54	20	63	45	83	23	72	77	44	26	19	33	27	17	37	89	58	45	36	13	79	74	75	93	42	79	29	45	93	37	17	14	44	28	79	57	64	85	57	80	56	38	94	61	31	99	82	13	47	69	24	74	15	75	11	47	91	42	10	25	87	28	94	100	95	61	61	39	90	45	73	18	91	15	85	58	37	16	68	25	76	23	87	82	53	43	39	22	99	45	15	66	99	15	99	46	17	28	32	57	100	82	61	14	97	66	78	50	63	20	39	81	98	82	84	53	33	56	88	52	98	36	26	96	60	20	35	29	74	47	81	13	46	58	13	59	12	10	62	44	58	84	57	20	77	30	56	54	26	28	95	92	22	72	98	30	55	81	76	29	29	41	86	35	45	38	43	34	40	69	53	99	89	91	35	37	13	61	61	96	16	30	46	19	79	87	96	56	12	65	39	41	56	93	17	39	65	32	63	34	45	50	32	94	38	59	76	81	83	99	97	34	57	94	63	79	63	79	93	66	55	20	77	30	37	61	67	23	11	31	23	70	37	81	67	24	76	76	66	52	17	87	42	62	82	62	49	85	30	23	58	57	73	56	79	13	98	19	67	54	18	42	86	78	76	47	80	90	47	33	26	16	60	36	98	57	42	52	30	14	15	99	95	77	10	94	76	36	54	15	48	27	79	70	77	50	26	41	96	95	37	21	47	80	19	49	92	53	53	70	36	57	22	84	60	13	27	97	12	80	41	28	82	65	81	54	54	38	33	34	33	14	12	56	30	86	40	95	69	70	36	39	15	94	27	97	43	16	26	63	39	63	49	39	64	59	28	97	45	33	45	57	18	20	68	18	24	90	16	73	88	95	87	97	73	84	93	24	32	17	82	26	86	19	40	90	36	44	65	50	29	82	64	46	51	71	80	43	64	98	24	68	64	28	35	88	11	14	29	17	49	38	63	74	74	35	19	18	47	69	42	12	14	55	31	38	77	61	79	34	67	73	98	36	86	61	87	17	32	56	39	65	58	98	73	69	92	12	35	90	78	48	74	30	43	78	86	53	51	77	76	37	53	56	52	13	23	47	65	78	77	59	44	51	36	57	68	93	23	10	95	100	38	41	41	86	54	52	63	72	95	96	25	45	81	94	64	42	70	64	75
43	41	19	36	22	17	57	76	15	84	46	15	73	16	23	13	63	83	58	40	99	28	11	14	18	44	65	30	15	39	25	68	66	20	38	65	29	72	90	38	63	87	26	89	89	85	53	13	81	50	20	55	36	42	28	54	42	68	96	62	81	31	17	16	14	80	17	28	60	78	31	87	87	34	58	76	94	39	70	80	18	44	37	54	28	19	86	85	78	82	66	52	60	53	98	98	71	28	22	82	86	74	15	26	39	37	22	23	96	62	96	47	40	20	72	14	46	89	27	70	72	10	88	59	19	88	63	34	68	11	53	90	35	69	26	80	82	54	96	24	89	34	59	15	68	55	91	52	18	84	63	75	11	52	83	87	94	71	68	60	64	39	61	38	41	93	36	27	35	38	85	64	61	31	98	52	11	69	61	88	79	67	36	40	71	10	34	91	99	24	46	78	59	14	18	60	13	21	51	78	23	56	17	60	20	98	82	91	57	93	89	31	66	67	67	90	45	93	59	68	63	12	15	45	83	70	50	62	29	29	30	91	48	77	62	97	36	94	29	34	38	52	27	54	81	65	28	42	68	75	42	57	20	81	27	18	18	54	59	68	71	60	77	53	82	96	66	21	63	58	76	39	25	12	60	34	46	24	51	90	87	99	90	76	58	17	75	71	82	16	75	59	66	23	38	77	58	43	65	23	35	80	61	93	37	74	70	23	55	53	65	76	28	100	14	25	38	98	84	30	48	41	57	68	11	15	19	19	50	58	25	25	12	80	59	31	10	18	31	85	27	97	22	56	13	71	97	52	82	29	92	23	54	21	55	44	73	78	39	55	21	90	55	12	29	64	13	84	99	85	54	86	48	95	62	64	28	37	23	72	85	90	72	73	39	92	54	53	92	83	96	22	64	48	90	67	32	60	44	38	66	23	95	13	19	10	92	48	74	54	31	82	69	15	27	41	13	78	32	29	53	55	47	64	19	81	68	68	25	64	11	89	66	51	33	46	70	89	20	34	87	16	49	71	43	92	98	78	79	55	85	16	11	24	45	83	31	96	88	68	78	16	49	39	83	15	52	67	98	80	50	58	43	58	75	60	74	23	25	23	52	51	88	77	43	60	66	37	56	66	87	96	57	63	97	48	86	57	25	48	99	49	68	24	92	78	22	11	67	93	40	62	48	60	94	42	69	54	19	35	91	22	29	57	40	62	39	65	65	18	21	82	74	79	66	79	74	29	23	63	94	30	96	37	86	36	79	73	20	51	15	25	75	12	13	80	81	55	33	73	16	65	13	98	30	79	55	95	54	92	60	89	25	38	87	92	96	84	24	11	17	39	51	35	11	15	39	27	99	15	48	80	71	55	58	99	93	91	36	99	48	44	78	55	40	76	78	66	95	48	70	32	98	37	87	95	21	88	22	45	19	78	40	24	17	81	42	90	99	34	36	21	100	67	56	47	74	23	13	85	99	60	48	62	63	42	56	15	71	74	48	81	10	80	57	87	78	52	86	15	67	81	37	30	29	53	74	18	31	69	35	88	75	95	22	26	91	88	51	72	76	96	35	95	86	95	20	76	53	40	91	27	95	76	22	60	30	29	22	85	64	21	79	25	81	56	95	85	72	59	40	62	66	73	47	75	73	25	29	91	59	92	18	24	26	51	85	46	33	74	99	60	21	35	57	58	78	69	10	95	14	69	83	79	42	70	40	58	99	55	42	34	69	12	50	19	21	79	80	42	51	51	91	88	82	96	19	70	100	51	62	13	33	90	99	25	45	11	17	59	82	20	57	96	36	22	91	85	23	46	68	64	64	32	78	52	38	34	23	87	90	69	33	45	85	98	27	48	14	94	75	63	41	81	14	95	24	87	67	56	88	14	56	15	51	29	53	90	49	81	61	73	59	88	98	75	22	99	48	49	26	45	56	89	73	71	61	13	90	22	59	34	21	30	13	12	21	52	27	26	50	57	57	90	89	98	52	19	31	90	18	96	38	57	44	79	88	21	60	12	75	56	83	98	78	29	71	37	18	64	78	74	14	74	81	76	34	36	69	78	56	25	86	82	27	72	19	88	95	57	14	64	45	73	69	64	86	84	36	80	72	41	36	23	15	43	77	96	57	88	39	52	83	58	74	80	50	40	10	94	79	34	64	97	32	60	76	68	12	74	81	56	61	93	31	45	82	18	91	39	69	76	97	99	17	75	29	86	24	14	78	83	56	78	91	62	23	88	74	95	22	84	72	60	26	90	12	60	63	85	58	44	43	57	34	82	23	28	64	41
76	95	31	92	67	50	53	82	86	63	15	13	77	29	64	50	98	37	98	34	70	70	19	67	43	24	13	75	43	68	37	27	63	74	68	12	35	92	42	94	16	52	17	81	66	85	83	53	61	82	88	30	12	33	80	75	52	59	96	91	42	63	75	25	83	44	96	51	62	98	31	32	82	92	43	60	42	19	74	93	36	52	78	59	60	84	47	40	97	88	79	16	23	21	20	88	96	89	81	40	28	66	16	80	47	26	59	37	60	38	14	51	23	67	88	61	95	78	89	15	24	74	43	11	24	41	83	63	53	75	93	67	75	98	12	99	26	32	92	28	71	42	84	75	97	56	96	42	80	89	93	63	87	20	27	22	96	35	84	55	88	36	97	29	53	14	26	24	41	22	51	66	81	65	12	20	45	99	35	15	38	25	87	34	42	34	27	80	79	63	12	88	44	24	22	59	13	66	76	85	21	51	53	94	22	87	36	40	24	78	71	53	56	69	27	41	83	61	64	96	33	99	53	27	24	88	20	36	28	47	51	19	76	58	76	44	40	67	80	42	96	13	83	69	24	68	23	43	36	16	80	20	59	17	60	48	60	65	49	81	51	47	84	52	90	64	40	82	27	84	43	29	100	91	43	63	55	81	51	93	68	90	29	63	94	100	55	65	17	15	71	58	32	83	65	71	49	42	42	60	23	40	15	78	60	22	95	78	14	65	30	20	68	82	71	40	94	52	55	96	56	60	81	24	97	34	88	97	49	95	90	36	98	80	45	78	59	93	50	17	33	24	72	85	24	46	50	34	82	12	80	100	51	25	24	67	66	58	16	62	60	72	78	78	98	13	99	89	39	67	22	58	84	40	11	30	83	90	21	75	30	58	91	94	98	16	43	39	82	45	21	87	44	98	12	37	24	31	64	47	75	86	54	24	50	84	23	18	50	38	73	91	92	68	78	31	39	62	45	76	25	27	25	41	19	35	66	23	28	89	54	16	56	67	48	43	73	54	34	79	42	27	84	61	82	94	79	44	14	33	57	49	31	72	46	16	26	68	81	23	20	18	50	42	69	81	42	36	85	62	91	56	30	31	82	82	23	30	70	73	83	74	10	25	14	72	10	86	73	82	69	60	66	84	46	67	64	98	84	72	93	77	63	69	16	78	64	59	37	19	73	90	93	75	93	70	40	10	61	76	96	25	58	54	78	41	46	63	97	31	67	93	17	11	46	75	80	43	74	83	50	97	36	27	73	32	72	97	32	87	58	94	66	71	85	75	87	84	65	87	63	13	49	26	30	99	53	56	39	98	97	91	32	10	36	96	30	42	95	16	58	85	99	88	55	60	98	81	94	74	67	77	43	39	99	34	80	68	84	65	54	64	49	65	90	79	53	27	28	93	80	86	81	45	97	28	63	91	41	77	56	76	71	39	83	42	35	14	90	58	40	82	68	43	21	17	25	92	71	91	80	10	84	66	13	68	56	63	20	71	48	18	25	11	70	17	96	44	82	31	14	19	52	99	84	82	56	75	71	20	86	68	46	91	62	70	70	44	75	14	51	11	18	22	84	68	26	24	42	82	27	68	36	77	11	83	71	55	88	30	91	68	57	74	35	97	30	82	44	28	74	50	49	64	30	100	54	61	79	61	64	26	45	24	36	99	43	49	13	42	99	66	45	60	76	80	55	69	69	91	87	15	36	76	14	36	97	42	75	71	88	26	98	78	46	91	50	94	87	43	32	55	18	50	44	20	67	86	97	69	98	93	36	44	17	44	65	47	25	32	13	42	63	31	35	56	96	30	76	13	85	68	88	53	97	81	25	45	54	38	80	96	35	89	100	68	56	70	74	59	48	99	14	29	47	52	22	20	23	38	33	72	96	39	99	51	66	85	21	81	70	91	52	40	48	26	82	69	70	82	16	41	30	45	38	60	79	69	66	13	19	32	33	67	98	49	56	90	16	33	47	56	83	66	68	88	75	58	22	62	75	17	56	88	16	14	27	53	54	85	16	77	50	82	29	81	32	62	47	38	85	73	47	94	73	27	33	90	96	36	23	15	68	93	89	36	75	77	29	32	87	18	90	80	54	55	21	49	78	18	12	11	81	61	52	37	50	81	65	38	39	57	62	20	90	74	32	42	58	47	78	92	21	90	57	40	86	95	51	32	14	78	29	32	93	74	76	54	75	82	89	60	14	71	58	53	65	96	63	42	27	68	29	56	36	98	52	17	56	27	11	38	18	66	20	31	61	93	61	65	89	23	96	46	76	90	47	16	52	68
78	87	22	26	75	85	59	53	78	69	33	69	90	94	57	60	76	59	97	43	60	91	95	33	50	40	12	82	25	52	76	96	78	85	52	18	69	46	68	53	93	27	22	89	65	44	17	36	18	96	89	86	70	20	22	69	60	23	81	74	58	79	35	20	96	80	23	67	99	67	11	12	67	26	85	83	76	70	65	87	43	19	78	33	20	67	96	13	11	83	31	13	77	31	84	41	19	17	54	44	55	76	86	13	12	18	50	20	83	52	64	70	58	89	34	80	78	28	94	96	40	36	72	96	54	40	20	60	50	75	58	78	48	19	56	50	81	77	60	68	92	79	37	41	98	15	71	49	70	64	65	64	38	16	21	97	40	61	81	39	24	59	10	54	69	95	37	31	85	18	61	96	67	66	62	54	23	90	34	64	38	39	96	99	57	18	18	58	87	31	68	96	71	15	99	57	64	24	63	54	72	73	66	34	13	36	32	23	32	21	11	88	90	30	25	38	71	32	40	75	73	73	12	38	43	17	37	85	86	81	60	48	12	41	55	66	78	38	70	51	65	46	98	93	69	63	59	25	56	67	73	46	65	73	99	40	48	96	14	30	80	49	65	85	12	43	26	68	54	53	94	44	26	62	99	70	89	66	79	19	18	85	16	65	52	91	69	11	78	92	46	83	75	42	14	44	60	42	86	12	38	72	99	86	83	80	68	21	21	52	43	62	13	11	88	81	61	27	83	57	40	71	61	45	76	62	18	72	53	59	73	63	63	93	82	60	40	82	26	81	72	46	84	84	74	17	63	69	75	42	74	32	35	92	39	90	19	73	60	48	99	47	60	16	21	20	69	20	67	13	75	20	31	28	61	31	19	77	33	68	64	75	35	37	58	37	61	90	66	46	39	64	73	39	83	64	69	26	67	91	23	39	43	70	60	93	71	41	43	11	38	95	43	68	68	85	93	69	91	60	79	40	47	73	19	64	24	86	31	60	92	51	39	84	46	73	51	38	15	93	69	94	78	75	61	60	66	33	39	58	74	79	19	30	98	12	81	67	47	43	96	16	26	92	79	33	87	81	50	100	19	30	66	69	46	57	45	51	46	87	34	99	31	88	46	88	41	47	53	53	47	95	98	96	53	68	94	27	100	73	29	51	55	14	51	21	13	93	54	87	97	42	99	82	14	84	35	53	20	26	35	47	38	61	15	66	13	95	56	15	11	93	56	53	56	31	18	35	27	40	88	30	62	59	52	37	12	13	80	93	54	19	53	52	73	19	87	43	68	71	17	59	78	53	65	24	93	75	70	62	24	25	71	86	40	36	13	97	92	85	20	47	75	12	96	21	15	70	77	38	66	81	95	38	43	29	76	68	10	88	71	72	48	92	36	11	13	49	17	23	38	96	99	54	91	57	31	99	73	31	38	26	52	16	29	85	37	89	44	29	65	47	15	50	19	93	80	36	13	90	88	11	40	14	93	26	40	39	86	67	42	57	94	35	17	15	79	18	52	68	50	55	22	47	94	31	93	80	31	39	23	94	99	66	11	18	81	39	40	59	39	71	88	57	31	51	99	17	53	85	16	40	68	88	79	62	100	51	55	89	41	46	54	35	21	93	95	13	87	85	84	28	98	11	98	13	96	28	38	68	26	94	26	74	59	92	68	55	34	86	66	96	89	10	65	58	34	32	28	15	49	41	15	93	83	43	75	55	75	23	82	80	65	88	70	88	76	98	14	62	11	97	39	12	34	31	27	79	28	44	85	83	100	21	63	47	86	99	13	20	81	38	87	75	28	24	43	93	72	37	75	15	20	76	94	71	92	55	44	54	80	88	45	51	60	18	35	18	57	56	51	63	23	71	99	63	71	69	75	25	12	37	40	27	27	95	78	67	77	85	47	94	79	56	51	38	30	54	22	88	22	15	95	57	51	79	85	47	63	50	29	55	22	21	70	47	79	34	46	82	29	80	78	60	97	88	69	12	12	47	30	29	64	66	92	42	84	93	85	18	11	27	90	70	63	16	56	43	21	58	63	88	71	41	55	75	68	66	100	72	16	35	88	21	34	71	97	72	84	18	83	31	73	82	44	53	72	35	31	20	21	27	70	47	26	11	48	77	96	10	72	39	90	29	88	30	92	50	72	13	79	38	31	45	67	59	97	71	46	28	40	84	93	20	24	47	37	51	28	69	53	78	27	91	94	34	77	73	72	34	36	14	62	90	54	24	71	24	24	50	89	68	97	25	37	15	20	50	68	68	79	56	82	63	35	85	32	11	34	44
71	88	71	76	25	83	86	96	90	33	21	45	47	73	61	98	21	33	97	63	28	20	30	56	74	89	36	77	90	78	18	93	76	77	38	50	83	87	93	92	40	29	57	75	63	82	63	50	14	81	50	79	90	66	90	89	96	29	47	17	47	99	72	11	97	51	19	97	54	21	32	81	65	83	28	29	87	66	22	39	93	18	91	12	25	89	80	57	38	61	91	63	26	76	20	66	31	50	87	26	93	81	23	87	80	94	68	44	63	97	63	20	92	59	34	99	24	11	80	58	69	63	57	15	29	44	43	82	100	51	85	45	45	78	11	29	77	89	57	11	31	50	94	62	14	32	65	47	63	22	22	25	72	45	40	26	12	62	44	45	87	78	68	88	75	17	67	81	73	98	48	13	52	75	56	72	61	22	87	75	92	91	64	20	25	82	12	60	24	42	47	30	56	23	23	19	93	46	97	34	25	74	42	95	93	39	32	41	43	41	82	84	38	16	72	57	24	24	86	16	21	78	19	63	97	22	54	33	25	41	93	71	42	15	16	76	42	27	70	54	54	43	28	12	91	44	25	14	77	92	53	80	80	52	74	16	34	78	68	89	11	15	60	27	55	77	86	85	93	90	74	96	68	61	50	73	89	43	74	42	95	38	40	36	59	68	12	17	86	25	71	87	92	40	92	34	35	45	24	56	21	97	45	20	98	33	95	61	68	43	70	22	29	26	60	31	58	88	26	73	53	89	84	19	81	73	53	52	47	95	36	50	68	30	92	80	50	70	70	63	68	81	79	19	89	41	35	99	50	61	52	44	21	45	40	77	99	73	68	74	10	69	72	75	60	93	92	50	56	32	58	63	48	32	87	35	17	89	98	83	39	16	12	51	85	78	56	41	34	23	79	50	19	59	22	54	59	29	17	64	22	81	95	56	46	11	67	14	74	48	12	41	67	94	58	89	99	57	23	23	53	25	45	53	35	62	89	58	71	71	42	19	39	45	58	17	39	91	51	74	10	38	31	60	41	27	53	60	52	83	54	69	88	63	75	74	22	82	18	85	82	26	11	47	64	96	89	78	63	72	82	21	63	98	87	62	88	84	33	40	36	99	37	80	37	74	76	86	19	40	17	54	88	40	25	30	51	88	47	33	39	48	72	70	27	89	62	43	97	38	18	45	73	12	73	26	57	23	88	85	27	54	21	95	40	26	74	57	59	54	31	59	54	57	64	27	61	63	32	56	28	59	60	78	13	49	26	61	41	50	77	43	44	46	82	71	93	92	27	22	10	70	68	55	70	91	84	13	47	25	47	97	44	96	82	60	40	12	69	23	31	53	93	40	37	28	85	75	38	44	20	79	94	98	70	27	36	23	27	38	31	16	15	69	37	93	64	77	13	59	99	33	64	85	61	29	74	81	52	34	22	95	89	12	62	93	71	63	78	12	13	15	13	76	53	97	81	92	80	84	67	11	82	51	68	43	61	68	65	43	66	90	93	90	91	60	53	71	75	25	79	52	12	77	75	15	21	25	13	39	95	34	26	63	64	39	92	39	94	36	31	12	12	24	52	77	55	41	45	99	36	23	39	56	28	88	49	67	85	96	84	77	45	96	88	35	17	60	95	94	46	70	30	79	36	48	26	17	38	53	70	95	50	37	90	70	39	40	57	21	70	48	33	72	90	40	74	78	74	84	26	70	76	16	19	89	28	98	99	16	23	45	67	38	72	65	56	20	96	54	81	33	60	19	12	26	15	84	61	98	72	35	30	17	53	56	20	95	89	50	67	22	87	35	27	14	66	90	67	34	73	27	39	100	92	79	20	37	11	23	87	14	40	26	58	34	70	16	71	82	22	38	67	67	29	42	50	86	64	18	84	54	95	78	73	94	44	12	52	93	55	50	17	55	100	66	79	40	65	47	74	40	76	79	32	36	85	50	57	40	47	29	96	39	66	60	23	47	74	52	79	17	87	56	10	65	20	77	61	15	100	67	27	49	85	99	50	42	51	21	88	73	39	97	54	17	59	97	90	54	21	19	48	33	80	13	30	39	15	97	52	16	87	52	56	33	40	94	24	56	64	65	64	44	55	12	75	13	20	19	10	23	11	57	34	82	71	30	73	25	71	36	92	59	58	61	73	89	16	53	97	20	49	35	49	70	76	68	92	96	28	76	23	77	57	28	21	72	27	55	70	57	63	80	34	66	51	11	24	72	27	18	53	11	49	78	85	18	35	61	73	80	53	55	85	38	23	53	45	21	22	68	14	91	49	75	93	27	27	96
52	50	46	90	100	66	24	80	70	45	69	27	66	44	72	36	40	57	38	11	81	37	59	72	50	70	43	56	83	88	43	67	12	62	21	34	80	15	16	38	16	94	21	81	12	47	44	13	66	89	92	94	65	29	70	19	42	99	67	95	23	56	31	55	63	15	68	32	80	84	53	28	26	43	78	87	87	36	31	41	73	58	29	42	80	58	57	54	68	99	97	60	90	37	42	55	61	20	14	39	54	17	43	43	49	45	45	66	76	62	15	73	83	40	66	31	33	100	71	77	45	10	64	31	54	82	16	68	38	24	70	30	44	75	57	17	13	27	38	46	87	26	59	73	18	59	78	46	75	89	67	62	67	63	25	80	41	97	83	26	71	15	88	31	67	14	56	97	13	71	94	62	39	41	35	87	53	45	33	77	34	68	70	80	62	78	13	18	97	63	38	42	42	63	25	95	41	92	50	30	41	22	56	57	79	79	43	51	97	38	40	21	35	87	83	49	35	37	53	97	64	60	46	31	92	33	61	33	13	99	47	63	41	86	68	16	24	18	80	35	86	45	83	70	100	61	17	59	97	43	37	50	33	82	29	25	26	23	59	52	99	97	98	63	51	66	28	39	49	12	13	58	43	45	58	31	80	95	43	92	99	12	79	53	23	75	58	27	40	13	65	54	85	24	11	88	38	43	99	84	22	66	34	69	25	56	44	39	25	40	92	27	76	96	98	55	77	14	98	35	43	64	93	70	45	83	80	57	78	24	59	27	29	30	64	17	54	34	48	84	90	57	70	90	99	81	45	37	71	57	57	41	67	96	22	21	76	51	75	69	29	41	57	71	77	17	28	99	46	59	17	13	70	15	72	32	58	26	45	78	40	65	56	13	72	31	49	88	82	33	26	54	63	57	53	11	67	52	84	65	89	38	13	37	67	32	40	79	28	81	50	69	98	93	40	80	82	12	98	97	64	54	33	30	26	50	60	76	35	37	62	16	73	20	78	47	57	30	11	26	93	58	19	83	56	24	46	19	60	81	67	86	35	27	99	93	97	67	66	92	52	62	39	38	43	95	45	14	56	25	50	100	70	73	27	22	57	79	86	84	21	28	85	84	67	18	69	92	84	73	16	63	63	27	77	13	25	46	77	55	73	16	29	55	29	37	38	98	50	34	99	22	15	54	25	56	55	42	45	14	54	15	60	61	87	37	87	12	84	29	57	24	16	95	28	65	46	59	27	25	96	92	64	94	22	49	28	64	98	76	42	48	42	90	22	99	88	85	26	64	12	70	82	90	43	17	33	54	92	92	80	24	92	97	20	18	49	30	53	19	34	22	36	88	58	76	63	61	39	31	20	70	76	44	43	16	35	99	93	13	66	38	48	85	28	28	49	70	48	87	90	73	16	42	94	20	24	62	12	23	53	56	35	26	41	75	81	26	86	80	25	18	46	28	70	17	96	70	100	26	45	90	74	83	84	78	33	98	56	10	32	87	31	85	19	46	36	30	50	49	18	91	84	81	90	97	38	92	52	66	11	23	53	23	64	59	53	19	86	23	44	82	55	47	27	63	31	15	55	73	57	81	30	56	81	36	35	65	81	92	57	24	84	20	18	92	75	66	28	46	71	46	54	18	14	12	94	68	60	12	53	30	62	61	69	81	18	37	91	51	83	43	22	99	83	53	65	19	54	78	90	43	51	75	58	72	15	71	100	85	79	26	86	91	13	69	18	28	64	85	64	45	26	37	31	93	23	98	21	46	30	83	45	67	77	22	77	77	42	57	98	40	92	26	18	97	35	77	95	98	85	39	56	42	90	30	88	79	86	71	48	71	78	38	86	13	47	67	14	82	52	22	70	98	10	59	41	19	84	55	67	97	73	65	97	89	97	34	52	15	53	26	36	43	96	60	51	59	59	48	18	10	95	94	90	35	81	19	81	37	93	37	28	75	90	83	19	94	84	36	58	54	48	50	70	70	64	60	77	58	34	48	60	77	81	89	41	65	41	83	70	90	30	49	87	78	84	58	74	40	61	55	83	48	52	83	38	23	27	62	62	24	85	93	42	78	71	54	41	53	15	74	48	24	33	30	78	14	72	51	84	76	67	96	28	15	48	41	74	100	55	97	76	80	81	95	56	72	25	28	35	70	37	56	81	39	41	55	50	36	41	12	91	27	79	18	68	79	25	11	16	87	49	57	55	35	34	45	57	79	69	25	50	76	66	29	99	64	12	89	86	47	40	28	69	44	13	35	94	46	85	94	97	69	48	17	63	45	33	53
63	82	24	73	39	73	16	49	72	67	28	32	75	10	40	71	57	24	87	53	76	48	100	35	13	77	96	71	62	47	16	30	72	49	67	76	85	35	48	42	59	69	36	28	14	77	16	80	77	44	80	51	40	77	95	45	13	54	29	68	96	98	76	20	26	30	67	58	65	50	72	70	12	39	98	61	61	55	93	50	63	29	74	33	48	78	51	39	61	27	91	79	98	84	22	62	60	53	68	65	35	85	36	55	47	78	70	35	71	48	53	39	59	55	32	87	72	100	74	92	37	47	96	13	54	66	39	12	18	55	32	75	64	67	54	62	67	17	87	26	79	14	88	90	22	25	39	47	41	22	41	52	47	93	37	15	36	33	27	46	41	94	25	24	26	56	23	40	17	23	50	41	15	74	36	86	86	24	32	48	50	89	11	41	42	40	93	24	53	15	15	43	57	96	49	45	73	83	26	49	30	41	47	65	40	55	11	42	63	34	92	25	53	77	56	14	47	54	52	97	83	45	32	78	81	44	19	75	73	97	92	44	99	99	97	97	56	85	59	41	35	51	56	29	18	78	15	86	68	30	92	60	84	42	27	39	58	72	75	11	95	58	25	70	55	64	92	95	59	13	13	72	90	84	55	59	89	22	59	57	25	52	28	27	63	13	80	94	48	34	96	82	30	18	80	43	47	13	89	50	31	44	82	37	43	68	94	79	42	37	75	35	25	43	21	97	21	25	93	12	19	36	84	41	68	76	93	12	41	20	27	61	87	26	78	77	13	68	84	78	30	66	80	30	44	39	36	94	57	41	79	88	59	25	89	84	69	93	72	17	87	61	18	83	16	45	73	58	41	50	45	14	27	70	93	24	64	91	18	97	78	72	53	91	56	13	99	61	67	41	91	75	61	23	11	92	14	48	53	57	59	28	92	31	91	98	96	44	50	97	59	47	33	53	52	79	43	89	58	55	10	76	44	83	82	47	66	55	52	74	12	27	30	97	67	76	45	30	67	61	15	33	10	52	58	90	74	96	53	14	34	47	90	57	96	13	72	75	74	54	59	79	64	45	100	83	44	29	40	46	56	74	66	97	91	43	15	65	73	46	84	50	40	76	86	28	99	97	43	90	22	98	30	21	61	21	51	82	83	33	42	35	63	71	77	88	58	36	85	70	42	83	52	61	82	39	35	84	83	39	65	81	67	46	90	78	59	46	18	97	12	53	69	63	72	53	59	52	96	19	11	41	39	60	79	70	25	95	94	39	19	92	93	39	69	83	55	86	31	53	38	91	98	88	11	64	98	51	12	28	26	100	72	42	27	76	86	71	54	24	98	19	50	83	14	77	25	72	67	70	10	12	41	32	13	80	30	95	85	83	90	50	39	88	77	72	60	10	12	24	37	21	58	65	17	17	87	75	99	59	75	50	26	74	17	28	86	58	84	95	37	41	40	47	88	62	21	16	95	41	20	75	21	73	30	12	38	37	64	27	89	13	88	75	70	27	24	87	71	99	42	42	82	64	98	68	84	61	76	31	33	85	73	19	53	50	71	51	24	32	87	35	61	30	11	91	89	50	36	27	77	29	39	99	51	32	48	65	60	23	31	15	77	14	46	47	65	44	19	50	79	18	51	48	16	67	73	52	75	33	97	81	62	88	73	23	60	69	37	39	25	28	70	15	79	58	76	43	72	70	99	52	43	82	97	63	72	94	40	14	36	60	92	87	91	49	83	68	73	60	71	21	97	98	24	25	22	92	42	23	52	74	61	99	89	20	32	78	75	71	48	89	49	87	32	86	82	36	67	96	25	77	95	23	88	34	12	97	48	57	72	91	55	44	85	53	30	81	45	92	92	79	38	55	99	19	88	11	22	57	62	16	27	46	92	86	91	42	51	36	74	60	10	59	77	80	13	33	50	66	77	61	69	56	46	37	27	45	27	61	30	73	13	10	43	22	11	42	76	86	26	63	58	25	27	98	81	30	35	35	93	22	55	65	74	26	90	35	63	13	55	13	30	73	80	63	21	27	55	72	85	35	39	58	49	45	32	57	51	56	85	63	80	58	36	84	63	66	95	75	42	87	11	52	68	20	90	95	54	96	41	62	38	63	14	44	45	43	44	88	91	88	17	77	70	54	25	15	89	37	21	83	36	46	56	67	57	76	86	88	97	73	32	53	76	85	90	80	40	16	70	31	94	33	54	18	26	99	97	38	19	82	97	82	53	65	62	11	61	43	89	28	95	45	20	51	44	76	66	95	83	25	53	15	82	15	25	36	91	23
67	44	80	10	68	74	13	61	96	45	13	71	21	85	26	32	80	81	42	55	50	81	51	28	59	50	76	23	73	29	64	63	58	70	63	10	34	99	98	35	87	28	77	99	66	22	79	43	24	92	64	25	44	90	81	74	24	20	15	48	46	57	64	54	13	53	82	49	98	85	38	54	55	73	85	58	73	30	41	37	84	43	26	29	18	77	92	28	51	71	90	23	55	13	43	57	97	91	55	66	51	19	70	28	39	72	31	92	52	16	100	74	11	62	99	92	71	40	94	65	82	63	18	62	62	56	62	50	81	82	26	23	76	85	85	50	93	39	48	84	33	51	73	12	54	100	40	89	23	88	48	58	68	19	77	68	72	85	21	76	17	99	81	68	82	62	30	74	85	49	42	56	82	76	86	46	88	58	21	23	20	62	20	11	57	14	97	21	77	32	57	99	78	80	25	85	80	40	58	24	66	30	20	14	64	52	51	70	94	61	89	69	47	44	26	52	56	66	49	77	51	72	74	94	11	65	55	60	69	51	60	36	15	63	94	26	99	25	60	29	57	91	21	39	55	21	62	92	65	83	45	57	80	69	51	48	62	33	24	74	88	34	43	18	74	14	19	98	58	82	100	99	75	78	56	33	44	62	94	22	35	88	92	44	45	75	70	53	78	28	13	52	83	85	36	20	97	78	22	51	81	41	70	92	86	28	53	49	77	44	12	59	54	30	57	40	55	84	72	23	39	59	26	76	80	90	89	40	16	86	64	77	39	98	76	58	21	71	66	68	42	42	54	99	67	17	59	33	46	43	10	27	56	13	91	87	67	36	98	44	42	74	37	66	92	51	40	51	20	40	89	45	60	51	75	59	64	92	60	27	73	35	85	21	94	55	49	93	52	90	22	66	43	33	78	20	82	81	78	63	87	93	72	55	35	33	54	50	48	76	80	80	62	48	30	40	40	98	41	21	59	14	30	17	62	29	33	93	68	44	81	73	87	44	73	18	94	38	75	35	38	99	83	26	99	94	66	78	31	13	52	13	90	66	58	28	32	93	88	64	50	60	67	93	11	75	89	53	57	16	39	90	92	31	44	59	72	75	55	16	49	75	39	69	34	83	31	48	64	41	63	88	20	78	28	54	72	32	41	67	50	96	95	31	58	37	11	81	41	96	90	27	26	17	87	20	89	40	41	71	16	60	58	93	41	18	64	49	27	88	40	20	78	61	41	86	97	59	44	39	32	76	53	68	42	46	75	74	47	77	90	36	23	87	33	51	30	46	38	61	72	79	22	84	14	44	73	40	57	70	66	32	37	96	21	34	70	16	68	33	62	62	59	75	83	48	91	12	39	93	96	68	33	91	27	50	84	91	84	48	99	51	76	97	81	93	54	96	61	84	92	18	22	46	60	65	37	90	39	62	83	58	100	88	29	65	37	47	18	69	91	34	15	82	83	47	12	61	42	34	34	17	34	56	92	46	87	42	32	42	41	87	87	71	90	29	82	61	29	56	95	18	74	85	19	30	43	55	48	86	71	10	98	72	32	55	40	36	73	83	81	35	45	32	75	74	65	60	34	35	40	16	96	64	94	44	27	54	15	28	80	70	44	68	21	91	61	39	66	42	24	51	52	18	19	21	13	83	40	87	42	59	14	63	23	92	28	77	23	21	21	98	45	22	82	91	95	75	25	22	30	83	60	84	97	39	40	50	26	67	22	29	72	59	32	13	15	85	19	59	35	45	39	62	20	74	90	55	29	32	75	26	44	64	43	68	22	12	82	85	21	67	82	45	94	18	42	40	37	28	93	97	48	64	79	49	31	93	14	89	94	25	33	47	83	94	33	25	28	48	26	60	43	51	12	10	49	49	92	27	70	35	84	49	43	49	36	38	86	74	36	48	63	10	59	72	75	97	52	38	59	55	71	17	43	71	28	58	44	57	42	33	24	63	72	23	23	81	35	82	47	25	25	27	76	11	55	20	52	64	37	49	15	25	43	41	44	94	40	38	62	46	72	85	68	47	91	96	21	42	74	84	77	67	66	96	87	95	100	47	97	63	12	15	78	78	41	67	45	88	94	61	21	69	56	72	95	93	33	19	14	44	76	66	76	73	63	56	58	92	75	46	43	15	60	81	41	35	22	56	29	90	13	17	72	73	80	75	38	92	28	12	44	69	74	38	68	12	65	31	72	61	39	16	29	62	16	53	84	45	76	31	94	51	33	52	92	93	90	45	10	30	18	77	98	80	67	21	11	70	17	39	66	38	81	62	47	33	92	14
77	88	63	69	50	95	43	69	95	15	43	36	38	15	48	89	46	20	27	35	40	86	99	18	66	91	35	51	64	86	25	41	62	74	73	95	15	53	31	54	90	98	46	34	87	78	17	57	95	19	28	32	49	89	79	65	24	72	95	40	70	79	43	19	68	29	57	82	96	23	52	71	64	81	95	53	57	83	28	53	98	85	13	61	28	72	11	47	70	36	42	34	63	54	11	82	95	82	18	75	18	29	19	40	56	77	64	10	92	19	84	16	47	47	24	88	87	92	74	37	62	33	72	43	69	17	75	46	77	48	20	80	81	74	93	81	73	28	97	43	62	99	65	39	71	28	81	58	84	15	49	43	68	88	51	34	35	68	51	17	53	64	90	59	28	62	98	59	100	65	49	64	65	19	39	55	89	100	89	25	22	50	33	70	74	78	25	79	50	90	67	80	30	80	73	84	85	64	58	26	47	84	45	54	79	74	43	66	31	25	59	47	88	76	32	67	70	56	37	36	25	45	29	35	67	43	96	96	18	27	98	83	38	36	29	30	83	93	66	72	29	45	75	31	99	38	85	92	64	43	36	95	85	44	60	21	51	49	39	51	30	56	16	95	88	45	32	15	98	11	23	36	74	49	97	46	22	48	35	75	51	61	57	71	19	18	37	11	33	16	70	67	29	36	55	74	56	19	80	77	37	17	79	39	87	45	45	36	31	73	42	47	18	86	46	53	58	68	79	78	60	91	50	60	34	94	70	60	13	94	22	37	49	79	91	64	69	34	69	37	95	74	89	29	24	44	92	20	24	72	76	45	41	25	35	18	60	61	50	77	72	18	49	67	30	97	46	19	24	97	49	36	96	44	26	75	96	37	29	71	52	51	75	89	33	84	75	97	30	43	60	84	84	88	23	66	98	55	57	68	86	57	65	45	86	51	95	32	38	45	13	58	63	21	29	33	92	79	52	72	43	25	96	31	41	100	61	37	12	28	15	74	34	11	27	63	69	65	32	47	82	33	95	31	74	51	91	53	34	80	22	71	84	12	15	34	64	54	93	74	50	98	14	38	29	34	94	88	59	96	33	93	22	46	40	46	83	84	67	100	73	28	82	71	11	36	54	87	80	87	32	20	90	12	94	59	65	12	45	55	90	25	61	76	94	66	89	68	39	79	90	89	57	58	16	65	22	83	31	79	50	40	17	22	93	56	15	73	96	91	20	65	62	29	44	63	56	40	23	44	99	73	16	82	27	51	63	71	46	29	64	90	18	25	66	65	81	56	44	61	29	36	30	12	17	45	31	90	31	22	60	22	94	56	45	35	87	63	25	69	67	61	73	38	50	80	69	16	67	78	42	96	11	62	12	56	52	84	43	16	71	34	54	21	29	38	36	26	27	51	61	61	17	53	15	56	80	48	86	79	94	45	21	76	55	20	52	31	16	67	87	60	17	29	30	100	82	55	61	90	88	97	87	72	60	71	55	13	47	32	94	49	64	65	80	92	54	95	84	95	42	56	41	47	31	76	92	16	24	79	59	60	30	60	91	40	44	73	91	48	51	57	93	76	70	84	39	47	34	34	15	94	23	51	15	63	42	88	51	73	49	55	39	21	61	72	20	74	55	11	92	66	34	60	91	92	85	91	26	49	91	35	51	27	52	50	43	47	26	93	69	97	71	78	57	97	36	48	63	73	81	72	44	100	23	38	44	61	21	95	56	74	20	89	52	94	48	49	94	26	49	94	83	97	28	79	66	26	41	23	95	13	37	80	24	92	14	67	58	46	11	71	46	50	68	96	16	83	75	16	10	33	78	77	27	39	11	87	11	72	12	38	40	61	12	56	81	42	77	82	50	72	48	23	98	65	63	42	20	92	33	59	68	69	47	28	86	92	28	70	53	37	69	59	98	77	49	90	42	70	62	75	18	24	91	26	38	45	77	47	57	85	55	26	64	55	65	76	71	21	95	44	81	28	77	78	95	65	94	38	61	31	78	10	89	47	11	53	95	10	63	67	68	72	68	49	13	22	91	41	33	13	21	11	19	63	69	60	16	51	76	72	18	22	40	43	65	36	92	37	83	33	76	52	16	75	90	53	93	65	84	60	62	14	94	40	44	100	44	64	83	66	44	48	16	15	59	40	55	24	76	78	71	95	51	33	54	10	92	61	66	52	81	38	24	48	23	31	55	36	68	70	96	35	84	26	79	35	98	86	79	24	29	64	98	91	90	24	22	22	37	76	57	52	42	81	76	21	21	32	70	23	65	45	89	44	85	63	29	32
43	53	59	31	21	53	48	43	90	37	90	13	53	47	75	27	31	19	88	48	87	35	21	74	56	64	76	87	30	14	46	70	94	46	41	50	81	84	18	66	37	95	65	24	34	25	49	43	26	62	66	67	11	39	27	97	79	36	52	65	54	46	25	57	53	73	54	12	27	20	51	65	32	51	91	89	41	29	49	99	62	33	63	62	83	50	53	13	16	85	91	97	12	32	24	24	58	44	96	53	90	60	75	80	12	98	54	28	97	58	68	58	71	39	29	52	24	16	69	74	62	63	83	25	51	29	39	85	13	88	53	67	51	77	83	62	56	40	30	87	10	19	30	57	16	92	76	45	79	78	21	15	51	73	35	47	60	19	75	31	28	48	55	88	78	98	95	96	30	48	78	99	42	44	16	31	41	36	72	66	12	83	99	51	52	12	59	22	33	32	85	87	40	81	75	82	21	34	72	58	52	20	11	92	35	32	38	75	26	28	100	15	22	33	94	47	37	25	56	74	21	25	69	14	82	75	14	43	90	43	95	14	64	85	38	24	27	48	43	86	80	41	75	18	49	56	74	58	54	37	31	18	83	15	94	73	57	38	72	91	93	89	44	92	85	25	90	23	73	29	90	48	69	45	63	28	82	25	29	46	57	60	95	89	60	29	93	36	18	77	19	96	68	62	64	77	16	51	25	70	60	33	98	72	26	32	82	38	55	86	37	21	56	89	45	94	77	91	24	49	24	10	37	76	54	94	53	69	71	28	31	81	37	81	56	85	87	47	48	43	20	81	48	36	30	27	98	68	75	95	88	74	91	37	15	40	63	95	83	81	74	31	84	16	53	42	93	38	65	48	88	51	48	46	38	52	27	81	91	41	84	84	21	83	15	82	58	14	17	47	54	54	14	89	62	45	31	59	10	78	60	61	39	33	54	99	80	59	53	73	96	87	69	64	56	78	43	66	46	64	91	64	53	31	68	13	72	76	40	62	21	27	40	92	35	10	100	27	49	33	40	78	68	12	53	64	90	90	41	72	63	40	29	91	18	51	65	70	34	21	53	98	61	60	85	59	64	66	73	63	20	80	65	85	47	66	38	40	64	43	80	50	82	78	24	76	12	70	59	14	83	85	21	40	56	19	48	72	62	90	92	49	48	88	88	75	96	77	62	99	11	45	43	42	86	26	17	38	43	68	14	27	33	84	100	85	16	87	69	12	80	84	13	75	16	23	23	44	32	59	64	26	54	75	76	98	50	31	23	76	11	71	33	10	93	89	94	89	98	53	56	62	70	91	61	74	91	50	82	32	88	12	67	20	56	47	44	81	13	11	88	95	97	33	41	15	22	80	23	52	74	83	96	55	22	32	92	20	66	88	57	24	64	66	38	67	69	45	95	68	72	77	12	44	23	33	53	68	13	45	84	80	34	38	21	77	40	21	98	71	13	34	57	91	91	73	42	63	31	84	46	54	35	99	18	54	50	39	70	38	30	53	66	57	19	61	44	67	56	40	92	56	40	49	89	28	36	78	43	81	66	43	51	69	10	91	55	21	68	52	64	36	60	43	63	90	14	13	63	47	79	70	61	95	26	80	22	25	87	27	12	86	37	75	89	83	93	69	92	51	42	39	49	59	56	13	31	72	23	31	17	45	87	85	70	31	90	86	37	47	30	29	33	61	59	37	54	99	52	26	37	56	17	84	17	67	19	88	55	35	29	79	51	87	30	65	40	98	29	36	13	83	21	89	21	56	65	60	80	97	36	44	30	98	76	46	34	14	59	53	28	85	58	81	45	72	60	30	31	65	94	98	75	62	21	82	58	82	88	41	12	52	24	16	89	60	87	33	83	65	40	62	86	41	34	93	28	73	90	57	89	45	43	63	42	35	70	38	88	77	28	49	58	78	28	36	62	22	98	98	57	45	26	61	18	23	37	50	88	35	57	49	63	30	14	87	92	89	50	57	51	98	47	71	51	96	23	88	66	17	41	46	68	63	37	91	53	96	90	35	94	50	70	38	58	95	78	51	43	88	58	59	85	98	99	92	77	80	27	38	92	57	83	45	98	33	17	84	61	31	56	16	77	44	54	50	23	45	62	46	80	93	94	30	35	45	69	57	19	79	19	75	79	22	23	56	99	47	56	33	54	14	71	45	21	95	73	20	49	64	78	55	29	96	22	93	69	80	34	61	57	44	83	78	58	69	51	35	11	46	78	88	14	19	85	66	95	80	80	92	48	75	39	38	37	59	95	61	55	55	99	17	63	18	58	22	30	53	72	73
43	16	96	100	81	62	39	70	15	91	97	78	48	40	64	87	67	84	71	91	60	89	45	67	100	55	27	74	71	36	18	76	63	54	52	50	57	43	90	48	57	54	24	75	75	24	88	63	90	93	33	61	18	85	44	78	29	37	50	30	67	48	13	44	83	23	80	65	17	34	22	89	93	85	54	92	96	93	24	35	68	98	80	24	85	35	81	48	81	31	24	61	77	15	96	58	77	33	51	53	33	64	43	56	87	93	97	66	88	85	89	23	82	59	36	25	38	63	17	57	84	29	21	25	69	85	14	40	40	51	68	23	67	77	91	82	34	40	25	73	10	37	44	69	12	50	91	20	15	96	74	26	45	48	66	34	93	59	74	48	79	12	25	20	79	61	35	26	34	11	13	72	70	90	35	31	65	90	80	93	44	84	34	70	41	90	14	28	29	82	31	94	99	61	13	73	65	64	97	58	12	12	38	71	62	15	31	66	43	22	51	87	15	24	22	67	13	61	80	96	28	64	45	23	58	57	87	37	40	17	81	12	25	72	13	95	16	18	65	86	74	10	78	77	60	10	34	58	72	76	14	19	27	16	65	86	36	58	23	78	90	82	89	49	82	51	19	85	61	90	21	80	23	62	68	86	66	68	94	54	11	100	60	36	15	71	30	77	70	40	72	67	26	85	100	79	82	27	53	55	82	97	25	11	42	76	40	10	82	50	88	33	51	59	79	38	76	29	30	69	68	54	57	77	11	49	46	73	12	23	10	49	79	67	71	66	14	48	35	41	92	94	35	68	13	18	41	46	73	17	95	40	38	86	65	86	17	41	41	30	21	94	68	59	93	25	64	24	50	77	55	88	75	71	73	71	47	15	62	13	89	87	84	84	44	64	66	60	90	13	56	36	61	68	89	40	92	47	10	67	89	45	49	82	22	82	97	89	74	56	98	51	51	29	40	97	35	20	29	59	18	12	51	91	12	41	12	42	82	48	69	32	89	16	44	44	41	96	18	48	65	56	83	56	17	37	73	27	79	26	17	10	78	73	91	28	53	71	61	89	45	61	43	51	72	20	90	26	20	20	84	35	89	44	43	88	47	39	48	43	35	82	14	85	45	70	50	23	20	46	44	85	70	17	21	74	21	83	33	83	69	17	51	60	45	28	34	28	40	43	77	20	80	55	34	40	41	87	12	74	42	50	89	56	95	65	56	32	92	53	77	14	40	96	68	20	94	29	97	77	77	63	23	64	89	75	89	64	90	23	62	55	49	24	83	37	94	76	69	68	39	61	37	92	28	53	85	55	75	58	96	93	53	57	24	51	52	86	19	88	91	34	31	98	62	82	26	89	83	44	93	36	74	62	73	78	85	74	97	94	69	40	26	78	34	45	66	26	71	75	54	52	27	89	96	81	87	27	44	90	89	48	41	28	29	72	55	39	89	70	72	77	47	64	55	93	26	74	71	88	43	78	51	98	59	17	97	12	17	36	20	77	18	85	20	41	83	78	45	89	56	20	83	53	12	37	87	65	56	42	89	16	78	14	91	38	86	47	44	55	16	43	83	44	55	42	34	31	68	74	32	57	25	18	81	97	67	99	41	12	37	98	98	94	99	76	58	30	69	100	76	34	69	89	28	45	86	12	27	65	46	33	66	63	56	67	58	67	34	78	90	33	53	44	57	30	32	57	66	84	11	94	10	61	94	76	17	35	36	93	53	85	67	37	17	53	71	76	47	96	74	19	88	24	49	71	82	93	40	91	54	38	11	59	12	77	15	92	83	37	97	50	61	94	44	58	22	63	12	90	49	26	95	96	17	47	61	46	59	72	69	12	41	12	34	20	82	97	20	29	26	63	46	96	57	77	56	60	36	31	95	10	58	90	35	34	61	63	25	90	75	12	52	24	24	94	96	57	52	20	100	17	35	95	18	14	87	53	80	54	61	74	32	62	85	58	84	45	19	71	68	34	85	24	97	91	20	87	64	22	17	16	96	59	14	48	52	67	95	72	24	42	33	94	27	65	69	14	35	49	91	40	21	42	93	86	97	35	31	76	15	16	82	17	52	50	81	94	89	25	57	28	17	51	55	47	41	85	29	70	65	57	39	79	23	77	47	16	13	59	87	79	23	16	32	39	30	34	19	31	63	76	35	86	92	58	22	46	41	27	22	16	66	89	69	14	62	19	18	82	25	24	27	55	84	65	46	23	53	21	36	74	78	67	77	30	95	20	82	23	23	75	78	88	16	26	91	75	36	63	46	67	59	90	74	40	90	46	58	44
21	36	15	84	27	64	98	91	15	83	37	41	11	33	23	11	52	40	14	39	16	40	47	27	32	70	15	81	42	100	50	83	94	98	33	33	70	57	11	71	93	15	13	78	33	28	100	88	78	63	74	59	44	48	31	56	15	57	43	46	61	55	58	37	69	56	82	61	89	23	70	15	29	89	11	86	53	32	83	78	67	93	27	38	37	67	31	67	70	19	67	20	93	48	16	65	21	90	79	66	87	70	71	25	53	36	72	37	92	75	78	41	25	41	86	38	72	12	60	86	72	70	16	98	37	100	46	28	87	72	33	92	94	61	55	60	23	78	63	17	75	17	44	51	14	45	79	19	81	37	93	70	70	24	34	71	81	70	55	95	37	36	46	61	23	55	99	77	42	50	50	59	28	90	87	64	15	61	52	13	70	39	20	51	97	63	72	43	66	28	19	81	93	78	94	43	50	64	97	44	33	70	74	97	90	12	33	99	100	18	63	34	22	37	48	17	59	92	97	33	70	14	20	40	71	26	63	62	74	86	59	15	69	44	68	13	92	30	51	39	35	69	16	13	45	91	86	20	49	30	92	31	51	90	63	83	36	57	35	99	19	26	20	79	82	50	59	45	29	76	33	27	25	44	21	18	16	87	69	37	64	20	43	53	76	53	97	56	46	71	82	34	78	41	63	83	54	36	80	72	98	28	24	28	86	16	87	45	95	80	87	98	87	51	85	79	96	50	16	44	95	75	82	10	41	92	97	57	76	88	72	28	77	14	65	33	93	73	85	56	21	58	48	21	61	11	14	79	60	28	62	12	34	53	70	73	50	57	61	15	47	65	91	43	69	35	82	21	53	63	49	81	29	32	27	46	17	46	91	67	77	47	27	50	21	92	11	14	40	27	63	21	99	85	17	28	44	29	89	13	24	58	69	30	16	92	91	44	34	99	27	74	35	82	42	51	50	62	38	26	20	21	72	83	72	53	82	68	38	91	29	48	42	55	14	93	32	83	72	37	42	34	14	65	28	80	85	49	56	94	63	25	37	56	28	92	96	15	99	94	78	14	99	34	47	88	34	75	58	64	82	13	40	11	32	40	92	44	23	12	98	70	74	80	21	60	49	46	100	36	60	44	74	97	95	57	67	99	15	59	86	20	33	49	81	41	70	64	31	70	33	67	98	41	27	31	39	43	33	75	61	68	32	37	71	37	32	97	98	25	76	71	46	36	35	97	19	99	23	90	45	28	53	26	35	82	28	44	97	28	64	52	10	63	88	46	74	24	56	84	96	77	72	50	90	18	80	38	11	93	42	69	33	73	19	17	95	78	45	92	97	21	74	56	64	70	11	43	20	35	31	62	80	56	37	18	44	80	70	88	65	93	49	68	79	60	62	74	12	99	60	23	16	20	99	92	30	70	77	55	82	70	44	92	16	40	63	60	36	38	43	69	89	76	41	95	74	41	80	42	87	21	31	72	26	35	23	74	20	34	76	35	47	13	63	24	86	50	68	56	33	87	71	74	22	82	52	14	73	26	67	52	84	64	37	60	17	78	95	21	59	22	82	76	62	92	42	90	93	68	80	16	48	98	45	12	71	48	94	78	40	65	60	60	25	81	23	82	60	47	13	67	84	68	33	64	28	48	54	63	11	53	13	34	61	59	77	24	49	88	24	45	53	76	82	84	90	74	78	49	86	59	32	72	95	55	78	64	72	51	67	40	94	53	62	62	48	93	40	49	90	80	24	26	25	78	88	36	96	83	13	43	15	77	37	52	82	30	90	71	49	43	66	17	99	97	23	91	49	66	70	23	86	35	21	84	46	80	25	88	69	33	76	54	87	53	62	51	52	78	95	32	25	42	48	84	25	18	73	68	11	45	84	100	75	55	45	23	74	22	50	51	67	17	49	27	36	28	78	85	12	91	43	19	56	61	51	40	14	80	57	86	57	81	41	66	39	55	47	38	27	43	62	66	69	65	37	86	27	13	81	29	61	13	45	81	26	47	22	78	32	86	42	63	29	49	55	54	63	64	65	39	93	88	57	20	100	11	88	73	24	42	86	55	78	25	46	17	34	29	33	71	39	84	21	98	93	85	28	76	35	36	77	22	54	59	85	93	16	34	27	67	80	53	20	35	98	34	100	13	81	76	82	49	59	67	70	14	42	53	51	25	59	44	68	60	86	97	52	46	15	23	52	58	28	41	24	37	16	84	27	31	65	90	47	60	95	93	29	17	41	47	62	23	49	45	83	63	32	50	63	53	48	56	59	99	81	50	12	65
51	83	63	84	73	71	46	57	74	59	78	58	35	18	81	76	93	56	46	65	16	55	38	95	16	62	15	68	90	40	20	39	33	30	49	88	27	44	60	35	87	96	72	18	35	84	37	71	53	100	21	51	94	61	59	81	70	31	67	50	16	33	44	73	27	89	32	84	12	54	35	29	67	59	78	24	90	16	46	39	85	84	52	21	25	98	97	11	20	78	46	59	32	98	54	88	57	21	34	38	14	16	68	85	38	24	72	68	88	68	53	78	72	48	64	91	16	12	47	11	63	95	55	23	88	91	81	86	98	95	20	93	90	55	26	95	54	13	77	51	30	92	32	99	87	24	19	16	56	78	63	58	98	94	78	59	27	58	80	29	33	96	32	56	13	46	15	18	90	52	20	48	100	18	30	52	61	77	98	35	47	91	85	41	65	56	30	92	20	84	61	11	22	99	69	66	33	58	65	62	51	83	60	34	28	65	19	27	39	58	90	47	44	53	23	88	25	48	79	56	94	85	70	92	42	81	13	54	71	66	37	92	95	77	33	41	63	41	78	95	90	57	42	67	42	95	16	55	22	60	92	14	72	28	43	34	11	16	68	77	45	43	67	61	44	23	78	38	12	93	21	57	61	71	26	41	68	94	30	72	19	74	11	86	62	76	41	13	19	77	68	28	85	87	17	46	50	31	53	27	12	66	28	13	65	98	51	36	22	16	22	72	19	67	19	88	56	62	43	20	77	83	12	33	41	38	83	19	29	77	33	78	20	66	66	22	11	59	86	47	63	92	11	12	51	17	68	65	66	65	37	59	56	72	49	27	23	21	47	43	11	50	40	83	31	46	77	72	74	84	74	17	40	99	97	73	53	38	40	61	92	43	18	64	34	55	53	71	55	59	45	27	32	53	69	84	58	99	42	56	95	100	29	93	22	86	44	60	59	85	28	66	82	67	80	47	52	89	88	51	18	87	30	82	29	43	76	82	77	85	70	74	93	88	75	72	42	51	24	45	97	51	93	37	40	67	99	80	31	39	55	20	92	49	82	68	19	29	62	31	55	40	17	37	44	92	54	99	95	58	92	63	14	46	14	90	53	19	95	52	25	13	56	63	32	63	65	52	49	64	91	15	52	38	97	100	17	27	82	65	46	29	20	38	52	59	45	57	99	51	71	25	47	35	96	27	90	36	25	55	15	77	48	65	82	85	93	82	91	96	47	46	69	40	23	87	99	18	67	79	78	28	77	68	97	87	29	43	86	34	58	43	47	20	68	18	87	42	64	80	77	25	24	25	16	29	66	31	58	44	99	44	47	16	20	42	15	65	35	56	77	18	53	75	71	58	19	84	81	59	77	23	83	38	22	86	57	59	60	70	93	31	12	83	77	11	68	19	73	95	47	49	82	49	35	65	83	17	66	80	25	33	77	66	55	68	84	94	83	55	60	50	36	18	85	94	12	37	14	17	53	99	18	40	42	58	97	32	96	16	91	25	29	27	59	62	82	88	79	33	37	63	43	35	27	30	43	91	76	86	25	10	34	36	20	86	53	88	99	80	33	95	72	15	72	83	53	44	65	58	22	68	58	21	12	90	42	96	61	33	58	88	94	96	93	26	74	79	26	92	65	83	12	92	65	41	90	72	96	11	42	27	77	41	56	41	41	74	35	92	26	82	70	47	74	35	63	46	40	67	39	99	43	33	17	69	46	83	97	36	83	84	38	73	67	77	30	41	78	64	36	97	96	41	55	51	11	53	34	30	45	27	57	27	95	75	24	38	47	79	80	19	26	15	35	60	88	24	84	60	32	45	76	29	30	37	25	29	50	84	22	95	93	39	91	13	50	94	99	60	13	26	92	60	82	62	21	64	17	43	35	47	57	72	23	95	49	38	26	39	22	95	37	44	35	22	55	35	77	99	42	51	36	66	39	27	21	12	64	75	23	14	83	50	24	94	11	28	18	42	74	57	55	47	79	97	44	54	97	90	90	61	14	63	83	99	45	56	67	61	71	71	58	46	59	34	27	79	15	88	23	46	15	15	77	63	73	62	38	96	51	20	10	46	33	96	23	38	65	97	39	19	57	59	40	88	90	81	46	21	36	88	55	92	95	12	48	53	96	17	67	24	54	22	39	72	28	24	93	23	86	50	65	25	21	17	99	79	34	43	99	80	83	22	67	45	32	79	71	78	92	78	73	70	71	17	67	93	68	46	55	75	73	39	20	90	59	45	80	62	62	78	75	88	33	77	27	74	97	15	15	35	68	37	100	81	25	83	42	86
28	58	23	34	28	14	14	85	87	68	74	62	27	68	21	93	91	29	15	89	34	61	53	89	83	49	49	78	13	26	65	39	80	82	29	39	57	33	18	61	82	24	73	69	36	84	90	68	40	95	98	91	49	31	89	94	54	31	70	37	32	45	88	55	97	50	22	56	61	100	91	21	61	62	45	94	15	83	78	92	66	85	28	51	90	68	65	26	46	91	19	46	41	89	80	41	19	89	79	70	63	71	15	51	20	77	76	82	72	57	55	71	76	32	70	73	54	59	17	31	80	90	58	72	23	52	34	24	96	52	16	46	74	71	80	12	86	90	45	76	19	80	68	99	69	93	72	71	95	68	21	98	87	63	73	43	99	42	77	67	28	31	26	39	96	63	20	15	26	67	24	93	16	77	17	83	30	11	98	39	60	25	14	96	24	73	46	61	15	18	71	46	92	63	90	37	93	82	94	60	25	92	33	98	76	81	98	37	90	81	67	57	16	85	96	55	73	44	59	70	21	94	42	96	74	93	36	78	30	31	26	37	22	19	68	48	21	23	94	54	71	20	13	14	13	17	81	32	40	51	15	12	93	74	66	49	62	51	80	85	59	27	24	53	57	20	33	47	67	70	88	97	46	15	89	15	93	81	70	93	70	21	80	86	58	79	23	46	18	27	38	15	91	93	23	95	58	48	72	70	52	17	44	75	87	92	72	43	72	100	45	47	54	27	66	62	91	85	58	38	35	50	73	23	81	72	51	80	57	17	20	94	83	91	64	31	41	63	46	49	78	45	56	43	68	25	52	49	20	40	37	33	88	14	26	70	95	20	88	27	32	70	64	84	25	46	39	17	48	46	28	73	66	76	75	25	64	67	12	100	37	36	42	31	35	63	11	22	30	76	37	49	40	48	11	90	65	12	61	17	93	76	99	47	36	74	88	12	68	56	45	48	39	97	82	93	45	58	39	85	81	66	30	76	72	45	91	63	39	37	71	77	45	63	23	61	100	74	45	59	23	89	48	53	85	65	53	29	16	26	85	89	96	73	16	71	28	93	92	59	55	71	66	46	85	81	78	84	23	75	68	61	58	71	92	68	55	78	92	44	62	97	68	49	77	11	70	60	59	98	29	22	38	59	81	48	71	57	77	58	17	10	22	50	83	74	39	66	87	60	44	44	29	98	21	76	41	54	62	64	87	100	20	59	16	37	54	39	36	43	68	46	16	61	97	49	88	43	95	90	57	74	49	45	43	84	41	94	23	37	74	22	37	26	66	88	63	43	46	63	73	83	33	45	40	80	97	21	57	41	44	66	76	79	96	37	33	17	58	43	24	66	32	61	90	41	91	89	96	28	94	21	71	37	62	51	28	79	40	62	40	81	33	61	29	28	15	26	86	64	35	92	25	90	84	86	22	12	37	73	62	30	84	24	57	96	89	61	58	44	98	73	53	89	53	70	47	22	81	77	94	80	70	56	54	14	91	30	12	45	68	46	71	26	17	44	16	84	72	55	18	37	34	96	16	52	18	13	55	56	76	98	20	36	72	19	78	53	18	49	69	65	56	36	84	70	53	50	40	74	74	61	82	15	17	53	61	73	66	26	66	20	18	96	60	91	81	74	24	60	72	52	82	100	42	20	63	42	30	75	37	26	44	74	23	68	91	73	51	99	28	44	89	48	38	64	22	63	16	80	67	27	19	20	20	52	26	13	68	49	52	78	96	25	36	71	18	77	22	38	67	64	19	59	60	70	98	53	86	27	100	91	92	32	31	81	59	24	17	75	55	60	64	97	64	64	54	13	95	11	26	22	17	93	25	88	93	43	86	99	62	41	37	66	22	47	47	43	20	32	15	88	47	43	59	32	84	87	16	47	23	42	92	81	19	41	36	20	17	17	68	36	31	29	68	82	74	12	93	29	23	42	59	29	57	27	12	63	24	32	15	79	80	55	56	48	10	55	22	77	20	41	63	28	87	69	26	95	90	79	85	29	99	25	21	21	84	99	90	52	83	26	67	16	48	75	61	94	81	57	83	58	77	73	96	42	79	67	100	45	36	70	61	99	23	37	64	15	81	99	26	64	46	65	60	97	21	15	86	88	67	77	77	60	73	69	51	73	17	33	72	14	29	25	65	69	62	71	73	36	59	84	83	41	38	78	43	77	39	44	84	67	57	84	99	72	17	58	38	42	88	70	77	100	63	14	63	58	44	64	66	75	42	84	73	91	65	32	100	79	89	55	98	42	33	46	65	67	29	79	26	90	79	66	14	39	76	22	59	60
75	83	49	76	70	30	34	67	59	77	34	20	38	39	43	49	44	55	27	34	49	15	57	23	25	79	13	69	16	20	78	91	99	58	50	42	68	60	29	35	55	34	19	44	35	79	23	18	85	23	35	50	61	35	94	48	93	84	40	58	85	29	76	63	73	96	27	98	52	63	50	66	47	90	14	21	72	36	21	16	80	60	84	38	75	73	30	61	94	25	95	91	95	79	58	24	94	44	44	70	99	84	92	59	97	41	31	96	54	28	74	96	63	87	78	35	22	18	83	34	86	60	86	68	27	88	33	81	16	69	49	21	95	79	29	31	81	52	22	60	11	23	50	38	70	56	72	12	24	92	68	49	89	33	76	66	35	76	51	35	35	84	79	51	22	87	75	33	37	39	25	41	33	87	21	88	74	32	44	44	37	46	19	33	20	23	46	15	55	22	92	14	30	62	71	36	59	26	81	33	39	60	82	12	33	92	40	66	55	43	17	88	47	53	80	94	38	14	98	31	84	70	26	29	23	100	78	84	52	76	16	38	60	66	62	34	72	17	22	77	27	54	91	39	89	95	40	12	18	31	54	43	86	54	69	73	42	13	39	33	34	81	62	32	86	62	10	61	50	64	26	34	29	61	78	54	25	84	48	82	53	50	23	24	31	72	83	98	78	44	79	81	91	98	78	71	46	56	22	27	72	74	90	45	23	44	28	33	89	36	46	41	38	46	88	46	32	99	58	30	46	26	31	13	37	87	64	29	97	69	11	43	73	13	49	85	64	69	28	33	87	33	52	80	31	17	32	39	94	14	61	15	82	58	15	58	46	33	31	48	88	32	92	83	58	58	43	40	56	58	64	11	68	34	85	35	91	27	28	22	98	37	57	19	89	94	75	92	26	64	93	19	43	45	97	64	27	56	16	36	62	64	41	33	99	73	81	75	49	44	77	30	47	59	46	58	13	80	63	90	63	96	63	45	100	65	91	27	55	55	32	41	70	46	34	92	25	79	57	88	67	74	94	100	24	12	14	76	30	34	93	43	90	18	39	100	42	20	48	47	86	63	17	85	55	69	67	95	58	43	82	21	98	45	71	88	51	66	11	87	50	49	99	31	19	79	35	68	73	74	58	58	17	38	72	11	89	11	25	88	44	79	91	73	94	12	39	93	18	42	45	16	97	94	47	92	40	87	43	34	15	61	82	13	25	37	41	79	86	51	12	42	49	40	86	73	14	67	53	64	99	14	63	27	68	62	40	100	14	27	93	76	50	58	16	22	21	71	22	13	27	27	57	79	18	71	59	81	39	28	47	33	70	77	40	33	38	89	32	98	75	39	94	13	76	22	21	70	27	35	31	30	100	82	56	40	57	29	52	22	98	56	60	59	83	39	22	61	87	73	94	88	15	14	92	97	71	69	29	50	68	21	38	98	61	19	46	40	24	56	33	51	98	80	59	24	20	71	73	56	39	63	17	14	67	11	80	16	15	15	10	45	27	63	63	84	31	61	36	40	81	54	66	91	58	53	31	21	62	37	64	52	51	90	70	18	94	90	62	30	51	90	18	26	28	31	23	17	84	37	74	99	62	16	24	34	33	47	81	62	74	35	14	50	68	82	72	38	100	11	18	99	20	41	66	75	14	97	97	82	25	91	20	32	46	38	92	52	80	13	31	14	48	72	37	45	14	76	34	93	16	27	87	76	64	43	27	86	18	36	95	31	83	92	23	39	86	51	52	18	47	14	47	76	41	33	82	56	72	89	79	79	23	43	76	90	96	71	16	28	21	96	79	92	92	60	100	47	94	25	88	96	22	36	99	28	66	55	53	48	86	51	81	43	55	93	95	10	50	36	77	52	83	73	19	98	31	96	36	64	52	62	40	87	29	53	20	85	38	58	16	95	59	39	88	26	99	51	56	16	91	50	20	100	95	99	59	95	43	78	22	43	65	11	84	57	43	99	42	70	100	23	38	66	78	87	53	82	80	49	73	12	73	52	28	69	14	16	42	95	12	62	76	24	44	26	58	58	21	51	58	34	73	20	42	92	66	25	88	55	53	25	82	58	66	60	64	49	97	29	25	22	22	85	39	14	87	52	73	46	67	38	78	77	53	67	58	67	57	80	86	62	52	36	16	41	16	75	87	98	60	34	94	51	74	20	63	69	12	35	54	91	77	81	26	23	37	50	51	78	82	58	62	47	84	18	15	49	92	39	99	24	48	26	71	23	12	54	75	18	40	81	83	49	69	82	48	33	84	94	27	99	93	22	90	55	43	75	97	14
51	53	88	45	19	82	48	26	61	94	22	82	94	88	13	59	20	30	27	95	56	28	32	91	23	80	74	30	20	12	61	59	49	30	28	26	41	94	89	63	42	19	86	34	100	98	20	25	29	41	12	49	84	59	32	29	42	79	85	55	18	21	78	26	17	34	66	79	85	50	52	64	59	81	49	53	84	29	89	29	75	77	35	15	82	85	28	68	43	67	31	53	79	47	15	38	30	41	27	100	82	41	80	21	61	45	34	50	34	38	78	37	49	46	12	74	39	36	23	19	56	63	92	99	16	16	51	80	88	77	16	91	81	58	88	98	54	76	76	94	79	81	73	87	11	59	31	97	95	51	77	13	78	86	70	11	21	16	90	35	17	24	57	33	52	38	87	11	85	89	18	81	34	98	53	69	41	63	37	98	54	34	30	72	57	92	83	74	28	47	49	79	13	47	24	88	25	58	18	87	23	18	73	59	96	14	69	85	82	15	35	29	98	26	78	17	43	36	80	58	97	99	21	94	21	77	39	89	80	91	43	87	17	46	15	12	90	50	89	63	45	84	43	25	75	30	34	47	28	68	18	55	59	43	34	28	53	62	38	38	54	73	45	97	66	25	56	24	74	45	92	61	72	99	52	46	91	30	52	44	93	54	65	81	11	25	40	49	29	91	94	78	80	90	91	15	22	66	50	41	65	54	38	33	15	13	97	21	35	38	15	38	43	40	50	38	55	55	35	24	79	84	16	41	70	33	51	37	17	90	10	96	50	18	34	50	45	68	73	84	55	46	98	31	12	21	41	20	53	88	48	61	95	50	40	72	72	73	46	93	42	73	32	42	49	94	63	92	57	97	12	17	46	70	54	62	73	33	56	88	95	34	37	87	43	94	88	72	17	20	87	48	38	58	44	51	62	11	13	55	18	87	75	26	92	77	50	67	49	59	90	61	63	66	23	76	47	54	77	98	64	71	82	58	58	46	78	52	78	35	79	63	18	49	87	69	31	73	41	16	16	47	41	49	64	65	89	13	35	74	73	49	34	69	23	42	18	98	15	94	62	83	74	78	53	24	22	43	93	53	31	99	23	66	94	41	93	97	100	36	81	59	85	91	69	71	41	70	13	94	55	49	42	18	30	38	73	36	80	60	97	70	33	16	26	18	74	11	45	68	21	75	30	89	57	33	41	71	59	29	47	47	54	27	25	84	80	89	57	12	29	31	35	13	87	21	85	64	95	56	58	17	64	75	27	77	80	98	33	97	35	78	99	68	88	43	100	90	44	37	34	61	21	24	92	71	50	81	91	84	34	92	71	82	16	20	22	95	37	37	75	46	97	19	12	65	66	82	67	44	87	81	16	17	42	43	96	21	17	38	16	96	43	30	42	95	40	69	42	63	27	70	48	23	81	96	97	33	74	17	65	79	17	94	10	10	44	63	55	69	89	15	98	92	82	53	18	12	49	52	32	44	47	61	61	72	64	78	19	11	67	21	55	60	73	56	92	79	13	45	70	42	42	85	40	64	14	70	19	69	19	51	86	74	59	16	68	77	54	74	49	42	25	80	66	55	96	86	86	20	68	24	51	78	82	68	21	76	66	81	69	80	37	61	93	69	36	54	98	72	74	98	12	30	62	68	79	69	88	62	94	57	68	75	10	92	30	66	81	87	67	66	34	78	83	66	53	47	42	11	96	19	39	43	70	91	93	99	11	48	60	22	65	21	43	69	55	29	68	85	95	49	53	24	63	20	87	11	94	71	75	79	14	92	42	11	34	27	35	71	86	95	13	85	32	96	63	14	95	47	20	11	26	76	16	61	42	82	89	27	88	25	83	28	21	55	99	68	62	96	65	57	85	23	46	79	42	81	97	52	41	63	31	52	98	74	41	94	60	26	40	55	40	88	21	49	87	36	62	53	84	19	81	68	71	77	17	41	86	93	29	96	16	85	76	67	54	38	70	93	21	93	10	93	75	82	80	45	30	24	43	40	72	33	71	38	16	67	72	54	71	92	22	86	98	75	42	82	75	20	23	55	16	25	86	83	13	59	49	42	20	87	54	86	68	42	36	82	78	31	85	49	71	66	47	58	18	69	80	40	53	23	92	97	30	34	41	36	19	77	98	39	22	93	26	38	98	61	78	39	31	26	53	48	59	67	77	48	62	92	24	89	60	72	38	23	55	87	96	24	74	66	44	50	44	43	30	95	22	57	16	67	53	91	16	59	13	64	25	48	92	51	35	88	56	96	54	31	94	97	32	97	26	100	17	92	21	73	98	27
66	21	42	83	38	28	16	61	97	40	12	39	22	62	82	10	37	43	89	23	24	38	66	92	11	98	95	55	76	53	58	15	57	44	16	49	30	22	48	91	28	18	62	19	68	58	51	35	82	32	53	69	93	87	20	49	20	43	13	85	25	90	27	48	27	73	49	99	18	42	47	96	34	44	11	87	36	16	88	56	17	39	64	26	85	23	39	84	78	45	15	69	69	38	49	31	47	58	93	73	40	58	45	19	37	66	41	84	92	11	62	70	85	66	64	96	82	25	85	95	52	44	41	99	28	23	26	11	80	93	42	42	11	70	62	54	75	16	51	52	53	84	44	75	58	53	54	93	26	67	73	26	90	99	16	43	45	55	96	89	57	31	13	18	69	70	20	12	30	46	24	77	17	82	24	57	30	72	41	43	54	62	10	79	43	26	10	41	89	63	38	97	83	85	89	76	59	61	98	99	69	42	40	88	38	76	40	12	82	70	54	92	75	78	66	14	20	51	36	12	50	31	95	11	21	73	98	62	67	92	89	20	98	37	34	69	79	12	36	94	76	93	65	97	87	99	48	48	96	11	81	71	41	32	29	90	88	85	85	78	98	68	62	53	49	71	52	69	17	12	99	50	74	68	100	39	22	99	87	28	42	86	94	63	31	43	67	64	85	35	32	10	52	88	49	38	69	50	18	37	35	28	65	48	51	84	71	88	76	30	87	44	46	97	95	22	19	84	36	78	95	65	40	42	57	64	79	31	99	67	70	53	21	82	45	35	20	44	20	41	47	44	59	48	87	21	66	99	98	25	45	68	26	11	23	97	53	83	53	23	31	27	53	74	72	87	16	53	93	92	31	64	14	87	42	78	43	88	18	24	32	66	45	61	85	54	41	95	80	76	85	80	43	26	99	94	89	48	16	53	86	98	95	78	53	59	41	84	37	40	79	19	34	17	24	23	91	24	46	87	89	81	49	70	52	34	28	66	31	50	55	83	78	84	72	72	73	65	95	50	39	22	32	39	58	25	63	75	91	52	32	42	32	66	95	94	97	75	16	25	28	54	100	77	95	40	86	30	50	34	21	82	98	97	95	19	19	59	17	57	35	60	76	79	98	11	47	47	49	41	78	19	33	51	63	56	43	91	54	16	81	33	37	53	60	67	56	50	59	40	90	69	33	72	74	21	27	44	47	66	47	91	52	29	24	84	50	77	58	80	98	35	10	30	73	22	85	51	87	77	77	80	27	25	10	65	41	77	49	39	24	38	20	99	76	15	38	48	62	32	95	84	68	65	70	69	73	82	26	37	54	32	72	35	77	73	41	91	22	90	59	65	69	53	88	51	81	77	27	71	82	26	67	60	50	45	78	21	48	90	13	76	34	41	85	85	64	82	18	85	74	31	77	47	87	40	76	88	27	98	51	79	12	58	74	17	12	48	76	38	62	30	31	54	69	34	95	50	63	20	82	83	82	45	55	24	16	84	17	90	34	16	13	95	12	16	16	51	40	60	49	74	27	65	35	98	37	36	15	53	71	14	53	39	40	30	67	62	25	77	36	35	59	34	64	78	92	83	59	56	74	71	50	78	61	83	93	79	47	19	44	62	84	17	40	41	39	74	21	51	31	15	85	77	19	74	89	72	70	20	79	91	82	96	32	76	83	81	71	98	55	14	25	95	17	13	79	84	14	36	48	20	50	24	16	39	83	86	84	78	37	88	24	33	51	88	15	81	63	16	49	91	30	84	40	20	69	45	14	35	15	78	32	42	13	97	10	76	25	32	71	83	49	88	71	53	74	50	22	67	34	38	80	51	50	38	30	54	41	64	31	40	57	10	43	22	65	26	81	71	69	34	27	82	70	20	89	77	58	75	55	100	67	84	96	15	82	67	37	56	39	70	79	34	27	35	43	83	11	51	69	91	95	98	21	56	96	44	51	94	87	54	100	30	70	48	48	42	10	29	19	38	38	66	27	79	57	57	56	92	19	41	30	32	23	62	84	85	92	59	14	31	42	58	71	48	26	31	69	81	78	60	24	13	22	47	78	74	94	49	44	71	98	52	35	97	48	83	55	50	88	95	81	58	49	41	55	11	77	71	57	11	13	91	40	54	37	29	34	98	66	90	46	51	34	68	49	70	98	38	78	44	93	94	83	43	94	22	31	36	75	91	34	84	61	61	14	11	99	19	89	97	82	68	17	84	65	68	71	91	83	19	19	86	34	66	35	15	20	59	53	25	72	85	61	28	82	40	38	52	26	43	49	35	65	63	68	55	29	85
77	91	100	74	11	25	13	93	91	90	85	41	98	96	32	53	15	17	88	50	91	45	69	54	60	42	50	45	70	45	94	88	47	95	44	30	97	13	91	96	57	98	65	62	46	85	81	21	55	18	16	75	57	58	93	36	30	34	48	10	43	62	65	77	79	12	33	53	97	77	55	36	32	26	74	25	32	42	18	87	71	73	70	88	63	68	77	46	33	31	43	40	73	86	68	91	66	28	83	78	68	74	84	13	16	54	90	99	10	77	24	41	11	17	40	71	35	40	17	15	86	63	85	54	60	16	80	90	32	17	33	57	54	91	94	22	13	11	34	36	31	35	64	40	70	26	78	74	47	69	75	37	68	77	72	62	23	70	41	68	40	83	32	68	74	78	49	91	44	72	72	83	36	89	93	55	33	21	67	83	72	45	56	69	17	35	59	91	62	26	89	68	96	43	94	48	69	37	61	18	54	96	12	21	91	87	23	63	90	34	50	41	15	51	29	77	11	99	12	52	60	93	61	63	58	61	45	30	30	13	15	68	39	22	69	80	83	78	10	36	60	74	10	13	59	80	88	57	13	21	43	73	29	77	58	42	24	94	43	74	47	34	18	70	32	49	66	55	68	62	11	34	39	23	91	22	76	32	16	22	34	56	27	30	25	71	54	16	95	60	93	18	52	25	68	93	16	16	57	77	29	57	42	13	51	70	21	73	35	17	82	26	55	34	100	84	20	91	25	24	16	38	23	78	11	28	23	76	64	78	39	10	73	78	70	16	59	72	88	14	67	73	84	69	63	79	39	42	53	78	16	39	93	22	51	61	46	87	44	12	90	88	23	78	52	94	45	37	39	74	90	97	86	30	74	39	41	31	67	81	38	17	62	48	41	42	80	77	38	70	27	61	75	100	53	78	43	50	62	24	67	83	73	90	78	38	66	33	83	53	60	85	77	84	62	57	29	11	50	89	61	79	23	86	36	64	98	51	36	26	52	14	26	57	37	12	20	82	53	70	97	31	83	73	33	89	81	28	34	42	62	58	44	39	36	89	14	50	70	86	13	43	49	28	62	64	57	71	47	36	73	80	49	64	10	30	71	51	78	26	57	61	88	47	69	84	26	38	25	38	59	97	19	88	71	86	10	68	74	52	58	31	44	66	33	22	45	19	47	55	21	82	20	29	63	40	21	72	59	92	27	38	63	42	88	99	80	13	88	73	38	67	72	41	15	92	53	15	55	89	89	65	39	77	22	62	31	55	59	16	14	25	68	24	49	58	34	66	93	64	52	37	54	20	82	25	12	73	67	88	34	43	97	32	81	10	13	28	29	56	90	12	32	92	49	96	23	63	67	19	45	34	23	34	85	74	72	42	90	29	95	89	14	63	59	94	17	51	19	35	83	26	43	95	72	51	69	95	46	23	57	11	17	30	79	23	66	95	62	85	100	35	86	75	99	35	84	70	72	44	66	20	78	21	95	15	98	40	27	39	33	63	16	86	69	76	41	21	65	80	28	90	96	12	28	64	67	72	23	40	67	11	65	68	63	28	36	34	18	14	55	40	66	27	99	97	41	53	50	86	78	20	78	27	96	89	52	92	49	46	19	27	46	49	29	82	99	37	58	59	15	78	12	50	88	13	78	79	55	64	43	83	100	92	38	70	49	64	14	46	23	55	50	43	86	86	82	86	18	58	32	57	94	86	96	34	30	36	20	15	84	28	53	92	23	59	98	66	61	89	43	78	63	83	19	77	11	100	44	80	87	93	40	75	79	61	30	17	37	46	51	20	62	15	42	34	93	54	47	38	99	83	38	90	22	59	35	88	62	70	47	31	29	79	82	84	92	75	51	71	36	34	81	46	79	52	58	58	32	42	15	29	27	46	77	83	43	67	77	78	53	65	89	71	77	15	34	61	20	93	26	69	83	88	22	85	90	78	57	81	57	80	97	75	88	83	77	26	86	25	16	61	53	79	84	36	32	92	14	48	99	99	71	34	56	14	63	57	65	94	38	31	41	33	43	23	99	53	97	45	82	77	70	46	84	83	14	52	81	95	58	14	80	39	13	34	56	31	73	53	98	55	34	81	55	98	79	63	73	50	70	68	65	91	88	56	49	98	74	64	21	71	30	76	45	65	21	61	12	88	72	87	59	92	97	31	82	54	46	16	30	39	29	80	99	13	95	61	60	72	12	68	11	43	81	42	76	51	72	14	76	38	37	31	25	89	52	53	32	45	73	44	60	79	13	15	29	86	64	20	66	53	47	82	48	20	55	53	19	46
13	36	60	36	54	21	88	37	66	11	72	43	85	18	13	52	56	97	56	56	27	16	94	66	30	27	74	14	33	66	75	27	54	47	35	33	42	43	16	88	38	83	31	21	40	83	66	39	62	80	55	27	44	29	19	17	46	11	90	92	47	35	76	53	46	72	40	64	89	58	34	19	78	36	55	90	51	75	31	87	13	53	71	65	32	63	42	92	47	90	65	28	97	75	10	86	90	68	60	93	98	27	47	24	62	41	10	40	90	31	86	14	13	61	53	35	53	85	56	43	15	45	16	100	30	19	42	68	40	24	33	25	58	62	95	19	79	52	82	42	29	87	22	78	44	11	92	17	97	50	18	34	76	82	26	32	39	65	96	96	19	49	28	65	69	39	18	76	34	90	100	14	68	56	60	100	29	65	37	57	30	46	60	63	96	57	60	32	31	62	74	61	99	44	79	25	71	37	96	43	67	82	53	40	27	22	98	54	56	18	38	68	99	37	15	25	83	98	88	15	60	81	72	94	37	74	88	74	45	99	46	80	85	63	31	58	14	68	42	14	16	40	88	72	36	23	63	18	99	49	84	45	16	80	80	43	55	40	80	28	16	77	89	39	93	68	75	73	63	25	54	61	58	88	81	81	58	11	100	48	33	31	24	67	48	36	87	24	78	36	61	29	69	40	78	68	41	66	35	43	43	55	42	79	66	56	26	72	32	16	15	74	78	22	18	44	36	26	54	60	31	48	71	75	94	84	95	62	44	97	37	84	31	80	27	67	50	59	83	21	29	76	30	47	39	49	13	94	93	10	60	85	51	89	78	90	51	39	61	33	32	27	61	41	40	54	68	94	61	95	59	68	92	65	86	58	83	22	17	96	92	18	52	68	15	46	95	43	87	75	55	37	11	44	87	64	37	44	44	87	91	18	87	90	25	44	20	85	32	18	28	26	80	77	53	98	91	66	54	49	85	55	58	81	63	51	83	92	82	56	43	82	28	89	92	90	22	13	96	63	26	51	46	87	100	21	96	94	79	92	92	97	24	48	64	55	38	61	56	82	70	32	24	51	42	35	16	37	44	11	13	96	37	44	24	73	92	29	53	18	36	22	33	45	79	71	58	30	85	59	93	73	11	50	90	44	29	24	50	48	97	61	21	37	46	49	29	56	44	74	51	89	81	38	51	43	72	94	51	98	72	56	85	72	36	31	13	34	76	46	99	34	96	91	15	88	30	46	28	45	31	16	18	37	47	28	54	62	58	94	44	32	60	18	53	67	80	75	46	46	54	55	42	42	70	92	23	30	26	52	28	40	85	86	99	56	66	37	33	65	83	11	86	21	87	98	62	30	66	77	58	46	96	19	32	50	26	44	10	31	80	92	96	93	70	12	68	72	22	10	64	55	41	77	56	59	62	33	18	71	94	24	67	85	53	30	99	98	78	98	12	48	42	46	60	20	62	23	29	65	61	41	21	30	59	47	60	48	22	18	68	83	40	48	14	90	94	14	50	76	61	59	59	54	93	25	98	84	39	63	66	47	16	51	13	46	14	65	79	51	43	97	53	42	31	19	83	32	73	49	84	96	24	74	84	99	46	85	40	22	20	64	51	23	66	24	84	59	57	91	78	99	62	21	60	25	66	21	62	16	69	89	48	81	27	74	78	82	32	56	22	16	31	36	11	44	46	39	99	92	65	18	79	32	49	33	96	77	54	72	67	19	57	55	42	28	42	21	28	30	50	14	63	10	48	51	29	18	81	86	35	87	60	54	35	20	10	44	72	75	29	61	11	95	24	76	81	88	75	90	66	20	90	42	58	63	33	43	97	89	71	35	74	38	100	82	94	56	11	62	47	89	13	63	62	27	78	98	65	37	62	82	59	87	24	95	84	82	74	53	16	12	67	44	41	59	18	17	74	61	22	98	94	13	91	90	90	24	25	40	54	60	44	26	27	93	16	35	18	55	30	75	34	63	69	48	39	48	96	29	17	10	15	56	72	39	14	75	82	60	39	29	71	78	77	100	88	66	36	74	73	92	61	26	85	21	16	64	39	72	47	49	50	11	69	38	44	65	67	18	36	100	88	37	74	47	80	64	67	59	62	41	40	80	14	78	47	42	84	34	42	99	26	70	36	89	77	14	97	93	43	58	90	39	81	37	50	81	47	18	23	94	11	98	60	79	71	61	22	95	35	43	15	85	33	50	81	76	13	65	61	39	36	90	78	67	83	44	23	69	89	46	12	79	90	90	38	47	74	52	75	77	83	34	79	29	71	51	65	17
75	32	24	67	32	28	49	77	69	72	96	83	80	28	77	69	76	99	97	55	33	99	81	63	29	98	77	32	47	92	70	32	63	33	42	99	63	40	44	54	39	82	32	53	22	81	55	53	50	81	13	51	99	65	21	66	52	97	67	77	16	89	56	21	31	26	41	25	28	53	77	31	41	75	92	74	62	15	12	61	31	87	58	84	60	18	99	58	61	42	16	56	46	66	67	78	85	88	13	59	14	61	55	52	56	34	27	51	81	93	98	43	49	94	84	63	76	64	30	40	45	98	58	93	11	44	33	18	95	59	11	72	93	80	80	68	87	99	30	89	33	68	60	21	77	92	20	19	97	96	63	66	11	67	99	14	67	40	81	60	19	52	73	82	66	58	12	67	71	65	52	93	75	96	19	90	48	67	24	61	54	99	27	73	55	87	99	42	86	73	74	31	23	51	31	91	40	40	62	35	52	79	35	50	53	86	62	99	67	58	46	77	45	44	44	53	70	50	47	92	78	80	86	29	92	80	88	64	75	23	48	30	84	73	24	68	35	80	37	63	93	72	76	25	81	80	63	20	46	67	29	19	38	47	17	12	65	34	52	63	37	91	71	74	37	69	15	84	25	92	17	19	93	40	34	28	33	73	27	28	65	46	55	93	98	25	52	77	29	97	43	88	38	22	37	41	36	72	51	20	73	90	97	64	23	97	13	61	42	92	56	25	47	79	81	82	90	31	89	72	82	98	34	73	45	22	98	55	57	22	37	47	75	47	88	78	96	83	11	81	10	89	62	74	77	13	38	13	46	76	61	28	75	27	53	83	60	66	66	35	82	81	28	93	30	72	72	56	38	75	43	68	84	65	47	85	37	70	84	71	33	18	14	19	37	21	33	14	42	98	79	98	13	74	58	78	30	28	21	55	29	57	54	16	55	42	85	53	48	69	68	38	35	42	44	78	77	34	14	82	84	74	13	23	41	90	92	88	64	31	85	34	55	82	74	65	36	19	13	97	61	87	46	45	34	88	66	66	70	69	57	77	38	33	23	90	61	15	38	12	57	76	73	62	98	83	56	33	84	83	53	59	76	98	87	71	34	76	13	60	54	77	35	40	79	24	93	98	69	64	28	77	49	25	75	87	42	51	49	17	62	86	18	20	62	48	96	79	85	52	83	67	35	95	40	83	68	85	18	68	83	34	13	50	86	18	70	15	26	77	82	54	86	21	66	79	99	20	84	52	79	79	47	81	78	82	65	35	83	11	92	15	72	57	46	69	77	86	76	64	97	21	12	93	45	50	93	61	17	62	22	20	27	20	44	40	46	73	77	44	21	90	52	46	13	70	81	16	12	55	98	18	95	18	14	18	87	89	50	99	28	47	62	90	73	76	72	74	82	59	17	82	77	79	89	44	31	49	91	80	47	26	23	18	86	24	99	48	67	95	66	62	68	57	53	34	32	31	59	19	48	17	35	10	39	94	81	55	94	17	79	31	25	48	94	80	17	89	98	27	45	94	60	78	87	45	17	30	89	58	53	27	52	27	80	67	94	13	97	59	48	68	88	84	94	90	77	24	88	48	66	93	93	51	75	95	93	34	33	35	78	93	51	46	80	98	30	57	84	19	61	65	22	50	68	84	46	12	11	32	78	59	99	11	69	26	32	69	64	11	30	21	30	19	81	26	40	92	26	79	45	74	50	73	94	31	12	71	38	10	54	68	36	11	15	82	20	34	38	94	35	41	62	65	39	42	44	72	31	77	69	95	15	66	53	31	89	43	57	25	60	64	21	61	46	60	11	57	56	83	97	18	54	50	43	34	63	37	38	25	64	56	14	66	23	36	14	96	23	79	86	43	95	61	38	66	16	45	25	98	52	72	67	65	77	65	25	47	23	67	81	65	58	26	66	13	33	90	23	86	11	40	74	26	97	38	81	83	95	23	87	41	49	62	69	16	35	42	77	31	11	73	21	16	64	95	46	56	61	85	19	80	91	84	50	70	65	33	16	64	98	28	30	66	74	27	11	54	17	52	80	79	22	21	43	36	78	79	34	96	97	20	56	21	16	91	61	91	34	28	94	33	99	94	48	84	66	40	15	92	95	84	38	53	25	99	22	25	62	53	24	60	16	37	12	66	69	36	85	86	78	65	62	28	42	95	55	98	50	87	99	19	71	65	56	33	85	81	45	25	96	21	43	44	22	21	43	52	44	72	48	44	25	45	93	38	98	63	31	20	74	63	37	89	87	40	87	55	94	68	58	70	89	55	67	85	54	31	35	51
54	79	31	88	92	97	40	51	99	11	98	11	30	23	49	56	10	52	26	51	56	51	38	63	43	57	80	100	42	61	38	35	32	13	75	81	88	78	55	49	66	84	76	62	51	15	66	98	12	41	60	13	44	99	99	68	61	69	60	30	39	22	57	80	90	60	10	16	43	37	93	37	22	42	52	51	53	76	39	24	18	82	91	52	93	73	72	86	18	17	73	48	32	66	61	41	17	51	91	78	94	93	32	61	24	44	95	34	50	62	79	72	12	18	98	24	75	19	50	41	76	66	72	51	39	41	88	100	74	53	56	58	15	33	11	35	44	38	90	66	59	61	39	10	81	18	92	18	65	59	22	35	55	87	47	34	31	43	79	58	51	62	22	55	39	84	99	20	30	74	87	10	46	73	69	52	65	27	15	63	67	28	91	60	34	87	32	26	95	68	69	69	75	68	84	37	73	33	30	59	83	45	70	42	19	15	88	12	77	16	46	24	93	48	58	20	98	90	73	28	20	61	23	75	86	47	16	40	13	67	94	56	60	74	46	40	47	98	15	21	35	43	53	14	60	72	50	42	12	88	37	34	11	89	13	89	100	53	95	74	17	95	59	93	52	67	58	34	22	24	86	25	37	65	54	21	96	11	82	84	39	18	78	94	80	68	62	71	12	94	20	60	69	28	80	34	24	86	28	71	24	69	95	93	31	45	78	83	36	60	10	43	20	49	19	71	79	90	92	59	88	90	47	27	20	37	89	63	95	94	62	11	56	34	83	94	74	58	82	99	57	52	21	61	78	43	83	77	23	45	46	85	97	77	88	69	86	23	51	65	78	50	68	60	50	55	70	23	16	30	54	75	76	59	65	63	23	81	38	27	78	60	75	78	58	28	72	11	23	78	95	43	88	87	37	94	50	50	84	48	97	88	75	85	91	70	34	81	67	38	70	83	41	16	47	52	77	41	14	97	93	46	75	97	68	59	63	63	95	96	16	33	59	17	78	89	53	82	42	23	14	44	67	90	23	86	24	11	82	89	73	66	98	85	59	50	73	16	46	70	93	99	20	63	30	99	97	69	63	27	34	38	55	88	34	72	13	91	64	10	54	48	32	13	68	63	35	12	15	70	92	12	58	26	27	66	12	25	61	71	89	62	48	81	11	42	98	50	50	15	92	46	24	37	11	68	46	25	42	90	80	67	98	100	42	58	34	43	89	57	89	42	12	71	47	64	69	83	52	40	63	98	25	78	51	50	26	64	91	12	57	50	42	12	100	28	63	30	58	28	90	79	17	92	78	36	65	37	95	91	12	90	98	84	71	99	81	45	81	84	77	81	61	63	62	19	20	17	62	34	38	93	38	75	57	28	86	31	28	39	100	18	44	60	61	77	28	41	51	81	53	30	76	73	75	79	74	67	17	15	45	11	27	20	20	98	75	82	19	11	86	69	26	28	14	42	88	31	71	27	24	56	51	86	25	83	11	67	78	68	99	69	31	37	67	55	96	35	32	68	46	49	79	47	71	11	83	76	48	17	10	51	89	25	21	65	86	49	81	40	33	10	94	27	11	67	91	22	79	62	68	98	39	52	77	51	64	98	33	21	81	63	71	89	38	17	78	54	18	72	71	51	96	60	51	22	41	76	21	83	70	66	46	95	28	55	21	91	16	10	63	29	90	94	93	95	21	71	80	39	50	84	77	58	86	51	83	21	48	56	29	54	13	75	33	68	94	65	40	11	89	64	51	41	71	80	20	91	12	77	11	66	42	14	60	74	40	97	96	28	98	62	37	63	66	27	37	36	20	22	28	89	57	73	77	95	38	14	67	71	81	72	12	100	23	62	61	79	49	16	87	62	93	49	88	20	18	29	38	79	77	99	43	89	93	86	61	23	99	48	37	26	71	51	30	83	74	59	51	60	95	61	55	41	11	54	69	62	78	40	94	46	25	11	47	92	83	93	57	100	40	47	26	73	87	97	98	44	80	49	13	88	47	12	24	49	70	37	42	46	12	24	59	74	55	68	100	100	88	79	94	56	87	63	18	99	12	19	13	91	53	54	93	24	43	77	71	28	68	59	76	81	53	38	15	24	63	46	25	52	29	66	64	75	16	89	29	18	42	36	74	36	69	85	92	40	15	62	49	77	40	43	13	14	82	38	79	86	45	25	47	52	46	30	10	20	83	62	29	37	78	29	79	96	50	26	55	49	81	90	62	66	58	62	79	75	93	97	68	81	51	95	55	10	94	66	13	52	21	60	31	68	42	29	33	56	64	97	71	24
44	90	83	46	24	15	57	19	37	27	31	42	84	79	59	65	97	73	81	80	92	63	63	84	42	76	67	67	14	93	73	17	21	81	64	18	12	79	57	79	30	72	99	13	81	15	96	39	56	94	95	100	28	49	69	22	58	14	10	96	79	60	63	36	19	74	27	16	76	73	77	75	77	56	36	57	85	83	67	37	50	37	62	24	31	81	36	71	100	73	77	78	32	20	73	29	21	41	17	60	34	98	32	54	49	43	78	62	61	97	33	85	74	75	67	20	31	93	22	53	47	20	78	41	12	56	50	35	74	88	14	48	82	42	62	78	93	56	46	73	31	34	54	46	34	33	76	59	41	38	70	54	88	79	43	61	64	71	20	49	54	41	26	27	95	23	84	25	65	15	21	45	63	24	47	90	76	45	81	82	63	57	76	92	90	75	78	83	16	86	88	52	25	72	11	53	61	33	43	14	83	18	98	27	55	16	92	83	34	43	73	29	15	65	59	56	20	65	91	36	49	25	14	14	99	40	79	35	41	67	48	34	52	52	63	62	52	16	98	89	93	88	47	31	20	89	45	25	46	80	97	52	23	74	21	78	97	53	91	18	80	68	94	39	25	77	32	38	65	35	88	96	18	14	48	77	92	15	64	65	72	83	10	67	97	38	96	58	58	35	76	18	21	96	41	56	34	18	30	34	12	83	60	75	77	38	83	11	51	66	83	63	27	19	71	13	59	27	97	61	78	43	52	25	46	10	11	78	31	56	28	85	67	77	40	73	90	49	33	23	56	70	51	27	77	86	61	26	54	56	12	53	44	84	26	60	69	86	30	71	79	16	95	21	38	17	97	31	21	22	85	27	43	87	87	26	42	89	46	10	55	21	23	21	81	86	38	93	53	12	98	62	38	29	25	87	79	72	65	43	97	13	28	90	11	95	18	87	56	41	72	11	93	44	98	87	47	12	54	26	49	99	56	46	29	47	92	46	86	52	80	69	35	58	51	85	81	93	66	78	37	42	92	45	66	28	61	89	28	79	44	11	61	45	65	68	83	32	61	22	79	38	62	30	59	97	48	51	48	29	62	18	59	23	96	44	51	43	43	91	89	62	20	68	72	80	27	79	11	51	85	83	48	38	89	93	25	17	80	98	14	23	54	48	100	49	86	27	51	15	35	67	40	38	98	42	60	95	49	44	69	82	59	30	37	19	95	45	96	91	87	70	44	48	27	54	47	71	56	11	11	87	99	89	90	96	85	12	82	88	85	77	34	17	41	59	37	36	21	36	38	87	96	12	68	79	59	37	30	73	61	39	37	63	19	72	56	58	89	12	66	41	79	45	18	40	39	35	85	87	97	36	23	43	33	79	76	31	61	75	95	23	85	94	45	29	51	62	51	37	84	58	98	12	69	29	30	80	75	13	78	51	84	74	23	69	75	65	18	53	35	28	71	42	96	25	41	15	86	92	89	30	68	50	52	52	35	67	24	33	90	57	17	44	24	51	61	52	94	57	44	40	82	53	40	69	24	46	37	51	22	23	98	68	85	13	61	12	50	56	48	47	89	41	16	14	32	21	74	56	19	63	14	85	65	52	33	17	35	98	88	75	29	52	75	97	84	91	35	33	55	53	52	76	13	50	63	37	30	18	13	32	48	48	58	16	83	82	100	46	19	83	24	12	78	11	60	34	40	39	95	34	56	81	96	58	83	50	17	52	54	12	31	26	87	23	59	73	13	10	28	82	37	37	53	25	58	36	53	32	47	21	95	24	49	62	93	22	93	38	13	79	96	85	30	66	34	36	76	74	19	49	36	43	71	34	65	75	68	65	61	73	81	24	23	97	94	63	47	72	92	29	18	34	35	66	100	79	55	11	78	17	85	13	83	19	96	24	89	25	39	97	58	66	31	62	76	73	44	77	90	40	62	41	62	12	45	87	29	74	61	88	18	53	10	97	76	63	31	41	59	77	22	41	18	64	48	26	58	22	93	32	87	64	63	83	82	91	84	94	86	11	17	18	65	41	63	81	58	44	80	14	49	58	85	98	80	30	28	90	42	99	15	36	19	24	54	88	54	52	83	17	71	37	42	92	57	42	82	79	83	62	63	27	20	49	92	93	94	63	49	95	63	33	21	81	23	49	92	94	38	73	40	41	74	66	83	14	27	90	64	70	98	16	57	30	92	24	10	20	71	64	73	24	18	81	69	16	87	74	73	88	70	55	20	18	84	58	42	57	39	29	90	89	88	63	33	41	65	98	48	17	46	80	82	71	92	78	52	65
32	33	77	53	94	43	47	13	20	57	20	54	53	70	94	60	59	64	58	15	88	52	36	89	40	50	30	12	61	88	88	66	73	46	95	35	65	98	24	80	46	75	95	84	96	71	92	94	66	69	80	63	75	55	65	37	13	90	51	18	84	21	62	75	49	95	42	78	82	64	47	75	41	16	20	55	28	13	56	39	16	78	19	98	54	21	44	44	18	75	22	91	24	16	58	90	90	83	55	91	66	44	36	86	19	55	36	18	67	57	86	20	100	80	25	70	90	79	26	34	44	22	62	14	28	11	28	70	18	49	65	75	37	27	66	59	75	35	74	58	58	57	28	44	54	19	52	69	90	39	41	39	42	72	66	15	47	81	73	90	90	99	69	17	59	67	53	89	34	55	23	71	32	40	46	96	23	63	22	13	86	74	50	59	77	34	31	68	94	67	29	83	61	24	30	13	52	22	77	42	35	63	63	59	91	14	34	37	59	23	30	67	15	66	13	26	17	90	23	41	90	34	89	85	26	56	98	93	12	94	87	98	70	34	22	89	25	42	61	13	27	47	55	76	27	10	16	52	23	29	48	22	60	76	26	37	62	78	15	16	82	12	55	88	50	95	77	55	46	18	51	72	41	59	75	65	24	100	65	80	29	23	19	58	97	88	84	67	90	65	99	73	75	20	16	39	99	44	96	11	77	97	33	41	68	48	65	75	97	60	66	61	85	55	21	76	33	70	67	81	70	64	59	48	23	83	95	99	22	44	52	28	39	49	49	25	27	49	17	72	24	52	75	17	30	63	80	96	39	15	84	34	56	14	98	11	33	76	82	69	59	59	12	32	50	24	41	78	57	78	82	51	91	92	70	46	73	31	56	39	56	25	13	28	57	34	12	67	73	24	77	37	38	36	90	78	57	97	12	50	41	76	42	86	75	77	41	94	51	49	64	58	86	36	20	88	85	86	56	87	17	58	64	57	79	20	27	49	54	97	89	43	12	95	45	77	51	64	16	33	71	90	95	76	21	44	42	88	90	87	23	31	12	81	40	14	32	27	51	34	17	83	15	27	48	25	23	83	88	16	81	31	89	58	47	83	49	12	88	46	64	20	72	16	18	32	71	15	76	45	42	99	95	71	37	33	13	27	95	14	12	31	27	16	89	51	77	70	34	34	60	97	90	60	67	21	97	83	80	56	76	79	74	28	15	64	35	42	32	88	97	44	23	29	47	53	11	97	52	77	40	89	59	82	81	37	67	56	74	55	45	89	19	83	18	61	77	44	42	98	43	62	52	71	96	64	44	72	84	48	57	37	96	27	50	22	94	19	79	47	100	29	37	16	60	97	69	20	92	65	40	59	34	43	11	94	20	11	93	42	94	99	11	51	23	61	10	23	33	61	76	27	84	29	88	51	56	63	60	88	94	44	56	88	96	42	22	33	27	68	70	59	12	86	99	83	86	62	80	52	19	60	47	63	36	54	54	48	68	57	35	47	41	35	14	18	53	31	61	32	85	73	97	64	18	85	20	95	45	86	79	24	63	26	46	47	92	40	88	40	92	87	40	95	77	63	88	67	99	83	53	51	75	55	45	25	78	90	66	40	74	63	37	14	38	15	44	10	52	36	63	28	19	71	12	28	40	21	38	41	65	65	52	91	94	62	15	82	65	82	32	66	23	24	42	20	28	44	65	68	11	52	17	59	24	23	59	18	50	25	65	55	49	89	98	83	57	65	82	55	33	31	52	97	33	94	50	97	36	24	51	93	33	85	84	62	47	94	29	11	38	11	94	78	46	46	52	45	91	92	88	44	31	84	74	37	20	29	26	53	94	98	18	63	81	98	10	46	78	15	96	76	77	86	68	18	63	15	89	18	71	70	53	61	56	36	15	40	59	55	12	79	51	62	53	71	16	45	81	56	58	70	72	97	96	33	44	41	20	13	43	60	82	12	37	19	12	67	54	84	70	55	99	66	47	92	69	23	53	29	59	76	87	97	15	58	40	17	17	25	18	95	37	12	20	78	59	23	38	33	56	89	96	86	46	42	39	54	17	47	50	89	68	92	10	61	16	76	47	48	50	59	87	30	74	34	72	75	96	39	18	65	74	27	93	19	63	95	86	94	82	45	93	72	70	33	55	56	18	87	29	24	32	20	82	83	21	17	19	48	55	56	78	18	65	86	58	47	36	59	95	67	43	46	97	40	54	41	45	74	67	88	91	59	75	38	41	13	31	23	87	78	56	38	85	11	37	99	39	58	77	26	38	57	42	52	94	77	11	44
12	76	60	35	32	71	88	32	19	11	96	38	36	84	54	79	91	65	48	76	42	36	34	71	76	20	85	12	98	48	41	51	98	10	53	67	11	28	72	11	37	66	37	42	16	20	86	68	32	24	39	51	12	83	70	32	97	83	34	72	59	19	69	38	95	31	64	76	81	17	44	47	68	83	45	31	45	30	61	88	13	61	67	76	31	13	96	16	51	72	50	94	70	25	64	62	24	77	61	43	15	83	35	27	50	75	51	11	13	79	53	57	22	35	19	41	23	32	14	43	25	86	28	35	31	30	78	61	92	45	11	97	61	29	15	81	94	98	34	32	45	93	84	19	91	43	85	36	69	49	23	45	68	24	24	71	80	62	45	73	30	44	50	40	97	66	88	17	90	98	28	97	76	88	99	57	29	93	84	37	69	18	80	43	26	45	49	74	33	14	29	54	28	57	99	32	88	32	87	51	17	48	66	45	43	94	36	32	29	84	89	58	78	19	94	47	70	60	47	62	80	59	11	17	30	48	62	94	94	100	45	96	84	92	74	89	86	92	84	84	24	60	49	15	72	49	65	82	96	19	81	18	84	71	19	72	77	21	61	64	16	68	74	79	89	59	84	30	95	85	65	39	50	60	79	61	47	90	45	58	70	77	48	15	18	28	90	81	95	32	37	60	43	74	56	31	24	29	98	93	94	29	42	75	19	89	92	41	40	29	15	55	23	11	93	59	26	38	38	16	84	99	33	39	11	78	99	36	58	80	22	92	81	72	65	55	40	21	20	57	23	26	18	77	94	71	75	63	49	38	13	16	64	45	59	82	43	46	25	37	68	93	44	57	100	85	92	57	91	22	67	52	13	37	90	18	70	92	79	11	32	71	53	51	60	71	43	46	20	96	35	99	68	76	52	16	98	36	16	49	39	31	59	88	54	22	70	96	93	67	98	55	70	62	37	36	46	17	22	64	45	78	16	91	30	32	17	53	19	65	88	24	56	73	42	67	11	49	71	15	69	98	35	81	25	69	43	55	41	98	76	83	14	18	26	17	63	79	97	85	67	18	62	86	40	23	57	67	45	36	67	36	32	69	68	68	42	14	28	20	97	42	13	28	25	27	18	54	32	40	85	43	40	99	91	85	53	81	26	80	50	74	95	90	47	55	16	100	40	18	81	66	14	77	36	92	74	50	88	48	62	59	53	47	58	64	63	90	39	25	86	12	14	79	75	68	87	74	43	40	18	79	99	37	79	36	27	32	28	30	35	71	69	91	95	31	73	84	97	88	21	68	72	19	95	79	49	10	42	26	59	51	14	10	88	99	39	90	19	42	41	53	17	40	86	18	46	74	85	76	92	70	40	89	17	52	49	98	64	70	12	39	12	40	80	44	36	48	23	48	50	22	16	12	68	45	50	73	71	28	78	17	96	11	32	60	36	27	78	68	86	51	51	66	54	71	52	32	63	71	36	75	29	73	74	11	96	87	98	62	25	70	71	34	54	47	28	27	29	13	21	82	91	49	55	46	50	78	70	87	72	58	55	28	27	22	77	99	42	79	12	87	25	55	31	33	93	81	99	94	63	31	90	13	96	31	91	33	17	39	41	32	55	26	99	81	71	76	24	30	18	23	34	19	55	39	45	16	15	35	16	98	78	98	93	66	42	12	54	11	48	87	31	59	98	30	27	30	90	20	37	28	30	93	77	59	76	21	38	56	51	31	78	73	25	23	81	79	38	56	29	91	40	15	83	20	37	71	14	54	16	33	80	13	57	64	88	48	95	73	26	45	57	12	46	39	92	64	35	12	73	92	28	66	67	43	67	39	41	19	31	49	26	55	58	83	23	80	13	92	25	72	70	17	68	98	85	17	13	63	26	26	99	68	56	86	71	41	15	78	52	61	21	40	47	13	11	95	17	52	96	19	14	34	30	80	21	92	70	89	52	60	96	59	44	67	81	85	53	66	74	89	16	76	21	59	30	16	60	19	94	46	73	97	33	23	46	70	34	38	39	97	93	41	66	95	33	17	95	27	95	51	85	72	69	85	55	95	38	37	74	84	15	28	92	97	92	63	56	23	88	71	59	65	89	99	54	72	94	91	90	51	78	11	14	50	37	51	51	81	14	81	64	54	19	28	88	15	43	42	82	32	95	72	31	30	23	77	46	59	42	89	89	80	23	83	98	79	60	99	79	45	91	74	78	31	72	86	86	60	33	18	89	74	42	88	67	92	25	84	43	17	95	18	36	94	86	29	44	43	69	79	14	11	99	71	41	73	92	33
42	66	66	33	74	93	84	96	63	11	18	46	68	70	100	28	62	38	81	73	32	89	28	10	53	69	38	94	92	70	19	59	40	35	52	41	99	84	12	17	36	54	19	70	78	93	14	77	99	64	39	92	27	60	35	91	37	13	31	51	49	15	69	70	99	44	19	83	43	31	32	45	46	95	73	56	24	83	18	82	92	24	18	77	41	11	82	58	99	84	98	42	98	95	77	24	25	36	71	38	64	75	11	29	13	90	90	49	99	63	39	76	39	90	27	83	40	26	52	58	98	29	17	77	78	41	75	52	24	19	29	77	66	33	98	56	33	54	63	75	89	77	54	40	89	73	76	22	100	36	36	50	88	30	56	35	73	45	70	17	24	18	51	87	48	41	90	19	57	87	79	59	14	81	56	70	25	60	93	10	70	47	90	66	68	97	31	39	31	34	49	21	28	11	60	68	43	65	45	81	55	18	19	94	22	98	77	31	99	18	86	60	33	38	97	83	48	19	80	13	20	45	45	28	88	47	90	16	96	97	38	51	69	35	65	52	96	38	17	57	66	17	50	68	79	91	34	72	27	16	23	88	88	65	61	36	37	16	75	87	29	57	40	96	41	92	82	50	92	12	63	14	75	41	36	75	68	48	82	86	86	25	36	74	68	75	11	33	43	89	98	15	84	26	71	29	64	65	29	32	91	58	70	61	13	68	90	41	15	75	32	67	86	76	21	28	46	18	37	62	75	74	85	91	37	82	92	70	12	14	38	41	94	73	74	86	15	40	55	42	57	72	48	93	34	48	27	67	60	92	15	47	78	66	84	78	86	52	44	36	96	20	26	81	21	13	89	44	12	32	54	42	20	92	78	64	48	26	44	31	52	53	65	95	96	81	75	89	33	53	44	64	13	64	11	87	44	54	89	73	90	15	52	14	54	100	69	13	24	19	22	47	81	69	38	17	54	46	29	40	90	15	34	31	69	73	73	58	56	95	21	91	41	12	61	21	74	48	35	67	64	37	75	30	45	87	41	65	98	35	64	87	91	23	46	19	80	76	14	66	31	46	51	75	70	32	42	44	72	62	20	42	35	64	94	43	30	53	24	22	16	86	50	55	39	26	91	20	40	51	98	41	87	17	22	27	80	11	44	81	46	82	29	27	66	38	80	59	38	62	30	72	98	52	23	14	84	32	34	11	25	29	14	22	59	47	88	69	84	95	41	36	56	62	92	58	78	100	40	31	24	81	32	14	23	30	44	44	33	44	60	50	16	99	44	64	45	74	76	88	50	74	50	44	35	84	21	15	48	91	23	46	23	94	84	62	41	15	81	25	37	69	77	37	66	79	76	99	73	79	13	28	50	58	37	36	41	14	91	12	40	49	39	58	28	89	98	94	14	43	45	89	82	37	47	93	53	34	59	99	55	48	27	73	66	26	83	31	41	35	38	25	10	87	30	98	44	22	28	70	89	86	23	18	12	59	74	91	64	98	73	44	38	73	46	87	46	50	86	48	92	98	15	64	52	28	32	15	75	72	40	79	50	17	63	79	92	48	34	34	97	26	72	50	21	36	46	82	77	90	69	40	69	71	96	51	94	73	89	94	20	73	90	69	39	42	16	15	89	51	49	98	94	74	12	48	12	98	54	30	45	75	93	99	67	100	62	39	46	89	60	30	24	61	44	12	12	55	54	26	24	41	72	19	51	81	98	81	42	69	14	91	82	39	21	37	97	32	14	98	29	17	76	46	47	45	37	70	44	26	51	39	43	18	55	73	45	59	94	66	46	45	40	41	96	30	96	77	63	93	79	46	48	26	72	49	54	77	30	53	92	51	45	24	99	87	95	86	12	74	31	57	81	11	77	90	89	53	43	49	11	74	29	98	23	31	42	54	21	70	20	42	98	79	59	61	80	42	17	68	48	20	16	22	53	34	53	56	22	40	86	47	99	59	30	25	72	39	31	56	74	94	64	46	38	42	79	78	28	20	15	84	71	59	42	52	70	85	17	28	89	65	68	29	61	67	70	89	99	86	81	16	43	80	13	68	19	71	55	31	29	68	42	20	70	41	64	96	60	15	21	21	24	76	19	45	61	90	86	67	26	63	78	97	81	48	57	32	28	69	10	38	54	87	24	39	71	86	46	75	14	46	81	78	15	85	71	94	36	59	18	34	51	16	67	35	17	51	22	69	74	69	77	42	49	61	41	38	98	75	25	89	67	28	16	90	83	21	44	32	17	100	99	82	22	14	87	86	68	44	66	60	28	71	17	79	85	27	27	83
28	58	73	94	58	13	28	16	43	11	40	49	62	68	87	42	22	58	41	65	75	98	88	71	44	62	14	85	52	42	12	35	66	10	84	58	52	25	82	32	55	34	52	22	97	74	34	43	20	65	74	46	90	88	58	72	45	32	26	20	66	85	22	31	78	76	52	29	87	82	14	42	93	25	77	52	62	61	64	14	49	10	60	35	91	36	19	72	18	36	25	26	66	100	70	19	96	74	94	65	94	27	83	20	69	77	23	90	34	50	44	72	60	91	30	96	60	64	84	23	69	14	97	59	14	65	89	10	27	76	67	43	47	21	17	83	23	62	24	89	95	13	66	13	89	75	72	24	86	47	97	87	32	77	36	91	77	55	60	74	76	86	99	66	44	63	31	59	28	68	33	72	39	52	22	91	97	71	67	65	68	79	56	93	39	95	58	16	83	37	30	87	23	77	25	98	47	70	51	18	72	89	51	27	46	12	18	59	17	29	21	86	78	79	89	79	88	34	31	47	71	77	41	100	78	81	13	14	74	58	82	85	55	63	64	22	84	42	94	28	89	97	28	48	40	65	19	76	19	39	67	79	90	58	62	78	94	94	96	94	12	77	52	80	84	41	16	44	33	64	89	64	89	90	67	62	66	25	34	41	98	21	48	37	38	24	17	32	69	42	37	11	72	49	36	95	46	35	65	81	35	53	55	90	72	55	72	98	94	16	95	28	91	81	40	49	55	37	99	71	36	79	22	77	25	78	29	47	47	94	28	24	72	97	42	68	67	96	13	13	48	50	95	47	29	26	67	64	23	88	40	82	70	32	77	98	38	35	93	64	20	25	28	37	41	14	85	80	21	27	18	80	66	31	81	73	30	67	38	34	54	65	55	98	85	96	14	34	100	13	50	48	31	89	97	98	84	75	55	44	98	22	74	49	11	73	50	39	88	68	66	77	25	41	88	82	64	36	80	13	95	11	91	67	41	64	51	34	49	94	72	28	98	31	100	81	10	79	72	26	87	25	32	24	23	19	59	74	95	17	20	63	29	32	37	15	46	94	41	27	37	95	42	54	12	69	96	21	21	76	13	64	32	11	40	82	53	13	53	95	46	26	20	43	43	34	98	20	14	27	74	74	26	31	31	15	44	90	98	30	22	50	76	93	52	64	86	40	25	36	91	89	35	98	10	48	73	88	78	53	73	16	23	28	48	66	81	78	55	16	79	90	44	67	30	16	13	30	11	19	58	72	63	62	71	69	94	83	35	39	63	29	46	81	80	47	50	30	75	16	35	81	75	92	35	31	23	19	24	68	61	95	81	83	48	29	16	29	31	93	62	46	40	20	47	100	73	82	42	43	53	92	96	52	82	68	69	63	32	58	33	23	73	58	35	23	52	40	74	55	28	15	50	59	38	51	75	73	13	20	96	58	71	11	69	46	25	11	20	96	10	80	90	85	71	90	23	37	55	96	22	62	25	14	81	67	21	71	60	88	78	43	58	18	89	49	64	26	55	98	14	19	18	85	84	63	10	55	59	72	54	99	91	75	77	85	60	34	98	64	50	63	33	38	89	10	25	22	35	59	45	54	24	33	54	18	47	55	50	43	26	57	45	15	99	33	24	91	96	81	58	89	58	84	28	49	20	60	18	67	51	28	32	83	90	75	15	72	98	10	82	67	19	23	64	54	18	70	50	45	17	41	71	15	51	45	79	58	16	44	75	38	36	16	71	90	98	95	66	50	40	84	13	17	36	39	27	90	65	79	57	85	87	26	23	14	73	43	29	22	53	72	38	47	92	93	63	81	52	18	50	97	91	64	57	79	82	32	97	49	90	72	35	66	34	21	27	14	74	55	66	46	69	50	64	72	29	86	55	31	19	58	30	24	50	90	41	91	27	51	44	53	16	58	92	38	13	93	40	76	62	98	54	42	52	49	55	54	52	40	49	22	13	98	69	49	20	69	54	77	66	19	64	56	39	97	36	95	81	19	39	33	15	38	59	18	29	74	24	90	91	99	15	39	78	48	90	63	18	92	36	76	31	10	88	26	73	64	80	37	35	50	36	39	60	52	60	39	71	37	15	63	47	28	27	56	49	16	84	68	64	90	79	14	47	33	39	43	63	44	45	83	87	35	42	16	52	60	52	96	75	70	42	19	54	11	87	29	18	38	44	28	90	80	27	76	21	10	97	18	20	13	57	83	44	75	58	69	95	90	39	50	65	43	34	65	43	12	57	86	21	52	88	53	57	27	56	79	46	61	71	48	74	78	45	12	61	33	38	45
34	28	40	97	35	27	28	49	12	63	60	27	87	57	70	35	46	95	47	76	32	79	75	26	74	20	58	31	29	88	68	33	65	71	94	58	31	13	29	44	19	92	35	76	26	74	70	29	52	76	53	65	96	40	83	56	19	90	24	84	80	21	91	62	73	63	48	52	98	37	23	19	13	74	82	28	55	16	77	47	12	20	68	13	81	41	97	90	35	61	64	94	24	83	42	36	69	23	58	27	54	94	12	20	58	76	100	44	29	66	83	30	18	66	34	80	19	35	23	78	31	45	83	34	94	51	89	88	92	54	75	22	43	42	88	76	57	57	75	50	88	90	84	34	19	54	26	75	13	82	59	78	73	44	98	54	24	49	18	11	30	31	84	13	37	86	13	57	59	53	81	69	86	32	70	62	60	65	72	75	82	13	20	72	83	43	12	83	25	76	56	55	57	96	94	50	55	58	81	21	19	28	14	37	30	79	73	23	60	43	27	79	72	98	33	98	59	56	32	33	34	51	92	76	80	72	56	41	49	83	53	73	99	74	25	37	67	59	84	78	65	83	49	76	84	92	53	12	71	20	52	61	61	42	50	27	27	25	91	41	16	52	18	31	51	70	81	97	92	22	44	99	44	82	59	38	55	31	49	70	60	60	69	60	16	73	18	26	93	20	69	53	23	97	70	43	35	65	33	62	84	98	52	74	39	26	54	32	34	41	99	46	29	90	80	16	46	13	46	59	82	92	23	43	56	55	84	44	38	53	17	94	63	24	40	47	76	44	59	51	54	13	85	49	64	19	79	30	100	32	37	98	37	58	62	81	46	99	62	32	82	90	66	96	24	96	55	68	79	68	13	69	54	26	72	92	92	70	34	57	27	57	13	49	70	44	100	62	54	39	79	23	47	55	53	67	80	75	45	72	21	44	34	99	47	49	69	79	64	59	93	37	58	73	77	21	43	31	91	52	39	38	43	71	69	74	22	51	15	38	92	79	29	39	57	43	60	55	81	58	87	74	55	43	75	20	56	14	55	84	44	42	92	44	39	36	23	81	96	49	79	27	67	79	29	33	97	57	63	46	48	49	61	82	20	89	55	97	44	36	72	20	60	25	49	49	60	17	16	53	79	91	76	17	89	51	90	11	27	27	42	86	76	69	67	43	51	56	31	12	59	31	76	68	74	74	88	27	72	45	52	30	71	80	23	94	100	56	63	94	86	19	58	94	25	47	70	54	90	98	56	15	90	75	31	61	52	34	36	48	63	66	41	56	99	53	61	91	48	19	87	30	70	19	95	94	48	69	15	71	10	20	33	79	63	39	50	14	75	80	49	57	46	45	65	87	93	93	83	20	31	28	99	78	33	21	19	76	39	13	90	91	17	56	26	42	81	52	53	17	25	70	89	75	57	98	77	39	81	10	51	78	35	100	15	41	37	53	17	29	39	25	68	52	61	37	22	37	55	76	60	52	89	35	35	23	99	97	97	45	77	98	95	39	82	91	12	79	32	98	48	81	85	19	27	24	97	50	87	93	61	84	15	69	41	24	16	34	63	94	53	98	14	70	81	42	82	72	69	71	65	86	97	72	45	82	37	36	12	27	86	52	55	91	91	57	78	44	11	100	67	92	22	26	14	94	80	98	54	74	85	30	63	55	81	73	96	83	39	11	14	78	76	89	88	99	84	94	41	78	76	26	72	46	15	88	13	45	63	34	35	90	29	29	30	32	11	83	60	69	88	89	39	49	94	23	86	64	10	23	61	79	71	20	50	14	41	38	15	48	86	81	72	42	24	35	32	91	37	33	19	76	26	75	57	73	76	87	84	28	100	93	27	16	53	63	98	13	96	94	89	36	88	28	74	92	38	12	98	19	54	28	94	56	39	74	40	85	37	21	36	60	30	21	13	14	51	51	53	34	59	22	34	50	40	99	17	20	69	82	20	72	11	31	84	59	72	67	73	53	24	94	46	73	91	14	62	47	85	31	98	19	30	18	85	76	21	33	47	64	30	77	38	44	75	60	59	18	74	98	34	35	83	84	26	82	52	70	58	90	65	73	45	36	85	95	70	38	31	47	82	39	14	13	59	43	73	34	98	46	47	82	71	78	55	64	45	13	51	43	59	73	44	37	88	25	80	62	17	97	47	63	49	52	95	76	86	56	73	33	60	94	43	38	62	69	76	50	41	14	68	52	12	42	55	88	83	98	27	96	97	88	59	70	89	53	48	47	98	21	98	18	48	70	29	34	26	57	13	59	100	78	65	19	24	58	71	87	53	63
100	58	25	77	54	86	90	99	13	37	73	32	35	13	20	58	34	24	19	97	73	83	65	96	30	19	76	26	11	35	49	69	34	87	59	35	92	43	65	68	85	29	16	56	66	52	22	56	73	25	30	22	21	74	19	45	32	53	16	87	92	15	15	39	98	64	52	18	75	13	87	10	94	73	60	91	26	20	62	26	30	19	97	92	14	21	74	20	77	39	24	79	20	98	36	77	90	99	72	33	77	77	37	34	26	18	97	15	76	57	62	61	41	28	18	21	49	92	81	19	78	87	47	86	21	70	36	46	72	93	53	72	16	11	48	41	74	68	29	73	30	68	58	30	47	44	31	44	52	70	65	31	66	49	44	87	56	87	84	32	98	13	59	23	29	47	27	36	42	28	73	54	17	33	13	39	47	81	92	23	81	60	66	12	99	15	96	62	39	39	44	56	76	98	31	45	28	43	10	80	85	83	88	20	88	39	83	52	41	58	72	27	10	81	37	17	23	95	11	100	47	53	66	27	11	93	51	34	90	60	71	79	87	93	45	31	43	59	19	92	25	50	25	72	88	15	93	97	53	80	15	52	21	22	51	52	98	37	82	21	90	88	95	10	69	14	17	60	48	62	91	89	26	79	79	95	56	28	80	42	88	72	92	66	95	48	41	28	51	75	45	90	95	93	58	88	80	61	19	53	51	89	28	22	49	86	75	68	99	62	26	91	84	90	91	75	43	84	39	54	73	69	76	19	63	32	43	12	36	57	93	65	39	87	30	70	39	91	17	16	82	67	35	97	21	37	22	81	97	62	72	39	93	70	47	79	65	88	19	86	73	45	82	72	98	45	45	78	16	92	94	38	98	91	76	21	14	85	59	85	38	23	52	69	71	38	80	88	34	97	52	97	22	88	86	30	78	96	77	73	29	49	16	32	74	69	67	46	73	58	62	49	13	94	14	23	65	94	39	13	18	93	72	35	92	72	90	80	98	41	49	26	67	88	16	48	78	62	95	83	17	14	89	70	54	50	23	22	32	74	80	32	75	57	43	33	14	14	10	10	44	60	15	12	47	28	89	63	38	55	98	65	90	66	45	59	16	85	19	81	96	83	84	47	61	42	51	66	27	82	34	83	97	54	90	83	80	46	38	22	85	64	82	78	21	69	25	29	17	56	80	28	72	86	75	46	41	41	38	73	75	49	82	56	30	32	28	95	71	81	71	84	82	94	23	37	95	29	83	27	65	95	66	35	62	71	93	60	99	99	64	91	34	11	52	19	88	55	42	75	97	70	19	36	43	76	10	79	56	26	14	50	11	82	52	11	89	97	94	99	28	46	41	38	99	17	30	88	85	67	74	47	43	92	81	59	93	47	52	84	39	51	49	66	46	96	46	100	64	15	28	36	76	36	18	42	91	65	36	87	33	12	20	100	73	48	55	11	46	74	90	16	54	79	79	24	84	58	11	56	75	71	98	74	70	22	70	85	73	17	95	11	84	38	14	85	44	18	19	82	27	17	98	75	66	56	78	47	82	49	98	23	38	56	20	77	76	30	18	100	84	96	68	30	22	13	13	79	16	13	42	48	61	67	59	98	81	16	49	18	13	97	54	69	36	70	35	73	20	12	91	75	65	21	53	34	97	93	31	85	38	44	84	88	45	86	23	14	31	63	48	39	21	68	12	36	40	82	74	73	46	98	67	84	14	91	22	76	87	77	70	89	42	21	57	22	28	99	39	75	56	97	70	15	31	95	23	95	60	29	21	34	38	34	76	15	13	53	83	42	87	19	10	44	26	35	71	71	97	77	73	59	21	86	91	32	38	15	57	58	93	10	35	31	56	20	95	75	59	76	91	48	71	61	86	93	89	23	74	88	42	73	12	29	85	87	88	15	75	16	94	58	16	88	34	69	97	86	25	47	58	29	46	31	57	49	96	73	99	17	33	40	18	38	35	84	100	50	18	27	79	90	58	25	26	22	57	82	10	98	20	29	79	95	77	74	86	20	83	76	72	31	31	13	98	80	88	31	66	81	54	37	31	75	71	44	30	98	80	62	44	52	76	34	22	30	93	95	81	95	40	62	25	29	87	60	71	64	79	77	25	66	84	97	90	62	54	15	16	21	80	72	83	53	63	36	72	91	40	15	28	84	11	46	42	45	23	62	53	54	70	25	87	38	76	56	26	54	60	74	55	73	87	70	59	39	55	42	60	43	80	56	54	64	40	34	98	65	58	26	33	56	81	95	85	28	98	30	34	83	51	45	83	30	31	14	92	45	62	58
81	52	17	26	50	86	16	95	61	81	74	70	74	23	96	92	41	55	28	23	33	25	51	17	95	86	72	23	61	17	11	13	39	82	76	42	21	63	32	71	56	55	89	36	100	73	92	44	89	54	62	71	86	78	99	65	38	94	70	35	33	17	71	99	24	55	83	86	50	23	54	56	96	36	19	89	50	52	12	35	87	23	51	35	25	63	65	26	96	54	41	54	54	35	80	13	96	82	64	27	36	39	77	70	13	97	85	96	20	65	62	60	56	27	32	74	82	64	43	20	83	55	95	58	58	100	80	58	74	87	50	74	43	81	50	22	89	12	22	69	68	22	68	95	99	74	73	47	73	22	88	57	33	57	30	56	68	82	19	45	29	60	64	84	91	97	70	27	87	57	44	97	56	11	49	86	31	98	68	21	21	11	14	56	22	26	16	52	51	69	53	32	94	40	36	36	61	78	88	36	19	41	66	97	32	97	52	72	18	62	52	62	88	12	68	48	36	41	83	89	84	91	65	24	62	47	98	52	85	62	33	25	66	42	38	40	68	44	63	16	80	80	79	61	67	64	71	63	23	47	27	11	12	68	49	60	96	22	35	82	100	15	17	66	84	76	17	85	34	76	31	75	55	95	79	40	14	32	42	66	90	94	42	80	37	92	28	15	38	28	51	49	28	92	87	85	100	37	47	28	59	87	18	85	59	44	18	63	64	98	36	78	77	76	55	71	49	89	35	41	51	49	38	82	89	97	50	19	60	53	72	16	36	100	19	17	93	64	26	70	61	55	38	15	44	92	64	98	54	93	39	36	18	46	59	37	36	40	56	52	98	29	25	46	94	97	33	30	24	28	16	90	10	25	48	98	96	20	39	57	71	26	77	79	31	100	62	98	49	37	72	68	56	53	41	85	33	44	41	15	76	25	36	29	14	37	35	76	73	18	90	46	38	90	76	34	39	66	39	25	51	48	57	87	14	56	22	44	78	40	86	91	80	44	44	26	84	43	42	95	11	72	69	85	12	44	17	26	28	92	65	30	30	63	32	57	89	65	96	32	37	96	75	44	18	38	37	86	23	100	35	59	19	23	48	25	62	20	34	87	89	18	20	42	100	14	89	31	53	19	44	75	71	38	89	95	76	54	22	20	44	21	62	78	62	59	67	69	51	28	53	52	90	79	47	68	25	70	95	71	30	94	53	25	25	59	35	60	36	61	13	46	12	97	46	96	48	47	70	31	82	50	47	53	67	86	85	42	79	80	60	29	62	41	16	38	92	92	19	59	33	33	44	52	99	45	21	33	22	72	41	53	80	20	23	80	18	90	56	71	31	76	20	35	52	76	70	58	41	63	33	52	56	58	48	25	89	52	29	37	28	43	30	63	19	12	42	62	76	12	89	54	70	70	75	94	66	24	31	87	36	90	57	29	86	66	29	21	11	14	35	34	33	68	34	89	52	52	90	41	100	23	16	30	21	47	52	81	74	24	70	17	17	79	19	41	74	91	19	80	22	79	95	18	47	34	28	43	58	11	13	72	63	31	28	82	71	71	72	23	12	41	14	85	71	87	78	35	43	59	94	50	86	19	49	99	22	12	92	44	27	20	79	16	34	25	65	17	49	40	86	25	71	92	24	54	68	78	83	92	11	45	30	88	99	66	30	14	96	73	27	77	42	32	72	53	93	14	44	91	50	74	31	48	59	81	75	95	26	97	96	26	78	89	24	80	66	91	93	18	55	44	43	17	92	15	54	28	37	89	56	75	96	16	66	49	79	16	66	49	14	43	94	68	41	13	83	96	89	82	62	18	58	39	70	27	53	97	41	93	44	92	90	28	47	40	49	28	82	49	74	69	45	67	19	94	31	13	22	74	45	93	30	68	48	90	22	100	90	48	18	90	36	87	39	72	71	33	15	18	74	33	53	87	64	25	61	74	70	43	73	92	34	96	66	36	60	49	47	75	38	88	63	98	71	38	87	97	17	28	93	88	21	87	39	76	42	92	84	83	49	32	18	67	45	68	68	84	58	99	71	35	53	33	19	54	70	27	96	31	85	19	25	34	79	80	68	64	81	95	47	23	80	67	93	77	34	17	12	15	100	16	98	78	59	63	49	26	77	65	12	16	73	16	60	34	74	61	58	87	90	68	20	71	22	26	76	97	60	85	25	39	97	69	62	26	77	39	89	14	36	36	54	12	29	35	46	24	36	67	52	69	58	42	65	14	27	43	79	38	69	87	72	45	43	49	79	75	57	18	89	81	57	23	31	66	21	18	11	47
24	18	61	55	36	67	21	16	98	95	72	29	65	48	87	75	12	52	23	27	96	46	74	50	68	48	18	52	76	23	36	63	94	14	27	35	45	27	86	16	47	53	61	45	94	18	92	80	58	95	72	75	53	86	27	90	63	17	91	29	54	45	98	21	84	94	15	35	56	92	59	83	93	92	63	10	53	21	36	67	58	14	54	91	90	23	82	13	35	87	72	49	69	89	33	89	15	26	80	76	36	26	59	47	37	31	90	39	83	36	38	91	91	89	52	80	80	56	28	95	45	55	52	41	20	84	12	57	89	77	49	40	55	46	41	54	42	13	11	78	49	34	87	13	80	33	67	24	21	62	96	38	54	20	22	29	61	32	44	34	15	47	79	93	70	10	25	65	70	74	98	94	44	17	65	13	85	94	44	77	25	42	88	40	54	49	35	57	34	95	71	50	86	44	97	75	23	48	41	82	38	59	86	21	52	28	99	82	24	23	94	97	15	17	61	28	62	64	60	68	14	99	46	49	81	49	71	71	92	90	92	22	61	35	30	48	88	48	96	48	43	12	13	35	89	66	15	32	13	19	67	52	17	68	86	57	26	35	65	91	86	88	38	98	78	96	77	48	36	73	40	43	17	30	87	22	39	89	70	79	43	53	14	64	97	100	71	44	52	67	81	62	21	69	47	93	90	76	94	100	94	25	39	60	97	14	69	24	96	41	44	53	60	82	48	41	86	51	29	53	51	49	54	98	71	95	51	45	24	57	47	88	98	57	51	42	32	70	51	61	50	99	73	55	22	16	64	48	16	94	82	29	10	63	55	43	77	22	92	61	68	21	70	61	83	97	73	61	38	87	73	79	54	65	41	85	21	50	15	19	86	55	37	30	83	84	50	79	81	74	100	24	29	77	57	67	100	54	64	67	39	14	47	97	80	65	86	69	47	13	26	53	82	70	55	11	18	46	75	42	45	27	98	93	31	56	73	85	41	35	80	97	42	48	78	87	16	22	39	54	18	56	73	67	52	97	44	23	86	81	54	61	23	82	30	74	43	94	26	21	41	67	61	67	75	70	43	99	94	43	94	19	40	100	25	62	52	49	82	24	60	49	33	42	18	99	93	53	48	63	49	58	27	26	62	93	66	100	25	21	65	56	92	98	41	43	30	81	62	14	14	59	54	86	40	70	98	85	70	40	41	46	92	82	93	80	19	48	69	90	66	90	28	82	12	90	28	69	61	71	49	16	21	93	97	70	55	41	36	12	12	41	79	27	17	66	95	38	16	46	16	38	62	79	35	62	72	91	48	16	81	80	32	63	51	65	55	85	60	85	89	48	25	90	35	53	97	54	86	43	92	59	60	44	36	41	73	89	58	84	59	47	35	65	61	17	73	14	32	64	22	83	73	87	30	71	86	15	48	81	51	75	66	23	74	10	88	52	42	61	78	77	18	44	56	60	85	12	70	52	50	81	39	97	65	32	87	68	14	58	69	75	31	46	10	24	21	69	20	12	68	26	50	21	37	62	94	32	35	86	26	42	55	35	65	81	14	65	96	38	29	50	60	52	83	82	21	41	38	78	63	98	13	55	40	99	58	65	37	69	27	91	69	43	89	78	91	78	11	62	49	77	47	95	15	59	39	72	49	70	86	84	23	51	23	91	80	25	19	24	28	61	61	35	18	31	49	91	16	49	40	39	99	17	69	43	40	52	27	53	44	69	38	98	23	18	85	84	83	65	82	49	35	73	47	27	40	96	32	44	78	25	39	62	69	45	23	45	79	95	61	35	17	29	45	53	86	16	27	74	40	31	27	26	60	47	20	28	64	18	60	24	54	98	36	85	82	84	22	65	52	30	56	11	93	88	30	100	43	39	52	28	62	16	81	37	58	70	92	83	87	41	21	55	87	51	76	96	68	42	38	61	18	44	75	43	65	13	30	58	49	25	50	52	40	42	35	36	82	98	40	74	34	38	28	83	95	78	15	84	37	50	90	21	73	78	71	11	30	65	70	81	78	18	66	28	63	40	29	66	60	23	57	89	67	65	96	63	37	26	12	44	26	44	19	37	18	46	19	41	67	61	25	54	89	53	23	52	12	81	94	65	19	42	11	59	30	39	53	76	14	69	53	96	52	89	35	45	88	37	23	50	39	77	31	46	99	59	32	37	95	59	91	55	98	21	29	90	29	16	18	74	14	57	28	69	71	74	61	86	19	95	36	90	69	31	62	66	64	53	82	50	63	13	18	17	57	14	22	82	88	100	91	99	77	52	97	68	89	53
19	26	60	83	83	93	56	15	84	40	80	99	55	16	97	29	92	79	80	70	88	83	19	43	72	74	59	33	66	60	85	59	47	32	26	23	33	16	18	68	51	41	58	89	68	30	27	97	24	45	97	66	38	71	77	49	19	90	45	27	32	29	22	53	69	21	68	49	45	34	16	76	95	56	78	58	72	100	15	66	22	28	66	52	11	80	48	94	98	96	86	14	93	25	35	54	33	69	55	75	73	68	64	22	97	28	43	56	45	22	95	73	89	14	53	97	53	13	24	93	21	46	68	44	53	23	97	71	42	48	95	98	39	13	41	53	12	15	36	58	62	53	41	64	15	18	54	66	47	38	21	45	57	94	48	59	50	98	97	55	70	99	92	78	53	63	75	84	88	45	34	78	57	51	21	38	99	30	96	88	80	97	62	16	78	64	38	35	94	60	34	16	38	78	89	32	34	46	46	11	23	18	95	86	89	46	18	46	66	90	81	29	99	48	80	75	55	75	45	87	90	13	69	77	15	75	49	24	42	56	94	97	40	24	39	75	66	74	49	65	76	68	13	84	21	59	11	68	53	60	36	24	17	43	15	52	90	86	48	32	50	19	38	84	13	86	22	62	59	15	69	13	57	47	68	41	80	92	76	83	56	18	95	91	20	13	35	84	93	14	26	68	90	88	30	27	31	25	79	85	11	14	53	95	28	54	14	48	90	46	53	100	74	43	65	99	58	26	74	98	66	42	69	37	66	73	93	40	36	89	29	44	82	16	64	20	91	46	56	93	77	95	77	61	34	10	37	36	88	96	28	88	95	11	99	68	18	58	90	85	97	38	81	80	52	26	32	53	58	21	69	25	67	22	73	70	65	66	88	57	38	61	26	16	15	73	93	85	76	22	13	96	16	99	30	56	95	100	28	82	23	92	67	72	65	71	44	17	65	62	23	21	34	79	85	43	15	55	70	77	41	50	97	89	55	92	18	82	71	58	44	95	49	19	35	52	89	77	36	64	23	61	82	29	99	14	38	25	24	35	90	64	86	22	15	29	66	10	38	22	17	41	24	36	59	42	83	69	27	55	93	58	78	45	67	34	73	78	40	32	26	52	63	59	23	37	87	87	46	73	63	75	11	49	96	13	83	61	57	64	32	91	44	49	99	66	77	21	32	40	76	83	20	24	68	21	40	37	32	37	94	57	20	21	28	14	32	20	46	45	33	40	46	27	26	96	35	50	85	93	68	65	90	97	12	28	30	96	76	91	10	33	61	36	87	51	88	39	44	64	34	50	46	60	20	90	57	98	19	48	77	32	59	48	26	89	46	80	30	57	47	40	64	73	34	22	28	82	28	72	27	95	39	39	20	88	42	97	89	53	81	65	76	98	88	84	83	70	49	49	60	60	33	63	73	42	56	76	17	71	37	33	75	47	69	86	66	82	59	62	13	54	21	22	82	64	45	77	85	75	50	48	10	70	45	61	86	65	40	62	33	10	56	72	87	64	16	34	99	47	79	32	18	53	14	86	96	59	72	81	26	60	12	74	13	96	58	74	88	75	83	20	46	88	44	81	40	43	62	56	81	47	39	25	21	17	54	63	95	56	45	86	23	79	81	36	61	35	29	77	42	46	14	15	74	94	93	23	68	83	74	48	75	42	66	43	26	15	59	28	25	26	76	44	37	86	60	74	76	86	59	90	78	97	22	16	23	97	84	18	24	32	92	15	71	64	94	32	54	69	32	41	45	98	92	47	23	92	31	74	54	45	76	38	99	50	71	40	50	89	87	87	47	64	80	88	59	33	80	39	78	18	28	72	62	76	55	77	78	40	12	90	49	64	62	91	80	98	44	25	20	47	88	64	72	97	41	30	54	97	93	18	17	29	60	93	16	55	45	47	19	62	84	58	68	95	57	50	23	48	83	53	50	42	91	87	50	56	75	11	22	93	12	89	93	52	43	51	61	78	28	21	38	95	12	39	43	18	74	77	46	100	53	62	82	83	79	84	65	18	19	28	60	56	15	81	75	24	36	25	34	45	58	73	65	17	11	90	85	54	25	20	53	12	19	49	21	50	24	30	36	41	23	96	63	91	82	35	94	11	38	88	87	13	18	66	57	65	94	10	43	52	23	93	93	98	81	63	85	73	31	22	27	81	21	84	20	45	62	80	50	92	66	28	44	36	53	37	77	88	98	76	22	65	11	20	74	54	99	87	54	90	20	84	64	70	46	84	62	39	25	53	55	51	58	15	25	71	93	13	64	42	62	13	24	88	77	45	74	36
wj																																																																																																																																																																																																																																																																																																																																																																																																																																																																																																																																																																																																																																																																																																																																																																																																																																																																																																																																																																																																																																							
93	85	14	45	47	22	14	95	80	44	48	18	93	83	96	31	47	28	27	63	64	62	94	49	61	26	43	100	95	22	54	37	39	10	52	84	94	52	37	34	31	55	96	72	22	73	26	51	19	10	61	20	61	56	67	83	67	87	17	61	75	2	60	51	6	82	18	88	44	57	99	76	62	57	39	3	57	84	40	14	48	45	59	57	86	69	71	40	14	81	96	67	80	92	89	30	15	56	74	56	8	42	48	11	2	31	63	7	94	10	32	32	36	17	67	72	87	78	29	58	27	68	72	38	79	79	88	75	44	41	97	27	93	48	92	38	56	9	96	60	1	64	3	9	77	41	7	53	71	63	69	44	88	62	88	97	85	89	35	44	86	87	68	89	46	98	31	7	41	76	69	80	73	78	60	93	29	75	70	44	71	76	69	87	39	61	25	68	54	14	60	30	79	73	53	17	53	47	79	81	28	87	88	55	12	30	81	26	59	70	87	50	12	10	66	53	65	98	46	13	57	12	25	39	37	38	69	3	39	50	85	23	78	12	51	62	32	52	48	78	31	97	42	31	11	4	54	94	74	4	56	86	71	96	66	23	52	58	3	69	21	58	93	51	71	68	92	12	39	32	65	4	28	67	38	15	7	92	97	64	95	8	48	5	73	62	54	26	45	30	18	31	2	38	19	90	79	89	94	77	76	3	49	35	40	100	85	84	26	43	100	99	61	64	17	24	46	47	6	54	66	72	74	20	17	68	96	47	90	17	26	97	96	87	75	80	17	28	89	70	63	23	40	46	35	43	66	18	47	34	22	38	20	43	11	48	63	49	92	94	26	42	21	50	73	14	88	89	29	6	67	22	49	25	11	74	40	14	64	77	92	38	74	37	9	93	72	98	75	93	38	13	86	26	76	18	89	29	96	92	56	29	33	32	80	90	93	29	69	77	16	87	96	67	82	90	28	89	31	48	99	31	85	15	60	35	83	93	11	92	91	60	44	72	27	100	59	9	23	52	47	9	19	4	32	75	15	83	100	50	25	24	90	79	97	28	38	18	9	11	44	19	59	19	36	48	92	56	76	42	94	62	57	58	72	14	7	16	8	96	7	53	89	52	65	5	26	94	13	99	5	64	49	87	95	23	98	36	96	36	100	8	70	32	66	53	24	35	80	53	77	28	68	50	67	85	24	92	67	71	93	78	21	36	91	41	77	61	59	64	19	44	61	98	38	62	16	65	84	17	85	17	68	5	72	29	38	59	51	20	87	42	67	3	22	11	67	39	17	70	51	72	77	28	13	53	62	64	22	94	65	66	7	32	46	81	89	75	87	59	49	71	88	67	75	56	34	93	88	54	74	3	90	37	44	55	4	9	37	64	68	68	65	95	66	30	65	48	35	5	11	95	82	13	43	94	64	89	9	83	97	27	3	78	22	32	26	27	94	53	4	63	40	52	24	68	82	96	67	23	68	91	24	80	6	62	58	68	71	99	73	11	16	7	62	47	29	60	9	64	52	11	32	89	12	83	75	6	26	81	22	29	21	6	41	74	59	72	84	14	8	85	41	25	93	23	1	100	62	76	15	45	45	30	31	31	31	60	96	93	79	40	63	48	45	17	97	83	47	8	88	51	28	21	59	8	20	49	89	38	69	48	87	92	2	76	61	75	95	80	9	83	4	92	9	99	52	95	59	57	38	33	97	63	33	80	81	4	68	82	87	75	11	95	19	41	50	16	97	27	36	24	79	87	84	26	34	88	87	70	30	30	31	90	87	7	57	42	95	30	62	27	85	52	14	80	83	60	70	87	23	32	46	43	7	21	59	97	32	19	4	26	39	52	59	61	65	43	81	90	55	12	53	53	22	67	44	60	17	85	27	34	75	44	44	11	6	66	46	78	61	58	77	65	2	30	8	7	19	78	90	26	92	94	99	26	93	26	53	25	35	66	71	29	91	76	12	63	98	64	65	48	14	89	64	76	80	47	76	80	69	22	83	11	66	4	98	43	45	39	90	30	22	32	34	32	27	48	8	88	44	34	17	46	55	18	5	77	70	68	24	94	99	21	41	85	13	55	45	54	99	56	56	89	5	19	43	57	48	11	35	37	7	85	22	88	77	15	18	10	32	29	92	56	43	59	81	35	96	48	82	21	51	77	85	45	93	72	82	6	88	33	43	93	72	30	81	83	37	40	90	58	63	27	36	67	77	55	78	64	39	63	17	14	67	36	39	13	46	28	2	34	78	16	38	1	78	38	65	96	67	87	99	93	35	6	7	5	39	18
