pij																																																																																																																																																																																																																																																																																																																																																																																																																																																																																																																																																																																																																																																																																																																																																																																																																																																																																																																																																																																																																																							
16	88	29	69	64	28	91	76	62	21	38	66	97	62	18	78	99	22	42	48	41	37	23	24	13	45	87	21	76	92	68	18	25	64	77	39	95	86	67	47	96	50	53	69	86	33	23	84	44	34	91	72	70	90	79	67	66	99	12	52	69	31	30	71	55	47	29	24	26	37	62	26	23	33	77	80	70	32	21	75	63	77	32	25	97	42	13	93	16	40	49	30	65	17	93	47	59	52	13	71	76	64	69	86	61	81	47	45	37	19	82	100	91	12	40	43	84	41	31	12	78	36	22	26	45	87	27	39	50	58	68	13	32	88	90	74	27	70	30	77	53	69	97	50	21	91	11	50	88	82	42	20	51	47	90	49	64	54	26	48	60	87	45	74	72	38	44	26	22	56	95	14	81	24	61	29	83	11	79	45	76	16	93	52	98	69	33	78	59	47	14	84	80	77	33	40	83	19	22	53	63	51	48	66	54	47	17	64	72	23	32	48	69	35	88	10	41	27	79	50	91	85	28	33	32	42	44	46	58	45	44	74	19	59	77	32	84	40	68	47	77	83	40	61	49	62	50	74	12	22	97	80	79	36	52	69	72	93	37	41	29	99	12	81	11	85	42	20	94	63	56	20	72	21	21	53	70	97	68	40	56	30	49	44	30	11	81	86	46	11	74	61	66	17	47	67	49	37	41	41	38	87	61	93	42	53	16	72	40	91	35	65	48	11	69	55	91	47	12	36	42	19	86	61	16	75	40	51	25	92	78	27	100	63	31	79	35	73	89	50	89	61	94	58	56	17	72	87	63	69	61	67	15	83	18	25	99	24	48	24	90	57	25	54	47	95	37	70	44	29	92	25	35	54	12	59	11	42	81	28	29	100	93	97	79	96	41	40	44	61	84	99	74	69	58	25	61	92	83	44	47	33	15	80	45	42	29	52	62	12	22	44	20	89	61	16	68	20	24	73	98	15	12	59	16	21	86	65	16	25	43	31	53	95	99	11	86	87	89	29	83	44	75	44	89	25	30	68	46	64	88	50	96	71	44	93	71	67	80	72	29	57	47	29	58	53	68	53	14	30	44	87	69	66	19	48	33	63	46	33	61	26	28	12	51	58	28	39	81	69	35	64	93	92	68	63	92	100	99	34	95	30	45	12	12	69	44	61	15	25	40	57	33	59	29	79	11	47	23	56	27	38	71	14	67	89	50	27	86	30	97	39	77	87	13	28	39	61	99	17	39	90	85	53	64	85	13	24	47	48	80	52	80	36	80	81	23	23	20	26	40	40	36	37	19	32	49	32	91	20	16	54	93	18	34	96	40	35	88	35	95	96	84	41	36	76	39	73	75	76	41	66	37	56	18	53	44	69	11	45	45	99	100	79	51	38	17	13	97	13	74	98	47	92	89	98	43	58	24	64	37	46	95	50	50	21	75	45	19	18	51	96	78	79	62	97	52	16	93	69	98	75	93	26	11	82	33	86	18	81	23	23	51	87	100	92	40	32	81	78	58	89	55	55	36	88	39	84	70	35	98	58	48	19	52	14	29	25	44	12	11	96	14	80	41	26	27	98	56	36	41	29	17	21	25	30	22	66	23	35	88	46	27	91	19	31	65	49	20	41	82	79	30	48	41	47	20	21	62	35	46	92	79	67	34	62	76	57	31	87	62	21	48	97	98	55	63	14	41	49	35	94	44	43	52	34	50	67	79	79	90	68	39	25	29	92	52	17	56	97	36	80	52	11	69	79	95	88	70	15	87	30	96	51	89	93	91	70	53	38	18	52	93	95	70	36	30	34	73	39	87	47	85	25	37	43	13	43	12	58	12	82	31	51	82	40	88	22	42	41	98	84	50	69	93	35	73	86	14	66	14	86	54	89	39	23	19	34	40	52	14	12	83	26	99	32	84	57	77	92	82	23	98	98	41	29	52	18	88	60	49	81	10	20	84	16	39	97	59	72	62	11	73	47	86	23	98	60	96	36	12	98	83	92	93	78	33	65	52	41	60	62	56	42	14	26	65	15	53	100	38	65	96	43	59	74	99	64	86	56	58	30	24	85	75	16	89	66	80	40	18	21	33	60	11	88	85	14	97	49	19	30	35	42	88	86	88	31	38	50	24	41	28	100	78	55	88	89	58	68	19	82	34	16	20	25	60	71	12	99	100	27	57	86	92	92	20	68	21	61	78	39	35	93	26	98	75	99	64	73	21	63	32	18	69	32	79	14	62	85	40	79	39	34	66	10	19	61	23	67	56	63	57	41	92	73	97	87	78	72
23	78	50	69	46	26	53	75	17	77	11	67	18	30	41	26	76	64	76	18	57	46	43	81	44	72	84	74	61	94	42	64	47	65	26	80	63	59	85	84	19	67	84	72	87	66	65	64	73	66	53	50	47	95	40	21	65	94	93	36	21	78	21	93	52	67	63	53	48	30	36	43	65	40	63	93	11	22	45	39	51	84	18	95	62	33	42	85	61	45	42	98	84	39	16	65	80	26	24	34	29	23	34	94	31	63	57	71	66	74	26	72	49	99	99	52	27	64	60	68	69	12	83	44	21	81	30	56	83	35	66	86	49	48	69	56	73	80	47	30	18	34	89	85	26	64	53	76	54	67	46	87	46	91	72	13	73	46	33	93	84	85	66	50	62	44	26	43	64	64	64	96	57	74	63	43	61	30	49	34	40	24	62	47	97	99	87	88	77	28	67	30	21	11	31	86	44	80	22	69	41	50	54	88	30	93	74	97	84	93	82	87	16	59	52	22	73	96	38	13	96	86	15	61	75	28	87	50	38	39	78	78	37	15	66	79	94	52	90	78	93	43	48	64	68	65	65	80	90	90	84	57	40	52	63	55	75	13	42	87	76	76	67	15	76	71	38	23	52	66	41	97	53	29	64	55	16	50	51	37	85	50	14	11	67	56	45	40	16	29	50	75	36	64	90	25	92	54	39	76	14	47	47	58	53	14	59	15	46	64	45	17	14	84	17	14	37	83	16	54	83	42	40	99	87	19	50	50	76	33	71	13	84	63	72	82	43	59	76	41	49	68	95	47	89	70	76	46	97	43	31	84	32	12	54	54	53	42	42	44	66	26	30	57	31	48	21	91	74	30	39	52	14	79	59	11	72	65	91	57	21	78	86	29	66	79	82	41	11	18	51	64	52	54	91	15	85	40	21	27	31	25	81	21	73	38	49	99	23	21	22	79	11	14	66	79	44	69	71	57	78	62	12	34	92	66	95	57	57	77	44	22	30	76	51	55	86	70	44	86	47	53	90	78	25	89	55	50	12	50	48	87	62	62	35	86	67	71	88	50	42	92	14	80	78	68	13	65	52	86	11	36	17	26	18	70	52	23	85	37	70	25	43	52	17	53	67	29	71	99	63	57	81	91	58	73	42	12	52	44	62	18	56	83	33	91	33	71	38	79	97	56	98	72	75	45	86	87	80	86	85	59	23	56	14	52	65	18	72	50	25	35	98	89	48	69	100	33	60	41	97	14	33	13	60	61	73	66	11	29	39	74	45	95	54	92	67	45	73	86	46	68	76	28	29	33	95	68	27	90	61	92	38	37	23	93	59	53	91	43	89	49	52	38	92	80	64	74	68	32	29	47	67	44	72	93	45	93	22	98	43	32	48	57	54	89	99	64	17	100	63	76	79	79	51	42	49	23	92	56	24	55	68	33	69	87	33	31	32	26	75	67	29	17	86	19	52	30	41	86	95	49	46	70	97	44	56	85	68	68	24	91	100	68	73	60	63	97	30	63	18	77	37	11	27	17	39	49	85	46	66	16	87	61	51	38	35	83	46	82	10	85	64	85	37	97	59	65	30	86	80	37	75	43	27	29	69	94	37	66	27	49	21	46	75	27	77	91	76	52	15	44	57	62	61	63	72	45	69	97	72	49	16	21	44	69	54	40	14	61	90	43	94	71	76	55	39	26	62	23	81	99	24	99	90	85	44	37	14	60	43	70	61	17	83	30	28	23	52	75	40	84	95	88	38	19	62	90	33	68	45	33	59	52	24	99	67	39	90	69	13	75	99	91	26	67	66	22	57	97	50	74	33	67	28	95	13	83	39	36	27	80	83	13	58	99	54	55	50	20	49	69	56	42	15	65	25	18	70	41	46	34	48	82	60	85	85	50	55	52	74	45	75	77	46	25	60	76	69	39	22	18	35	72	11	30	36	90	65	52	40	80	77	97	34	27	30	66	48	49	90	82	45	87	24	62	81	55	39	79	79	83	72	68	37	36	52	14	84	98	29	20	53	53	84	41	75	21	43	65	93	70	74	82	19	43	94	41	17	85	19	77	75	43	28	53	46	32	32	84	94	90	72	13	75	45	16	32	44	22	62	30	62	11	15	38	41	65	37	76	97	96	13	61	87	95	38	66	43	22	59	48	96	53	40	71	88	22	27	78	71	80	94	72	78	87	45	89	35	94	58	64	38	26	17	61	67	46	53	50	42	70	30	13	70	22	35	46	51	44	15	16	36	70	14	16	45	24	58	17	16	46	63	67	43	64	32	57	57	63
69	38	16	61	56	79	67	60	28	63	22	70	34	58	84	87	47	22	75	94	59	28	60	78	86	23	78	29	61	71	11	93	72	22	75	92	62	75	63	43	81	88	74	38	35	16	15	69	56	55	47	37	21	70	66	80	38	53	41	58	80	37	89	83	88	44	44	92	21	20	35	54	97	70	93	22	79	48	58	93	47	48	14	63	50	40	75	42	43	68	11	12	87	26	91	68	19	84	99	35	39	39	59	65	80	18	31	48	41	55	31	98	14	16	87	91	38	69	30	25	89	39	32	16	56	93	79	50	75	19	99	76	56	21	29	28	42	84	42	13	58	61	34	38	47	93	11	64	99	26	50	43	89	18	64	87	22	11	78	14	49	43	14	71	55	56	63	12	89	13	25	45	43	21	14	43	46	14	24	34	45	62	50	49	81	84	89	81	52	73	38	48	19	70	28	86	53	97	46	41	23	76	51	13	74	75	12	12	34	63	37	80	83	15	74	47	81	94	11	45	31	66	96	31	23	23	88	78	42	64	41	47	33	72	67	92	97	33	14	92	19	47	95	98	57	35	56	58	28	52	23	38	27	43	93	74	63	42	24	55	16	63	36	53	31	56	64	63	27	45	86	33	99	30	48	47	27	93	51	92	47	94	11	90	43	40	83	76	69	29	98	47	35	25	79	48	92	81	66	23	43	53	37	42	92	96	14	54	30	32	93	11	72	50	63	16	39	97	72	54	73	53	40	89	53	47	10	68	45	51	16	88	91	93	45	93	70	11	83	57	32	84	46	70	19	41	44	58	39	52	89	58	11	18	87	15	21	56	13	55	71	98	75	68	44	84	88	67	46	94	49	17	63	28	27	97	96	15	66	93	86	84	43	34	53	73	61	78	32	96	40	37	51	28	79	25	67	57	16	63	45	41	71	98	27	66	25	31	66	97	41	99	82	55	47	92	70	43	32	25	77	18	78	31	57	29	76	25	51	17	84	72	49	99	96	13	74	24	47	10	97	67	98	58	30	83	42	33	81	10	90	98	80	99	35	53	58	38	65	64	31	94	45	47	49	86	74	93	96	40	82	76	70	77	98	96	66	48	73	83	38	73	55	44	87	82	64	23	18	53	86	74	61	79	70	70	68	98	50	60	63	83	58	51	79	95	19	47	62	87	19	83	91	15	66	41	78	56	53	12	93	86	73	16	93	73	49	70	14	53	73	90	54	31	68	92	63	43	82	75	58	16	32	45	100	78	58	97	39	20	92	77	16	88	55	64	79	25	25	51	89	28	59	96	57	62	84	27	10	54	59	57	92	60	72	62	81	37	65	35	94	40	52	16	94	15	63	43	92	87	80	34	33	61	72	74	49	25	55	97	38	46	95	18	89	77	18	39	62	97	68	83	80	95	33	44	44	76	77	82	51	89	89	89	100	19	13	14	97	26	52	32	15	50	17	68	81	82	43	69	58	68	79	25	84	15	55	42	22	12	58	97	66	81	11	65	54	18	100	87	59	75	64	18	27	58	80	73	45	52	44	42	86	88	90	64	22	55	67	10	84	90	97	22	22	57	87	15	31	39	14	41	94	32	75	70	53	82	37	29	40	34	52	14	57	81	55	15	17	68	87	94	56	57	72	46	67	47	67	84	71	13	79	68	54	71	78	31	59	69	30	23	69	13	52	76	57	32	36	52	17	31	36	74	14	42	12	37	54	79	58	96	86	50	78	74	54	37	59	99	41	23	90	68	85	78	50	89	51	40	73	24	84	61	29	70	38	68	14	32	91	28	99	64	56	60	65	35	62	99	97	48	16	14	31	63	37	31	70	19	64	72	99	64	78	99	52	57	99	42	15	70	86	16	21	44	98	40	49	66	28	85	33	50	34	76	23	91	92	63	97	80	81	69	64	54	54	38	12	57	14	99	59	27	77	30	23	41	32	48	48	52	15	64	28	42	33	36	47	86	71	67	44	21	65	53	17	24	87	87	85	64	46	80	44	68	60	84	18	100	54	16	72	32	98	16	45	28	53	70	68	25	88	84	36	27	86	74	55	88	32	95	18	15	44	28	52	98	33	97	19	49	19	44	90	82	95	56	83	95	80	81	28	33	38	86	91	44	14	49	24	84	87	100	65	42	62	73	74	54	88	26	79	97	47	20	59	29	23	80	82	25	44	23	27	35	35	36	98	14	46	14	55	38	59	43	24	73	25	50	62	26	49	56	32	75	77	42	54	87	65	52	54	13	76	61	27	41	49	27	22	87	59	43	33	96	30	49	31	36
87	15	52	84	40	76	29	81	51	17	76	67	88	80	86	60	79	61	89	77	98	36	82	22	81	44	26	10	45	64	58	23	35	12	92	60	61	79	18	78	52	48	82	78	30	22	63	32	88	17	26	63	18	63	34	96	92	35	31	81	27	55	78	27	97	19	25	89	97	56	10	83	65	56	99	81	61	46	84	34	54	74	78	84	26	85	92	19	15	43	54	38	32	96	39	82	94	40	22	49	16	90	27	82	37	76	89	90	81	53	80	69	37	43	42	53	32	98	63	74	77	67	63	13	23	14	42	42	13	11	43	46	51	96	32	75	25	98	12	84	37	65	23	22	85	20	28	22	25	79	59	56	43	21	99	82	95	18	17	18	24	76	75	56	45	15	93	98	67	71	17	91	25	45	51	92	44	32	26	73	83	90	90	64	24	25	86	21	32	61	34	76	28	37	51	11	42	62	49	79	85	64	66	90	28	81	72	19	21	14	27	75	91	33	36	63	26	38	84	84	39	68	67	97	24	11	64	19	62	95	37	15	15	37	37	39	78	70	65	12	90	70	73	36	54	47	54	51	59	76	82	58	68	50	89	86	16	52	54	10	90	99	73	29	28	93	55	66	38	13	33	11	91	59	48	73	45	50	40	74	28	12	22	36	56	72	35	28	77	73	91	57	96	75	69	55	53	56	85	75	39	30	70	60	88	38	73	27	12	12	65	58	52	57	40	70	49	90	74	24	99	27	17	87	77	42	46	65	42	42	39	13	26	48	41	90	95	38	98	29	10	10	18	50	76	12	69	26	37	19	11	99	99	62	70	39	80	87	98	15	35	59	94	30	83	73	97	96	99	64	30	28	86	76	82	52	19	18	98	66	59	50	43	83	18	17	35	24	13	20	69	54	25	62	14	28	86	25	77	61	24	81	45	70	43	75	96	16	92	54	40	94	30	49	18	55	76	52	96	64	43	84	66	63	74	56	79	76	29	67	36	12	19	25	91	13	44	64	68	64	37	86	65	41	71	34	75	45	65	55	75	75	91	42	95	44	21	44	98	75	21	34	18	79	82	75	16	58	56	69	30	83	81	17	87	88	46	79	72	64	85	57	89	74	18	55	33	25	13	16	23	54	31	98	70	62	67	91	39	97	74	97	73	81	27	82	92	49	30	20	92	91	58	63	71	31	97	74	33	72	71	55	42	69	90	95	14	81	29	87	49	48	19	97	30	85	58	22	66	58	83	85	60	79	15	38	65	89	49	50	15	41	31	50	92	47	19	87	16	38	53	16	86	98	46	56	24	36	75	24	65	40	53	54	88	55	80	82	48	78	73	25	69	52	82	81	62	72	33	61	57	36	26	94	43	75	20	15	71	47	91	48	65	34	71	37	52	74	20	16	92	52	11	36	45	99	69	87	33	65	29	28	95	41	42	76	30	63	17	10	73	46	90	14	75	29	44	52	31	39	85	52	85	51	53	92	31	50	47	87	48	37	84	23	75	34	73	78	96	12	53	84	33	39	75	38	41	67	71	66	48	28	89	55	28	17	53	92	85	17	12	75	87	42	21	95	56	11	22	13	56	57	47	35	43	90	75	65	17	17	52	19	67	27	34	72	61	31	60	64	41	85	88	43	44	10	46	98	96	53	93	21	73	22	14	31	70	60	77	51	50	73	51	29	83	98	81	56	43	47	16	20	90	98	66	46	49	33	13	41	56	70	76	52	20	83	77	49	70	78	56	42	40	40	10	43	87	41	19	17	62	96	67	43	95	64	12	51	59	52	27	75	38	52	98	24	94	13	84	92	91	10	41	43	11	76	89	54	32	55	34	93	85	62	60	89	30	51	17	85	93	28	77	40	90	29	45	50	17	100	90	95	54	63	60	81	96	60	28	46	50	30	55	44	58	86	80	74	50	88	72	17	58	13	87	45	62	90	32	95	44	17	57	41	20	89	34	32	78	65	99	53	77	66	72	19	17	22	71	24	49	89	68	59	32	78	92	46	71	20	87	43	87	58	61	24	15	18	91	28	20	31	42	43	79	17	39	43	45	60	78	89	58	56	53	62	16	15	95	61	43	10	85	17	45	25	21	85	92	90	28	80	58	26	81	59	87	50	91	75	31	79	78	89	30	55	90	99	74	21	46	23	56	50	41	67	79	79	86	85	96	46	47	64	53	53	31	76	42	66	40	82	62	82	16	12	16	15	64	85	90	57	15	43	74	95	39	12	11	65	24	99	63	96	34	19	65	11	69	26	59	13	62	15	91	12	84	96	64	38
86	20	72	95	60	97	92	85	65	67	53	42	76	47	98	38	62	38	40	47	43	51	21	82	100	40	55	21	82	98	71	27	35	56	84	14	77	88	70	15	90	90	91	57	69	23	64	29	98	41	59	58	99	59	11	54	71	50	62	46	34	50	89	85	82	63	40	59	96	51	32	91	85	98	44	64	12	99	42	99	88	20	11	48	41	26	83	43	79	52	81	28	59	53	14	41	96	41	83	91	61	75	68	15	25	32	31	23	71	71	65	30	28	57	27	98	69	79	77	23	84	20	95	46	12	12	70	16	65	42	98	75	80	32	92	11	94	90	90	85	77	95	21	42	99	94	14	90	57	77	92	89	77	43	95	88	22	64	79	88	27	14	31	15	38	92	50	26	80	38	46	93	92	69	26	23	30	43	61	64	22	43	70	12	13	76	22	100	67	87	19	85	18	88	36	86	55	30	51	27	69	72	51	75	48	44	92	18	44	33	24	26	31	35	17	86	54	75	26	54	40	28	94	13	19	23	44	59	78	61	47	33	31	58	12	55	47	50	54	56	94	97	33	16	93	16	38	31	85	35	93	41	52	56	55	20	28	82	23	28	96	13	93	27	59	89	46	45	11	24	21	97	24	53	40	65	37	86	84	46	81	70	90	84	58	80	66	97	92	62	17	68	61	56	17	92	13	17	27	33	89	86	39	46	48	34	62	11	84	62	90	42	27	47	27	37	45	68	46	95	27	59	26	24	71	77	58	72	86	52	34	95	78	16	18	67	10	39	43	74	51	17	24	35	61	30	79	64	67	25	67	34	85	50	46	27	36	63	57	91	28	70	88	84	98	63	88	45	85	98	43	58	16	84	17	74	29	26	73	32	13	14	25	39	92	61	59	95	49	49	73	17	89	71	57	98	53	23	37	33	48	47	53	55	65	52	43	73	22	80	88	57	96	67	53	71	12	43	93	50	33	50	94	33	53	16	86	71	50	83	61	64	94	71	10	100	58	40	78	52	59	97	91	30	26	56	24	64	59	51	82	69	85	46	61	89	63	81	44	68	45	96	39	31	21	19	64	47	56	12	10	53	13	44	34	93	12	47	35	51	80	94	22	19	21	40	78	82	27	36	32	34	38	91	34	26	16	45	27	95	36	91	29	21	21	44	21	20	27	38	94	70	52	65	99	80	74	45	58	59	83	53	25	25	37	26	40	47	88	49	86	67	76	30	88	13	95	27	82	67	24	74	49	22	72	62	28	28	21	60	90	90	26	64	36	67	59	37	56	87	61	37	30	13	76	13	10	95	73	91	38	55	54	100	18	11	87	21	93	77	72	99	20	17	51	99	86	21	17	100	47	24	15	67	89	88	74	100	14	67	63	12	17	53	15	27	45	33	47	92	72	47	22	73	57	15	51	52	49	51	78	85	55	74	50	36	51	64	57	22	38	60	67	64	14	31	81	37	66	11	90	52	82	54	85	92	95	45	29	23	65	91	35	14	53	29	52	38	44	89	51	21	73	66	89	61	64	62	85	60	55	55	32	23	53	83	97	84	68	24	17	68	80	23	45	16	86	73	31	14	64	18	96	38	81	56	71	39	45	66	62	95	83	29	90	59	36	39	72	83	93	49	27	89	78	66	42	22	38	99	70	44	45	93	81	30	57	29	37	61	63	38	47	60	42	90	92	19	23	38	96	44	71	15	20	24	17	47	63	66	98	20	45	15	43	93	17	99	93	39	15	55	38	41	24	82	93	56	34	56	13	28	82	29	22	58	15	51	56	45	88	12	76	71	22	29	91	78	53	54	68	56	99	18	26	77	11	19	73	20	76	68	65	37	33	27	39	50	57	84	47	62	38	96	49	13	36	63	54	56	47	67	29	45	49	63	38	48	48	58	52	32	67	12	25	74	25	32	77	11	27	24	63	78	83	50	69	59	32	90	73	67	73	77	81	91	90	66	40	68	82	48	74	97	96	53	54	84	78	21	57	16	95	61	80	88	85	50	80	66	51	95	75	16	15	13	31	29	55	76	10	91	48	83	31	48	99	48	98	40	35	59	43	46	29	78	73	58	18	99	21	56	47	16	39	53	63	94	24	23	96	19	77	99	69	27	73	17	51	54	29	51	53	50	70	26	61	21	77	86	11	80	84	13	55	15	44	86	58	68	58	19	99	72	73	12	24	64	80	26	61	23	65	14	21	77	67	75	44	41	56	42	16	11	80	50	67	75	57	55	31	20	17	52	40	94	56	36	57	70	36	91	54	92	20	45	79	51	19	23
41	75	26	23	89	26	10	54	84	49	31	52	53	53	15	83	82	13	25	26	40	50	97	45	88	33	42	82	15	29	40	50	34	59	100	57	33	83	26	35	89	55	21	71	34	69	12	12	99	46	28	97	88	95	48	85	92	87	88	41	34	75	90	25	11	69	38	26	25	98	31	63	23	43	46	20	45	11	88	30	28	89	32	87	68	49	93	17	34	72	36	88	23	68	97	25	65	60	95	14	19	27	61	36	17	59	54	93	88	24	33	40	85	44	70	89	54	35	27	23	77	31	62	66	11	95	22	52	89	51	69	31	56	30	70	53	28	30	23	67	16	51	42	47	65	26	25	60	61	58	86	46	30	88	99	26	92	85	66	88	26	60	97	66	88	35	26	97	15	34	54	51	69	50	78	98	42	46	16	29	54	41	37	18	28	88	21	86	28	18	23	87	29	81	73	27	87	93	63	11	21	85	18	12	71	96	42	99	50	40	51	67	57	33	34	54	33	73	72	55	53	51	34	90	68	57	66	88	88	23	28	59	72	97	55	50	28	60	91	25	17	37	40	82	13	68	18	84	48	41	64	38	38	38	79	80	79	95	70	68	41	36	10	60	35	75	81	95	19	21	28	16	45	39	73	67	35	53	42	92	92	94	51	39	57	80	60	24	47	19	90	55	32	25	66	88	72	46	24	50	32	24	65	95	17	38	76	70	91	88	36	25	46	96	66	47	59	49	77	53	82	93	76	47	99	41	51	41	85	81	83	55	56	63	88	65	52	74	95	31	58	23	84	87	90	39	87	53	35	86	34	51	39	56	68	27	77	26	64	25	64	36	62	10	87	40	36	52	28	44	82	39	23	13	42	51	46	47	90	27	65	71	85	66	86	55	16	31	92	74	26	17	45	93	44	65	95	70	38	85	20	44	69	56	58	59	85	52	17	99	34	75	14	94	49	42	37	73	31	74	100	68	53	89	85	77	91	68	52	51	59	76	70	45	32	45	72	81	29	33	99	63	43	12	92	20	31	19	21	68	57	27	82	41	43	29	38	82	73	53	79	23	14	69	39	85	53	46	27	34	53	54	21	95	20	87	61	18	13	65	56	55	78	25	72	13	13	77	50	11	93	40	92	84	81	88	69	56	76	68	26	42	92	55	70	56	14	52	56	57	65	53	79	64	62	16	45	93	26	81	16	95	50	68	17	18	47	68	87	28	32	55	54	78	22	77	60	47	90	92	83	31	94	79	41	85	48	29	53	74	73	30	61	56	84	49	84	48	24	66	20	36	70	26	82	77	79	29	66	74	36	54	15	75	91	89	22	12	36	94	93	46	90	74	22	62	41	78	25	43	20	24	88	33	88	35	73	93	96	45	72	46	31	93	87	65	38	26	10	74	67	79	13	26	98	29	11	33	43	94	36	59	17	100	15	23	77	41	88	90	72	42	65	74	74	53	46	15	82	64	14	69	75	27	95	87	74	65	46	35	74	44	97	74	10	82	25	14	20	56	82	28	60	25	76	71	68	76	87	46	83	12	31	47	47	93	11	35	47	51	16	48	65	74	24	69	97	90	49	60	85	85	94	27	98	25	11	81	58	98	19	48	67	72	68	40	49	40	63	43	43	91	82	38	80	20	17	43	17	83	55	45	36	44	52	12	80	88	47	28	94	16	79	33	43	72	71	26	78	73	43	73	89	95	78	60	16	83	54	40	72	88	30	80	58	46	60	17	94	44	76	49	81	13	95	40	26	84	34	77	90	48	21	71	31	13	30	83	56	20	19	68	37	17	54	40	40	61	67	65	34	88	12	18	83	98	55	28	37	96	94	96	87	68	83	82	78	54	45	13	46	16	95	22	23	81	80	32	65	11	89	91	93	26	38	52	83	41	45	53	79	75	33	71	27	43	17	44	12	23	24	28	70	61	28	30	41	86	97	40	34	14	58	27	97	92	46	76	55	30	12	17	74	100	71	71	68	53	40	15	90	90	30	21	79	27	53	61	25	35	64	85	57	59	63	14	40	26	61	80	88	21	42	74	13	73	69	46	84	26	79	12	22	80	35	94	31	22	24	60	81	62	88	42	27	58	32	57	29	77	78	95	91	43	28	98	37	70	22	10	44	47	53	59	37	93	32	40	85	29	84	70	26	85	54	30	30	87	78	55	54	38	95	60	48	18	40	84	54	37	69	37	50	64	88	75	40	44	42	38	33	35	74	84	24	89	46	44	99	45	51	50	44	58	74	17	69	58	34	17	74	51	27	38	15	57	85	12	56	29
63	75	48	85	91	26	83	100	63	13	52	54	64	32	22	32	41	62	93	97	48	19	48	34	17	87	17	77	60	66	53	86	64	77	98	97	95	12	17	95	87	47	58	61	64	81	26	97	27	43	28	34	35	13	39	89	39	79	29	88	67	96	89	15	31	38	58	54	51	65	62	48	71	63	76	18	95	16	82	37	49	86	30	57	77	89	11	82	54	26	41	28	39	66	87	60	26	29	84	37	77	84	10	96	99	80	15	35	96	39	89	21	46	41	15	89	40	18	42	83	37	85	77	38	93	38	56	91	97	87	58	66	17	18	86	92	38	33	19	77	63	56	13	91	18	70	37	80	70	56	99	81	66	65	21	44	78	44	17	49	28	45	81	22	87	47	61	17	68	89	77	50	42	68	72	54	31	48	75	53	77	92	93	35	66	27	22	38	86	87	14	91	50	33	25	21	86	86	42	67	29	43	61	67	75	16	34	92	57	92	42	60	64	29	50	61	48	23	37	79	95	84	27	53	16	62	13	76	80	20	20	26	46	18	63	51	23	37	79	16	14	76	46	89	49	12	42	61	26	14	80	23	88	29	35	70	36	66	42	39	81	60	17	52	73	28	56	64	86	22	71	96	97	38	49	62	32	93	39	100	89	28	49	70	36	60	85	30	83	51	80	40	77	97	46	43	16	38	55	60	96	91	23	80	54	48	72	88	95	58	69	92	23	92	36	29	32	48	18	11	43	33	67	26	12	72	96	80	76	79	76	27	53	70	58	70	37	98	18	37	31	19	63	93	41	60	81	96	61	64	51	16	30	48	74	22	32	12	32	48	62	87	20	40	98	89	71	14	20	28	69	30	65	41	26	14	27	43	85	38	20	99	80	48	85	49	11	26	38	24	48	12	56	92	36	54	46	79	69	57	40	80	74	37	21	69	44	53	10	46	22	46	72	20	11	20	67	26	42	66	27	43	48	92	59	33	81	100	33	24	97	89	24	13	60	66	76	65	82	78	15	25	58	38	28	99	50	49	12	96	96	37	45	35	97	16	64	31	53	86	18	53	50	56	26	80	82	71	88	32	69	57	90	36	84	46	61	52	44	53	37	94	39	51	86	100	15	27	51	75	19	73	16	38	12	38	27	79	99	91	53	92	74	67	90	61	78	46	35	15	18	73	70	87	50	18	49	14	80	70	59	72	73	75	98	62	61	28	89	57	52	28	51	61	62	26	41	79	66	42	80	86	56	20	65	98	78	25	84	42	42	19	75	76	69	58	85	30	37	10	87	66	14	27	76	65	77	61	64	51	20	34	42	16	33	42	45	38	82	73	16	80	51	51	92	31	59	83	96	75	91	56	53	17	93	23	86	77	75	70	66	23	92	26	74	76	51	32	81	69	96	68	53	99	17	55	35	59	51	79	64	78	46	97	52	48	36	79	58	52	49	79	14	75	83	86	53	82	23	80	44	38	48	54	98	52	50	63	99	57	57	79	58	66	50	88	79	80	28	56	73	14	77	67	85	89	90	95	80	24	47	34	58	77	20	21	98	40	80	64	72	98	59	16	41	69	52	36	53	35	31	97	74	15	23	70	65	27	76	78	71	26	52	43	35	48	68	72	93	68	71	33	55	48	23	57	100	52	24	19	14	27	75	95	76	43	76	87	17	29	78	43	19	43	35	54	26	41	34	76	68	68	25	77	17	41	67	81	50	59	33	14	60	85	34	92	78	86	83	95	23	86	53	59	58	67	11	41	42	97	64	52	48	53	28	42	69	70	63	91	47	92	93	29	54	100	56	56	96	66	43	53	15	98	87	81	94	62	87	30	44	46	92	54	61	16	42	61	46	29	29	25	87	75	97	90	92	62	97	82	56	54	71	93	29	63	19	93	46	93	61	96	11	74	59	37	60	29	30	93	62	75	41	20	56	16	68	53	85	90	32	61	82	32	71	87	19	80	69	49	57	44	86	29	31	50	22	39	63	94	90	66	98	65	57	21	75	81	48	63	38	79	13	43	94	69	57	80	43	32	48	42	64	24	85	13	53	51	61	16	76	50	18	97	39	87	67	54	95	25	100	59	62	41	10	30	61	67	25	12	47	11	84	90	24	48	35	33	97	59	86	94	79	39	22	75	57	74	98	33	64	72	74	42	62	49	19	39	81	92	79	47	62	39	61	27	37	20	90	68	33	51	93	88	42	59	71	33	32	29	14	36	58	92	99	48	96	32	89	43	43	10	59	68	82	29	91	68	76	79	53	87	24	42	51	21	27	74	24	38
95	96	75	62	71	98	77	33	82	13	35	11	81	15	47	27	54	34	67	12	84	31	29	68	60	32	62	96	78	26	22	74	86	78	26	25	13	87	88	92	39	65	17	71	83	36	26	85	38	75	17	62	97	92	38	74	30	51	25	57	46	24	19	44	19	50	75	70	90	58	16	34	48	14	95	30	13	62	52	12	74	37	77	38	63	32	73	71	20	44	26	32	73	38	21	29	60	46	61	67	56	27	45	68	95	79	23	67	98	58	92	33	94	36	94	96	14	65	26	29	82	82	67	21	85	13	78	37	37	26	20	39	11	43	59	44	87	66	74	23	10	87	18	29	94	45	37	96	30	31	61	84	56	37	25	88	49	18	57	82	37	92	91	36	72	22	75	28	66	38	95	55	23	16	50	12	36	75	12	66	43	79	30	58	78	23	49	73	47	51	83	50	72	51	89	21	45	30	69	90	27	58	50	34	14	33	11	45	89	67	89	42	51	97	42	23	18	95	55	69	35	51	26	28	72	86	26	69	20	42	38	97	23	10	83	54	31	12	76	78	47	70	18	47	95	57	45	43	53	11	83	53	61	18	76	59	72	60	47	70	32	31	26	85	34	36	39	26	47	31	41	100	74	15	30	26	87	54	75	90	57	36	55	12	57	82	60	87	46	51	66	38	96	53	22	17	99	32	13	82	44	70	83	50	81	35	69	86	15	75	70	40	82	99	79	31	68	34	22	73	81	88	21	29	87	64	66	55	26	48	31	25	42	39	83	25	63	62	46	36	83	75	27	81	82	43	91	43	77	85	84	94	75	26	77	49	62	87	19	75	89	42	46	23	56	16	18	75	38	40	30	56	28	63	70	24	52	86	17	41	36	17	37	85	24	11	24	60	52	93	33	60	27	25	25	57	98	19	65	80	70	47	59	19	56	82	48	48	21	90	56	63	30	50	46	95	74	72	83	24	66	38	44	80	85	96	50	49	87	33	33	90	72	87	63	26	57	97	74	34	24	18	36	56	47	36	53	19	81	19	91	70	68	27	35	24	83	69	91	20	18	42	31	51	90	27	41	80	57	26	55	45	83	42	35	73	24	59	18	45	87	50	56	45	79	41	95	12	28	39	56	47	44	87	88	44	96	73	59	64	33	78	59	68	75	59	53	82	32	49	30	81	10	52	51	65	69	73	84	35	35	71	47	22	95	43	51	86	78	13	69	54	12	46	41	32	53	37	45	59	99	62	31	93	33	88	63	60	85	40	13	93	94	51	44	75	86	69	47	57	54	26	87	80	47	33	35	94	46	47	70	83	52	17	94	100	68	52	43	69	51	24	27	30	40	12	34	87	39	51	37	27	26	46	63	13	61	37	16	73	58	92	97	46	87	61	74	65	33	30	24	75	65	29	68	40	84	41	27	98	76	42	38	41	18	91	11	64	85	33	91	88	82	40	35	69	69	95	20	99	11	56	95	72	77	59	83	21	60	42	39	13	35	24	21	96	59	16	53	83	91	30	90	76	73	73	46	54	40	75	95	41	41	93	16	87	54	53	49	94	57	25	85	77	38	96	33	84	53	61	39	73	70	53	21	70	37	12	34	11	87	18	60	10	42	51	37	38	18	71	82	25	71	13	28	80	30	66	27	84	99	28	82	17	52	87	45	48	44	66	85	19	92	42	40	44	92	75	83	62	87	81	67	16	25	55	66	79	75	55	37	16	79	57	26	97	74	80	75	11	91	39	83	89	90	49	20	48	14	57	25	33	66	30	45	24	62	68	97	47	20	88	100	51	51	99	16	14	71	70	70	84	53	59	24	86	37	54	17	92	16	11	60	73	58	80	77	25	66	47	79	89	85	37	78	66	95	12	98	24	76	97	80	86	57	57	93	51	83	83	48	90	97	79	21	82	15	64	53	33	17	48	13	79	52	75	60	11	21	14	39	62	98	17	81	62	21	50	57	56	67	89	88	96	51	74	34	55	99	97	65	80	86	27	97	66	43	48	31	50	69	21	50	96	54	55	63	57	73	66	29	92	64	63	61	40	22	93	86	21	55	18	57	28	35	62	53	69	99	47	46	29	27	39	73	71	73	50	73	25	75	42	85	80	87	49	29	13	30	73	72	41	30	57	73	99	88	51	64	29	29	35	14	33	68	78	65	25	79	37	68	78	43	93	80	95	94	25	17	11	40	15	38	96	25	92	85	62	77	28	58	45	47	34	42	11	42	78	36	74	85	72	38	53	87	15	18	75	18	51	53	46	13	57	11	93	89	17	90	70
92	19	92	79	38	37	74	98	62	67	57	55	36	39	60	54	45	40	82	65	26	99	93	72	45	33	75	16	27	37	66	49	89	56	68	99	25	39	60	96	24	61	68	18	40	57	51	34	89	88	35	50	35	58	23	88	48	20	16	69	31	88	54	23	77	32	27	93	85	38	63	56	10	84	91	55	70	94	38	16	47	76	26	68	17	33	97	47	36	36	16	89	57	17	31	34	10	16	41	56	28	19	30	17	96	36	74	48	16	76	47	96	80	32	34	66	71	76	84	97	28	15	25	36	72	48	62	33	90	15	21	74	18	28	71	75	72	98	76	70	70	24	14	45	66	61	14	30	72	83	85	99	94	17	88	35	76	94	73	13	55	55	64	91	94	20	26	29	14	20	31	18	66	42	28	49	82	10	35	14	12	29	37	39	45	79	20	44	54	82	83	25	27	77	72	81	65	73	59	69	61	61	92	54	84	88	41	37	70	71	34	27	75	37	31	100	63	27	23	97	61	72	19	90	33	25	63	37	96	91	51	82	23	23	66	59	86	68	14	20	10	11	46	27	99	18	40	23	92	22	88	66	90	46	89	70	74	83	70	45	63	42	40	45	70	71	65	38	42	39	28	47	51	29	37	49	40	73	35	87	47	46	41	75	78	89	70	23	77	87	29	90	97	76	57	51	46	89	69	91	52	89	24	44	31	23	42	98	60	36	59	71	52	55	38	57	54	55	62	77	66	60	16	88	80	93	78	41	89	43	17	39	98	49	50	85	16	15	82	21	78	76	17	65	52	18	42	72	87	14	65	73	28	15	44	29	86	58	39	25	99	99	92	48	41	70	83	91	43	35	25	12	78	69	41	41	67	74	25	38	72	70	93	45	44	55	29	18	12	56	21	29	27	79	44	37	69	78	73	99	63	70	59	23	60	38	25	34	53	14	93	23	72	97	99	57	41	66	72	100	29	49	57	36	42	11	82	69	15	24	69	69	77	85	51	37	93	16	47	16	29	13	64	14	19	56	88	29	65	45	59	54	69	25	34	98	98	36	69	97	41	98	73	80	88	13	62	21	72	18	44	20	47	66	65	36	25	57	41	12	36	68	84	16	81	54	14	93	93	17	60	23	19	79	62	64	94	17	82	42	89	51	87	44	99	48	16	27	46	13	90	89	75	57	89	50	46	13	26	95	25	15	70	87	61	37	46	53	45	70	43	30	17	57	92	50	17	28	13	42	84	68	13	59	100	32	18	85	85	77	43	69	64	86	42	63	29	58	54	22	83	71	57	39	51	56	72	58	67	90	35	81	23	33	30	31	85	20	71	37	95	24	77	68	23	13	84	43	67	94	98	89	61	28	91	23	30	93	83	43	91	87	15	65	41	33	71	55	54	12	38	28	41	34	91	15	26	58	86	64	27	65	42	59	82	98	93	31	74	95	18	81	67	59	46	93	71	51	65	93	79	47	92	21	56	29	59	11	82	73	20	96	18	87	52	59	46	36	55	64	18	16	30	22	31	56	63	15	85	73	74	74	85	37	100	46	45	48	37	69	78	18	43	72	55	62	17	30	24	82	47	94	10	13	25	62	97	92	61	27	78	94	86	17	65	24	62	34	68	53	15	91	92	36	48	11	27	81	79	56	43	36	29	49	67	79	79	49	28	42	49	94	55	63	13	85	44	100	76	83	14	61	88	33	82	65	32	72	65	93	47	89	97	45	62	97	84	92	46	25	56	74	94	60	64	63	33	54	58	74	56	30	94	73	100	29	42	98	83	20	66	52	50	76	64	88	81	73	37	64	11	31	86	84	41	16	24	24	37	64	16	62	22	92	58	24	45	46	11	87	94	94	44	40	36	86	76	11	30	67	67	15	18	17	95	78	71	10	50	94	81	74	81	66	14	17	59	56	45	41	51	30	44	74	77	12	45	91	89	27	62	40	25	94	85	65	72	95	46	98	28	60	94	70	20	20	19	72	23	39	39	49	43	13	36	60	55	85	60	48	44	91	22	42	36	99	37	60	76	50	49	68	24	28	46	84	43	77	93	19	39	91	21	28	41	14	19	28	87	54	53	76	90	89	24	17	96	57	73	78	28	12	88	79	71	21	88	65	66	71	29	94	24	98	95	69	15	33	94	33	50	28	16	91	76	19	82	74	29	40	99	58	89	27	71	93	59	53	97	56	19	68	92	85	86	18	48	51	55	82	71	98	26	59	34	55	13	47	46	10	91	51	71	57	36	24	67	48	79	16	65	25	68	19	81	60	60	71	72	66
36	34	94	97	99	69	97	84	11	62	88	43	27	35	26	26	13	73	80	76	53	28	80	52	11	76	31	89	39	76	32	88	80	25	55	79	92	83	99	38	25	13	20	17	37	17	21	11	86	23	59	17	43	83	46	31	33	12	71	11	58	66	81	77	23	72	65	96	60	94	79	48	16	29	68	91	88	98	23	91	32	24	14	21	48	17	55	53	61	66	76	44	27	22	30	19	29	76	35	54	65	99	72	85	83	42	45	84	78	65	30	64	61	33	34	97	71	72	83	78	86	50	93	81	56	20	38	68	15	36	28	14	83	45	64	12	53	85	87	46	31	48	27	87	35	93	96	22	14	61	13	72	90	68	72	54	33	75	54	36	34	48	46	28	94	12	60	39	94	18	51	29	81	32	81	83	35	92	20	65	33	89	57	81	32	43	67	43	28	95	38	96	66	71	42	76	26	96	90	64	34	18	98	71	22	84	83	38	42	74	65	65	99	78	81	97	78	99	65	19	15	23	62	21	76	59	63	41	88	83	44	62	82	65	52	77	41	32	37	21	72	30	49	19	19	28	12	48	74	45	60	19	42	40	74	28	20	48	16	80	27	31	98	65	43	59	41	44	51	50	28	65	83	22	65	99	51	89	40	100	78	82	99	17	94	88	40	43	80	66	98	12	53	45	66	90	13	66	99	34	91	100	94	62	62	72	53	38	52	73	39	35	17	69	66	100	95	11	37	83	73	22	50	34	84	74	88	49	70	24	36	63	77	50	43	86	59	70	14	84	67	31	41	100	65	23	44	44	46	11	27	92	99	61	73	34	26	25	54	61	92	27	11	28	24	94	50	81	67	77	33	90	24	52	20	80	48	99	31	42	97	25	44	46	74	75	70	28	84	60	69	49	42	98	38	70	89	59	91	96	70	67	35	21	73	21	43	54	44	39	74	45	21	71	34	12	38	50	36	61	19	94	37	66	30	81	22	87	91	94	95	23	76	98	12	14	70	51	65	61	43	82	78	97	87	39	85	90	33	54	31	39	82	64	29	71	91	26	76	19	91	54	35	71	46	95	65	46	82	35	58	97	80	55	32	15	40	16	79	69	81	27	93	21	19	84	71	59	40	66	93	69	56	63	15	87	30	30	95	70	46	25	12	76	100	68	47	45	39	81	41	16	86	47	62	62	60	36	72	34	60	74	82	35	88	45	78	76	15	79	90	88	96	54	13	75	88	29	96	83	34	81	39	100	70	87	59	13	37	76	87	97	60	67	11	12	69	81	23	94	87	42	51	25	60	86	84	99	25	83	71	54	35	48	38	14	97	25	14	90	30	23	13	63	38	91	33	56	96	60	12	96	10	52	41	79	75	63	96	45	71	94	54	40	46	13	29	78	66	18	53	40	60	17	41	63	80	18	25	20	18	15	95	59	91	92	60	75	46	18	14	69	89	75	35	87	40	30	31	47	82	12	15	90	34	31	84	53	22	22	79	91	49	78	52	93	77	63	75	26	20	29	26	31	86	75	68	96	37	20	48	24	67	39	12	85	39	66	94	58	74	90	100	18	56	63	89	64	27	52	64	31	56	98	85	28	97	61	80	96	32	49	25	67	38	43	89	30	44	27	76	88	80	38	42	42	53	68	93	93	22	79	57	77	90	22	79	78	65	98	78	28	81	71	56	29	16	91	62	20	27	38	15	11	78	70	29	66	27	83	17	29	62	58	69	57	67	33	15	35	61	95	24	78	82	90	50	81	35	58	67	13	64	18	85	41	38	71	27	14	96	98	37	17	26	37	19	21	45	12	27	79	71	84	96	32	12	45	89	60	67	60	50	85	15	65	87	38	64	27	30	41	37	52	17	45	18	20	21	87	100	34	91	60	16	60	43	12	79	12	36	26	63	18	54	34	67	34	89	78	29	48	13	92	88	55	52	55	50	14	39	44	61	59	40	11	12	64	100	19	27	47	97	26	23	19	87	73	12	16	44	36	17	92	64	31	66	92	61	23	11	76	81	52	14	41	19	81	63	72	65	83	56	93	74	52	73	93	79	93	36	52	59	46	88	93	50	32	40	66	14	29	21	80	29	20	60	91	48	50	10	46	97	81	36	24	12	30	10	98	43	18	42	26	83	47	51	90	44	88	59	52	96	32	38	42	54	69	89	84	61	83	68	46	64	79	23	89	95	75	35	20	53	32	27	72	74	94	50	69	77	66	86	92	61	43	17	20	12	57	12	76	46	44	81	48	64	49	83	38	24	86	79	24	46	14	49	95	31	39
54	31	73	86	20	11	98	48	50	98	82	26	49	15	63	26	71	90	78	44	82	17	57	14	22	97	35	60	71	71	71	96	85	15	80	28	60	91	58	37	93	14	25	22	35	25	11	73	57	91	22	72	18	17	15	51	86	28	37	20	43	53	75	60	37	49	95	33	26	31	68	18	29	83	26	100	85	80	44	33	10	79	29	58	42	54	59	45	55	19	16	20	79	83	11	71	86	56	92	44	71	72	38	20	94	53	97	46	74	40	78	50	49	74	86	50	98	89	17	76	85	13	99	62	10	81	62	16	52	11	89	76	91	21	98	31	89	76	45	45	75	52	44	80	68	12	43	76	46	51	15	70	26	87	99	74	14	94	17	64	52	30	88	33	38	34	94	23	94	46	46	87	52	85	70	64	26	26	80	77	63	86	71	32	25	32	36	36	59	35	36	13	39	16	90	36	44	42	42	40	31	21	27	20	46	95	96	79	50	82	10	62	61	78	40	22	65	26	80	69	77	10	23	71	93	93	75	37	31	23	21	96	97	85	90	89	22	49	58	92	85	17	41	95	30	88	89	72	50	68	51	85	47	74	65	92	69	84	52	43	60	10	18	78	15	89	11	44	88	44	82	35	58	75	63	18	90	97	74	82	92	17	52	86	18	34	54	45	39	66	59	40	39	18	17	68	84	65	92	72	81	33	23	17	50	49	27	47	69	11	96	41	21	11	78	95	89	67	51	10	66	15	59	51	52	18	46	46	72	81	50	78	63	15	18	48	54	70	24	39	99	49	69	49	18	48	50	33	62	21	55	47	75	17	84	71	10	47	90	63	34	96	70	75	66	62	30	78	38	54	94	77	48	66	59	63	72	38	91	99	65	36	51	77	67	68	69	77	26	43	59	90	79	21	97	65	99	92	25	72	40	27	25	43	19	15	93	72	51	32	56	92	75	73	44	23	96	58	97	45	74	17	98	76	23	80	24	93	75	81	20	18	72	50	83	12	96	11	97	81	72	34	76	99	27	66	45	36	15	21	67	33	33	33	28	85	37	18	91	50	26	71	57	57	12	31	94	24	39	17	71	48	10	59	85	37	23	85	69	40	85	83	92	11	60	52	54	32	73	33	57	55	67	53	30	37	91	32	19	90	31	96	77	75	23	67	75	94	55	75	98	71	41	93	92	15	20	75	34	31	75	42	49	75	30	31	34	26	35	42	30	24	63	39	37	84	41	32	36	82	51	34	27	28	19	67	49	11	14	37	81	35	92	30	77	68	13	29	90	51	85	57	84	76	37	45	38	23	15	29	68	19	37	30	58	37	31	82	36	47	45	10	47	53	63	61	26	88	32	83	48	76	47	65	36	49	99	56	52	74	47	49	63	65	29	95	37	10	71	51	99	27	59	38	61	73	78	10	27	17	24	24	69	88	46	44	97	56	55	45	21	96	92	15	44	86	38	14	76	60	96	48	82	44	86	63	31	63	21	86	78	85	41	63	85	90	44	38	51	30	49	58	66	52	87	40	18	63	92	67	93	59	21	88	60	84	22	26	48	83	24	94	22	36	100	29	75	92	28	47	21	43	41	34	54	21	34	89	69	28	52	21	86	27	64	55	93	84	28	44	29	79	22	50	12	53	72	71	25	15	14	72	80	34	57	86	26	60	20	81	64	94	69	59	42	41	23	18	68	61	35	60	86	70	28	73	22	88	16	80	14	73	67	68	26	48	33	52	28	16	12	15	26	68	60	40	71	39	20	12	55	43	89	91	94	80	80	96	75	75	91	28	92	73	35	30	12	73	72	38	72	68	30	67	47	70	38	93	32	42	32	67	83	56	47	19	89	39	29	90	78	77	60	24	93	79	16	45	94	74	100	12	30	68	51	33	99	54	29	18	49	21	18	91	27	68	57	91	50	20	62	39	27	77	60	24	46	81	17	47	20	51	96	43	99	96	71	14	66	66	16	48	24	14	48	21	80	23	18	81	63	38	15	63	34	42	99	52	47	92	93	83	31	44	80	42	33	42	21	85	56	72	29	81	16	66	95	14	36	60	13	43	66	14	97	45	23	42	87	55	42	94	73	13	15	27	52	22	24	93	96	38	21	84	83	10	80	48	72	65	50	97	19	31	26	73	63	35	17	77	79	33	53	65	42	32	74	92	14	34	38	57	81	34	68	92	26	39	43	49	93	62	81	83	70	88	23	46	17	86	82	21	48	24	22	43	34	99	26	66	30	44	84	17	57	69	52	97	80	60	65	41	21	84	100	70	29	52	83	73
31	15	26	63	20	26	51	36	45	97	51	99	71	12	68	75	89	51	24	33	64	68	70	94	72	40	17	67	25	25	57	89	48	86	21	41	94	82	87	60	86	99	74	15	44	64	33	95	60	30	66	84	56	63	60	65	59	23	94	14	16	59	42	18	50	87	31	80	74	22	22	84	55	27	14	41	68	82	91	50	93	61	55	49	40	25	70	59	30	15	23	72	89	86	86	17	23	83	46	67	33	88	14	94	49	99	75	27	95	44	25	59	11	85	98	21	16	18	62	92	18	33	92	55	62	48	40	92	64	78	15	40	76	83	48	19	22	61	80	75	30	15	23	81	44	76	25	87	70	61	33	41	84	79	56	63	83	94	19	54	80	70	32	11	18	17	16	16	98	96	25	66	37	38	26	24	90	88	34	16	68	50	21	25	17	86	97	53	16	29	33	23	51	23	51	100	11	15	86	65	12	23	24	48	98	52	19	91	26	16	79	46	84	35	89	59	29	21	14	72	93	86	50	11	81	95	60	82	89	90	53	69	72	22	28	80	37	34	18	72	26	42	86	93	15	52	76	58	32	34	48	68	36	45	44	29	67	46	81	86	32	26	76	63	74	29	89	57	30	70	60	74	19	37	23	59	47	46	80	64	55	93	38	78	19	63	68	89	92	46	64	66	63	16	55	81	70	87	76	20	25	90	74	60	57	60	33	94	20	85	66	97	94	25	18	49	67	82	58	24	13	43	97	30	91	61	96	67	43	93	15	75	70	69	59	100	80	41	76	67	85	87	46	56	86	55	31	44	52	72	12	99	68	34	79	95	24	54	78	14	62	39	94	14	39	29	56	56	99	78	76	21	96	39	60	64	87	75	93	87	87	18	31	48	68	84	62	58	51	34	64	99	46	13	61	36	38	95	99	51	81	56	59	19	95	64	28	95	54	89	82	96	76	59	93	86	74	74	51	83	11	72	84	49	89	94	82	41	60	17	71	67	37	66	87	63	76	84	31	97	88	44	52	43	33	65	62	48	25	17	87	92	63	87	64	77	55	92	91	49	57	82	63	43	38	45	42	40	68	77	20	64	94	64	98	55	36	54	28	21	42	56	51	83	82	18	41	50	33	27	71	99	98	51	16	97	84	51	32	61	95	77	100	30	49	17	60	24	87	64	45	57	22	80	19	36	13	73	82	44	59	66	63	63	20	74	58	13	13	50	86	97	87	57	60	64	85	23	38	22	18	48	57	48	89	39	92	13	95	11	68	81	62	31	22	86	81	51	33	62	20	97	56	64	19	70	96	47	67	39	18	87	58	69	51	98	19	86	19	27	66	48	99	13	56	82	80	93	45	16	39	50	67	33	68	34	26	89	76	51	32	87	34	80	71	43	69	25	61	90	69	96	98	92	19	99	80	68	95	11	89	59	55	71	37	87	34	98	42	34	94	76	13	94	76	72	22	92	71	86	86	28	69	67	47	29	41	88	62	40	55	42	55	67	28	39	86	71	43	15	70	78	69	14	80	43	92	44	34	46	26	43	73	40	20	96	22	72	29	87	70	87	46	37	33	79	98	91	63	34	72	93	32	66	93	83	76	68	69	87	19	34	99	29	31	45	76	48	58	92	40	64	54	54	66	24	82	84	53	85	93	31	79	26	43	23	47	29	67	100	30	14	74	50	98	84	86	61	91	71	59	80	69	91	86	78	65	99	81	74	28	42	45	98	52	53	24	17	92	80	37	75	91	19	50	70	54	79	29	39	93	63	13	98	82	86	51	94	60	62	58	95	95	59	53	64	43	50	18	91	72	26	58	25	72	98	31	79	60	63	55	13	66	32	34	67	60	11	95	75	66	86	65	89	74	23	75	18	59	62	42	68	38	79	61	81	79	54	29	29	11	14	20	78	37	56	82	54	12	30	37	61	57	66	35	88	72	80	35	32	58	83	22	93	73	46	38	11	13	74	64	51	44	63	63	51	90	23	63	92	71	63	86	76	99	64	78	28	77	82	14	11	77	65	17	20	67	21	33	51	20	67	20	30	17	59	85	69	67	50	91	19	48	72	20	59	92	80	15	92	15	28	77	86	62	71	96	14	99	94	82	79	39	86	75	20	78	50	84	62	45	85	19	42	16	97	45	36	25	21	74	20	24	77	85	60	97	34	79	32	50	73	95	89	44	67	67	46	84	18	38	77	79	90	28	85	57	86	47	81	73	43	87	38	100	62	91	80	22	56	64	70	46	58	24	70	17	73	54	32	84	71	12	38	43	87	26	23	91	18
50	65	41	57	78	75	89	24	20	73	38	89	27	63	96	86	54	42	65	57	10	72	87	31	16	16	53	39	86	18	97	56	45	71	99	36	89	75	21	85	91	56	84	43	66	25	44	32	88	64	21	15	60	69	52	75	55	16	65	41	40	92	76	42	80	12	62	16	39	91	95	88	51	20	99	95	87	86	59	98	11	88	75	63	91	36	36	45	90	42	60	74	16	62	80	34	47	51	53	15	32	38	42	51	69	35	57	37	42	24	61	30	89	57	24	41	76	35	14	23	62	44	67	90	78	86	39	55	16	33	64	21	52	53	89	26	44	23	89	45	84	78	26	51	44	62	26	30	16	81	41	93	64	72	41	38	89	46	46	18	60	13	85	43	39	40	71	70	89	69	58	48	60	34	92	89	17	58	88	32	30	45	91	88	79	88	65	48	66	29	99	72	24	22	45	53	42	49	31	17	24	26	25	87	51	58	34	93	28	96	74	29	41	85	54	20	49	30	87	88	58	56	58	32	76	95	22	29	62	66	39	72	62	51	40	94	10	13	42	77	75	15	16	28	33	46	61	13	83	91	72	27	91	47	12	38	32	18	83	42	30	16	30	22	59	82	21	66	44	28	33	90	97	49	97	94	26	91	25	84	55	92	87	60	92	43	14	45	58	37	37	79	97	90	43	24	67	65	71	99	72	21	91	46	56	29	15	99	65	37	18	44	86	43	50	96	53	18	57	47	42	48	66	41	63	11	54	71	69	74	31	45	43	80	53	54	78	40	11	90	91	31	26	59	31	46	49	48	14	59	32	51	74	98	72	29	20	87	61	80	46	52	54	68	96	51	58	82	27	36	90	10	80	37	23	58	78	13	26	35	86	40	68	82	66	58	59	38	43	90	68	94	61	36	98	24	53	33	49	67	27	97	42	27	86	42	65	88	27	44	48	38	66	12	41	61	65	14	20	63	15	95	90	87	15	90	23	32	43	56	70	25	46	91	47	24	94	22	35	55	11	89	24	98	76	67	79	14	11	74	65	79	82	70	92	79	61	65	70	94	18	81	92	53	35	56	40	70	74	51	23	43	11	37	80	42	15	31	87	46	37	61	62	10	41	96	76	98	18	81	79	47	34	95	15	68	55	26	22	93	66	67	99	91	49	23	34	10	26	72	28	69	18	76	79	28	43	16	68	61	78	67	83	69	20	67	11	36	90	82	48	89	93	73	31	86	93	42	24	52	85	43	58	58	14	51	17	38	68	43	21	11	15	87	96	50	85	53	43	55	11	85	63	90	23	25	76	50	28	62	30	56	11	94	84	14	18	66	33	31	52	20	30	21	46	62	69	24	77	37	99	25	27	62	77	80	99	89	14	56	63	62	43	35	24	73	42	57	33	79	13	15	90	20	45	44	50	37	22	39	28	54	65	93	10	61	79	11	42	62	78	79	46	47	40	56	99	86	60	70	13	52	11	26	53	51	42	22	63	83	51	77	32	56	100	75	31	81	66	39	61	30	11	98	54	47	92	58	89	29	61	46	66	18	92	80	53	71	16	20	29	52	69	42	12	18	63	17	83	30	72	53	51	98	88	33	31	34	14	15	37	19	49	37	58	11	85	53	78	48	97	40	74	12	99	58	95	43	22	85	21	18	97	75	87	44	62	65	64	77	25	66	42	23	56	31	48	31	55	96	20	51	26	45	44	94	100	37	18	42	59	50	22	73	17	68	48	54	52	47	46	16	39	75	47	100	75	81	84	99	16	71	42	13	59	48	52	32	31	97	71	43	46	93	55	87	53	21	63	76	62	29	31	67	24	11	36	27	38	73	22	74	40	21	92	61	58	83	36	24	50	52	61	44	46	50	26	60	13	83	79	63	84	46	52	69	40	80	28	36	91	69	60	75	38	65	52	17	77	31	28	51	70	13	88	83	63	33	36	25	12	25	69	92	97	44	69	22	72	50	43	85	87	94	91	42	53	74	45	45	100	51	59	13	71	33	66	92	59	95	93	32	24	84	59	45	47	12	46	29	93	40	62	57	74	81	66	71	65	60	13	48	51	37	12	29	27	92	90	83	52	18	21	33	73	44	40	97	95	52	54	85	49	90	95	18	34	31	57	70	46	28	40	24	55	40	79	82	53	83	91	43	85	51	43	98	25	32	82	53	70	52	72	67	83	97	11	68	83	95	96	38	98	67	23	42	76	65	87	64	51	80	37	100	11	38	59	37	68	84	19	80	72	46	59	59	25	98	42	85	69	19	84	99	38	58	69	57	98	66
85	82	20	69	19	33	62	62	12	69	16	19	81	17	70	32	71	90	19	67	18	72	43	59	68	99	53	56	54	10	96	34	42	96	52	34	59	97	75	28	89	20	28	16	27	62	21	50	33	44	38	58	77	99	62	40	49	32	29	55	82	40	57	52	87	27	90	47	39	68	74	78	31	35	72	53	25	85	10	60	69	94	65	68	39	69	50	36	72	78	44	76	57	55	71	50	50	43	92	69	40	43	89	95	95	66	38	23	30	33	28	60	89	91	50	15	89	80	36	47	16	14	15	92	92	37	17	54	55	66	74	98	21	86	85	43	78	96	73	66	84	81	30	22	66	48	43	27	56	31	76	67	73	19	91	40	75	30	33	59	90	44	16	26	18	26	57	48	57	85	38	63	23	87	20	42	34	72	94	53	81	40	69	54	59	78	75	87	69	53	96	77	72	11	23	78	58	28	32	97	11	88	20	34	36	89	47	98	11	60	30	13	74	94	22	89	41	27	61	62	86	76	17	61	40	72	15	91	55	20	81	97	18	84	39	97	97	38	14	82	81	57	59	32	82	15	46	40	15	91	44	80	89	47	25	43	74	95	35	32	68	71	86	13	56	77	88	17	17	88	56	15	42	38	45	75	14	26	56	44	26	18	22	81	55	50	56	64	13	38	42	25	12	99	38	60	16	43	62	83	88	11	70	23	14	51	100	98	64	66	18	68	49	12	32	65	78	66	21	40	90	54	24	38	91	46	36	90	71	33	54	99	22	33	21	20	95	77	22	45	19	59	45	52	54	19	14	89	49	45	61	48	44	51	75	13	52	59	44	33	47	12	66	25	93	37	44	51	75	17	82	94	48	69	82	69	86	48	43	29	86	54	76	67	26	71	21	64	78	80	61	12	30	18	30	37	33	46	86	56	99	60	17	58	97	88	95	62	48	71	52	59	59	88	76	79	87	82	79	98	13	39	36	62	25	79	54	18	29	87	43	38	58	51	47	76	41	74	67	27	89	87	76	38	16	48	66	44	33	13	48	30	73	79	22	44	94	52	42	82	92	66	26	89	40	56	30	28	22	39	15	10	21	27	84	51	81	14	86	33	39	65	51	28	12	19	56	21	52	71	94	71	50	75	61	13	85	72	27	79	84	23	31	14	33	67	68	94	94	34	23	20	78	99	76	95	54	98	39	97	82	22	64	40	65	92	92	26	61	93	96	14	82	47	66	87	62	57	77	87	71	66	51	96	16	59	17	47	46	100	31	89	26	95	73	97	26	86	41	89	19	59	71	26	33	40	68	57	74	68	69	68	81	50	67	45	50	40	47	29	96	29	43	33	43	31	50	30	21	75	60	65	55	58	36	32	22	82	54	99	56	36	57	27	93	48	83	28	76	67	16	67	19	13	68	40	64	52	18	22	51	69	11	88	87	31	92	28	96	50	15	79	87	86	38	58	45	89	38	31	24	57	67	89	20	96	66	94	11	64	78	70	52	29	39	21	24	10	81	89	11	17	43	95	67	76	14	46	83	55	37	57	47	62	19	89	27	10	16	85	60	24	59	30	52	16	99	56	54	72	37	42	99	87	94	88	72	15	71	51	25	31	66	92	17	75	63	89	73	49	16	94	61	31	86	11	49	48	94	26	20	64	74	15	33	18	54	43	41	73	14	36	46	95	33	35	49	31	44	95	39	59	14	95	43	59	92	51	47	99	65	79	62	98	15	33	40	22	51	68	63	46	72	21	34	87	90	88	26	94	92	23	65	35	46	94	33	57	41	34	95	49	29	34	33	88	97	16	11	96	28	19	32	49	42	95	11	52	82	57	91	56	20	43	59	26	28	58	47	97	57	39	46	46	17	29	34	83	90	34	80	32	50	81	96	14	84	87	13	62	91	12	55	82	12	96	22	63	80	45	68	29	99	49	58	53	81	72	63	60	33	31	57	74	14	84	63	78	43	70	80	43	34	83	77	70	29	22	80	44	76	51	97	70	25	69	99	72	30	95	32	80	80	48	83	60	86	59	65	47	92	33	83	26	27	48	77	20	22	53	30	73	41	58	57	82	21	22	24	66	47	11	97	27	33	52	31	17	69	64	42	47	72	11	25	29	45	78	94	34	51	52	36	10	99	67	84	88	78	17	91	80	47	20	49	75	30	67	90	58	95	15	59	32	53	70	69	16	53	40	25	44	92	89	53	25	83	96	18	92	97	41	96	10	17	75	47	19	87	58	58	13	50	35	43	81	16	73	33	67	78	14	45	80	28	41	15	29	28	21
24	31	91	10	13	62	44	71	51	45	12	67	52	18	95	95	33	29	80	16	66	23	50	27	52	49	87	76	81	100	87	57	31	78	32	12	14	98	45	53	54	69	45	17	28	12	54	80	90	87	99	60	59	70	84	90	46	10	39	85	78	23	90	84	64	26	32	100	88	58	29	54	29	39	34	68	18	57	81	74	44	85	85	18	20	20	13	38	50	37	20	22	40	62	83	81	48	43	72	95	76	19	55	87	50	74	41	15	17	36	31	47	43	12	42	30	95	23	47	77	55	93	37	33	60	84	81	48	26	68	28	81	84	25	89	23	38	20	52	36	35	35	23	26	55	73	29	20	93	66	49	13	96	74	79	66	63	13	47	54	40	12	47	18	92	11	96	90	84	33	96	31	81	12	13	72	69	86	82	76	81	79	64	94	19	56	36	45	78	28	70	31	43	48	38	33	19	86	32	69	66	37	67	43	58	50	54	72	37	36	10	45	56	21	65	26	11	22	49	86	82	92	92	57	58	35	25	70	64	95	82	80	45	62	72	22	78	35	33	75	42	48	55	91	58	94	74	25	49	39	55	19	47	100	48	38	60	26	41	16	67	43	54	23	92	73	51	87	25	76	57	60	87	53	95	75	87	22	13	15	32	26	36	18	79	75	76	22	83	15	54	74	39	83	18	45	55	93	11	95	59	85	55	92	86	77	80	31	17	74	61	77	53	99	95	63	89	14	70	16	37	57	42	68	58	43	13	36	82	63	90	52	33	40	51	27	95	34	60	48	14	97	59	64	28	96	60	84	45	42	56	62	81	46	29	82	63	80	95	36	86	37	64	69	63	43	16	12	66	46	36	18	86	95	82	58	36	50	14	87	78	42	36	29	23	55	22	69	65	27	55	92	90	60	15	24	80	21	94	20	89	24	90	72	63	77	78	56	60	75	82	62	87	53	19	23	57	61	54	71	61	24	46	64	74	22	97	61	37	56	96	68	24	69	100	68	16	36	20	94	18	47	63	66	76	25	28	24	23	71	36	42	96	89	96	73	62	46	92	23	59	55	89	71	67	79	16	93	87	36	82	39	36	16	82	86	15	53	33	51	93	32	11	70	50	66	59	23	57	18	48	91	67	89	66	37	20	38	85	40	28	41	92	91	44	17	42	79	20	67	74	31	15	11	59	58	71	75	14	93	90	62	98	98	57	25	31	94	60	51	22	81	82	81	26	75	71	22	52	67	21	98	83	75	12	77	82	91	13	35	45	14	87	35	69	46	58	72	76	47	25	82	74	44	40	84	16	76	60	23	97	43	74	40	21	42	72	96	61	41	23	59	20	79	38	97	21	66	24	73	53	23	60	42	80	84	71	31	11	17	62	100	48	25	75	11	33	32	49	42	44	89	31	60	95	80	45	83	74	29	19	15	30	90	40	22	90	18	76	89	97	50	32	82	97	99	45	52	79	37	69	22	45	69	95	54	14	80	30	29	15	31	92	18	19	100	34	55	31	98	32	100	63	37	66	66	28	57	93	21	45	25	53	48	54	29	32	54	41	27	75	80	90	13	80	67	94	35	41	72	29	24	29	66	88	78	12	21	53	62	30	18	43	72	50	86	42	75	63	19	96	86	37	60	36	32	90	56	24	63	92	31	77	15	23	68	39	89	72	99	99	12	86	17	16	38	26	49	47	94	65	97	34	40	73	93	66	44	20	80	69	77	81	33	47	65	41	65	52	41	56	70	79	93	62	84	83	80	78	89	33	72	59	79	45	78	57	59	75	98	39	90	18	58	59	67	28	21	91	15	70	38	70	28	35	73	41	17	14	57	17	74	50	40	18	26	67	17	49	69	65	97	48	54	37	72	54	39	46	88	66	12	90	84	62	28	70	36	81	81	13	98	72	34	26	46	46	52	90	27	54	41	16	72	82	63	93	90	17	50	83	95	79	26	36	20	62	14	38	71	38	96	81	21	84	14	28	24	97	65	50	44	96	70	58	21	19	33	41	89	24	86	100	27	52	66	95	73	48	95	13	10	60	69	92	68	38	22	22	37	38	67	46	23	25	17	56	64	13	72	61	39	50	13	72	48	10	37	98	24	15	23	34	86	96	74	72	79	52	92	58	15	59	12	70	14	65	24	95	44	72	62	29	15	16	65	59	71	25	31	27	24	57	87	50	22	42	91	33	92	41	14	84	73	15	37	67	51	20	78	82	79	46	91	66	88	11	13	80	93	17	37	44	51	16	53	34	20	33	37	19	92	62	25	69	80	88	42	27	12
20	97	73	87	81	98	75	43	91	86	49	66	32	88	83	54	45	94	77	30	32	98	91	89	79	56	68	41	95	14	23	22	82	31	16	75	77	14	45	76	23	53	32	70	11	12	27	20	76	16	100	20	14	37	23	85	47	29	77	89	71	58	53	80	87	86	64	45	63	52	12	43	12	20	98	94	55	44	18	89	77	72	27	68	87	31	19	77	72	100	67	70	84	59	36	45	17	55	59	92	43	38	50	73	31	12	36	27	56	39	45	37	28	75	90	31	61	94	92	69	97	23	93	68	90	45	85	40	98	48	41	72	63	12	56	61	23	37	28	13	45	97	53	52	25	94	62	25	92	85	48	55	17	100	93	34	85	63	89	74	92	16	11	47	59	42	57	60	91	85	82	98	29	47	98	92	98	46	14	42	55	89	47	74	46	11	36	27	63	15	84	93	27	28	89	31	10	39	76	98	43	91	100	19	20	29	14	56	28	97	48	59	58	73	95	13	22	53	84	51	73	90	61	57	66	14	60	22	20	89	76	21	52	58	24	93	46	98	71	71	19	49	77	43	91	29	44	16	35	83	50	86	14	11	20	60	63	15	31	12	24	54	51	11	91	43	12	98	41	80	79	76	46	67	54	47	27	99	75	20	95	28	83	27	81	89	40	76	82	67	45	72	39	97	33	12	98	15	12	50	42	90	25	16	32	42	36	69	95	15	97	17	37	18	73	74	40	17	27	29	10	90	41	52	78	23	28	64	14	99	87	18	78	27	83	14	78	63	71	99	10	53	29	46	80	86	79	89	12	46	53	98	78	31	33	21	83	36	79	37	11	14	98	48	33	66	86	37	31	72	12	68	63	37	92	72	27	96	28	24	96	11	61	75	24	79	63	63	40	67	43	68	51	47	77	62	87	53	53	17	63	15	11	55	24	16	90	12	78	87	39	40	59	77	74	20	33	38	28	40	79	64	94	26	32	94	12	36	83	29	48	26	99	19	28	13	89	98	19	65	39	98	25	47	62	86	92	33	82	39	86	96	88	76	11	34	42	43	91	35	44	28	65	70	86	14	63	45	21	11	84	94	81	32	81	51	20	42	23	95	57	67	74	14	52	15	32	58	54	30	51	59	53	42	61	64	22	32	19	88	66	71	34	60	82	17	88	53	91	37	73	53	32	94	76	13	93	17	43	56	50	19	69	81	49	92	21	79	56	27	61	35	72	72	88	37	50	55	94	79	67	61	11	67	13	77	27	79	67	84	96	51	31	86	36	12	12	70	55	69	89	41	79	70	80	26	45	60	57	60	69	11	70	70	90	30	41	55	66	21	60	44	20	77	52	76	44	83	71	12	40	49	42	33	70	40	21	47	61	18	42	72	27	80	95	50	61	91	52	87	15	74	57	87	33	82	34	71	53	45	26	82	72	14	51	16	55	81	78	29	54	37	64	99	55	79	64	94	76	90	24	76	98	41	12	38	92	97	26	75	49	57	40	17	51	34	48	44	16	85	47	82	24	73	42	18	31	78	32	21	70	95	26	13	58	40	38	69	85	82	19	89	53	46	57	19	26	28	80	48	24	100	63	24	22	28	15	47	78	36	52	91	27	94	32	54	48	73	58	31	83	48	96	52	13	48	48	94	27	81	41	98	48	57	36	45	36	37	83	42	87	70	66	89	67	75	31	27	99	66	83	76	20	35	16	16	39	11	50	95	64	39	23	89	58	64	31	93	57	23	28	24	99	39	11	46	64	96	24	47	55	62	39	96	68	88	62	61	65	66	78	97	66	88	95	72	99	37	54	53	51	62	92	73	48	15	78	94	31	57	99	37	46	24	47	30	65	97	94	60	87	86	74	63	97	91	74	91	32	80	20	76	83	97	80	91	27	20	89	14	24	40	94	72	66	66	91	30	19	64	73	65	93	60	35	40	95	73	70	39	56	92	73	41	17	53	24	34	44	38	24	56	30	84	48	75	52	65	50	58	62	74	39	65	81	52	33	40	61	13	19	23	15	94	88	27	99	74	35	29	67	22	46	63	91	89	38	72	11	65	17	12	16	81	37	28	42	48	15	21	40	19	95	37	82	42	57	49	25	52	90	90	75	78	29	24	100	45	48	81	47	90	21	31	82	80	47	17	73	90	34	47	64	20	93	34	77	10	38	98	87	47	40	55	81	23	12	76	96	71	21	57	29	24	84	68	51	37	61	51	39	83	19	64	29	99	22	54	100	17	48	78	62	15	26	65	57	46	79	71	43	56	62	94	25	87	40	44	12	66
92	73	36	82	73	35	93	68	82	79	74	92	64	42	45	70	90	15	23	11	77	10	46	33	44	83	58	85	19	16	81	31	59	32	80	47	70	69	48	78	57	78	84	34	85	15	78	20	21	12	29	50	37	57	92	18	50	65	12	83	80	17	27	49	81	49	13	36	61	49	100	21	85	19	67	31	36	35	39	94	21	51	33	36	65	97	66	75	25	25	76	24	17	65	100	64	20	83	40	86	64	72	37	12	96	86	69	52	76	26	78	17	83	78	86	30	14	18	91	87	87	60	71	62	19	64	64	68	98	89	99	18	51	15	46	31	98	81	79	81	95	43	19	85	29	28	68	94	17	19	26	90	95	35	30	79	49	94	31	77	10	47	65	39	16	29	68	45	55	68	88	79	43	98	11	53	61	21	99	35	37	21	74	57	64	67	79	38	40	63	38	21	66	37	44	93	100	14	60	81	53	59	30	18	17	46	99	74	39	40	31	67	89	86	51	57	62	44	72	44	58	81	41	95	19	55	11	31	76	63	11	31	88	84	33	91	93	60	39	38	92	89	13	21	89	51	48	36	46	35	16	95	20	48	41	25	16	87	73	84	65	16	68	72	30	64	65	26	73	18	90	26	100	68	86	56	29	50	84	88	25	86	12	72	51	45	41	96	72	37	44	35	86	91	31	23	95	85	51	82	26	18	36	43	15	82	76	86	12	86	83	78	57	12	95	83	55	79	40	92	14	94	97	21	42	90	95	93	93	62	58	39	56	31	48	81	42	24	96	46	43	65	25	80	34	77	65	40	16	94	86	87	15	98	44	18	97	75	30	84	71	55	96	85	91	76	73	45	47	95	80	48	45	78	75	91	82	90	73	42	99	41	65	11	62	21	99	40	95	99	22	72	32	50	11	56	89	12	37	10	79	46	32	21	95	12	81	81	16	71	40	65	39	13	16	55	93	88	86	39	99	24	22	90	21	93	27	49	55	93	64	13	48	89	93	35	64	92	22	41	46	63	86	38	71	37	88	35	37	68	96	89	40	50	41	27	16	26	74	12	74	55	40	56	32	69	30	90	25	91	58	19	64	33	14	15	13	43	41	17	19	33	28	79	63	36	53	61	15	37	89	68	38	45	42	71	58	31	95	87	43	76	74	75	26	89	86	41	62	47	89	18	93	13	51	35	51	41	35	43	31	48	37	64	87	40	11	49	71	41	73	96	57	74	25	98	32	61	19	99	80	89	20	47	17	16	37	90	21	72	38	57	45	13	66	13	89	69	35	78	57	15	35	32	56	82	86	46	14	96	62	24	80	71	15	50	96	12	57	91	38	71	50	27	87	70	78	86	64	34	95	73	87	99	97	47	27	95	41	37	26	66	11	28	46	95	19	15	20	61	76	31	15	57	32	39	33	41	24	84	75	50	13	39	12	78	95	49	91	38	60	19	49	92	28	65	21	54	97	39	17	11	36	11	76	82	29	93	14	17	53	87	22	86	96	89	73	73	90	67	37	10	35	94	74	27	57	40	89	75	46	67	90	66	30	14	91	48	11	58	19	52	38	88	23	75	73	45	44	85	93	51	94	23	76	48	37	96	85	59	70	29	22	49	98	63	28	12	40	65	68	27	62	48	82	66	23	10	93	85	95	19	37	22	89	49	90	79	64	39	38	30	33	11	75	24	96	49	46	29	47	42	84	74	60	42	34	80	80	97	97	66	74	91	25	31	84	36	91	14	90	83	85	44	14	54	92	31	99	71	30	36	18	93	52	90	20	49	78	67	51	78	24	27	27	16	87	80	90	26	46	48	22	41	52	36	36	18	86	71	80	63	60	94	56	89	14	35	37	21	47	89	74	55	77	46	90	36	50	27	64	13	39	80	93	20	30	17	61	50	51	51	60	85	76	83	79	81	62	77	20	45	45	59	97	71	27	98	83	65	36	18	29	25	71	58	17	51	75	80	28	71	63	99	50	71	87	64	39	64	94	48	63	25	87	36	57	62	61	83	72	26	85	17	78	62	69	22	53	67	73	83	60	65	22	59	97	99	22	50	19	87	81	99	27	76	71	91	89	42	22	37	77	20	99	80	74	57	80	36	68	86	71	69	49	99	10	27	69	94	47	89	77	41	64	29	88	48	80	88	85	38	66	22	87	46	85	49	27	74	44	22	29	37	62	21	90	64	36	21	49	45	13	14	85	46	77	48	25	10	46	96	77	58	67	33	62	59	93	36	20	94	34	19	86	54	61	49	86	34	59	77	76	67	97	55	42	29	23	27
18	80	97	26	73	43	73	78	63	73	11	87	87	34	92	19	67	97	70	55	44	90	59	56	65	14	46	22	16	70	68	89	81	43	52	62	47	86	45	38	31	98	35	73	13	74	39	58	28	62	42	78	26	59	62	53	93	57	95	11	55	45	87	80	40	73	60	23	92	36	96	94	68	89	59	20	75	40	84	26	99	17	67	94	72	85	74	55	69	36	19	21	25	74	98	97	62	54	72	95	78	79	85	53	85	98	78	26	97	83	78	70	66	19	39	68	46	56	49	83	34	44	100	52	11	99	99	91	42	68	13	65	61	22	48	73	62	19	34	60	40	55	42	52	25	98	64	64	80	45	16	18	71	40	15	59	84	65	29	55	89	20	48	52	73	92	97	26	70	99	40	88	20	12	49	21	68	84	75	96	26	40	91	53	95	76	47	68	63	76	58	77	84	78	24	91	26	82	80	26	63	31	22	30	45	18	46	72	87	83	36	86	84	40	87	84	43	68	58	93	25	73	12	32	54	24	39	92	56	40	18	29	31	46	79	73	54	52	14	29	21	90	21	27	63	96	89	33	98	21	83	10	86	42	53	85	48	97	54	74	22	65	74	75	44	22	54	65	64	93	28	69	35	40	13	83	44	32	20	58	76	40	22	30	77	48	90	39	19	70	53	59	13	92	79	30	30	33	73	32	86	26	20	35	66	26	27	69	25	18	79	90	27	30	69	23	40	17	81	75	43	73	56	90	83	19	31	68	90	32	86	94	32	79	57	49	44	70	50	91	64	81	93	99	30	15	15	91	69	73	90	77	65	76	84	50	92	71	57	19	54	83	32	40	75	55	99	65	28	29	46	58	96	94	51	11	23	85	81	14	68	42	27	42	48	56	79	92	52	23	17	66	48	51	57	70	70	75	60	69	18	29	80	23	77	77	76	15	42	12	85	89	21	14	11	46	60	69	85	16	48	54	28	91	49	49	32	50	18	17	73	14	43	36	31	43	49	76	73	50	98	44	72	82	48	57	83	87	25	66	83	43	34	11	73	26	98	90	55	52	45	66	78	65	77	63	95	36	53	92	40	10	28	86	80	87	13	82	98	21	43	41	87	14	34	64	56	76	94	29	90	23	77	17	28	69	37	69	21	60	31	91	95	100	89	44	48	95	24	57	78	73	84	66	39	32	16	81	58	38	95	10	28	48	51	19	97	19	65	81	65	67	80	53	50	47	58	76	49	52	52	95	21	66	50	45	85	12	37	97	43	68	87	17	47	57	14	31	90	59	55	69	16	61	73	30	61	50	97	39	95	96	16	78	60	100	42	71	65	81	18	20	78	70	42	99	89	36	33	50	79	98	17	78	37	40	60	72	28	56	81	46	56	86	14	40	82	41	57	61	71	17	61	96	81	40	57	83	37	38	49	62	65	100	91	45	42	69	22	27	43	92	23	99	26	53	33	61	43	21	24	94	30	57	55	35	34	55	36	27	31	37	52	56	15	59	89	95	58	89	88	66	87	85	35	27	65	58	53	19	85	91	30	81	94	94	89	63	78	63	79	73	43	83	51	32	37	27	92	46	77	88	60	23	42	73	31	62	84	56	18	69	94	38	84	49	51	31	16	21	73	44	39	92	35	20	28	23	11	48	82	47	88	23	66	25	36	49	71	73	11	66	93	80	23	93	56	21	91	39	53	73	70	16	12	39	39	74	17	40	54	38	30	91	79	11	78	20	55	20	87	31	41	93	58	90	71	82	83	97	96	71	37	20	90	30	40	28	16	36	86	20	44	60	39	97	48	52	69	30	45	54	32	54	67	41	70	35	93	24	13	66	25	33	31	99	66	100	42	57	20	69	17	68	100	15	37	47	94	18	47	78	14	52	52	62	89	29	79	24	25	32	66	85	90	97	15	95	84	49	65	57	26	97	95	96	55	50	58	37	26	90	84	39	43	12	59	39	83	13	72	12	19	55	62	93	25	65	44	94	98	80	20	69	42	91	89	74	42	99	91	85	94	69	18	88	98	83	52	71	29	57	97	67	44	15	20	98	56	62	96	76	45	90	39	94	33	33	78	34	37	25	86	13	79	15	62	38	68	37	21	36	97	66	61	50	45	59	77	96	41	69	18	63	47	81	97	41	71	51	11	32	49	83	99	98	90	29	55	16	16	84	75	85	99	34	13	91	56	86	50	12	100	28	33	35	49	96	43	38	89	99	94	39	50	46	77	38	28	95	81	81	40	75	67	87	56	34	64	39	37	75	23	43	78	18	95	56	18	60
64	65	55	85	34	28	85	32	53	87	60	66	94	25	64	100	36	22	76	35	48	67	63	45	38	39	65	97	73	50	18	82	32	56	21	39	90	58	76	93	59	76	41	42	91	13	58	71	26	81	25	99	29	21	70	96	98	67	51	87	32	91	63	51	96	90	68	10	91	55	80	95	72	55	16	93	14	58	31	23	20	67	42	56	42	84	89	31	37	32	30	67	96	62	11	43	87	58	73	75	89	11	24	48	78	77	18	87	19	49	72	95	14	29	78	45	19	91	42	79	73	43	31	55	47	51	48	90	72	53	52	85	58	76	54	41	90	68	29	93	49	10	18	32	25	63	56	64	83	60	16	35	38	23	48	90	67	88	50	80	89	88	92	54	50	33	44	22	60	57	72	97	21	95	11	55	81	93	13	44	95	11	75	86	68	96	72	56	84	86	62	95	72	24	48	11	17	46	26	75	20	59	61	93	83	15	97	64	66	98	25	65	14	67	62	61	85	90	72	96	74	93	93	21	39	72	44	11	77	17	25	86	42	96	93	20	99	71	25	23	37	36	82	16	98	50	40	71	64	27	93	25	95	24	84	51	71	30	35	69	63	49	98	100	98	19	46	42	60	27	39	61	58	76	70	55	44	65	19	83	85	89	24	22	50	62	25	41	71	75	49	69	37	15	31	56	33	25	22	16	39	91	40	56	18	48	72	15	46	14	81	46	88	25	90	33	70	27	61	34	51	90	73	71	58	75	61	54	30	79	94	83	77	56	36	76	65	20	96	28	93	92	77	46	86	23	76	16	69	57	78	96	47	26	49	49	55	36	25	32	13	32	43	73	29	20	74	34	95	21	97	76	44	100	66	56	79	19	71	10	55	64	25	53	19	72	34	97	95	12	56	60	16	97	38	36	34	49	32	83	57	88	83	37	45	50	81	37	11	12	87	42	31	50	89	17	95	86	46	39	14	12	23	58	94	70	64	96	97	70	35	14	26	40	41	30	90	89	85	89	83	44	55	91	42	38	69	84	83	49	23	80	94	76	24	42	74	86	100	62	78	75	66	32	87	56	36	78	48	28	76	35	69	29	28	43	64	40	53	61	94	98	11	21	12	81	71	73	97	95	24	24	82	24	66	67	13	23	68	60	74	96	93	38	33	53	90	31	16	74	89	44	74	38	31	54	23	65	92	92	28	79	92	27	55	20	55	47	89	32	11	84	82	46	92	22	73	14	68	91	99	48	96	78	53	49	94	79	79	93	23	91	96	61	42	15	85	48	36	100	63	63	17	90	84	54	95	80	20	80	87	59	59	88	86	69	22	37	36	76	75	78	45	53	72	27	77	17	44	69	92	37	65	49	73	19	23	95	28	97	78	56	91	91	85	53	84	65	28	61	88	17	42	90	92	27	35	96	95	63	57	81	56	73	92	75	36	70	75	83	22	86	17	95	36	29	47	13	87	17	35	27	66	19	41	100	52	57	33	76	17	42	65	37	77	80	63	97	67	45	70	56	78	60	93	83	79	27	66	32	40	53	26	21	87	16	51	47	50	89	71	69	39	29	10	82	80	87	72	99	19	39	16	11	78	48	98	95	51	16	12	70	98	99	47	64	42	72	45	44	85	22	59	88	44	73	30	99	58	78	36	69	90	14	59	60	75	33	90	80	53	99	96	95	59	27	90	59	40	17	77	25	52	75	28	77	20	96	25	14	44	22	54	93	54	31	97	62	41	48	39	46	88	57	50	97	81	77	53	15	81	89	64	74	54	36	80	65	64	22	31	37	61	66	94	50	21	99	86	27	37	30	17	91	72	45	74	86	58	53	59	100	99	92	88	37	75	89	16	65	19	46	81	74	33	19	10	90	17	87	94	41	73	35	56	11	81	44	33	40	23	75	87	81	15	89	36	26	87	38	51	76	80	86	93	22	59	48	31	80	60	68	31	64	71	93	79	98	44	78	86	94	79	14	27	37	25	85	65	64	60	84	68	39	68	69	38	19	63	48	96	19	12	97	69	40	52	96	98	72	12	11	26	45	91	48	50	99	33	37	23	13	46	57	11	55	18	62	13	12	76	54	48	38	84	83	53	47	43	20	45	77	71	47	87	62	91	92	18	79	64	49	19	47	71	15	29	91	50	16	51	43	48	60	98	66	89	30	90	49	100	11	73	65	23	32	45	27	68	19	43	58	33	94	87	98	35	26	68	60	24	40	28	78	54	41	89	55	86	77	37	42	56	24	96	90	38	90	99	13	88	25	37	58	54	21	77	25	68	55
44	49	63	21	54	73	29	51	63	92	33	91	77	34	16	42	100	76	88	94	28	86	53	88	51	88	46	90	28	76	84	12	40	55	40	82	21	65	88	89	17	46	19	25	63	40	39	69	74	85	61	44	61	60	84	71	51	97	97	51	54	36	13	78	94	14	54	14	71	20	68	76	57	93	14	45	64	55	91	97	94	73	78	22	25	21	92	59	91	16	38	92	25	90	23	46	96	84	61	55	65	56	33	98	15	80	66	17	68	50	35	12	99	98	83	70	25	85	49	25	39	70	30	19	97	54	88	37	83	66	11	87	35	49	41	58	91	15	34	19	20	17	47	80	63	63	98	49	55	39	30	64	73	16	54	17	86	70	89	20	66	10	62	69	70	76	23	62	39	13	90	92	62	39	29	58	99	74	88	84	76	21	97	25	60	83	51	94	34	75	81	57	42	27	63	71	19	55	19	98	61	19	96	55	50	25	19	41	15	94	92	72	75	18	62	83	11	34	80	48	51	29	49	18	35	60	25	44	95	75	12	77	41	21	85	51	68	78	14	13	83	23	76	82	100	79	63	94	48	17	66	16	36	87	14	18	21	98	21	29	68	72	17	78	34	82	97	48	45	43	20	37	90	43	22	19	37	51	70	29	18	87	44	74	92	60	14	11	22	71	86	46	86	75	77	47	85	60	54	57	74	12	85	22	95	36	34	42	32	77	62	57	44	94	89	54	25	19	63	58	96	11	82	24	40	47	67	23	54	31	49	59	19	59	92	37	45	92	14	86	16	70	31	44	89	54	84	52	11	22	25	23	61	80	78	86	50	73	11	42	19	61	83	57	59	28	66	11	41	82	59	73	82	64	30	98	76	34	61	91	63	22	27	94	74	64	71	57	83	60	78	89	63	73	45	74	14	45	81	88	72	41	76	33	72	89	16	68	20	71	49	52	46	20	77	14	22	34	14	95	43	34	37	65	96	51	78	50	51	70	34	77	67	19	41	76	59	62	31	14	13	67	40	89	40	85	65	77	98	39	31	94	77	76	85	36	28	70	94	16	53	67	54	87	74	61	69	69	14	99	27	67	24	55	40	61	60	44	65	87	86	61	27	31	66	19	79	75	62	88	71	53	49	14	54	79	31	28	30	76	92	17	45	23	60	22	46	62	33	94	93	80	84	84	57	90	62	86	47	27	77	72	32	45	56	96	98	97	35	32	21	97	20	16	50	22	44	42	68	28	29	70	69	43	16	25	94	14	71	24	29	91	51	37	25	78	43	58	83	29	86	36	27	46	11	64	26	17	22	60	53	40	48	43	85	74	38	85	82	72	50	21	55	87	22	66	92	15	45	19	99	82	24	39	19	94	79	52	17	13	89	92	43	69	66	97	94	97	73	57	73	39	53	59	80	58	90	34	99	98	26	43	12	51	56	61	48	23	89	20	60	57	56	73	33	18	34	23	30	94	18	13	49	78	99	24	55	80	42	70	44	17	33	81	37	62	37	18	61	56	79	19	60	35	61	28	94	25	27	94	56	98	57	77	70	92	35	64	45	70	67	34	44	97	38	27	11	46	13	37	40	86	54	25	15	55	20	73	20	11	56	87	27	23	48	35	63	65	82	92	56	23	46	22	23	100	80	12	75	69	61	72	74	40	50	75	77	35	34	19	85	42	25	31	37	28	33	67	85	32	94	91	59	78	22	79	50	60	19	38	46	85	82	50	81	29	15	24	47	66	14	99	36	100	86	57	92	40	15	63	80	89	87	49	44	48	82	59	100	51	39	82	21	86	41	27	52	27	79	53	36	40	23	85	17	42	42	66	88	72	30	78	28	39	55	51	22	98	41	19	20	67	93	96	74	14	90	64	95	84	80	99	79	15	22	94	58	16	88	77	72	26	79	56	66	16	45	51	42	60	11	16	37	81	44	92	62	57	96	13	62	81	86	16	68	28	75	88	13	23	13	70	38	90	32	91	40	31	100	86	19	34	79	23	41	16	96	86	32	81	57	93	86	78	33	44	97	45	43	64	22	60	99	28	93	43	28	90	31	83	44	84	32	67	23	37	23	71	56	95	16	50	62	23	85	94	11	94	80	49	96	70	82	11	54	77	85	73	82	70	22	33	12	77	50	54	16	38	31	74	45	92	77	43	57	76	46	32	56	65	29	12	22	71	79	13	45	74	88	59	34	20	90	80	55	62	20	87	78	25	91	92	97	11	22	18	55	77	49	86	42	36	44	86	66	24	57	28	68	49	13	64	42	24	35	40	63	29	18	84
17	87	57	25	26	26	52	56	20	36	82	80	81	88	26	51	49	98	41	99	70	94	99	57	51	53	100	84	91	37	67	14	58	55	17	29	52	59	82	68	84	84	27	21	34	93	14	98	98	45	19	16	78	58	43	83	68	13	77	73	56	15	89	73	39	54	47	22	41	78	69	59	54	74	36	79	57	16	43	81	20	13	48	80	72	42	33	57	95	98	33	14	88	76	22	99	33	99	33	96	66	24	43	71	85	65	14	41	84	88	47	17	62	54	39	92	93	76	40	90	73	50	100	62	27	37	81	21	68	12	20	15	73	39	12	72	66	67	38	95	94	92	71	55	90	94	49	52	80	43	20	18	45	75	26	92	16	39	52	68	51	78	50	76	15	85	32	63	45	35	51	22	80	21	95	23	20	16	78	76	84	35	63	21	21	27	88	34	14	21	97	86	80	21	96	13	84	80	12	17	85	85	19	73	29	51	69	39	30	48	13	57	27	84	17	44	81	89	62	23	76	99	15	43	66	25	92	46	76	21	41	45	96	81	11	64	97	82	71	88	34	13	19	89	65	65	69	97	72	51	87	31	82	29	65	55	79	25	64	28	84	77	61	83	15	26	18	82	97	92	62	86	36	10	58	63	79	35	35	36	57	95	61	16	73	96	26	14	82	70	33	32	67	32	98	55	17	26	87	43	85	78	36	15	36	95	52	19	78	96	83	95	86	36	23	15	92	40	50	20	69	91	68	50	31	85	62	26	23	11	84	63	82	67	88	17	48	71	62	85	16	96	32	96	17	80	44	13	78	14	47	27	97	46	31	90	41	16	73	20	21	91	89	24	93	30	71	40	17	25	95	20	48	40	66	62	55	53	38	17	31	64	16	55	71	13	29	69	14	54	87	58	10	98	36	53	25	83	44	78	56	85	28	14	15	69	78	76	69	23	17	77	27	37	15	55	77	100	42	94	17	65	87	90	15	68	65	41	78	46	52	26	72	41	34	99	86	88	13	88	38	50	69	32	34	90	34	20	79	53	93	12	77	74	65	58	18	81	77	37	56	12	33	91	34	14	39	14	21	59	82	97	50	44	83	89	70	35	76	46	20	38	13	17	80	57	54	66	83	54	92	45	87	32	41	67	89	16	69	55	86	21	88	84	52	33	74	31	33	80	31	100	52	57	33	27	36	85	87	83	11	23	85	94	62	63	40	17	73	88	89	37	37	74	85	98	47	95	69	90	30	88	58	11	84	77	37	34	66	21	22	51	25	15	47	77	24	47	53	35	69	33	40	20	24	76	48	22	49	98	50	84	39	60	73	70	68	39	96	84	56	21	53	50	17	48	37	76	38	100	92	78	23	22	89	26	72	67	64	59	99	40	47	12	93	98	78	53	68	70	80	76	25	46	51	82	23	26	53	89	66	20	13	24	62	38	50	16	33	37	15	80	98	33	99	47	62	64	25	49	53	42	91	87	81	53	70	16	69	20	68	60	80	73	30	65	64	90	13	58	48	20	53	48	71	12	22	64	80	15	12	66	47	97	65	56	68	31	53	20	90	44	49	26	94	59	84	44	73	31	40	71	28	40	42	13	74	75	99	54	78	89	86	92	71	96	71	10	60	29	74	11	90	62	99	33	62	80	20	61	40	68	25	96	93	12	51	16	84	99	71	26	76	63	79	80	17	96	72	25	75	55	14	47	79	56	95	56	67	26	41	56	35	34	39	96	77	28	67	37	43	63	30	24	11	32	78	32	51	75	81	91	32	31	27	30	86	89	45	68	20	30	78	66	54	66	89	24	64	63	75	81	60	19	74	73	43	92	24	95	53	38	63	10	92	61	62	93	54	31	98	60	99	81	79	12	95	72	11	66	44	32	25	26	98	34	88	98	69	67	92	36	38	67	74	93	53	96	68	23	91	53	60	57	68	52	46	61	94	88	80	11	95	48	61	11	86	85	39	89	68	53	24	36	73	74	41	22	68	89	87	79	18	93	47	65	73	96	15	55	40	24	32	48	30	36	35	30	63	58	16	64	96	38	99	81	84	84	92	56	91	25	88	50	26	87	42	93	62	49	82	59	43	27	99	60	40	99	44	61	51	34	64	74	76	46	18	87	58	36	44	50	57	28	60	97	27	86	70	49	73	68	48	73	27	19	32	43	38	43	47	83	68	56	12	67	55	88	29	28	41	78	67	96	73	69	86	89	37	73	69	44	87	43	62	17	13	19	29	81	87	23	34	71	72	21	28	71	17	30	95	42	79	76	92	36	22	77	69	55
78	79	20	92	22	87	64	72	74	72	25	92	22	82	34	56	64	21	92	79	65	75	15	96	78	32	40	60	72	73	98	81	72	70	41	65	16	93	57	70	55	20	67	26	62	58	74	18	78	21	25	17	44	54	26	98	31	80	18	47	56	11	33	98	74	67	83	14	38	62	35	48	58	16	96	44	27	66	84	52	33	72	34	63	47	68	43	44	73	13	12	75	54	17	61	27	96	54	24	87	13	26	34	35	75	99	19	67	62	50	77	68	50	17	94	78	34	83	61	77	75	53	18	30	98	84	64	21	17	88	15	48	98	64	99	48	21	82	18	60	18	95	70	99	94	19	17	70	42	20	51	69	88	22	77	88	85	17	65	94	42	52	31	33	75	56	38	54	77	27	67	59	50	13	65	100	11	63	74	24	25	50	50	92	84	70	13	84	21	33	12	87	38	61	46	25	60	58	59	89	42	45	75	76	48	96	23	77	55	41	41	16	12	57	51	65	73	45	83	54	49	88	56	72	66	10	68	76	43	65	97	97	85	19	46	35	81	25	39	20	85	63	33	87	82	41	24	39	17	11	14	56	22	30	97	66	68	100	74	61	24	97	62	66	37	79	98	11	86	42	28	62	33	29	21	21	88	72	57	95	59	18	66	37	38	13	86	55	37	32	19	58	37	30	28	57	61	77	21	37	76	95	44	55	21	75	52	34	20	35	91	69	52	23	74	45	61	65	78	39	75	81	88	62	88	26	83	88	47	82	86	82	46	76	92	41	89	42	22	33	79	30	84	62	84	19	38	99	80	11	13	34	67	37	25	47	68	93	34	72	26	94	96	76	90	34	94	45	90	58	47	57	60	66	29	54	88	89	85	93	38	89	99	83	21	50	49	35	70	87	18	50	27	32	58	88	100	97	22	77	67	99	21	83	65	36	41	79	44	92	87	79	98	98	86	43	69	30	65	100	29	92	52	13	85	81	47	53	30	91	38	32	24	63	48	64	56	80	55	87	93	57	19	25	72	93	80	41	36	39	18	98	57	50	99	10	30	68	100	28	43	58	79	80	73	13	54	51	98	17	62	44	82	40	91	58	64	97	45	68	54	18	19	35	44	60	19	43	78	79	87	69	48	23	92	93	74	51	66	81	81	41	80	18	76	56	14	31	45	59	81	85	91	93	74	23	71	38	15	51	79	30	46	22	55	47	70	35	88	85	18	95	70	22	63	46	51	83	14	58	50	35	12	38	75	54	32	36	30	58	18	98	28	50	43	75	72	95	34	95	66	20	87	88	27	39	29	68	39	43	86	71	84	17	62	46	82	34	23	75	86	84	65	74	56	54	68	33	76	90	48	86	70	96	21	60	24	82	61	85	39	71	50	84	95	51	38	19	63	79	43	90	84	70	65	72	77	64	41	80	28	24	65	34	81	72	41	13	25	93	69	34	97	12	80	50	17	42	33	76	22	53	14	24	46	48	14	83	25	17	49	28	31	15	68	48	74	78	89	88	70	84	23	62	62	63	67	39	52	73	48	21	98	62	59	19	60	79	74	47	84	59	48	75	94	75	18	95	45	89	59	88	74	31	35	14	19	25	44	63	37	38	63	26	57	80	88	41	23	21	67	25	64	66	32	16	20	83	93	71	20	89	24	91	32	83	22	92	32	77	74	71	95	59	56	38	37	31	19	89	97	43	40	55	21	20	60	51	28	36	11	74	79	18	41	53	99	74	73	81	36	81	34	61	49	72	56	18	45	94	66	94	12	73	24	34	91	29	45	27	70	35	39	13	68	83	65	72	49	37	12	54	13	94	54	69	29	72	14	78	49	75	40	11	36	70	48	76	35	16	80	42	47	14	12	11	48	91	33	39	15	41	70	44	27	50	68	15	82	40	68	90	85	76	28	51	24	58	67	18	19	77	15	71	57	28	72	38	38	52	44	38	61	100	39	14	44	29	32	93	72	42	50	71	21	68	67	66	86	78	56	97	55	75	78	70	85	75	22	20	42	76	61	39	71	89	94	21	54	51	47	39	68	81	61	34	29	38	70	25	29	24	98	81	18	63	24	89	21	30	84	65	95	76	29	71	93	84	36	63	20	100	91	28	67	86	20	67	55	56	45	31	17	86	12	12	46	44	98	92	67	56	55	38	79	59	65	94	57	94	19	31	74	31	80	72	80	66	72	24	57	56	13	14	44	69	41	81	45	68	26	98	99	76	19	64	94	68	17	12	39	74	60	54	33	87	75	68	29	43	26	76	76	66	70	38	20	76	51	74
100	77	67	29	99	40	54	27	98	15	72	30	72	95	32	23	67	86	69	83	22	69	20	82	33	86	99	51	95	58	20	94	90	55	84	67	83	46	92	34	27	35	15	53	79	63	78	45	89	49	43	97	42	11	33	28	75	49	99	69	75	18	28	73	35	39	35	53	30	84	23	89	91	16	22	15	51	31	38	32	90	61	11	37	76	26	85	70	31	64	82	43	100	34	21	69	49	61	28	25	68	38	23	49	51	83	21	97	34	84	18	21	31	30	96	67	98	23	84	81	62	49	51	89	91	34	66	60	60	84	87	44	76	33	66	21	80	88	17	60	47	32	11	72	68	99	54	10	64	88	76	54	64	11	11	23	79	98	41	62	11	57	18	42	28	16	51	50	57	95	29	29	76	72	28	31	28	38	35	49	40	70	96	89	87	64	46	23	82	14	89	82	94	80	60	90	12	47	69	57	89	67	35	13	93	49	53	66	56	25	65	25	77	89	92	67	93	52	28	19	52	92	70	86	45	35	55	30	49	56	40	64	85	78	57	41	100	70	24	14	26	68	60	58	62	27	98	59	42	14	29	91	29	65	78	49	96	39	24	92	56	86	64	45	35	55	31	64	56	85	34	51	30	14	45	46	18	55	54	68	50	73	79	84	79	79	85	95	47	98	36	72	100	99	62	60	49	73	18	22	84	93	97	56	35	72	53	96	86	81	91	68	71	61	59	46	67	44	45	11	39	47	27	41	48	38	91	87	46	55	92	62	92	92	79	100	81	98	36	71	12	31	87	24	15	69	67	83	36	14	38	78	59	14	95	78	68	51	24	52	53	72	71	84	50	83	36	22	46	18	60	70	83	23	49	29	86	88	78	42	80	16	93	83	75	39	81	84	35	87	21	65	21	37	90	15	63	71	39	21	57	40	94	74	69	25	97	89	67	47	79	79	18	20	66	76	94	100	59	92	41	64	31	20	50	93	79	18	84	61	14	41	53	84	24	54	52	99	62	59	54	52	47	74	99	77	50	73	67	24	36	93	93	63	61	88	96	93	23	29	76	40	41	85	70	63	61	71	82	58	99	56	85	58	86	73	73	19	21	50	72	63	20	80	30	26	74	54	11	83	81	73	19	67	74	58	78	95	42	95	60	77	97	15	92	29	35	63	29	15	48	58	83	80	99	44	54	42	57	28	99	42	84	47	58	43	65	90	21	63	37	50	95	77	18	15	93	38	46	18	53	83	69	54	54	28	64	45	77	89	92	62	48	23	88	96	76	88	48	13	23	50	84	32	11	76	66	92	43	96	72	11	66	75	15	84	66	59	55	88	21	63	72	25	80	12	95	33	59	95	53	78	95	81	41	28	41	23	88	36	24	98	74	98	74	63	25	50	75	21	70	27	46	38	45	97	69	62	63	34	76	83	82	47	89	15	44	65	28	11	80	86	59	95	41	61	66	44	76	30	90	53	97	29	15	53	69	22	70	52	48	16	24	61	77	32	47	52	83	66	47	74	76	96	14	95	96	62	93	39	52	40	82	97	23	66	66	24	79	64	34	76	36	44	83	97	51	83	79	94	58	63	31	48	65	90	18	78	83	65	82	47	78	98	14	15	12	42	29	63	36	22	46	21	34	61	54	61	43	12	36	66	14	28	20	50	89	50	17	81	92	83	85	68	55	41	46	43	26	59	87	69	13	83	23	64	85	16	40	25	84	78	98	17	14	43	54	45	69	61	95	10	25	69	81	37	44	65	83	11	36	23	66	92	63	25	39	89	71	38	94	85	20	16	56	73	60	87	48	45	67	16	39	28	57	84	85	78	17	85	71	27	86	68	85	14	85	73	90	89	48	90	95	95	70	94	82	70	82	17	84	75	73	67	39	44	19	94	25	87	11	47	64	90	51	58	33	94	94	69	73	74	96	42	62	46	59	71	24	84	83	53	29	32	40	87	30	94	58	74	59	15	40	92	43	35	61	80	94	62	53	53	21	31	57	13	28	39	58	68	80	33	28	11	47	25	67	11	33	97	60	42	56	90	33	95	45	94	25	91	83	22	30	96	28	55	62	35	84	33	34	16	64	15	41	91	52	32	23	22	62	87	48	26	36	93	38	82	17	52	34	23	25	31	83	32	38	61	24	13	97	99	48	99	12	64	60	66	31	82	22	74	94	63	84	68	54	41	13	77	78	83	27	79	22	56	80	70	90	83	48	20	82	22	25	78	49	37	16	30	48	17	61	19	59	52	46	96	23	33	63	17	44	38	27	48	77	83	24	12
51	19	73	83	97	51	12	63	80	85	54	79	21	44	89	86	75	75	54	57	32	34	36	93	99	62	48	63	97	64	99	14	67	88	27	25	43	77	35	91	97	32	89	84	71	97	65	54	53	41	66	35	35	15	63	98	54	21	90	61	47	30	31	28	58	44	78	53	10	84	54	43	98	79	59	42	94	55	21	40	52	33	60	21	78	79	22	94	14	67	63	17	54	96	73	84	75	51	78	45	87	51	42	57	91	25	39	33	56	68	46	36	91	50	35	93	11	21	27	50	82	96	25	82	35	13	74	45	50	93	55	10	43	14	97	13	13	25	58	50	44	32	94	12	30	28	90	73	35	41	38	89	80	88	93	80	97	81	16	29	97	15	14	12	25	20	23	34	21	39	21	54	71	26	23	73	37	33	95	90	83	34	21	44	33	93	40	100	35	54	46	85	57	94	84	87	50	85	62	21	71	85	76	48	63	67	73	35	12	65	68	26	39	100	68	18	76	62	99	67	65	94	54	82	88	55	60	78	55	46	26	86	69	72	14	55	78	65	48	25	25	39	18	83	25	90	51	76	55	20	55	29	31	91	54	85	55	54	24	70	32	26	30	59	37	83	96	15	41	13	46	82	60	64	40	71	27	44	70	87	82	83	36	87	57	72	43	28	47	73	56	60	29	13	32	94	24	50	76	70	85	89	88	22	31	20	22	16	82	77	89	47	87	29	27	77	34	62	45	55	47	90	92	40	32	82	50	17	82	95	37	14	53	94	80	17	41	38	24	94	94	11	78	22	95	18	10	65	46	82	45	81	42	38	50	71	24	92	80	23	97	50	62	94	49	50	35	53	68	32	45	69	33	67	75	14	90	83	52	43	68	55	57	10	23	38	26	32	27	24	45	66	69	68	80	13	86	13	42	52	72	56	87	62	31	71	16	55	68	63	84	71	38	76	55	49	30	12	12	61	60	70	50	73	80	53	43	20	77	76	59	54	35	13	17	71	48	32	58	86	21	50	65	69	65	99	15	11	37	12	88	82	63	99	81	40	58	34	43	41	80	60	84	68	62	83	15	98	99	28	87	90	90	80	97	88	73	63	96	14	41	79	44	38	34	88	22	84	56	82	41	13	78	96	64	69	14	47	18	59	64	71	53	83	26	64	22	18	10	16	37	93	82	44	84	23	61	93	93	55	72	37	54	11	98	13	94	19	87	96	31	85	44	44	34	85	85	62	72	70	10	46	21	49	23	83	65	71	17	99	76	19	19	100	79	22	47	42	90	77	30	41	36	69	50	32	49	93	65	80	31	91	47	41	84	33	72	98	51	51	81	19	46	69	92	18	53	66	55	73	13	41	80	39	97	76	14	19	27	15	97	89	13	51	71	54	55	64	63	56	93	65	55	42	92	98	38	70	88	37	89	11	92	21	42	71	38	43	47	17	33	27	18	94	83	33	38	38	72	87	57	91	67	97	47	62	15	57	83	67	81	60	12	48	68	13	28	11	53	65	17	76	91	64	56	87	100	88	75	23	32	88	55	76	47	83	86	17	61	56	65	49	84	26	52	53	18	66	58	24	76	75	82	20	64	98	61	96	42	88	51	46	42	17	97	94	88	10	17	62	88	11	76	86	12	36	98	78	80	56	95	82	88	84	71	50	48	17	11	23	99	53	16	78	70	93	49	67	85	21	61	22	73	38	74	38	19	71	90	67	96	80	33	92	86	76	11	91	17	27	87	42	90	36	64	13	40	54	72	67	18	52	97	56	44	79	96	87	59	91	27	49	49	43	21	79	47	29	71	27	34	25	61	70	49	47	16	79	96	33	17	20	49	26	35	12	85	13	28	11	66	19	95	22	63	80	84	56	31	57	17	82	64	25	89	62	40	54	83	63	21	43	81	72	74	67	92	68	73	96	51	65	98	44	12	98	70	84	69	78	74	75	38	35	89	47	46	86	26	80	46	80	17	72	17	32	91	51	57	93	16	89	38	91	73	36	27	88	69	47	24	94	61	95	55	11	19	81	30	66	56	16	78	75	53	58	32	32	38	90	84	38	52	32	55	64	97	83	19	45	78	84	27	54	62	53	59	23	37	53	51	44	31	83	20	36	79	70	55	23	98	63	17	60	65	63	35	87	46	35	60	58	81	56	41	82	94	26	96	19	10	25	71	58	85	100	25	79	25	41	68	39	37	49	13	51	35	97	17	26	45	95	40	22	43	37	25	29	11	96	28	72	31	67	31	68	80	93	33	37	11	85	13	23	54	31	18	78	59	65
14	67	79	52	46	98	94	93	69	98	79	72	60	35	50	62	61	26	86	70	24	16	27	67	54	88	78	34	32	83	56	28	47	23	42	82	37	93	50	100	75	52	57	20	64	76	58	57	21	69	12	92	50	41	13	71	12	43	78	76	93	61	60	91	16	92	95	84	55	47	77	93	68	29	42	20	55	37	51	69	52	96	13	19	56	29	60	16	56	65	19	59	73	24	50	77	65	10	74	78	17	24	60	76	92	45	15	21	80	67	89	88	20	12	15	53	83	79	87	44	77	93	22	13	29	99	20	25	42	82	58	91	72	34	80	88	41	90	90	71	58	65	47	21	31	22	56	32	48	25	78	31	58	78	64	50	66	44	95	58	60	19	62	22	22	34	89	86	90	85	49	64	41	80	45	53	60	75	86	85	80	96	83	30	33	49	38	94	59	21	91	64	29	87	88	60	87	22	38	91	61	69	51	54	87	93	30	58	67	50	72	82	52	87	32	32	30	30	41	38	80	36	66	73	49	55	76	71	88	15	55	57	39	43	32	50	75	60	23	46	34	39	69	11	14	91	61	88	46	56	62	35	37	93	33	71	61	43	93	64	33	30	73	87	84	31	40	24	30	67	43	32	64	69	75	93	74	36	83	86	22	46	48	100	10	44	25	56	43	63	76	16	62	75	90	89	69	36	15	96	53	87	22	98	52	90	14	61	82	20	99	46	12	88	49	45	76	18	12	14	46	73	61	58	14	13	22	17	17	76	61	22	29	75	93	68	79	35	23	82	42	76	96	91	85	65	100	21	59	97	13	92	34	84	84	12	29	47	85	55	36	39	19	75	70	90	74	42	76	45	93	76	40	100	30	42	58	89	16	62	70	91	65	31	30	48	50	77	14	87	15	31	80	68	11	44	43	93	56	39	74	47	40	92	19	16	79	62	72	22	41	59	50	94	76	11	90	93	56	22	81	54	65	10	35	39	38	56	67	57	63	59	75	41	70	87	66	68	84	89	59	83	28	45	73	82	99	16	66	53	56	44	70	91	16	44	41	67	47	70	81	51	89	41	54	36	44	18	42	59	81	24	45	48	58	31	69	31	26	70	13	48	73	59	11	48	16	42	56	90	65	80	93	33	94	16	27	61	55	100	34	36	72	97	42	74	89	79	71	68	69	23	70	15	18	59	78	34	91	47	47	20	15	51	61	18	73	75	96	16	25	64	34	23	94	46	84	21	65	64	14	48	37	20	29	57	14	59	36	14	81	31	87	69	37	68	59	81	42	72	96	75	67	10	77	36	15	94	85	31	18	65	15	90	96	38	36	13	46	41	96	53	18	81	73	55	29	38	18	11	78	17	76	65	47	86	54	94	66	44	63	53	93	83	91	99	39	97	39	66	29	34	100	93	12	32	12	34	51	81	12	17	27	37	25	73	59	47	44	82	21	13	87	27	38	79	91	13	35	48	88	82	84	85	19	19	32	99	59	88	78	15	63	81	91	57	76	83	82	62	67	27	94	89	29	39	93	83	60	36	29	54	76	84	97	83	93	90	76	69	86	44	20	90	52	96	16	59	31	41	57	51	84	71	11	83	45	83	67	98	75	67	36	75	31	25	60	46	54	48	12	41	42	64	38	100	74	85	37	57	74	60	86	45	72	65	79	37	76	38	62	92	69	46	78	38	10	84	100	54	44	72	45	68	41	52	93	49	44	69	27	59	23	44	63	76	71	99	89	33	14	22	70	33	51	61	53	40	73	54	47	55	56	43	50	33	50	48	85	43	71	89	41	93	74	53	13	79	95	10	68	77	74	55	12	61	14	63	35	16	80	63	33	76	63	78	11	64	23	45	77	69	43	62	20	90	94	12	51	40	63	55	12	71	51	62	61	49	45	11	12	65	52	12	96	34	59	84	65	56	46	60	58	20	32	61	40	50	59	62	33	84	28	81	67	52	28	82	15	50	66	56	44	11	76	87	60	39	86	16	44	69	58	61	66	85	51	16	61	57	13	46	43	90	24	68	32	27	14	72	99	94	58	14	46	93	40	93	11	39	79	68	56	29	37	32	34	20	100	83	61	12	80	25	98	26	41	74	91	79	35	58	74	63	89	55	87	80	72	89	48	62	17	36	37	89	91	35	47	90	29	63	73	59	90	48	51	38	82	88	50	96	18	17	70	42	72	90	28	77	13	56	67	80	71	81	60	86	56	76	41	53	43	70	53	21	57	79	90	61	98	23	84	66	11	58	85	67	60	87	98	23	11	46	72	13	34	31	49	20
24	100	90	59	99	55	57	92	31	94	94	54	62	85	62	99	54	62	64	60	21	25	46	76	13	75	75	94	88	72	50	51	52	88	39	51	39	71	70	48	52	44	24	72	14	90	23	77	90	82	77	68	25	29	26	83	99	37	98	43	52	28	74	59	95	13	25	85	11	42	21	88	62	69	74	39	13	69	73	81	58	25	62	24	67	19	51	67	63	97	86	62	41	45	43	57	48	64	25	20	44	13	26	87	89	43	92	31	15	55	35	54	76	50	52	12	14	90	56	88	79	94	62	12	47	75	46	61	62	61	22	12	37	42	31	31	36	72	84	18	86	14	22	98	34	32	12	87	42	70	18	44	97	55	20	38	50	15	51	40	41	88	71	34	28	31	68	19	83	12	43	78	27	71	33	40	84	20	52	46	66	26	42	10	32	22	97	60	92	79	80	69	15	98	24	45	25	61	33	15	61	27	90	38	61	95	30	24	83	70	81	72	45	36	79	62	53	99	54	98	37	53	91	43	75	93	24	99	35	32	46	62	71	42	13	91	50	67	57	93	68	92	14	83	65	64	50	84	60	23	79	30	28	48	53	33	18	13	45	33	57	61	15	61	13	57	96	19	32	16	75	81	54	60	83	55	76	92	18	98	93	36	21	90	77	22	85	96	91	59	32	32	81	71	98	69	64	93	35	73	25	30	82	100	84	28	50	26	61	39	33	70	52	58	42	47	16	77	68	78	30	92	31	64	12	93	94	87	36	86	96	37	89	96	97	95	45	46	51	19	48	21	36	41	71	80	97	22	55	81	31	39	88	44	15	87	65	24	81	70	73	20	84	12	70	36	89	48	83	64	31	31	88	98	12	27	20	54	88	76	82	65	10	43	27	63	12	93	81	50	35	57	32	36	78	12	25	57	99	58	39	66	79	30	73	98	48	13	37	40	47	26	32	99	70	86	70	81	77	87	26	34	14	64	36	58	31	36	15	37	48	80	96	84	53	14	20	77	94	98	83	96	65	54	52	17	88	34	72	51	74	64	96	58	40	22	17	21	62	68	39	41	54	76	27	58	28	61	58	44	94	73	43	66	32	20	39	54	67	40	64	23	65	17	59	74	58	55	94	14	39	40	23	67	43	40	11	65	27	97	93	100	39	55	55	46	38	78	55	25	43	77	41	49	65	59	80	82	92	52	39	13	11	63	38	33	46	85	84	13	89	29	84	74	86	62	96	68	69	63	16	87	79	97	97	89	56	83	91	88	86	21	61	13	29	93	35	69	31	66	65	81	88	23	80	93	68	89	99	58	86	87	77	73	85	76	52	82	98	96	25	71	38	23	72	75	42	32	17	64	84	75	28	86	73	22	76	47	77	19	78	38	74	20	61	24	43	20	53	48	33	55	13	71	98	49	49	49	62	91	27	49	33	25	97	64	60	92	46	93	78	92	17	94	46	62	53	82	74	56	34	43	42	56	17	13	24	73	39	60	55	60	49	12	36	14	22	49	35	44	53	64	54	95	98	87	42	34	37	75	75	78	58	48	66	53	88	77	49	76	49	77	39	93	97	28	81	85	38	22	11	87	17	83	23	41	53	97	68	35	68	19	37	56	80	45	61	82	56	56	44	37	81	56	68	48	72	29	42	38	31	42	72	94	89	93	38	88	50	90	60	55	11	98	85	90	67	51	67	36	14	40	21	86	61	15	91	30	61	93	42	41	69	81	30	53	52	47	79	91	21	78	16	74	46	80	62	27	98	67	64	23	56	52	97	52	19	84	69	91	73	37	45	29	83	58	59	97	96	92	36	68	70	37	33	15	16	92	26	77	20	74	44	62	49	36	78	85	49	37	94	76	76	60	69	36	26	72	96	69	88	92	73	94	81	55	88	66	44	45	35	93	74	75	23	81	88	16	39	37	77	89	95	98	18	13	24	74	39	66	38	41	38	46	20	77	67	61	36	28	92	64	63	90	93	70	46	56	49	51	51	28	15	73	95	40	50	58	70	62	15	18	57	75	42	58	49	54	75	39	71	43	33	90	25	49	64	96	33	25	17	17	74	42	77	44	64	25	56	20	89	29	78	74	43	39	24	79	93	86	84	65	96	67	88	32	25	77	72	16	64	94	88	53	10	43	81	11	83	65	14	45	91	11	42	21	13	96	23	23	45	19	100	12	80	81	82	35	34	27	82	57	84	21	81	78	21	14	47	72	54	46	27	99	16	37	23	19	25	61	73	19	99	44	94	81	19	25	63	40	46	50	12	11	60	16	12	83	96	82
93	37	82	74	22	83	11	37	48	24	24	62	64	89	98	35	88	34	80	65	30	47	21	13	22	15	86	43	56	11	51	89	96	25	81	82	98	39	92	11	60	10	78	44	75	13	33	17	41	49	81	85	20	98	95	44	67	23	76	12	40	29	52	25	24	34	11	62	50	81	41	33	84	80	79	74	13	69	82	39	81	97	42	11	38	61	86	89	60	38	31	97	15	82	38	67	13	37	58	21	32	87	66	92	60	15	96	29	95	48	80	60	69	59	36	55	76	55	94	30	61	62	62	48	12	44	89	81	39	54	83	87	35	57	34	28	56	72	11	18	74	63	71	56	64	48	84	79	27	21	81	51	52	15	98	52	11	58	48	18	97	79	19	67	66	22	61	69	33	48	62	65	61	33	49	90	75	71	25	14	38	64	25	11	84	44	24	25	69	44	60	88	79	15	13	50	52	68	26	48	41	16	39	43	66	74	55	75	64	34	97	16	44	73	16	17	47	45	40	92	23	65	46	66	66	81	76	56	28	64	29	91	75	54	61	89	17	77	37	27	28	31	97	28	17	12	47	55	26	15	97	52	45	97	98	73	14	65	67	41	21	90	51	91	81	75	82	43	13	88	53	49	28	67	32	93	74	44	88	44	52	15	34	73	94	37	61	44	37	64	92	94	35	26	55	79	59	28	89	32	66	16	18	13	64	35	32	78	42	79	84	93	99	30	60	37	26	65	18	43	67	77	30	19	44	95	71	99	32	85	63	51	83	44	62	82	35	30	32	88	63	72	76	29	32	67	12	53	23	61	68	65	74	86	43	37	48	59	39	25	60	35	39	80	79	23	35	54	18	83	43	16	56	11	87	56	33	92	52	63	35	59	37	85	66	51	27	70	19	48	68	65	31	51	89	92	14	34	56	52	65	14	45	35	19	46	29	81	35	71	42	26	98	32	52	12	32	29	29	50	95	12	39	19	12	12	70	20	58	16	39	78	95	68	65	48	12	65	17	92	69	69	16	39	81	68	91	82	98	45	41	25	79	17	58	87	27	18	59	88	97	54	77	89	36	99	14	76	51	45	68	70	52	45	77	90	73	86	85	91	31	47	21	24	63	45	96	59	46	37	53	55	46	70	19	83	92	31	70	82	87	17	27	35	22	56	26	35	61	72	38	45	24	74	76	14	96	17	65	44	15	59	70	97	83	83	20	29	66	17	51	74	53	70	85	46	22	19	27	22	83	66	22	50	73	53	29	33	47	71	62	60	80	75	48	15	51	89	22	35	92	25	72	53	89	36	63	15	46	10	66	36	18	58	69	39	16	31	85	44	67	42	51	23	71	20	80	86	60	48	68	43	97	100	35	42	58	95	47	26	37	92	88	25	90	20	18	23	42	75	87	53	41	86	81	11	26	61	77	59	31	31	98	48	88	67	66	70	32	82	35	56	79	92	36	80	25	45	95	32	42	88	64	35	42	43	77	86	76	65	31	32	12	13	17	33	61	92	29	24	73	52	34	87	91	98	54	37	28	83	29	87	23	49	33	53	85	71	73	90	43	43	43	17	14	23	86	32	75	54	16	53	57	58	60	24	85	35	70	34	62	83	30	57	27	65	43	74	59	54	72	11	31	61	31	80	71	71	91	20	49	67	14	100	55	73	55	76	98	85	40	89	17	20	56	14	37	83	81	47	44	99	16	58	93	28	50	49	30	18	45	77	42	38	12	69	14	89	81	86	57	39	91	44	93	95	39	91	46	84	64	29	48	14	51	79	14	62	53	45	54	85	66	30	30	97	69	90	96	31	74	61	98	64	68	45	18	52	14	42	100	83	76	67	48	52	34	32	43	51	98	94	85	96	14	62	88	72	80	19	42	32	27	55	66	19	95	35	44	68	51	66	26	33	78	41	11	11	99	60	93	93	90	40	76	11	31	63	71	60	73	93	10	24	91	91	94	35	27	13	63	12	67	59	78	47	38	72	29	73	81	87	51	86	28	82	38	94	42	16	13	47	74	96	98	79	44	72	13	15	94	95	59	45	53	71	76	72	10	37	98	67	51	88	97	21	90	92	95	61	57	29	74	91	73	53	22	74	63	39	86	99	90	16	51	84	16	31	51	71	85	60	59	25	93	68	44	78	98	52	19	20	41	21	44	98	11	75	40	41	76	29	28	34	73	88	57	93	22	56	89	83	44	11	18	91	91	49	83	81	85	19	64	59	26	36	99	47	28	53	59	77	77	97	57	30	13	81	81	15	58	95	68	50	27	41	40	95	55	16
81	57	84	35	73	98	62	86	83	31	79	45	70	97	54	92	98	27	66	63	66	14	74	21	48	69	27	89	70	92	43	32	56	73	12	56	57	50	46	54	97	45	96	49	41	60	46	23	11	16	23	40	63	73	72	15	71	27	67	21	15	43	47	39	22	61	48	94	91	34	70	18	54	17	37	48	100	57	56	92	78	67	19	79	77	94	71	27	52	72	87	51	92	51	98	82	44	14	37	93	87	40	60	82	44	20	20	75	62	37	43	38	90	20	93	87	69	27	18	54	78	82	98	24	56	26	52	57	41	37	51	54	17	79	40	92	79	25	98	43	88	83	36	91	63	67	38	56	42	97	41	87	69	44	40	85	76	41	42	45	46	31	14	25	90	49	52	95	56	41	34	93	56	26	18	96	60	68	72	70	70	27	85	57	99	99	42	45	94	61	53	72	55	63	51	90	42	65	20	29	19	16	25	71	50	40	34	86	99	75	82	43	61	25	56	14	12	88	62	97	14	53	28	47	94	74	57	79	90	42	76	99	20	54	60	36	89	72	22	72	34	21	96	24	95	40	33	73	71	77	18	39	31	73	46	91	85	39	45	27	14	90	63	68	22	48	73	53	62	11	28	83	18	77	81	82	58	34	31	50	50	25	31	23	73	22	54	31	40	13	52	35	43	31	84	27	65	76	15	88	33	84	23	16	13	86	39	54	29	97	50	63	49	45	13	84	18	41	26	85	62	73	100	81	32	61	21	67	78	83	41	74	27	44	79	77	50	25	63	25	66	26	22	11	93	34	57	39	54	45	54	48	60	47	89	68	100	57	41	14	25	52	57	73	33	23	58	94	29	93	82	35	37	34	67	49	29	60	22	62	32	14	88	78	11	11	82	68	32	74	70	96	51	67	35	82	96	72	17	19	17	71	65	83	30	98	29	70	88	81	81	28	10	25	95	15	76	28	60	81	62	32	97	52	27	59	39	59	35	89	42	24	24	96	91	45	54	26	31	87	53	46	100	79	15	87	58	83	51	40	22	100	28	65	97	75	60	64	95	53	85	55	33	20	93	28	21	24	69	78	48	31	96	48	81	37	12	98	57	17	37	59	65	90	67	73	66	88	59	50	96	48	92	82	49	94	46	25	32	43	81	87	18	56	22	100	43	69	26	41	24	62	65	80	54	48	21	95	65	53	30	13	29	33	63	18	84	61	40	71	37	13	44	41	97	77	14	96	98	44	17	64	87	95	26	28	47	97	71	93	55	88	68	43	74	86	68	43	12	36	81	34	21	18	46	88	79	38	83	23	54	82	59	50	71	92	72	49	51	78	78	98	31	91	60	55	50	26	15	83	81	22	49	50	61	78	53	16	70	41	96	67	43	77	74	91	63	14	16	47	56	81	26	64	13	38	34	21	55	26	88	64	49	19	56	30	76	25	65	82	91	33	12	96	20	60	51	37	42	32	97	88	76	31	55	15	31	17	21	26	93	56	67	68	23	64	100	63	17	30	16	71	58	76	69	75	94	68	36	26	32	97	43	14	13	58	51	21	69	12	10	16	87	62	70	58	97	64	84	95	36	27	68	77	84	67	37	87	77	68	82	28	79	53	85	34	32	91	75	71	46	95	56	88	43	82	53	91	68	90	19	77	64	80	43	75	28	26	26	64	40	94	67	12	24	98	53	17	63	12	79	58	25	54	80	30	81	41	55	99	57	86	65	85	73	75	46	68	61	81	70	31	24	71	58	27	79	80	65	55	92	27	58	87	69	98	15	60	76	92	59	15	47	37	36	46	26	94	44	35	70	69	30	71	41	50	51	53	31	25	12	57	28	79	71	30	16	41	97	68	77	75	43	57	86	48	43	77	21	55	18	75	35	30	61	32	17	90	15	32	25	97	40	31	88	63	89	91	64	89	92	70	71	79	37	15	66	44	93	30	83	77	60	81	23	62	18	18	74	45	35	93	82	28	46	99	78	55	46	49	72	71	78	59	61	83	75	79	58	48	69	49	67	49	51	24	86	50	26	100	80	84	24	81	67	29	33	77	36	36	80	69	63	75	47	55	72	40	74	65	70	43	73	13	72	67	46	43	19	49	50	12	35	68	71	15	43	84	25	65	49	73	54	82	18	64	57	57	37	22	18	91	56	24	81	46	62	66	36	28	55	39	37	24	64	53	46	94	29	38	33	40	80	13	13	74	53	96	92	18	93	90	75	69	13	89	53	29	97	88	99	82	96	86	65	82	26	90	100	39	61	14	89	74	20	92	33	32	97	31
85	65	94	68	75	21	49	67	19	83	91	36	20	90	46	91	95	96	83	56	67	87	99	84	66	63	93	72	24	40	96	79	21	44	83	25	82	12	24	76	99	81	46	66	96	95	85	60	18	86	78	13	71	83	40	56	35	67	64	67	42	74	15	36	38	77	76	65	79	32	90	16	68	62	95	44	31	86	98	64	36	88	50	42	66	50	35	99	57	87	61	58	79	31	77	86	73	75	61	41	82	58	45	30	36	92	91	24	51	14	23	62	20	29	63	74	45	58	58	13	96	88	41	30	99	34	27	35	31	56	37	57	15	13	91	99	27	85	68	45	98	29	27	78	54	87	67	43	16	12	36	31	91	97	28	24	29	71	85	25	50	56	32	68	17	28	14	40	81	70	89	30	87	15	28	78	32	87	49	40	83	49	44	19	85	86	25	65	20	89	56	84	74	55	95	98	43	25	92	56	15	51	44	67	24	17	78	52	60	97	28	45	13	96	45	16	91	88	14	41	34	63	86	98	58	59	92	28	86	47	40	95	93	41	26	30	21	11	77	59	56	38	91	85	94	48	15	50	61	67	90	85	37	67	12	36	37	48	53	61	28	89	71	33	66	70	46	74	88	25	70	18	21	98	55	15	32	86	42	56	85	33	66	73	42	47	51	99	74	63	25	23	70	40	72	60	87	14	33	21	59	97	27	71	68	24	38	53	42	76	93	40	73	39	79	18	14	35	87	91	79	41	30	85	43	96	59	83	74	21	37	62	18	72	56	23	57	75	84	17	47	35	30	37	93	57	82	94	24	74	92	82	39	41	26	82	84	22	31	52	12	73	87	99	87	49	49	19	57	13	20	80	37	14	73	87	44	84	24	15	69	64	69	95	15	76	55	76	33	82	74	39	51	47	42	29	50	83	50	16	53	66	16	14	77	59	33	21	81	64	89	28	19	87	39	95	83	17	16	63	44	90	43	57	49	87	37	58	29	96	75	46	41	13	96	89	48	26	93	70	56	47	41	32	66	28	52	48	49	65	17	22	17	39	51	13	98	48	88	66	56	92	65	27	33	31	26	66	44	87	47	79	40	99	97	10	62	47	57	39	71	61	34	20	66	75	68	57	32	84	48	37	70	99	91	93	86	73	17	44	22	14	43	10	59	44	62	30	30	12	19	86	90	50	63	90	98	86	67	54	57	98	42	71	11	96	75	68	14	26	64	96	87	16	27	45	50	89	70	76	52	41	15	58	17	60	45	22	90	11	38	20	95	59	15	86	13	41	20	80	35	43	19	83	69	52	40	39	61	70	22	47	79	89	28	39	14	77	14	72	35	83	84	64	27	36	15	85	96	36	98	71	60	85	33	23	87	97	14	34	82	62	65	29	75	85	78	85	66	49	27	17	94	76	90	63	38	49	47	46	85	78	57	57	27	49	51	70	81	42	67	40	98	19	77	46	67	95	63	93	45	96	79	20	67	97	63	56	67	42	75	90	87	82	25	30	43	65	84	90	97	71	56	31	57	65	99	24	84	56	69	98	27	27	48	49	25	96	63	97	31	98	78	97	52	91	69	70	95	33	50	62	57	51	71	46	28	86	45	90	97	77	13	25	68	23	35	48	27	53	15	54	40	96	28	51	21	93	27	33	29	73	96	73	90	87	22	42	16	39	84	37	100	35	27	79	29	19	10	31	97	33	86	48	53	88	22	52	77	13	58	19	47	57	63	95	21	57	49	87	36	53	46	10	19	61	60	35	14	69	57	26	95	19	36	30	46	43	76	72	30	70	97	64	19	98	24	90	50	30	25	15	57	73	41	26	69	31	16	17	58	17	53	98	32	84	52	73	74	91	80	25	96	85	50	82	74	100	99	67	48	46	69	12	21	14	87	78	81	41	62	72	72	25	79	82	29	47	83	43	53	67	71	96	74	30	79	20	24	50	24	68	71	82	72	27	51	19	54	86	55	64	59	98	89	78	58	46	37	41	54	19	24	42	50	20	88	21	30	40	63	21	74	71	87	89	78	12	51	46	36	32	35	13	77	34	52	13	41	50	23	81	41	21	52	24	97	61	88	75	76	31	10	36	98	26	22	42	78	82	17	50	35	57	95	34	98	56	15	96	28	30	37	40	91	73	91	15	91	22	47	98	92	95	68	15	78	28	84	57	39	90	18	58	96	35	47	25	87	77	82	97	55	60	61	48	35	56	19	52	77	56	36	44	89	88	50	53	82	17	38	95	27	14	83	18	28	20	38	87	56	66	46	17	92	46	30	38	90	38
15	39	89	91	32	95	70	86	13	78	98	39	45	36	69	81	92	85	63	51	50	26	46	16	61	30	48	14	96	95	35	80	23	16	27	63	68	48	24	92	87	50	29	29	93	56	63	11	74	31	99	70	44	18	22	19	11	47	60	59	33	43	71	62	54	28	65	40	14	22	85	29	22	79	64	66	79	97	42	72	92	24	81	12	69	92	33	62	29	53	25	47	52	32	29	39	83	84	36	82	32	40	61	60	50	52	12	22	20	44	97	30	14	41	86	49	32	97	18	31	12	82	67	97	38	96	67	66	83	47	51	88	58	73	61	49	30	96	19	22	68	65	16	81	100	46	30	64	45	13	35	36	42	78	47	32	73	93	59	31	52	74	82	18	15	40	93	39	50	18	46	58	23	57	66	94	83	83	88	33	28	61	88	15	35	40	59	10	17	24	81	80	59	79	91	86	19	54	18	26	37	36	94	27	50	91	95	96	59	98	43	44	72	32	76	64	70	22	97	49	19	47	94	85	50	37	16	75	15	40	43	50	74	73	61	36	13	25	23	90	74	91	37	61	53	97	49	59	46	22	95	51	21	91	42	26	97	60	40	27	86	18	32	94	24	57	82	66	59	82	37	31	28	38	62	47	74	76	75	38	53	50	47	67	70	63	42	95	94	97	12	98	21	57	94	89	17	43	17	24	15	58	63	75	50	56	24	100	40	28	37	50	32	85	73	18	36	87	56	62	64	91	62	85	46	87	75	19	98	83	84	81	34	17	89	70	83	95	91	44	46	18	33	24	62	26	20	24	19	12	38	99	37	79	26	57	50	15	76	90	85	13	71	20	87	57	79	68	90	84	11	52	50	88	69	15	17	57	44	56	83	41	33	91	71	48	31	87	20	46	20	71	81	13	64	23	91	100	50	88	17	84	25	82	64	37	69	88	29	49	40	71	92	55	47	19	28	89	46	35	51	23	51	30	66	60	20	23	21	41	23	98	62	86	20	59	84	97	50	65	20	33	14	88	89	99	26	56	51	70	42	32	50	52	47	83	43	44	75	34	16	37	78	26	58	43	28	34	88	89	20	36	53	58	12	91	39	82	65	80	13	23	14	82	53	56	44	43	80	80	85	65	13	64	94	94	18	68	51	42	22	68	71	88	45	60	29	79	38	100	80	70	17	39	98	52	30	61	45	65	54	100	78	73	96	75	86	53	72	32	82	77	53	76	36	39	74	63	47	80	19	48	66	22	89	72	24	100	45	75	90	71	90	52	63	52	72	46	37	14	22	16	20	59	39	67	64	77	18	74	48	63	62	78	17	68	86	14	72	25	31	28	58	75	35	49	41	49	37	48	78	82	19	16	69	34	39	21	95	16	74	58	95	69	76	61	94	74	16	60	96	89	58	32	81	22	28	59	98	29	73	80	67	55	14	39	79	94	69	67	65	57	33	30	81	21	67	17	31	95	78	82	12	65	50	57	95	14	32	84	81	78	11	24	30	97	96	49	74	32	73	22	78	49	74	75	80	32	84	35	61	86	20	67	98	57	64	72	78	87	72	23	77	96	38	14	57	49	86	23	53	31	74	21	29	17	77	50	16	21	35	58	39	31	61	65	19	43	11	39	97	57	16	75	99	65	78	12	39	28	79	28	74	96	30	85	100	16	45	13	39	27	96	99	49	49	64	63	81	52	22	10	62	79	95	50	97	33	16	86	83	45	37	34	94	88	13	97	76	52	81	18	98	85	61	85	93	12	17	33	54	90	80	76	71	11	61	38	78	32	51	61	50	83	74	53	93	28	64	22	59	37	76	98	98	69	68	86	53	68	79	84	32	67	81	47	99	73	70	65	91	64	60	82	84	95	24	33	47	94	94	81	39	17	86	41	72	80	57	28	80	98	12	27	10	68	94	28	25	40	79	86	77	92	36	74	80	23	89	97	94	66	16	89	80	63	46	82	78	25	50	21	79	66	46	32	50	86	58	26	39	92	91	34	45	55	75	39	68	23	77	23	37	13	62	31	59	63	64	71	94	74	29	70	21	87	81	91	75	79	71	46	34	46	57	13	12	37	51	75	13	48	40	19	89	14	16	95	55	44	28	18	61	13	93	48	73	22	51	52	34	75	33	87	39	60	91	12	59	62	11	80	95	94	75	100	60	74	38	28	40	11	99	56	66	11	56	15	22	18	49	64	17	73	54	14	75	68	39	66	80	14	75	58	96	82	85	16	27	98	46	67	23	57	13	50	67	37	44	64	60	89	19	84	45	39	43	93	86	64
90	60	90	66	31	53	82	42	99	88	47	71	31	16	50	70	58	56	98	83	37	72	28	27	91	73	54	37	62	45	72	87	89	63	56	39	71	50	36	89	77	69	46	74	34	27	69	82	46	86	97	14	40	21	56	99	38	64	59	81	71	79	52	14	84	99	38	48	53	73	23	97	53	23	62	83	78	47	29	97	33	28	74	32	17	64	63	46	29	45	97	37	69	49	54	45	54	40	93	34	32	21	36	36	99	94	24	38	33	66	27	78	54	27	80	32	88	77	55	80	65	69	38	58	41	63	85	48	51	82	52	58	37	97	55	91	79	61	58	68	52	55	36	44	81	87	40	91	34	48	49	100	53	45	22	40	97	17	100	52	94	28	12	63	86	53	46	15	18	13	17	44	64	55	77	76	50	74	71	28	54	91	52	53	22	85	41	48	93	62	16	68	34	39	41	78	71	85	46	29	57	16	96	38	44	76	65	35	18	36	79	27	60	17	84	70	60	59	60	33	73	89	18	93	38	30	50	71	92	44	69	38	89	99	50	70	20	37	76	64	34	81	58	27	54	97	40	73	24	25	49	13	88	65	38	96	26	42	52	65	19	47	15	12	66	90	98	92	76	12	58	38	14	87	76	19	93	44	85	64	14	98	86	59	54	83	50	54	53	62	53	49	87	30	46	31	92	23	20	27	44	63	21	45	35	82	33	87	48	83	38	37	62	83	20	34	37	56	14	43	95	50	66	79	18	23	97	15	32	58	79	29	95	64	33	68	91	98	43	77	67	24	22	60	12	22	77	44	47	50	15	14	76	11	96	85	74	48	94	86	99	97	72	34	62	70	55	29	81	42	17	82	89	46	62	92	41	88	50	46	47	76	18	44	73	64	21	81	48	64	71	15	86	47	86	71	29	41	26	51	58	12	63	43	96	30	18	32	10	98	29	56	66	77	75	65	99	47	67	17	68	32	36	71	38	93	12	71	81	34	41	17	15	12	50	63	16	19	86	27	94	91	55	61	73	22	46	95	52	49	59	11	78	22	92	52	34	83	82	13	26	86	87	93	12	46	73	54	79	27	38	85	74	64	40	22	94	71	25	24	43	26	90	100	32	33	63	47	41	33	39	85	49	15	78	41	11	40	34	96	28	83	92	36	99	84	61	78	89	29	78	75	23	76	98	83	47	13	42	74	42	92	90	98	20	77	91	40	35	95	59	57	36	52	89	50	24	18	68	32	59	23	37	30	31	15	37	45	100	19	31	41	91	38	22	97	44	85	61	37	84	80	65	61	40	72	97	79	25	46	56	64	39	24	37	56	48	15	44	83	25	48	31	97	70	91	77	45	87	35	82	18	68	17	83	63	23	46	98	95	41	89	37	19	13	44	45	75	87	95	99	36	14	37	77	93	82	72	23	54	87	28	54	89	66	36	55	31	100	95	33	72	27	29	18	99	80	43	22	95	24	12	54	64	68	21	35	68	41	90	62	86	70	10	74	70	73	43	18	52	94	41	27	61	97	40	55	86	59	28	26	35	48	52	79	94	19	30	71	65	92	14	52	38	51	97	29	28	32	83	18	100	70	21	60	28	94	70	84	77	83	72	51	64	54	48	85	67	61	71	55	24	81	93	56	49	98	63	46	95	14	80	16	22	62	38	100	70	38	85	28	62	30	25	66	52	21	41	36	11	38	80	47	29	54	43	65	93	62	70	44	70	39	96	51	96	21	17	44	68	40	59	57	42	44	82	54	50	74	39	91	21	85	11	67	78	99	73	87	60	48	80	10	77	46	28	90	22	83	33	35	37	26	14	39	65	29	41	52	29	43	29	87	18	72	92	16	25	77	25	61	51	20	88	62	83	62	61	80	72	83	89	51	79	38	76	68	50	40	87	42	46	36	65	15	45	82	21	75	27	38	12	26	26	66	45	80	37	79	78	46	74	22	13	77	96	85	58	28	44	61	78	92	46	75	92	66	20	31	32	31	77	97	63	38	61	58	75	45	35	20	43	27	42	36	98	89	84	55	75	12	76	92	61	27	13	61	24	40	47	81	56	98	47	78	27	36	24	70	69	60	67	27	81	26	99	83	96	37	25	28	10	88	89	58	72	12	88	14	10	47	20	20	49	96	21	68	97	21	93	31	14	74	99	57	43	75	13	70	82	93	49	21	18	19	76	79	55	51	41	16	15	13	26	53	83	67	56	59	44	14	61	28	32	32	38	75	94	76	87	59	38	20	59	19	56	59	79	84	63	93	49	77	36	14	57	51	41	64	29
63	60	72	92	30	99	64	84	81	44	22	12	32	32	93	100	67	58	79	90	40	52	81	31	19	70	66	36	50	66	71	30	28	51	93	42	44	53	14	23	87	25	90	84	43	64	50	88	55	54	37	47	86	57	44	45	85	72	16	82	33	94	61	62	70	73	24	95	69	71	31	44	84	74	89	76	100	77	80	28	26	13	99	49	59	80	90	60	89	77	44	75	94	95	99	54	65	41	39	41	49	17	85	26	61	85	16	25	85	83	58	10	72	92	60	94	30	49	67	97	86	19	80	76	49	73	71	95	20	56	84	92	13	15	53	85	57	81	87	29	26	24	60	19	24	27	90	82	20	40	75	89	11	57	14	59	21	51	43	46	91	13	27	61	29	33	63	87	53	80	68	80	89	25	51	13	32	67	57	93	92	79	53	97	62	98	75	83	74	87	20	76	96	98	81	94	91	68	85	77	90	25	94	58	18	94	80	44	49	48	25	77	85	92	67	99	38	63	84	35	94	52	75	84	81	42	13	32	43	98	57	49	17	61	55	43	83	94	42	30	95	94	48	59	35	99	16	34	85	11	44	68	76	67	47	27	24	83	80	19	35	44	87	91	87	30	10	11	26	16	74	95	72	91	34	96	19	28	76	58	41	19	10	73	38	73	51	86	22	86	84	61	66	93	34	86	63	69	50	77	50	16	63	17	51	45	23	84	50	76	77	59	20	65	54	68	33	88	32	15	12	91	94	65	48	87	65	30	30	71	61	50	73	15	13	29	37	26	45	45	29	31	86	17	23	50	92	63	52	55	62	25	20	22	60	27	43	77	83	34	47	23	88	65	25	89	37	48	89	89	55	81	91	36	82	92	58	92	39	22	27	47	84	50	88	31	77	92	39	47	93	66	67	23	16	61	87	49	27	34	50	69	30	74	92	60	71	71	36	21	16	13	26	41	95	89	20	52	67	46	85	66	95	51	35	21	55	79	33	74	29	78	65	64	47	41	11	100	25	92	29	58	83	17	98	58	38	29	88	28	14	59	16	72	31	12	71	97	58	22	37	42	30	81	73	55	47	46	70	58	41	87	93	53	42	48	97	64	32	88	97	19	11	36	87	76	11	18	25	53	99	98	98	98	84	70	38	76	80	57	82	11	91	75	17	69	88	34	43	16	92	31	23	69	35	30	67	17	90	60	51	55	88	22	28	70	74	67	25	81	43	45	42	46	62	94	45	92	81	91	94	25	49	50	60	39	50	94	22	94	49	23	45	55	38	57	49	50	46	58	79	24	56	87	34	66	84	30	77	86	80	50	50	96	92	36	95	85	51	39	44	24	80	93	30	45	57	91	62	34	21	30	24	89	81	46	39	98	12	18	92	93	80	87	35	19	40	58	15	12	87	38	50	82	11	88	11	67	79	97	43	99	95	62	100	73	70	42	70	62	30	96	45	75	36	56	61	88	32	78	55	55	82	26	53	60	15	23	96	56	80	39	47	83	36	23	50	10	94	12	63	42	23	48	12	61	33	69	37	38	66	43	62	69	88	14	11	21	12	30	58	90	81	72	44	92	41	79	35	83	54	50	71	10	53	31	18	35	97	79	68	46	52	71	37	51	86	62	68	90	76	89	34	92	61	60	97	88	69	52	71	94	30	70	12	45	63	86	33	75	47	84	39	99	83	53	81	44	17	23	47	17	68	35	75	38	13	43	87	77	54	73	83	95	58	35	93	68	62	58	48	74	74	61	96	24	88	80	35	28	49	57	57	91	29	99	31	46	94	61	64	87	50	57	95	45	38	74	55	77	16	14	93	100	19	31	39	66	47	52	78	95	29	34	86	44	94	24	32	96	87	89	39	95	31	55	66	11	30	28	71	85	11	73	48	82	22	25	32	71	99	57	13	12	11	41	30	42	37	54	55	56	76	36	51	13	47	66	11	49	68	16	56	67	83	23	33	67	66	41	36	51	77	63	61	41	85	53	36	30	79	11	62	70	73	13	50	58	39	70	36	37	58	73	79	63	78	90	80	85	50	18	60	44	89	64	64	42	32	96	84	85	58	14	61	72	35	98	16	48	45	73	42	39	63	37	67	35	77	83	86	84	47	78	74	36	95	65	52	49	65	72	61	23	10	80	96	22	30	77	13	24	16	12	57	76	85	58	59	23	58	92	66	75	60	95	72	98	55	92	44	32	84	19	87	11	76	99	60	97	60	41	77	49	42	100	47	34	50	78	46	92	79	75	93	42	93	81	44	43	99	86	64	10	97	76	18	27	38	22
96	62	42	11	30	24	29	54	54	44	43	18	26	87	17	79	45	19	94	73	88	50	68	59	56	13	27	13	34	59	46	82	76	82	40	34	79	80	59	40	89	83	53	46	53	21	89	42	34	58	66	50	15	13	62	63	99	77	20	51	41	50	26	90	80	34	31	44	63	33	99	82	62	55	54	97	84	70	33	49	86	41	66	40	35	71	86	23	93	91	17	39	16	72	51	95	48	84	88	45	30	52	64	91	39	92	75	55	16	70	64	18	17	55	66	72	58	35	52	37	66	29	57	47	61	34	36	76	11	77	27	29	63	65	59	17	39	24	73	15	70	80	33	95	67	75	36	87	46	57	26	99	84	71	25	27	79	64	61	18	16	13	77	54	77	84	24	86	50	16	24	26	47	39	41	35	75	29	77	30	10	20	81	31	84	50	96	96	30	41	17	72	19	42	90	20	93	77	74	26	49	47	11	41	36	65	35	82	35	84	81	21	60	52	98	73	91	32	99	58	38	44	26	66	78	16	50	43	25	23	86	99	96	81	16	13	90	36	21	97	75	68	22	43	22	82	24	45	94	30	65	13	24	54	29	65	14	36	53	68	81	75	41	39	81	71	71	17	54	36	82	71	95	63	48	84	81	93	80	65	83	21	10	60	99	20	69	23	86	12	30	18	82	76	48	85	18	22	83	99	65	25	55	21	86	50	35	23	85	82	45	92	88	63	59	44	19	56	84	24	11	64	78	68	66	70	87	39	82	59	10	34	95	62	90	90	51	22	63	60	27	32	77	36	90	61	67	81	68	55	90	81	16	73	39	82	61	87	36	78	63	62	39	96	34	36	95	73	69	95	88	75	88	65	85	14	30	98	72	43	87	17	23	43	31	96	97	88	42	22	21	28	97	98	65	66	29	97	92	90	55	40	73	76	32	35	88	58	46	51	85	68	48	93	21	22	20	23	98	28	86	81	27	90	96	55	58	68	90	79	45	53	52	52	19	35	36	46	65	78	37	64	47	53	58	40	70	77	71	37	70	13	20	95	73	14	44	43	82	23	87	35	17	45	56	67	99	19	37	81	68	93	51	19	64	48	56	56	78	40	83	85	30	94	55	53	33	85	74	12	33	32	87	26	34	68	48	93	83	33	78	42	70	74	11	83	24	79	59	66	80	84	82	89	92	73	32	100	65	88	46	95	56	16	68	23	73	81	55	98	13	62	43	69	33	25	11	96	36	80	51	96	98	48	79	59	98	91	47	86	11	89	64	56	38	56	73	74	10	76	72	98	73	93	17	43	25	21	28	37	51	54	79	46	62	41	98	74	18	97	33	13	11	54	59	47	45	63	32	46	48	78	95	37	37	59	91	58	87	19	63	40	68	25	55	43	88	88	66	47	22	60	61	53	68	42	43	24	62	31	90	82	80	66	29	35	75	50	61	48	72	88	66	13	100	48	65	30	52	46	46	95	54	97	75	38	42	85	33	41	29	75	52	42	65	69	81	31	54	93	55	14	28	76	44	31	92	35	66	28	19	49	32	27	62	13	75	18	42	48	11	53	62	81	58	15	48	20	96	12	66	37	96	75	63	11	49	33	13	12	70	91	98	12	33	44	25	38	27	45	29	80	47	28	11	59	55	19	22	43	54	78	63	84	48	43	86	21	100	94	80	94	16	49	38	97	56	58	69	23	15	67	30	34	86	68	95	78	35	23	59	45	68	14	93	12	28	90	89	35	100	72	90	58	100	80	44	29	19	83	20	38	99	98	11	96	68	29	87	29	45	56	36	36	25	13	83	23	15	65	54	85	91	97	32	55	53	49	29	78	73	94	10	33	95	41	93	88	36	18	54	92	95	63	89	16	15	55	44	53	36	93	65	72	45	86	12	44	46	62	95	70	40	85	10	86	39	11	55	33	21	42	36	23	43	63	29	62	73	76	84	65	49	63	73	59	88	80	79	43	83	92	38	88	57	71	72	73	49	86	70	58	83	46	47	24	60	60	82	45	98	28	20	21	99	27	20	77	88	90	40	29	60	66	34	26	95	47	27	86	71	59	64	22	42	65	76	61	51	45	44	27	65	22	92	45	39	27	65	16	76	38	91	11	22	69	34	87	33	76	58	34	76	44	69	15	66	84	25	74	84	71	67	73	33	32	64	69	73	93	65	59	91	86	14	52	18	32	94	32	69	39	43	22	77	37	59	64	78	94	17	67	91	92	77	19	80	53	42	82	42	66	99	67	65	43	100	19	79	30	60	75	36	12	74	94	30	52	18	64
11	53	72	87	99	26	61	66	62	85	66	80	82	91	64	17	81	92	29	64	36	59	86	26	19	14	27	76	46	97	73	59	82	40	68	97	10	32	93	21	31	47	78	54	18	91	32	56	58	82	61	13	58	85	98	98	30	31	87	30	46	35	46	16	59	20	90	55	78	21	26	44	70	79	88	55	84	60	77	21	33	13	32	55	50	62	100	59	19	90	51	76	85	43	79	79	100	79	57	90	13	89	99	13	73	13	40	56	23	37	43	24	62	70	15	65	54	12	48	28	80	99	20	86	53	44	66	19	70	68	97	55	52	94	80	63	77	18	36	97	64	56	40	15	58	46	23	99	71	67	26	42	95	95	47	54	30	80	86	96	69	66	72	17	24	63	85	21	55	85	36	29	97	39	67	86	57	66	29	54	57	23	87	14	10	15	65	11	85	27	73	61	94	30	78	24	35	27	65	12	13	76	26	59	79	10	93	35	90	68	96	47	41	24	30	44	32	72	86	44	61	49	31	39	65	32	52	55	51	75	84	60	43	35	55	29	75	51	87	48	44	17	34	89	91	76	28	85	79	17	32	79	36	95	91	12	92	40	32	27	90	57	58	32	16	58	92	20	47	21	12	47	82	28	57	75	97	62	92	36	96	20	36	12	75	59	39	28	50	98	29	27	56	27	32	56	99	20	16	66	12	32	51	44	53	21	66	22	12	85	37	13	63	71	26	30	19	66	46	25	58	94	100	19	75	99	96	22	88	12	17	53	23	86	34	38	57	21	38	66	39	19	70	82	100	12	53	46	84	29	67	78	67	88	68	94	60	78	50	29	82	90	61	20	88	69	35	28	41	40	19	50	89	81	16	19	35	88	14	40	77	23	90	67	20	13	60	77	46	83	84	29	100	20	60	72	36	36	61	83	52	52	24	87	12	86	54	89	84	99	86	75	64	56	19	46	45	35	96	51	57	52	77	83	49	65	74	87	93	57	37	84	28	52	76	67	85	67	89	41	95	76	13	91	15	74	12	86	94	81	91	71	64	100	85	92	69	78	14	44	74	37	81	47	45	96	47	71	38	34	42	61	53	45	71	43	76	33	42	77	57	83	50	86	59	94	21	15	36	55	78	22	78	21	79	31	57	54	92	66	53	54	47	45	76	62	62	49	52	34	92	54	81	67	91	95	46	15	49	37	25	56	56	40	11	48	86	65	36	72	52	24	50	14	37	52	26	34	66	84	85	57	59	86	80	80	49	78	63	71	98	92	61	35	50	68	33	68	31	18	33	19	31	98	37	96	31	27	48	49	70	80	32	55	43	76	61	67	84	29	48	19	99	63	26	80	10	42	35	35	86	91	36	56	52	57	59	99	58	84	60	23	52	57	81	81	55	48	24	40	20	24	11	87	68	57	58	13	35	72	67	82	92	47	40	48	81	43	90	15	97	83	84	57	15	35	15	48	47	94	91	95	83	68	22	82	80	35	30	67	33	50	68	85	91	78	50	48	18	89	31	81	46	39	52	63	52	24	11	77	86	18	36	29	88	24	87	87	47	35	87	42	30	48	11	81	25	91	84	79	30	43	62	65	64	93	46	83	91	53	20	27	96	11	97	53	64	85	78	84	45	26	11	47	60	76	92	29	91	97	84	89	78	46	12	55	37	83	21	22	84	98	87	88	88	70	44	88	80	24	48	17	16	73	68	76	15	16	56	82	67	32	46	56	52	33	58	94	68	28	88	49	51	44	51	62	17	29	22	91	53	75	20	95	33	50	71	86	48	37	64	51	83	59	81	47	27	89	54	97	16	33	10	36	39	55	30	56	32	66	62	95	91	83	17	43	72	10	25	35	80	86	86	36	77	57	98	27	46	13	27	41	72	63	28	54	86	78	16	98	13	76	25	43	51	18	13	91	36	88	91	16	58	56	68	91	71	52	99	63	23	54	41	58	44	34	74	32	95	88	93	37	95	13	40	98	64	68	43	98	28	72	86	87	58	53	66	93	79	97	42	57	80	95	33	75	46	14	50	59	52	28	54	26	59	28	99	16	13	44	13	66	84	18	75	67	49	96	33	46	57	90	47	90	53	29	26	96	48	58	85	85	92	32	95	12	63	44	33	29	15	26	98	94	97	20	57	64	80	37	48	12	92	13	70	74	67	74	86	63	40	24	30	42	43	40	34	49	96	43	34	10	74	63	19	33	37	95	84	43	99	29	67	28	14	87	32	93	92	16	99	50	46	53	43	17	82	17	27	69	11	95	91	14	23	16	92	85	38	36
60	73	14	92	55	11	55	43	42	52	98	17	74	100	73	41	27	66	88	22	22	26	22	94	61	65	85	99	99	28	49	27	33	75	76	15	57	88	96	94	60	40	54	30	32	75	12	14	74	54	34	48	91	54	12	81	81	19	66	80	40	23	41	17	24	79	76	47	10	62	90	53	98	61	15	80	87	52	30	47	13	54	15	85	81	49	99	62	16	48	94	80	44	62	35	20	51	35	22	64	37	25	51	30	76	78	67	15	40	16	50	71	58	35	41	17	89	61	32	40	93	69	77	86	60	76	73	45	76	88	37	26	90	51	53	51	46	29	60	36	79	25	85	60	44	13	37	19	60	94	62	70	59	55	20	97	46	29	33	80	10	90	62	43	68	74	52	69	35	50	13	34	24	98	56	76	25	32	84	55	84	11	11	14	68	79	97	56	23	51	60	36	44	41	88	37	49	99	19	90	12	78	13	27	98	94	81	45	50	10	48	63	61	59	48	74	51	43	42	35	87	85	76	100	86	88	92	32	71	41	70	19	70	88	63	85	29	63	78	11	74	34	82	66	19	45	72	92	64	20	11	21	25	22	32	19	37	29	71	34	82	44	66	73	68	50	95	91	25	73	85	89	32	29	51	56	75	77	40	25	42	51	17	22	20	87	85	57	57	97	54	16	19	20	88	42	28	16	12	34	38	98	58	27	97	17	70	96	89	10	96	38	26	52	11	48	32	39	47	85	38	58	67	65	78	88	17	36	18	56	97	28	83	34	68	38	43	96	58	24	74	98	30	18	88	47	44	67	61	35	43	25	95	42	71	24	21	11	78	21	46	64	86	97	58	88	26	61	17	51	67	13	52	30	13	16	25	25	58	95	48	89	71	14	31	12	29	94	81	65	45	12	46	65	15	81	53	51	19	18	57	98	93	82	87	39	40	35	27	81	34	20	82	53	30	55	27	79	17	65	45	87	48	89	26	31	78	75	31	42	92	18	33	64	47	95	54	100	75	74	57	73	22	60	35	77	99	66	37	62	53	25	49	28	55	74	16	58	64	24	19	11	18	68	24	95	29	65	76	58	81	97	90	60	86	94	95	89	69	87	43	39	19	46	15	52	95	20	18	13	65	53	19	45	76	96	66	46	75	88	87	71	100	66	78	55	60	74	39	40	59	45	98	73	56	60	47	65	58	23	74	89	44	93	95	57	78	11	60	67	97	95	92	54	32	81	15	15	85	34	78	73	84	93	86	26	58	60	30	90	59	39	72	59	26	71	56	14	48	94	68	29	48	78	32	91	80	95	28	84	26	28	56	67	69	21	39	11	47	99	68	56	97	24	67	55	52	74	80	69	54	33	11	68	69	14	67	69	76	77	43	90	37	61	79	90	38	39	38	49	71	75	13	41	84	40	81	35	53	58	84	25	91	77	64	100	38	76	41	81	51	53	23	100	49	21	10	53	77	66	25	98	100	59	19	77	44	79	43	14	75	76	96	80	77	75	43	76	58	93	99	28	68	55	45	34	52	13	85	36	87	70	55	61	63	93	71	11	50	85	43	19	84	26	73	76	90	69	95	70	61	97	57	89	22	24	71	68	74	48	49	29	72	67	14	62	26	51	13	14	64	22	68	31	85	23	69	30	42	86	81	84	92	92	17	54	12	91	15	78	34	53	19	78	64	79	48	25	80	10	78	44	87	24	39	26	30	12	15	90	23	13	76	94	33	65	85	13	60	20	90	37	87	85	24	67	30	45	65	32	58	62	42	39	69	45	51	72	67	99	28	29	49	57	31	57	69	90	33	41	34	58	66	97	52	81	38	10	14	69	26	67	74	19	35	44	54	91	38	99	71	70	78	44	86	85	78	67	80	33	54	11	74	47	78	47	16	40	24	85	38	41	61	43	80	37	54	73	43	59	36	28	76	72	22	34	31	15	69	55	32	11	25	75	23	90	18	57	28	76	85	82	86	87	91	64	74	12	61	50	78	79	89	80	15	57	45	20	78	79	20	48	29	84	79	82	62	86	78	21	86	55	16	59	67	67	27	20	83	15	80	61	14	38	73	31	89	88	85	78	57	58	18	40	46	19	45	78	59	20	74	58	69	45	61	95	47	44	94	34	35	35	26	31	45	49	47	30	41	74	20	63	50	89	86	13	51	11	89	32	77	56	70	43	85	68	70	47	32	43	14	25	12	13	50	89	22	26	93	35	65	21	44	13	89	32	88	23	48	65	20	22	14	12	65	35	90	89	73	65	67	42	11	51	44	34	54	21	24	42
17	36	38	90	19	66	92	35	32	33	47	88	46	34	18	21	62	81	15	79	54	49	19	96	54	23	27	76	43	34	73	85	82	61	12	72	19	91	16	52	84	65	95	16	82	48	34	45	92	21	37	26	64	82	38	21	27	39	38	30	59	77	63	95	80	51	86	80	59	16	12	36	89	40	74	63	55	58	51	81	30	54	33	15	63	85	95	50	41	99	77	13	60	47	78	38	73	55	57	11	13	19	36	71	54	41	76	69	24	43	94	31	99	92	49	31	59	80	95	22	66	60	78	78	34	89	14	91	60	76	17	38	93	85	36	32	56	85	87	43	32	38	70	50	80	25	26	94	32	99	12	97	78	72	45	12	47	36	54	96	48	92	25	82	23	52	59	46	52	93	82	28	85	41	63	23	65	60	95	40	76	96	94	67	85	98	63	81	99	98	68	96	45	59	46	90	95	87	83	18	53	33	88	86	96	47	94	26	17	20	43	21	69	25	89	66	27	76	20	25	26	12	57	64	18	43	24	15	43	35	70	23	94	97	30	35	87	92	96	80	34	96	78	25	55	88	49	22	71	43	70	97	79	57	44	30	58	52	18	84	28	65	82	22	13	92	72	94	95	37	12	64	81	69	44	30	78	49	90	35	67	90	93	87	45	28	23	66	28	25	50	14	62	21	15	65	71	73	31	34	17	73	92	99	32	27	65	87	85	37	59	64	75	27	16	49	56	90	23	96	11	61	33	80	39	30	97	47	55	71	35	73	27	52	21	56	98	26	66	20	65	45	40	74	13	84	16	89	77	35	36	62	43	38	89	99	52	55	29	21	82	92	93	55	37	23	54	53	40	90	24	20	59	23	46	21	70	16	39	44	13	45	31	34	91	38	16	34	78	24	53	85	55	28	69	40	98	26	11	36	84	94	60	97	58	33	42	16	91	85	25	51	98	89	88	20	100	16	33	17	82	14	69	30	19	32	24	15	49	75	39	21	48	12	21	43	68	16	41	51	63	72	36	69	65	36	29	15	38	52	32	51	54	30	63	93	12	21	70	23	98	20	80	59	15	26	60	71	29	28	58	62	76	63	15	36	72	89	46	19	39	13	71	83	32	79	11	91	64	66	12	26	97	99	37	55	94	93	47	94	73	97	24	86	90	44	53	67	92	30	13	56	57	65	98	36	19	26	51	22	90	25	53	77	23	85	82	33	49	83	87	53	79	85	68	30	97	93	29	89	11	53	39	82	56	16	22	85	45	23	26	54	10	11	58	42	91	89	49	21	47	40	20	63	100	52	93	57	63	51	78	12	93	65	91	44	60	73	34	84	27	47	23	56	59	41	94	42	88	85	32	75	26	47	71	28	30	49	28	52	40	70	57	91	44	57	74	52	67	31	43	26	72	38	13	83	42	73	32	49	26	54	72	13	85	62	86	64	31	86	56	72	30	64	54	78	54	40	46	75	39	92	70	66	86	65	62	43	72	72	84	91	40	23	66	17	52	46	86	22	90	46	89	89	41	28	100	67	64	50	59	75	66	43	24	37	16	68	29	92	63	78	89	87	76	79	46	65	57	92	34	25	33	26	72	21	24	79	76	58	40	42	28	96	40	91	82	31	41	30	70	75	61	43	50	20	47	99	64	48	89	37	95	55	96	61	75	73	86	31	55	16	91	50	10	60	28	24	45	85	82	70	10	52	12	95	39	22	16	51	23	21	57	24	14	88	81	75	31	38	81	20	55	62	62	76	75	51	86	17	86	47	36	32	28	30	84	41	10	98	88	88	31	34	98	28	14	40	97	10	48	36	96	70	45	36	56	46	15	23	13	82	41	93	59	62	48	37	47	66	62	47	21	29	49	94	62	96	20	28	95	93	59	38	13	74	37	45	92	56	80	44	79	11	29	76	55	93	99	94	40	98	12	46	87	12	47	100	94	65	57	56	56	77	95	76	79	87	84	38	88	93	52	56	70	79	37	70	27	29	82	26	42	23	57	85	33	87	49	57	11	30	60	98	94	91	59	34	84	23	89	81	30	14	41	55	80	53	13	56	51	27	20	86	55	39	87	88	70	82	99	12	74	74	41	16	56	46	61	79	63	98	87	42	47	48	42	33	53	16	56	67	80	35	25	74	80	30	80	43	36	98	66	75	79	85	35	56	54	78	34	80	39	32	22	53	36	64	60	49	19	61	85	17	24	93	22	99	37	36	10	28	50	98	20	70	19	31	32	63	16	84	31	92	38	24	85	71	61	67	66	45	45	87	56	72	11	93	31	80
92	83	55	60	71	78	12	27	24	22	94	74	17	87	14	92	75	78	45	36	15	26	35	97	78	35	19	95	80	70	77	74	88	33	88	65	44	90	92	24	50	34	76	51	22	77	68	89	94	52	51	27	12	72	60	34	31	82	46	29	91	47	45	15	36	18	100	21	67	56	53	90	96	23	97	84	61	53	17	59	37	81	51	82	76	57	28	44	41	68	39	73	21	61	94	88	31	51	31	96	52	75	26	47	24	63	50	79	65	93	72	68	81	79	87	41	39	72	79	59	91	19	44	56	56	47	65	46	81	31	88	94	63	56	96	91	39	78	82	70	22	39	53	73	45	30	28	13	56	52	97	60	11	43	58	79	31	45	75	58	84	70	57	41	14	32	89	93	24	67	93	92	13	93	51	42	31	95	59	95	98	59	83	55	31	21	66	78	85	57	45	83	54	27	30	64	74	77	55	22	44	71	29	51	63	84	12	59	67	74	46	34	17	30	56	49	34	35	17	79	46	88	36	94	69	88	30	85	78	67	42	37	51	39	65	56	73	78	92	65	51	25	51	53	29	90	46	83	71	52	81	12	22	46	97	83	76	46	42	74	29	61	98	58	65	77	77	31	62	72	80	47	93	86	67	80	55	49	34	95	36	94	47	50	88	16	56	92	79	21	31	36	26	77	11	11	35	51	51	78	100	80	82	40	38	23	22	60	99	34	48	65	78	56	16	95	35	45	15	10	14	71	66	100	88	73	29	43	46	53	75	70	67	62	22	46	85	100	70	25	92	27	23	34	96	43	24	89	18	74	60	31	64	16	71	11	50	94	27	72	30	82	82	12	98	58	25	47	35	91	28	46	55	25	80	69	83	77	98	62	45	45	51	17	21	50	30	90	74	20	14	11	37	25	91	38	14	86	93	22	94	50	97	20	77	29	94	52	78	100	72	98	29	92	82	58	99	35	29	66	82	29	52	16	53	45	59	74	73	77	22	37	89	99	28	70	80	90	34	60	91	69	88	39	40	12	19	98	97	75	37	43	92	11	38	81	42	64	40	72	73	73	21	38	97	41	32	90	22	50	94	49	50	31	19	72	100	72	98	83	62	84	77	18	64	45	21	48	57	39	30	91	93	30	60	73	58	47	16	41	11	68	52	93	28	18	16	99	90	52	45	52	38	67	46	56	13	71	32	52	62	45	64	40	19	100	30	54	28	61	42	84	100	58	17	39	13	37	73	54	67	46	39	48	65	27	58	100	37	25	53	27	24	55	82	78	20	50	36	65	96	85	31	48	14	86	23	15	41	83	55	90	17	99	43	61	70	43	45	37	62	45	61	28	38	67	49	70	53	50	78	16	54	20	25	36	48	96	38	54	96	83	25	89	33	21	26	36	54	33	70	55	34	89	66	65	100	15	37	28	39	68	81	50	57	70	90	17	29	70	20	69	31	29	59	38	79	28	53	58	94	15	36	28	65	57	72	45	44	66	71	81	54	67	73	97	68	17	65	95	86	86	94	65	49	46	97	18	81	47	97	70	75	56	20	89	85	60	92	100	13	84	28	40	28	16	82	80	19	71	34	34	12	45	26	88	47	69	45	57	78	47	76	90	29	50	27	25	85	42	72	97	43	74	91	60	34	31	36	23	32	94	52	91	54	69	76	86	46	93	97	87	96	32	85	23	67	26	65	89	67	93	72	30	73	84	68	17	63	21	59	77	95	16	92	63	65	59	30	62	46	11	39	93	11	17	45	33	48	90	98	34	17	90	14	96	100	82	89	48	99	76	26	47	99	86	91	87	81	25	75	64	44	98	56	89	86	88	73	36	46	47	52	40	46	65	89	45	95	45	68	78	92	89	20	92	59	100	37	66	12	10	11	26	43	49	31	17	75	67	69	51	52	83	33	75	12	89	72	89	99	69	95	100	42	24	98	100	14	34	27	42	80	18	26	91	20	59	38	33	43	40	60	40	22	86	90	94	85	59	53	33	20	18	22	97	94	19	50	60	56	87	79	25	61	96	68	27	43	45	97	41	78	68	95	49	93	93	79	59	77	24	58	91	20	65	97	27	50	32	37	21	89	83	92	77	56	38	43	98	67	48	100	32	30	46	54	86	73	57	99	84	80	51	56	45	96	75	42	64	18	20	22	67	74	40	94	67	12	95	95	66	67	81	44	70	58	33	66	87	31	17	88	51	95	16	97	81	86	98	12	74	68	26	43	84	65	96	13	50	45	51	50	46	44	45	29	58	47	33	49	59	39	61	96	64	85	68	72	92
29	62	85	54	78	56	78	96	11	23	89	24	94	100	93	59	84	74	62	80	68	88	28	84	25	73	82	75	62	57	30	93	69	42	21	71	54	50	23	48	27	21	19	57	78	55	81	40	84	26	60	81	70	31	98	49	42	52	67	63	66	42	61	36	28	66	16	63	57	19	78	94	42	49	36	94	45	99	98	43	62	92	53	33	50	84	61	58	69	47	37	80	47	37	69	21	94	87	28	66	39	85	45	76	32	25	55	40	50	18	80	77	77	65	46	87	62	34	29	43	88	63	56	38	54	31	24	70	79	86	65	41	45	88	34	31	40	97	46	12	19	16	97	18	83	57	13	40	37	23	75	61	38	41	20	27	59	58	65	74	32	21	79	76	56	30	54	73	47	33	53	74	37	57	58	67	49	26	57	57	97	24	24	82	15	54	48	20	73	87	13	79	32	20	59	69	80	48	46	22	92	72	12	92	81	57	38	12	83	68	49	28	97	64	10	57	84	36	54	38	73	88	67	35	34	29	87	45	90	74	74	88	94	96	51	13	99	34	19	49	51	27	71	75	52	75	23	34	28	16	74	90	21	83	53	94	81	95	24	51	90	42	60	66	56	23	85	24	28	36	44	61	63	66	28	83	14	22	54	33	64	10	22	84	31	53	63	78	79	86	86	21	58	97	93	79	75	27	89	15	52	65	89	88	68	36	36	97	69	12	24	98	74	35	47	54	59	18	79	52	100	43	91	76	68	35	71	19	63	66	91	54	20	23	69	61	15	53	58	33	66	25	37	84	49	47	59	59	27	41	10	66	62	44	63	23	31	94	28	17	98	26	82	32	94	79	58	40	51	28	98	84	30	35	63	19	32	45	71	74	26	81	42	94	38	81	38	75	18	59	30	43	33	19	44	87	75	27	46	13	63	20	96	44	51	92	44	74	24	44	81	40	59	23	37	19	48	67	55	56	98	79	42	18	89	17	38	41	23	49	77	72	22	68	67	78	36	100	78	74	31	34	23	11	35	17	31	39	91	100	88	54	53	61	14	96	13	82	86	63	79	48	90	15	83	42	25	55	44	45	55	77	65	62	76	19	38	41	73	89	18	81	43	61	69	78	96	36	86	65	82	52	37	74	65	71	15	46	45	48	100	20	74	52	26	44	64	17	33	33	16	31	29	71	78	56	33	31	12	53	78	86	80	96	30	30	18	37	88	35	97	100	91	22	80	74	74	36	56	10	53	64	50	76	92	67	72	65	59	97	60	73	63	97	82	98	20	50	48	33	19	56	73	36	78	58	65	24	48	41	77	74	99	12	90	24	69	94	36	24	84	72	68	88	69	56	52	64	98	23	44	47	63	25	93	96	29	81	65	54	78	63	82	43	92	80	58	80	89	15	93	54	93	79	62	77	73	36	61	89	91	44	87	66	88	43	47	60	45	24	29	80	15	54	90	95	38	81	54	25	56	31	15	64	42	77	20	27	14	14	48	15	55	56	46	84	16	14	26	87	54	76	20	79	29	99	22	83	98	72	86	47	93	99	81	28	48	95	48	41	38	86	69	72	11	70	31	90	90	100	61	95	41	14	49	78	76	75	36	55	39	14	89	99	86	44	13	64	40	91	65	61	30	58	25	56	31	40	44	94	82	58	43	80	47	43	53	86	28	48	84	13	83	42	12	26	63	23	78	63	90	19	98	25	35	37	59	99	15	12	53	38	28	23	47	32	48	49	16	63	43	21	71	11	64	75	57	69	66	71	18	49	95	71	59	96	79	24	100	87	39	74	98	49	96	42	48	40	44	72	28	99	45	80	96	30	84	64	36	41	34	56	85	27	27	46	55	17	30	80	14	66	71	24	19	27	36	48	75	36	21	42	97	35	44	60	14	58	80	53	75	50	41	32	64	74	39	10	20	14	84	31	36	68	23	39	26	88	35	46	96	67	70	91	33	39	58	79	59	23	29	67	60	78	79	69	25	68	33	27	57	39	21	44	77	78	30	89	53	78	43	15	74	59	47	34	23	48	15	31	57	17	91	62	84	50	34	32	68	61	52	25	58	97	46	70	46	11	70	82	91	89	13	25	54	58	32	58	72	69	55	16	43	69	16	63	18	46	43	57	80	92	15	28	67	98	86	94	33	69	81	37	96	31	13	45	36	86	43	52	68	89	80	18	47	24	53	34	76	77	95	44	24	50	99	56	66	33	25	93	76	12	70	14	15	44	100	93	90	29	40	69	31	91	39	20	48	84	31	86	42	89	58	47	26	27	85	91	12	99
83	66	56	95	96	30	46	91	95	88	18	37	96	62	68	67	11	34	57	11	70	73	46	12	40	84	54	70	34	21	17	92	97	21	13	51	92	80	94	96	58	32	69	95	39	55	62	54	77	84	49	97	44	46	33	23	99	83	97	18	76	33	72	16	33	17	55	41	23	89	41	89	53	31	25	90	28	92	42	70	76	70	24	98	60	17	13	28	15	52	64	28	92	19	53	62	66	87	29	36	21	94	72	80	100	68	96	54	94	54	27	21	45	86	69	58	71	68	93	57	46	13	56	28	30	56	12	40	81	93	54	82	57	88	75	63	31	41	43	12	76	87	21	85	32	19	98	91	18	93	89	51	20	70	35	41	85	10	99	82	18	99	11	23	45	27	65	39	98	21	65	51	88	90	60	27	61	90	54	25	73	33	88	79	88	11	62	60	75	68	27	73	43	17	26	58	94	41	44	60	20	62	41	40	75	51	92	14	71	56	16	11	14	73	46	80	59	20	48	68	54	18	19	24	74	39	70	42	79	30	97	93	53	29	26	25	41	23	20	17	50	72	72	43	74	75	39	72	61	24	44	67	53	36	16	46	74	46	83	15	51	46	56	66	20	28	51	43	95	27	47	88	11	67	69	64	30	64	88	61	43	63	73	86	21	39	96	61	84	59	16	18	74	29	46	54	89	65	36	77	49	51	55	38	11	92	88	25	44	20	78	61	11	72	77	95	96	86	94	74	62	81	69	62	31	84	86	15	85	18	68	66	22	18	12	30	40	52	72	11	97	61	93	13	63	18	73	39	34	26	82	60	59	45	53	17	38	56	15	26	24	57	94	54	37	73	94	34	63	75	36	73	32	46	30	12	61	85	43	78	51	13	88	27	98	96	52	22	33	99	86	28	54	50	80	41	13	62	24	92	27	24	36	16	39	22	40	67	74	40	98	40	80	73	82	36	59	76	13	53	55	24	79	74	38	61	76	12	36	87	57	54	27	87	49	83	52	80	74	15	18	78	30	27	76	76	58	30	49	12	45	73	69	52	95	63	81	23	58	46	25	28	60	21	82	30	65	55	13	98	79	49	61	15	70	22	22	92	96	27	46	44	15	80	67	99	82	31	20	41	43	13	21	24	40	28	62	15	93	63	37	26	88	29	72	91	58	21	35	82	92	19	73	38	23	78	17	95	45	81	80	66	16	23	54	78	52	81	96	19	75	23	32	59	80	78	46	93	89	18	12	54	85	63	84	32	58	83	25	95	31	90	58	69	67	17	32	78	60	64	84	65	55	99	80	92	54	55	53	70	52	16	24	38	73	29	31	45	44	52	23	13	32	60	11	38	63	28	39	86	55	61	99	64	81	61	12	67	11	52	44	12	37	39	48	61	91	65	41	25	69	37	44	73	18	73	27	57	92	86	87	14	70	51	44	68	62	19	39	54	45	18	31	51	53	31	75	23	95	72	39	59	75	42	96	92	48	45	59	42	19	83	61	54	86	50	37	43	20	79	43	62	13	43	54	12	67	49	12	52	76	43	78	20	49	52	93	16	88	57	72	50	82	95	72	86	40	40	27	51	81	97	39	78	87	68	86	88	73	80	52	25	89	92	51	60	74	11	69	44	20	20	59	35	57	15	29	60	22	50	11	76	90	25	53	23	33	74	47	69	25	90	56	66	97	98	54	37	97	17	66	100	68	46	65	48	58	26	84	89	76	12	15	83	27	36	78	85	11	75	61	69	52	46	14	19	46	17	51	91	93	23	24	81	94	98	94	16	55	58	67	18	91	34	55	38	78	83	57	98	66	46	93	18	99	48	19	90	38	86	11	77	35	68	79	77	42	81	23	55	65	41	17	20	13	28	85	19	73	69	69	47	83	58	97	51	67	11	47	24	22	65	57	71	78	99	55	49	91	96	49	97	39	15	11	60	19	26	13	98	43	77	10	11	42	30	17	99	66	11	65	58	97	12	29	59	65	18	18	47	73	31	17	37	82	60	17	31	52	28	72	24	27	78	96	69	36	25	27	60	27	37	27	35	28	89	57	89	48	90	90	49	42	50	10	39	97	58	25	86	45	55	90	31	88	26	76	12	67	20	66	23	41	16	34	83	84	26	17	73	18	53	89	38	89	15	92	95	25	99	28	55	77	75	57	91	28	70	66	36	91	80	94	49	40	51	20	27	46	45	80	15	29	61	21	93	38	73	49	71	17	87	37	28	89	34	50	18	89	79	31	62	64	24	40	11	34	19	84	65	32	72	56	25	92	68	68	99	77	47
62	46	34	88	42	18	68	81	47	25	79	41	59	82	13	51	84	64	55	16	15	89	12	81	17	75	15	43	68	95	37	75	80	88	84	83	20	86	29	91	86	45	61	26	74	43	55	38	19	48	40	77	94	93	95	69	17	49	26	59	62	10	84	63	32	22	95	86	84	44	99	48	85	13	81	72	46	88	35	58	31	30	40	94	85	13	85	70	91	93	93	42	72	58	63	67	16	37	59	32	77	50	80	21	88	23	40	78	27	24	70	80	59	76	53	59	94	95	76	77	85	26	81	27	30	44	85	12	18	85	20	71	52	38	88	92	92	50	48	64	89	50	95	64	18	13	72	90	23	83	22	36	38	76	49	52	23	44	30	94	41	18	45	73	89	90	77	49	72	38	64	90	98	35	40	33	42	29	45	50	21	89	74	74	14	90	69	74	55	77	89	17	87	82	26	83	19	30	88	70	62	27	57	84	71	96	71	61	53	80	28	94	83	38	81	80	65	55	29	73	33	35	90	86	15	45	67	41	43	68	25	95	35	28	33	51	59	61	17	65	84	20	31	21	42	47	21	92	79	86	22	98	94	38	86	69	27	85	94	50	25	13	41	24	16	68	40	77	66	59	90	20	55	88	79	41	77	59	56	40	27	82	68	37	39	41	67	45	69	66	69	56	42	65	14	10	49	52	52	58	26	87	57	40	76	22	78	74	32	47	30	70	30	88	11	17	17	64	84	12	79	67	72	30	57	56	41	61	84	37	65	53	11	45	30	86	21	32	62	96	81	19	83	14	45	88	78	96	64	55	37	86	21	71	92	95	44	48	71	97	57	96	21	10	19	87	84	62	97	74	33	58	77	24	97	64	46	23	87	48	16	53	22	65	69	38	33	88	73	62	97	87	88	88	72	43	89	93	75	52	94	35	69	37	95	62	19	81	44	30	65	95	86	82	37	57	54	49	27	18	12	28	31	82	28	27	95	44	95	51	16	28	90	42	17	50	68	88	26	74	11	26	44	44	27	76	79	46	20	98	26	11	68	17	90	52	81	10	25	65	22	25	78	39	41	64	60	93	98	35	57	59	87	34	42	66	54	82	10	79	74	58	79	28	49	86	17	73	43	73	38	62	75	18	67	14	35	31	37	21	24	90	79	43	51	63	77	57	40	86	19	74	33	62	94	65	96	89	74	19	76	81	67	16	39	60	43	32	13	99	52	71	71	69	75	62	46	45	73	10	86	16	23	31	48	88	32	49	39	36	90	85	28	42	23	39	95	35	42	87	44	76	67	27	36	27	32	32	53	17	85	96	94	56	94	11	69	62	90	18	33	64	26	28	55	90	88	26	40	69	79	78	58	45	18	57	84	50	82	71	11	83	25	37	25	99	34	30	57	61	32	20	12	95	56	17	62	12	59	22	79	18	96	54	20	52	33	94	91	48	59	80	60	60	82	98	71	42	50	28	26	37	57	19	70	78	54	64	14	71	97	77	72	77	81	44	97	66	30	19	20	15	34	31	25	96	31	13	43	21	99	30	69	30	39	64	28	96	99	65	12	36	92	69	19	43	11	52	39	50	47	64	26	46	45	65	51	86	50	58	78	91	69	21	76	75	11	71	33	74	35	17	97	97	98	35	77	92	49	15	16	23	12	95	41	60	50	23	98	19	65	56	19	79	92	45	100	84	27	52	40	24	12	41	41	85	55	82	67	87	78	13	98	47	45	64	48	69	65	55	60	83	12	18	40	37	55	69	35	53	24	71	28	23	70	37	47	31	30	53	36	91	34	36	71	92	72	21	64	91	83	97	78	47	91	25	93	63	45	85	57	61	28	85	73	12	64	46	76	58	22	50	79	29	96	94	32	14	15	22	41	20	38	42	96	31	45	82	100	16	44	76	70	66	64	25	86	34	77	25	77	14	53	28	56	62	27	74	20	89	70	68	76	67	74	65	28	56	32	84	77	91	16	21	31	99	44	95	94	11	54	50	100	58	84	67	86	33	33	14	42	18	31	73	41	45	42	29	13	87	81	34	46	19	52	47	53	31	43	13	25	12	68	81	66	39	86	12	28	56	42	57	72	67	97	92	96	34	78	93	36	84	35	42	11	24	32	58	77	16	47	41	93	67	80	67	91	26	20	45	97	36	21	20	92	67	66	98	40	50	73	37	53	67	77	74	90	100	40	72	47	50	96	19	84	31	10	65	80	60	80	12	32	26	89	69	15	53	15	53	30	94	61	46	85	54	60	44	68	12	77	99	59	78	56	43	20	26	48	96
32	22	65	99	54	59	39	57	22	20	59	15	87	66	15	15	67	97	42	55	81	85	51	83	98	11	67	44	19	83	85	20	95	68	35	49	19	28	16	71	56	17	80	10	36	82	82	31	74	70	41	94	49	12	58	20	71	36	71	86	74	39	36	47	96	66	39	95	50	49	64	99	65	21	45	31	12	72	24	68	33	23	75	15	20	33	35	92	27	17	47	40	58	60	19	70	63	47	60	42	52	19	13	31	76	82	70	88	82	80	79	12	48	60	73	48	42	14	24	69	90	90	81	53	21	83	74	60	84	70	57	29	41	73	66	14	18	83	17	31	45	36	20	62	23	47	79	64	74	17	87	34	62	48	94	77	20	25	24	82	84	46	78	84	99	27	32	46	34	52	67	64	59	77	61	50	78	65	60	41	26	76	70	12	91	72	58	62	88	41	78	81	51	44	72	32	69	81	98	28	30	93	95	26	31	81	74	22	61	39	93	59	36	39	40	32	38	90	10	29	86	85	80	77	89	12	44	61	100	75	43	42	88	43	18	96	38	50	33	63	41	50	41	69	51	46	11	20	44	73	50	38	23	50	94	73	34	37	39	57	69	76	88	66	51	95	12	85	31	30	19	41	26	49	16	96	69	38	59	73	75	48	99	95	94	27	38	63	98	65	71	98	80	63	21	21	23	99	75	75	97	38	25	70	54	31	60	57	85	98	20	10	81	93	54	22	57	95	86	75	24	86	76	57	61	64	60	52	94	32	86	68	20	94	83	15	90	31	92	79	98	94	49	63	47	46	54	64	67	53	70	13	68	82	67	92	65	63	69	19	52	56	81	25	85	18	60	12	79	55	14	30	64	73	19	35	95	41	25	51	67	75	11	35	98	23	34	63	93	35	90	22	80	43	27	27	81	78	48	64	79	33	97	53	45	50	74	69	54	24	91	87	86	95	77	20	61	49	99	75	45	73	66	66	33	90	22	59	36	29	67	90	20	84	80	19	13	14	86	44	25	42	62	77	30	35	50	14	47	77	78	36	91	64	21	67	29	81	94	65	73	29	92	87	73	96	22	85	23	58	58	25	72	78	35	19	22	82	25	61	89	58	59	41	77	24	36	49	99	45	90	97	54	91	19	87	37	73	20	42	46	58	18	72	78	44	48	82	43	97	89	44	25	56	36	74	44	31	20	43	17	72	37	47	71	81	41	90	88	34	85	41	89	73	23	59	76	41	27	29	16	31	55	45	58	61	86	79	89	50	58	83	75	74	91	99	17	34	34	39	79	12	62	43	93	82	50	54	71	84	96	75	28	56	63	31	13	42	16	80	66	88	45	76	85	22	30	71	19	50	46	61	32	70	16	54	17	32	17	48	39	76	20	36	89	57	51	81	62	63	77	86	66	98	98	94	72	74	37	25	58	93	39	30	72	34	13	91	62	85	64	26	52	36	42	64	98	99	10	60	17	68	15	12	82	15	78	41	51	55	82	72	22	18	11	47	63	71	93	21	48	56	77	67	93	13	65	72	11	33	14	83	12	21	23	77	72	49	67	12	87	81	80	32	30	44	26	87	71	31	42	73	92	30	39	96	86	95	96	32	35	56	43	62	73	93	69	53	33	39	97	64	23	42	88	62	71	57	52	78	23	89	62	52	64	58	48	78	74	58	18	83	75	58	82	61	42	59	82	32	39	79	43	62	53	61	77	58	35	25	73	54	24	64	72	40	86	51	53	78	90	99	61	91	48	32	42	71	47	53	11	82	27	62	20	96	97	94	19	15	29	14	53	80	58	68	94	19	92	51	92	26	86	32	78	73	86	55	82	21	28	50	54	94	50	62	90	15	34	17	51	24	77	83	67	80	90	20	97	35	57	92	91	20	46	61	83	49	88	53	51	96	95	42	27	33	84	80	39	25	49	51	66	25	45	19	68	23	50	41	41	33	28	19	57	82	79	89	16	10	52	10	60	25	73	25	12	16	82	67	85	71	17	46	40	87	72	40	89	17	76	88	45	47	21	52	55	25	98	45	77	66	61	64	19	46	49	98	99	21	94	75	18	89	41	11	36	44	35	11	47	66	96	77	42	71	94	65	82	95	37	97	59	57	56	49	66	26	26	46	19	12	26	36	74	12	78	12	80	88	15	51	65	87	13	79	44	24	12	37	59	87	32	25	98	31	40	26	20	34	65	54	41	13	62	79	48	18	88	15	51	83	16	65	18	61	55	41	35	50	98	61	77	70	62	17	39	32	57	55	57	70	65	35	48	88	59	78	62	82
90	62	71	43	24	14	76	38	10	84	61	61	13	55	71	78	92	70	45	73	74	96	51	45	48	37	53	16	22	86	13	34	13	37	82	66	31	19	29	84	35	42	63	82	99	90	53	15	95	56	12	68	72	46	81	81	19	70	32	25	49	65	47	62	82	94	82	59	94	24	78	37	63	93	83	27	54	50	58	67	59	87	46	21	29	94	50	32	94	19	23	24	78	60	39	22	45	93	98	31	23	13	39	66	78	60	62	59	45	46	92	75	74	85	75	47	37	82	36	16	62	63	19	89	43	31	24	44	34	60	49	76	38	42	50	75	87	34	68	33	71	45	53	93	17	47	39	32	32	60	47	50	85	55	97	93	78	51	52	68	45	86	37	30	97	36	94	57	30	64	51	36	44	29	90	33	17	25	60	61	48	69	60	12	17	81	25	88	42	79	35	83	12	22	80	32	24	75	25	86	40	36	64	52	44	39	80	43	94	22	69	82	70	85	59	38	62	82	80	31	32	48	34	44	63	25	75	98	45	76	72	12	97	68	22	83	82	10	85	73	23	44	88	100	55	59	60	80	93	85	74	64	13	89	14	17	80	28	21	42	52	81	59	92	58	40	88	50	69	81	68	83	97	55	87	40	55	22	54	11	11	38	17	70	99	37	98	96	50	11	11	51	11	19	78	76	81	59	34	51	51	59	34	89	46	26	47	55	35	13	90	15	17	14	30	96	99	64	60	37	13	60	84	92	23	96	19	79	86	26	74	23	70	94	21	95	50	89	69	56	11	56	86	75	74	47	33	34	80	37	22	88	99	22	82	69	89	66	50	41	14	22	52	73	44	42	88	89	57	97	46	92	31	100	91	98	47	86	43	43	48	66	50	24	67	59	17	49	28	14	56	54	59	18	15	39	27	75	78	61	17	92	86	86	63	39	10	81	39	17	46	29	90	44	13	100	76	50	37	51	96	41	54	20	71	93	93	32	92	60	61	22	15	83	31	92	85	83	55	22	73	39	32	52	38	24	88	18	77	60	62	90	89	77	17	49	44	26	50	45	17	57	75	97	63	77	64	31	52	34	32	89	75	27	85	32	76	73	69	40	83	30	96	90	14	77	33	32	94	55	33	93	75	75	78	80	92	24	71	15	38	40	26	21	94	92	22	50	65	58	88	55	42	75	46	88	58	39	59	35	66	22	80	77	39	76	62	76	74	52	15	60	81	61	27	96	64	27	64	51	65	16	76	74	75	26	37	51	27	13	73	42	34	45	80	15	78	11	66	86	16	28	95	31	85	39	73	84	72	40	11	65	47	26	59	33	89	77	64	63	24	58	94	80	33	21	33	36	63	99	12	74	61	98	76	98	57	66	55	11	89	92	18	89	20	34	10	100	88	61	62	38	87	14	51	70	70	67	60	92	32	73	90	48	75	74	27	19	64	20	72	44	41	93	37	48	23	82	40	13	88	34	61	57	90	42	74	77	34	32	86	79	77	54	92	71	97	55	42	73	72	47	64	88	50	85	90	98	41	30	51	93	11	83	52	52	48	27	15	58	51	94	52	97	70	14	17	96	59	12	51	77	80	58	13	35	25	10	31	19	17	43	46	61	31	42	23	88	73	96	84	55	26	88	45	95	13	73	57	74	72	11	51	24	36	54	44	99	34	51	22	86	36	32	14	77	20	16	95	44	65	71	56	57	30	76	33	49	33	44	85	52	48	57	42	33	94	68	40	24	66	48	64	84	38	46	59	45	65	17	45	13	11	40	84	82	79	55	62	48	15	41	41	56	34	35	43	20	74	63	15	48	58	71	89	96	65	56	52	31	31	30	80	88	49	41	90	78	96	91	82	97	50	40	76	36	18	23	84	96	86	96	38	31	64	40	17	100	20	43	42	23	43	81	12	98	66	93	74	40	77	38	31	69	91	24	50	60	100	33	91	31	64	53	72	86	81	41	55	29	55	28	34	45	64	72	55	67	92	22	47	40	81	66	90	71	34	93	38	33	17	64	53	16	24	72	77	55	87	82	75	27	41	50	22	80	66	55	83	60	99	97	55	31	38	12	62	24	53	48	14	89	47	37	32	84	99	83	72	85	18	66	41	10	99	79	84	47	17	66	26	79	86	77	30	87	92	97	33	30	96	58	41	76	29	89	18	91	85	12	33	33	72	71	70	75	26	83	76	69	99	32	69	61	70	79	57	46	15	74	59	91	91	65	67	56	69	48	87	97	25	81	70	26	57	51	32	21	23	77	66	82	39	28	87	25	66	92	73	20
23	93	93	75	88	76	18	83	44	61	89	85	38	86	66	12	56	32	10	89	53	20	38	74	95	95	13	44	44	49	64	41	61	83	19	20	59	16	36	50	43	12	64	74	82	90	65	47	57	76	10	32	26	39	88	54	48	24	47	31	56	65	21	44	68	90	87	45	86	78	30	43	41	80	51	17	62	12	20	27	85	35	83	15	14	43	37	22	50	39	35	80	75	97	15	44	34	77	45	74	23	35	12	89	41	15	15	38	31	79	98	92	93	73	51	64	36	86	33	13	25	95	31	90	94	100	71	14	16	84	84	59	11	97	67	55	11	81	41	70	24	16	20	52	49	37	73	96	88	83	57	23	91	83	30	30	93	82	83	65	20	31	28	86	31	89	28	81	39	37	39	38	20	97	69	49	78	38	91	70	66	80	64	44	32	88	17	59	53	95	30	27	70	79	22	56	42	98	25	48	51	53	89	72	25	60	31	33	72	29	54	31	23	87	52	72	67	32	87	59	68	80	78	48	98	76	27	21	30	91	35	33	57	45	51	34	23	10	57	88	35	48	77	29	42	80	67	93	18	74	38	97	70	63	59	91	40	87	64	18	59	67	46	59	87	47	82	94	56	33	24	79	17	12	77	42	46	65	29	21	52	90	32	76	12	40	17	24	65	84	71	59	10	53	63	20	13	65	73	74	33	50	96	42	55	25	81	89	77	54	82	27	21	94	35	88	91	80	49	18	86	12	38	29	98	74	92	45	39	93	61	40	30	63	34	63	46	56	38	85	49	95	71	41	42	17	10	15	99	83	95	84	98	48	88	48	97	61	20	30	50	79	22	62	22	39	57	29	17	42	94	40	100	91	46	93	82	93	63	37	75	55	34	26	79	47	61	32	14	70	80	47	37	21	73	47	45	11	31	30	67	86	35	88	76	46	71	36	69	85	68	61	87	43	31	14	90	81	39	93	37	99	70	51	32	58	81	59	46	97	42	85	93	57	76	53	60	82	61	61	96	56	68	48	86	67	98	88	16	88	56	75	48	21	55	42	63	85	72	40	69	42	37	88	57	57	58	56	95	18	64	17	34	82	99	88	92	44	60	47	59	74	40	43	62	13	76	86	86	82	50	15	67	13	28	16	15	64	55	47	26	80	61	27	24	26	89	46	78	75	54	33	95	34	65	44	96	96	66	99	59	34	14	68	54	73	49	27	94	63	100	16	50	29	63	85	54	61	93	41	12	29	66	25	45	15	91	49	56	85	60	46	16	97	76	91	13	65	33	24	74	15	60	99	32	78	64	38	82	73	18	57	37	51	43	93	94	15	50	27	60	65	40	40	63	53	36	61	83	74	22	90	77	60	16	41	13	17	49	88	84	49	15	66	45	41	88	61	32	75	36	50	19	26	46	71	16	59	92	47	92	14	98	19	12	82	80	59	91	64	57	45	90	19	40	73	68	67	50	80	15	21	74	12	12	52	32	94	51	16	44	97	92	61	12	33	27	74	74	28	94	22	16	59	65	45	92	23	42	88	63	52	69	92	58	83	26	41	80	63	61	87	53	49	72	16	56	69	48	25	60	82	31	52	98	52	94	29	11	57	64	62	78	26	15	42	82	93	80	34	62	66	66	13	40	49	20	69	97	26	23	84	83	28	98	32	10	70	71	47	13	30	57	34	39	96	57	37	26	52	74	81	51	38	47	40	44	40	23	60	33	62	90	74	78	43	17	74	12	90	33	62	70	49	54	13	37	51	41	35	78	18	38	65	79	26	84	15	90	51	16	70	14	57	78	20	24	37	34	72	61	76	42	97	85	79	15	81	52	25	34	99	49	25	55	40	26	88	44	27	46	88	81	77	24	90	92	41	16	99	77	38	35	65	38	33	14	62	74	71	43	93	56	41	45	82	99	70	79	55	38	61	74	77	16	21	66	67	60	10	93	59	10	26	43	53	35	26	71	40	58	71	51	86	19	25	36	30	68	69	55	97	91	42	65	62	74	94	49	13	10	57	94	36	52	57	15	10	62	38	26	75	32	51	12	65	72	59	98	48	37	88	81	21	83	83	35	22	77	40	75	98	19	21	51	25	64	56	79	29	13	80	41	46	15	32	57	78	85	26	32	79	60	84	57	86	93	90	57	89	46	60	12	71	34	87	39	57	66	36	26	44	88	83	93	55	21	43	66	45	95	25	37	74	26	17	91	46	64	13	92	80	15	13	58	60	29	23	30	80	86	79	69	93	11	57	58	56	91	86	70	19	83	54	16	98	42	51	13	60
49	41	79	85	58	61	41	66	17	23	24	77	52	46	57	41	11	65	48	49	60	85	32	78	24	78	14	49	66	69	47	53	84	11	47	93	39	26	51	17	73	21	18	53	75	54	85	71	90	67	41	71	76	59	65	68	56	51	87	34	70	84	82	61	77	46	92	83	38	14	13	35	27	77	42	73	87	95	68	62	47	30	73	65	30	53	39	29	66	87	89	13	86	89	33	59	50	73	40	62	62	42	81	49	43	44	70	42	63	20	74	19	57	85	23	51	74	94	52	44	59	94	48	30	58	82	79	68	72	93	51	74	74	18	85	28	13	86	39	68	35	96	99	16	26	63	60	89	58	97	45	31	68	98	85	71	92	70	32	69	44	92	31	49	73	52	91	67	98	65	91	76	24	80	65	84	49	50	75	89	36	34	15	19	32	41	43	85	84	18	62	46	51	23	64	41	37	22	81	75	49	57	50	64	45	22	24	43	76	42	51	80	77	68	44	28	45	16	37	99	65	41	45	54	91	82	44	51	69	45	95	29	86	40	12	57	51	100	31	59	61	40	79	20	44	81	35	72	94	70	89	30	82	48	62	40	12	35	20	92	46	57	82	59	64	31	13	57	38	38	38	21	97	26	86	80	18	32	58	61	67	96	31	35	40	15	93	77	29	27	16	22	21	89	45	29	27	89	68	57	21	44	63	63	93	44	14	33	93	72	27	55	50	82	92	79	59	40	72	48	50	42	97	66	70	31	52	61	85	73	98	47	39	69	16	64	63	53	76	47	86	87	47	86	39	80	24	18	15	58	49	36	19	50	27	84	83	82	34	81	97	56	42	66	72	58	93	67	41	26	61	32	42	73	81	37	78	35	32	59	25	43	74	42	13	67	46	30	42	71	79	62	69	75	79	27	22	81	80	13	21	94	92	60	60	10	98	45	88	86	74	92	54	19	75	39	95	15	88	58	11	49	52	50	19	68	54	50	64	51	19	34	34	88	71	10	44	76	61	42	84	82	73	21	45	51	41	81	49	12	74	13	65	56	69	59	93	92	12	25	19	52	15	26	97	80	19	11	63	60	18	65	91	21	79	15	49	30	41	68	38	65	12	30	25	37	48	93	70	56	89	35	16	72	56	29	84	62	46	63	62	33	60	64	47	26	90	66	36	72	69	71	43	84	54	34	95	12	40	55	29	47	90	34	16	25	11	49	21	86	70	55	89	33	73	11	60	13	31	10	96	28	31	52	94	76	51	14	60	53	78	27	60	58	23	67	51	68	23	76	30	17	61	42	74	45	29	36	99	98	66	89	37	90	89	21	27	29	80	69	71	62	14	89	57	63	46	93	80	79	74	35	89	100	36	88	20	65	14	28	46	12	21	33	77	76	79	61	81	33	27	98	80	50	46	72	56	30	92	75	73	63	33	79	56	54	59	14	12	26	47	66	48	78	19	14	65	52	33	82	36	86	37	57	88	56	24	96	94	41	13	61	57	22	92	65	83	61	74	73	64	88	85	99	81	23	22	74	60	63	96	90	71	68	33	32	78	88	80	84	83	73	80	32	79	82	34	31	99	73	38	40	86	70	80	80	27	23	30	71	96	15	68	98	14	27	31	16	45	64	67	61	92	63	78	51	23	17	17	29	75	25	18	73	99	90	72	19	28	27	91	84	52	28	99	64	58	17	64	54	18	13	96	34	58	50	25	48	32	42	55	88	60	47	67	31	38	73	28	47	98	45	20	11	59	41	83	19	33	67	82	97	56	36	82	23	77	46	60	71	90	31	57	100	97	63	11	87	72	79	24	13	70	56	75	82	51	44	51	38	61	66	20	86	74	55	53	44	73	50	37	65	60	50	56	29	95	31	96	59	14	61	78	99	36	68	89	83	95	81	38	59	41	48	16	50	59	46	52	26	79	13	98	54	31	55	11	29	32	16	64	76	63	83	36	52	65	84	45	36	86	76	32	73	75	94	35	97	84	65	93	63	79	83	20	86	45	48	81	86	89	32	66	19	25	18	47	46	95	49	65	43	11	49	35	36	85	61	22	94	31	90	51	99	89	90	80	50	67	65	66	76	39	60	24	94	15	10	30	29	69	67	27	64	65	89	83	15	73	12	87	79	50	26	39	95	27	32	34	76	23	68	72	52	23	99	86	87	60	27	95	17	91	70	56	64	49	92	32	91	26	50	22	43	61	69	98	27	60	31	29	95	75	79	83	12	43	24	49	92	38	89	96	46	48	88	80	15	94	17	18	19	78	14	57	54	99	41	51	38
31	44	47	73	59	22	59	47	92	17	24	35	49	37	84	44	39	81	58	50	71	51	48	41	23	24	15	37	34	49	15	72	75	67	44	24	34	61	22	17	39	55	61	43	43	66	48	67	52	66	68	26	19	60	78	77	61	22	38	85	84	33	17	13	36	30	89	80	88	63	25	86	14	95	41	13	100	68	64	46	37	96	89	92	55	61	70	42	14	20	73	76	44	61	29	91	78	34	77	25	21	18	81	96	41	47	73	59	75	56	32	61	25	98	13	15	95	62	15	65	99	78	54	73	63	76	59	23	14	36	12	60	98	96	94	40	87	68	17	38	44	74	27	28	16	48	15	97	39	14	88	52	17	97	43	63	81	53	44	66	27	70	51	100	54	85	83	51	44	69	86	64	91	49	24	29	35	83	100	77	95	61	63	29	73	27	94	55	21	77	36	22	80	59	56	64	82	57	85	11	51	11	98	55	73	12	48	65	75	36	93	45	78	12	84	16	11	35	70	79	92	15	94	88	90	76	81	18	40	62	61	41	71	15	69	28	78	51	34	95	48	63	53	74	90	72	42	76	39	49	81	41	28	38	64	34	26	69	99	91	25	62	76	63	12	74	30	75	68	41	62	54	36	51	71	47	76	27	82	14	45	54	26	39	29	14	59	37	80	60	43	71	62	92	74	12	90	30	98	84	51	16	81	53	44	33	72	47	33	85	89	64	58	27	66	53	19	94	34	91	80	42	71	94	95	59	56	18	18	46	81	75	38	41	93	45	63	62	96	31	21	91	48	32	25	43	67	23	47	14	48	37	70	89	40	40	80	45	13	42	77	97	15	43	57	26	91	13	20	19	39	98	49	36	70	77	25	43	48	93	74	99	43	55	22	93	41	44	87	51	87	28	77	50	89	14	48	88	40	31	13	41	89	79	42	80	62	11	43	39	73	51	36	42	38	34	46	59	92	24	53	65	41	13	23	57	65	39	30	20	62	62	83	70	26	35	69	32	58	80	63	53	29	97	29	44	49	47	82	48	64	99	39	66	36	70	18	22	67	33	52	46	99	45	92	15	75	51	44	64	64	84	81	29	96	86	94	61	98	20	86	90	83	59	84	20	71	42	87	93	96	26	65	11	67	28	93	55	75	11	100	32	47	94	100	34	41	87	92	46	53	76	41	80	68	87	38	10	22	58	43	12	37	60	22	78	28	36	92	15	37	62	75	96	78	41	39	66	24	75	69	34	22	25	15	32	51	89	28	52	32	81	41	85	84	27	60	87	13	79	56	81	32	25	88	53	98	86	57	81	88	93	29	95	45	61	70	61	14	82	61	47	77	70	54	37	45	96	64	56	33	36	55	82	80	32	25	62	93	40	38	11	58	17	88	18	16	29	60	62	64	94	80	78	57	13	30	84	36	16	25	94	62	39	15	72	26	63	14	53	92	35	52	74	60	82	24	48	30	33	71	54	71	95	19	89	37	18	85	60	78	100	20	39	26	31	18	82	16	40	57	66	94	99	69	10	73	83	94	44	55	94	10	21	93	86	53	72	18	14	92	24	70	97	80	79	41	34	33	38	99	42	13	73	86	24	36	13	65	51	17	93	44	72	51	91	83	81	58	28	41	88	94	72	19	70	92	46	45	80	69	63	75	76	24	77	37	12	81	66	56	94	46	25	33	28	93	37	64	16	58	35	58	53	39	18	15	40	49	16	73	40	99	44	22	89	33	91	23	18	98	60	39	58	76	88	63	56	44	68	71	92	66	34	29	49	11	19	24	85	20	30	24	27	22	46	31	96	75	43	17	12	95	58	98	49	33	74	33	81	25	12	91	93	68	38	43	39	54	76	40	23	45	98	59	67	51	61	72	19	57	78	60	30	39	12	23	74	71	56	88	45	14	52	27	84	84	49	94	16	61	75	86	78	62	75	24	27	12	84	72	87	28	63	92	20	53	88	52	33	44	54	97	58	81	47	93	74	81	44	15	43	88	48	90	64	44	62	57	93	10	19	53	94	44	90	78	69	41	10	11	57	87	47	64	66	59	91	79	46	87	17	60	74	72	64	31	28	48	55	20	68	51	76	99	13	61	48	60	84	28	85	20	98	46	25	65	56	83	31	61	85	58	88	63	91	93	39	71	73	99	81	75	19	56	47	55	78	64	35	20	61	87	81	93	95	14	78	25	36	68	59	84	65	66	60	63	17	50	76	45	92	60	17	49	32	19	10	40	13	27	66	41	81	49	52	56	11	98	20	98	21	80	89	35	76	87	98	98	50
45	26	21	24	56	46	23	39	58	23	58	84	87	56	41	16	61	46	93	41	62	70	98	21	20	17	55	95	94	46	35	65	62	22	63	51	79	48	42	27	57	18	43	91	53	22	52	43	18	41	65	18	61	56	53	30	84	44	27	46	33	78	87	49	25	62	58	53	61	18	75	21	74	22	93	56	61	26	96	64	14	38	62	36	81	34	74	49	35	55	43	69	13	97	40	44	34	11	25	85	61	17	87	63	13	67	52	98	65	67	95	42	27	79	33	100	95	10	43	74	40	38	75	71	26	92	64	61	51	27	52	30	60	25	90	60	10	61	70	24	28	46	86	61	76	100	59	24	21	77	84	23	47	40	62	82	61	14	41	91	66	43	62	96	99	99	59	67	14	79	39	60	74	83	41	40	64	33	19	84	45	14	30	46	97	76	41	96	42	71	46	80	45	19	12	46	72	87	97	84	59	75	62	43	33	76	19	37	16	25	81	75	87	25	31	69	27	32	83	38	90	61	63	59	12	69	46	27	21	47	82	81	49	13	56	99	23	32	100	87	81	54	78	85	64	22	45	70	17	78	97	48	100	29	64	28	76	32	36	71	56	36	52	84	86	74	13	62	33	20	93	92	46	40	34	93	14	56	84	64	18	23	72	28	65	55	18	85	36	36	85	35	58	65	41	69	34	39	54	51	80	92	70	19	87	32	55	89	19	12	81	30	41	61	81	28	48	65	68	58	99	47	51	62	96	27	74	49	47	67	98	87	33	34	13	66	56	71	90	23	49	69	75	28	75	80	52	93	96	89	83	88	50	20	47	67	56	39	52	59	46	50	85	26	97	16	15	43	81	17	27	76	48	16	20	18	37	13	31	46	12	91	62	35	84	57	49	34	58	82	70	82	26	63	73	59	91	53	58	94	52	23	37	16	51	57	54	85	81	84	52	12	76	74	44	80	80	84	89	85	68	93	71	91	26	61	58	98	56	26	47	57	26	53	46	74	23	88	38	86	18	38	62	71	92	80	69	67	40	93	14	29	26	11	42	80	73	99	40	32	35	100	46	27	86	47	44	50	25	40	15	17	54	91	30	38	35	20	94	23	40	38	32	14	82	42	24	98	81	59	88	87	31	77	40	100	61	14	21	57	67	82	22	78	34	11	17	70	48	97	87	33	45	48	55	15	32	66	12	85	44	94	28	31	27	87	67	97	29	43	84	81	32	34	64	70	96	43	59	62	43	81	95	30	33	97	71	79	93	99	14	19	16	87	56	74	43	45	84	82	83	35	79	53	62	81	24	21	19	65	39	62	59	49	27	59	74	99	34	82	52	42	33	49	46	82	67	30	47	41	50	96	98	90	85	72	31	15	11	93	49	98	91	81	91	76	53	12	39	45	11	11	16	32	72	35	52	13	37	42	33	63	62	65	95	72	64	78	42	97	47	24	24	45	19	78	73	90	57	89	31	41	74	96	16	62	74	17	50	79	56	91	49	44	50	37	23	78	23	40	76	81	90	77	55	69	20	86	16	42	77	35	51	21	70	57	30	58	14	98	71	42	66	81	31	25	73	12	35	54	28	47	81	53	55	77	39	71	94	88	34	66	26	76	82	19	36	38	87	13	22	27	46	69	84	54	16	62	55	54	28	26	17	76	33	15	47	89	27	52	20	20	61	19	29	44	80	74	20	82	90	73	96	73	44	29	19	76	61	27	78	33	79	18	65	25	88	12	51	50	83	57	29	43	81	45	61	22	81	19	65	32	99	95	17	46	52	87	97	44	60	19	54	71	60	42	99	19	49	18	72	76	36	84	33	72	31	28	36	18	14	25	90	53	11	92	43	65	83	28	90	59	99	15	70	88	40	35	27	99	32	26	82	35	17	81	47	37	18	18	82	88	95	64	22	23	65	24	95	66	89	78	53	66	53	91	92	21	65	58	36	68	70	97	45	88	22	49	66	34	93	14	95	19	57	91	36	66	80	28	15	100	33	80	28	17	95	81	89	42	20	70	77	64	88	11	84	94	61	43	73	23	90	40	43	92	11	73	57	91	78	43	17	83	94	70	83	74	64	61	84	34	62	99	45	65	59	23	66	19	67	65	29	47	35	18	87	86	22	62	23	16	12	68	57	74	14	11	17	77	23	89	75	44	99	22	36	89	12	37	14	89	47	74	67	62	84	36	51	99	44	16	94	69	45	94	97	81	10	17	98	40	10	65	16	12	69	83	22	25	95	68	49	57	47	77	58	82	81	35	77	11	16	54	50	37	43	26	76	41
43	94	15	35	39	71	58	63	63	46	19	74	51	17	26	88	11	82	96	59	70	88	17	63	69	26	31	21	33	81	30	74	11	92	80	77	94	24	16	23	55	91	34	54	91	94	51	40	66	95	14	57	30	28	26	14	66	77	25	22	31	49	63	96	60	57	65	49	52	82	17	100	33	68	86	78	93	85	31	84	64	36	59	55	93	84	15	37	63	38	52	84	98	92	30	30	45	13	15	32	68	52	42	32	30	84	52	55	80	58	59	10	33	43	29	69	74	52	32	78	19	11	72	40	23	46	38	42	29	92	11	96	45	62	41	73	41	67	67	86	24	33	73	59	49	83	96	72	45	92	98	11	21	44	75	83	16	35	54	97	31	37	89	33	13	11	13	47	86	47	70	35	24	71	87	99	16	53	50	99	63	81	49	38	87	35	41	53	49	74	41	62	81	18	49	91	56	82	26	34	22	92	23	35	77	17	27	72	68	49	41	52	46	47	73	75	77	12	76	36	67	90	59	10	41	96	30	12	22	83	13	16	22	33	74	36	19	62	91	59	18	50	14	52	75	53	47	100	23	44	36	92	28	73	46	93	54	54	72	97	66	63	81	94	97	13	53	91	80	35	57	60	34	50	59	74	73	26	81	29	80	95	29	80	10	77	32	98	95	32	29	92	93	80	36	90	78	99	49	70	22	62	10	49	69	93	95	52	59	42	45	12	11	70	63	79	60	69	40	39	90	97	29	19	75	77	95	13	76	68	63	20	60	55	22	68	14	49	98	60	35	58	14	58	23	38	48	16	19	81	54	69	13	96	38	36	80	97	79	68	63	35	33	100	52	44	73	11	95	84	62	55	72	32	90	20	55	72	68	59	27	91	50	99	45	100	47	32	91	61	97	91	10	44	65	61	43	54	53	92	63	56	26	17	82	81	27	76	98	20	31	91	21	69	60	98	60	24	71	78	15	35	18	30	44	77	75	100	72	63	46	11	84	34	12	69	86	95	78	64	77	72	91	41	56	76	24	85	77	30	95	58	37	97	69	17	98	78	89	89	70	31	75	67	95	93	44	31	49	64	74	39	36	84	72	87	16	37	27	21	90	91	78	66	46	12	25	52	69	61	73	97	96	49	20	73	26	17	98	88	69	66	24	58	40	94	77	13	99	23	90	67	82	61	13	93	85	69	68	35	18	62	42	68	63	17	46	25	59	17	17	71	60	36	33	22	29	39	74	72	13	41	99	41	78	81	96	22	74	97	62	88	79	64	84	66	51	22	78	31	42	97	39	23	47	88	53	49	60	55	84	54	61	47	21	63	81	64	37	72	24	15	63	12	97	12	48	16	21	53	90	44	87	11	87	95	31	22	59	13	69	32	57	25	11	60	28	41	55	34	85	25	15	89	93	54	95	21	11	95	87	92	41	95	30	74	91	72	46	29	31	83	23	35	82	70	70	95	71	39	46	97	99	38	67	49	19	41	90	67	49	30	11	66	98	52	14	77	73	17	48	51	42	39	100	65	14	71	23	80	35	87	84	32	83	24	29	48	53	58	55	19	21	54	76	54	59	73	18	47	26	66	84	70	24	80	50	18	24	52	47	64	32	71	15	40	29	26	49	54	83	14	71	76	48	27	54	56	23	93	31	86	12	38	27	46	23	15	15	18	64	55	71	84	13	29	86	74	78	53	99	42	67	45	47	89	16	64	77	86	31	58	98	87	32	46	39	40	51	21	30	16	57	79	99	89	51	11	50	89	48	23	37	78	65	55	33	80	95	71	30	58	39	51	27	95	24	70	76	26	79	97	38	50	16	69	81	38	44	80	23	74	58	12	12	54	35	24	58	43	12	36	47	31	52	99	92	17	52	24	94	53	94	24	100	84	53	79	93	57	63	71	98	57	57	48	70	47	65	17	61	76	80	19	14	91	20	11	97	27	84	63	64	41	17	18	55	43	47	83	31	82	100	31	19	22	70	25	31	62	24	56	47	79	47	13	90	72	92	37	44	80	51	82	93	60	94	92	52	99	76	44	10	68	81	28	37	23	37	31	81	20	84	46	75	25	59	51	51	79	30	20	22	74	30	27	62	21	54	59	90	39	34	95	52	73	75	97	15	43	30	27	83	17	65	29	90	39	54	81	23	86	20	66	55	75	59	77	94	19	35	75	79	78	54	34	50	43	83	43	29	12	16	80	60	38	92	12	76	72	78	71	14	52	95	97	24	92	25	86	47	42	58	18	21	95	89	56	51	53	85	58	23	48	79	40	44	90	99	49
57	50	63	87	66	96	62	11	57	28	56	30	58	55	28	10	64	99	78	38	87	70	68	85	16	12	68	82	68	96	35	59	69	92	62	82	22	15	47	68	65	77	39	68	41	11	37	32	62	61	97	74	46	97	89	11	33	54	13	54	44	16	51	39	61	49	42	93	78	62	83	81	37	61	47	45	48	71	77	45	85	33	12	23	40	35	53	21	46	91	39	42	54	33	26	24	27	11	87	77	65	13	26	13	90	64	58	69	57	16	51	42	83	26	57	84	56	60	50	68	76	91	14	14	48	69	34	91	37	16	74	12	61	94	50	52	72	44	38	24	33	29	56	98	13	71	46	29	83	73	40	77	41	52	24	53	43	48	25	41	62	48	59	23	86	54	100	26	42	36	16	100	21	64	30	13	64	26	94	31	63	27	26	50	63	78	40	88	76	66	99	13	72	38	39	43	27	61	35	27	95	87	55	39	65	82	25	63	17	30	21	93	37	54	87	73	87	62	98	63	92	29	37	78	39	73	23	10	37	20	37	60	89	23	32	45	40	47	21	56	89	77	43	40	91	44	56	41	24	52	67	92	47	25	79	40	23	19	36	55	20	47	57	55	19	92	58	14	64	26	40	12	50	28	43	57	51	59	63	69	70	14	74	79	33	17	38	92	20	59	23	41	91	15	96	37	20	12	27	55	66	78	16	97	18	38	64	15	79	17	19	95	81	12	43	68	72	56	74	64	84	14	33	62	94	80	97	40	17	21	85	48	92	40	11	34	36	47	57	65	68	12	16	61	16	88	52	70	99	69	21	41	56	65	18	51	83	84	84	76	52	63	38	39	78	87	12	12	23	89	34	63	68	92	23	83	42	45	14	48	45	96	57	74	88	100	64	93	99	79	62	99	67	16	21	63	59	87	53	51	11	38	61	73	63	54	56	26	46	34	36	57	67	38	66	29	50	91	32	66	81	35	63	50	31	16	50	46	73	22	46	50	77	43	39	27	57	53	88	61	58	58	16	63	18	31	61	39	44	86	64	19	20	58	39	15	76	92	41	24	64	26	63	17	62	69	14	71	14	61	16	83	18	54	100	90	13	29	42	92	20	82	25	25	52	20	45	48	36	53	12	73	61	53	30	84	79	93	88	95	58	78	14	64	79	93	80	87	82	54	29	88	79	22	76	97	53	49	55	16	34	55	42	71	87	64	38	10	23	33	70	100	80	69	55	73	21	46	38	56	39	27	94	72	44	23	26	78	74	26	69	89	74	40	41	80	34	43	11	67	82	38	25	61	73	66	36	75	45	16	16	66	87	75	28	98	67	27	46	50	38	13	89	94	75	69	95	51	63	22	23	29	67	34	67	92	94	10	79	13	84	72	20	36	79	73	37	44	54	23	47	51	52	46	53	49	59	74	53	40	49	23	24	31	46	84	63	87	44	42	22	39	47	43	63	78	71	61	63	72	28	40	57	27	51	33	97	74	33	53	94	71	57	99	94	71	34	80	97	38	34	76	35	53	28	34	29	75	17	88	38	57	97	27	95	51	78	26	70	60	10	88	36	72	47	29	20	73	79	74	77	56	73	96	31	36	49	10	37	81	37	29	41	84	49	28	46	36	92	32	40	72	26	100	25	19	35	68	24	34	94	48	24	23	24	89	75	83	40	40	97	92	55	31	77	22	48	24	76	59	64	73	52	77	11	75	13	34	27	39	16	85	30	57	50	63	19	36	87	16	52	86	89	27	79	77	25	35	23	63	74	71	37	73	69	49	91	82	86	57	43	95	90	14	81	11	50	35	47	23	57	97	15	96	12	23	99	13	64	78	93	25	58	56	72	47	49	44	47	11	76	71	49	27	44	99	12	34	70	76	63	38	31	54	22	21	73	95	94	74	35	23	33	61	12	42	64	65	38	84	45	22	69	12	64	61	98	22	29	31	77	52	26	48	29	12	59	51	47	52	21	87	90	72	23	64	85	94	89	38	33	49	81	49	100	30	99	58	92	47	38	75	26	41	72	95	51	68	35	42	66	81	16	49	69	19	45	32	73	13	46	57	72	81	20	22	98	41	100	85	97	80	42	86	28	55	24	15	88	45	92	19	60	74	38	79	38	37	19	36	30	66	15	45	98	11	16	11	12	20	73	96	21	100	22	34	94	37	95	87	17	79	67	90	13	33	98	65	56	90	24	65	16	73	47	80	74	50	12	44	57	93	23	78	34	73	18	18	49	91	27	68	71	19	60	72	16	84	15	50	63	45	40	71	58	15	54	14	72	58
10	38	98	63	85	39	87	81	17	88	75	99	18	27	58	60	38	62	33	21	70	85	24	66	58	45	73	86	92	10	31	45	36	36	75	89	36	66	62	53	32	23	52	100	83	34	91	88	17	43	18	82	51	70	42	60	62	90	93	22	33	74	34	23	31	19	93	19	72	89	67	14	31	100	98	91	25	98	20	61	71	16	84	51	99	38	33	86	67	85	76	56	74	83	25	12	86	21	34	49	14	38	86	37	68	55	18	42	61	50	31	21	57	48	57	10	33	73	42	81	93	40	78	35	67	41	81	57	81	43	97	17	52	80	29	85	77	53	14	62	75	75	17	52	61	57	91	59	33	37	34	81	92	44	73	45	55	33	42	50	89	98	87	12	71	41	47	47	11	34	89	82	24	91	72	48	97	47	40	39	57	90	86	24	51	25	37	64	87	99	92	89	38	49	55	75	76	20	22	37	47	60	21	70	15	60	22	46	52	92	97	11	24	84	17	39	47	62	98	38	38	32	59	50	68	59	31	32	43	65	27	43	83	15	77	85	70	12	28	23	67	67	21	72	22	79	85	45	22	98	72	40	66	93	19	50	49	40	85	81	97	90	22	47	96	87	94	66	86	28	55	42	93	78	48	33	86	54	21	43	67	96	12	26	97	61	87	21	82	26	20	60	85	72	38	34	78	19	19	41	23	84	79	19	82	33	90	26	54	44	60	55	20	44	66	100	85	62	45	25	33	91	95	32	12	99	35	83	36	65	62	25	46	27	54	88	10	91	50	55	21	86	11	29	57	80	48	47	27	11	29	31	24	30	18	43	79	74	67	90	46	12	89	22	79	94	51	35	98	51	90	55	17	89	93	70	18	60	50	47	24	21	87	16	57	12	19	25	54	62	67	36	82	27	79	85	44	75	27	69	28	43	58	95	22	86	69	69	95	34	69	75	88	43	89	41	90	38	75	91	29	59	87	81	62	90	72	16	98	48	78	17	77	57	98	17	51	36	33	49	79	47	39	82	86	35	10	98	25	84	31	44	49	55	14	97	83	37	95	59	18	35	73	48	54	13	70	82	90	31	70	47	56	78	15	70	14	37	87	99	13	93	80	55	65	41	61	68	73	27	55	84	75	51	88	55	46	43	57	20	51	53	43	99	75	80	87	31	25	23	53	30	18	68	18	39	81	59	95	29	73	65	34	45	13	34	89	17	34	75	78	36	99	92	84	63	12	96	31	27	90	13	59	57	96	39	22	36	98	95	96	91	28	51	94	59	54	48	48	68	87	49	30	50	51	49	42	47	16	28	97	23	79	72	16	31	35	14	68	88	76	71	61	48	89	62	49	71	28	33	59	81	61	88	27	47	80	58	75	35	34	77	60	95	35	31	34	31	60	84	89	16	48	22	27	71	59	42	50	16	39	26	28	63	31	49	78	33	89	99	60	62	31	29	92	61	25	35	55	77	13	22	98	24	82	38	95	48	85	78	89	73	53	78	69	31	38	60	72	65	40	97	92	65	29	77	99	46	58	35	31	66	19	12	11	65	47	34	57	58	71	63	90	66	24	42	65	92	35	75	81	39	58	74	95	65	47	23	61	57	27	54	22	36	36	92	50	43	48	34	27	18	45	23	67	74	28	26	48	45	29	35	94	19	18	78	71	42	73	99	24	49	25	84	41	15	12	93	86	34	32	65	80	42	37	98	34	36	60	73	14	30	25	53	51	60	83	18	15	25	72	43	83	68	72	42	66	91	68	71	51	40	22	11	46	31	18	51	32	71	30	57	32	43	78	98	95	68	95	96	53	59	34	88	66	34	40	30	40	65	51	38	30	62	49	43	34	13	76	18	28	28	71	55	24	86	95	11	56	69	41	46	51	13	68	60	77	47	75	24	54	48	31	18	89	91	95	32	19	43	98	46	60	69	87	23	72	69	44	90	21	74	82	52	43	49	19	96	36	94	41	80	60	64	17	80	99	70	81	84	67	15	80	44	42	89	47	16	96	42	79	31	69	82	99	61	55	40	11	57	64	73	49	53	86	91	26	50	92	84	40	41	93	40	73	21	52	63	18	89	37	45	64	27	59	81	49	29	13	94	37	35	79	46	25	91	26	12	24	92	68	81	42	54	80	71	38	67	90	28	98	35	46	13	36	89	47	19	25	68	51	63	69	90	68	57	62	56	49	88	55	81	40	89	29	75	63	100	50	93	45	29	22	48	40	76	17	31	84	82	96	83	56	45	68	64	19	51	30	57	28	13	96	10	55	49	76	94	26	83
65	95	99	16	93	49	40	80	72	19	53	24	78	68	44	38	25	46	43	44	38	31	39	49	74	85	96	27	96	91	91	57	47	40	62	69	81	33	40	78	31	58	88	22	11	87	77	49	99	47	76	82	61	33	13	48	83	40	43	67	31	40	69	84	53	36	98	88	69	12	81	30	71	58	67	65	54	72	79	85	55	61	89	45	86	66	15	18	100	79	44	90	79	48	36	14	57	24	100	63	32	50	18	50	40	47	68	62	95	96	69	79	31	31	11	32	85	53	49	41	81	56	54	24	42	25	78	20	73	25	89	45	59	99	96	24	20	45	43	50	52	45	38	18	54	36	37	54	80	53	85	95	71	45	43	59	11	29	75	60	34	68	44	15	49	26	20	80	58	95	36	68	97	12	32	73	79	97	88	92	59	40	93	47	19	36	84	78	84	18	39	32	61	38	30	88	18	42	86	91	48	48	55	66	47	96	96	13	50	79	81	97	32	27	30	34	46	17	32	48	15	81	83	21	89	75	10	24	54	60	51	81	65	41	39	43	100	73	62	29	72	94	77	79	12	24	33	89	32	24	73	61	98	81	71	97	74	66	15	88	50	33	74	33	95	44	79	85	97	22	70	43	37	21	41	69	100	20	52	98	56	75	50	85	46	22	99	74	52	14	81	66	94	55	83	87	15	89	41	94	73	79	60	30	99	67	93	24	82	30	34	19	33	14	25	95	42	69	14	31	78	59	54	90	15	12	79	56	70	13	95	67	62	79	47	12	72	10	22	35	25	21	72	96	33	40	56	11	32	21	38	15	57	89	72	82	50	88	80	67	35	67	90	35	69	26	98	22	49	48	62	49	99	18	14	79	61	20	87	64	32	66	34	92	40	56	58	86	70	41	52	15	72	11	16	84	21	44	21	55	21	40	51	98	47	70	55	60	68	68	83	69	86	35	15	50	86	31	85	94	48	34	16	28	22	43	94	73	17	42	97	83	29	24	13	93	40	25	67	37	96	36	94	31	60	93	78	43	15	71	92	34	99	63	88	92	74	23	56	81	42	64	87	50	67	30	10	88	20	92	61	45	45	28	46	97	82	70	49	86	26	99	91	15	58	61	80	38	76	59	98	18	41	12	82	48	29	69	94	91	80	31	97	85	12	89	17	62	64	68	49	68	65	15	25	79	59	61	44	17	22	43	94	26	68	63	53	24	43	71	87	25	35	76	58	81	91	89	56	27	18	52	60	69	92	49	87	50	15	97	11	66	34	38	46	25	90	71	88	77	76	67	92	10	31	93	69	61	18	55	81	89	18	84	23	15	88	50	50	78	41	14	35	28	49	44	58	64	36	60	19	14	51	96	72	90	30	15	96	21	34	82	25	98	26	96	12	31	56	45	12	61	23	81	47	45	59	60	54	75	44	15	83	25	93	34	36	59	89	34	87	39	28	38	26	56	81	10	92	67	76	38	90	38	27	26	18	33	64	39	82	44	92	46	80	53	22	98	47	95	49	82	21	65	67	13	39	71	51	78	55	89	19	59	48	61	56	76	69	90	59	89	87	87	37	14	58	99	14	20	80	44	72	12	11	71	59	61	77	58	79	98	82	78	30	99	48	47	41	24	99	10	78	83	74	68	71	13	68	64	69	54	58	92	12	18	64	70	39	42	61	24	62	91	80	85	34	42	28	49	91	46	83	88	16	87	80	60	71	98	64	94	39	62	62	84	51	77	70	95	71	58	64	27	73	58	41	32	83	69	69	16	42	58	12	81	54	95	12	48	49	90	77	75	35	67	28	83	46	67	66	28	37	61	12	56	29	73	98	17	25	19	50	92	33	63	75	17	27	11	29	78	64	40	96	35	54	54	67	69	27	43	15	20	14	27	39	39	95	51	75	60	44	38	87	42	19	52	47	24	46	26	45	40	18	34	80	97	36	70	56	28	78	78	22	51	27	15	24	49	50	50	37	32	87	78	48	80	50	12	83	46	32	86	16	42	59	94	62	71	57	78	45	96	25	78	56	84	89	78	28	21	86	60	80	25	78	78	45	51	39	72	21	84	86	71	46	94	48	42	71	15	98	31	14	75	69	71	92	61	82	11	18	90	45	97	59	71	65	29	35	48	16	25	60	96	42	16	18	68	61	90	49	83	52	69	40	71	94	54	93	83	43	51	28	64	10	90	28	44	52	41	51	99	80	22	12	34	89	79	38	41	81	91	97	35	89	35	87	89	38	27	38	41	15	39	82	12	23	73	35	80	19	16	65	92	55	63	62	83
wj																																																																																																																																																																																																																																																																																																																																																																																																																																																																																																																																																																																																																																																																																																																																																																																																																																																																																																																																																																																																																																							
72	87	62	28	73	54	95	34	93	50	95	5	14	62	29	33	100	18	87	30	14	50	65	63	3	39	88	36	63	16	44	9	28	19	47	81	7	49	69	86	13	84	14	7	47	67	20	18	30	31	11	43	55	35	14	87	35	71	8	11	84	86	45	93	99	11	3	77	96	42	45	69	8	27	10	57	9	55	53	9	1	87	85	97	64	62	20	82	43	14	99	85	51	95	71	54	14	34	23	67	67	72	39	96	90	97	1	33	98	25	85	18	72	78	99	44	46	15	10	86	25	38	64	32	76	28	10	32	42	51	81	92	74	2	88	98	77	72	86	30	7	68	44	30	31	72	59	66	68	9	16	28	42	88	45	89	96	16	3	58	89	13	2	27	75	100	46	56	92	5	51	53	89	84	31	83	69	47	49	70	90	94	70	79	14	7	87	70	91	24	8	41	4	55	67	14	83	44	71	74	25	38	6	98	95	28	97	78	79	36	92	58	21	28	5	34	52	78	81	11	24	43	62	52	71	62	31	84	94	94	89	72	79	77	80	24	83	58	92	28	49	37	18	86	27	27	65	79	99	73	85	49	78	30	57	91	83	50	16	92	13	37	54	18	81	51	96	56	56	3	62	76	76	98	45	94	29	40	13	78	82	75	60	55	27	98	68	1	64	99	24	23	45	72	99	96	32	28	90	55	47	15	34	59	4	80	16	37	24	47	67	82	69	65	48	53	81	45	83	94	67	78	5	12	4	73	81	93	73	62	16	84	41	2	50	31	20	57	58	54	10	88	49	69	60	91	38	59	10	82	89	87	64	31	76	74	99	52	6	8	31	71	81	89	19	86	60	40	81	73	3	97	19	91	58	80	82	29	39	98	73	64	84	40	3	63	89	39	53	89	41	14	12	82	18	7	4	44	6	44	5	35	88	95	7	71	22	83	23	80	75	85	83	53	58	92	30	41	6	11	63	47	34	51	37	60	38	95	69	23	24	59	65	78	62	89	99	48	56	35	13	3	78	49	92	52	37	90	43	26	96	30	65	30	73	69	22	14	66	30	51	7	4	70	17	92	81	93	22	21	96	28	36	92	63	19	79	60	23	2	80	21	34	31	19	62	65	54	20	97	40	39	91	48	79	79	47	55	18	44	90	59	2	76	27	37	54	76	2	9	62	54	62	78	60	4	81	53	44	8	81	83	14	22	52	56	57	38	10	32	39	35	77	99	78	97	85	42	21	74	86	89	87	22	28	65	33	1	65	60	70	15	80	44	25	41	36	29	58	67	81	48	25	65	46	65	82	14	78	6	54	84	54	66	73	90	75	73	8	16	39	62	94	45	80	82	49	84	100	9	7	57	65	81	85	54	64	91	50	69	46	25	69	49	28	31	25	13	84	56	77	28	7	45	5	51	59	79	10	78	75	29	34	31	76	3	67	97	37	64	28	90	27	34	32	66	75	52	71	52	81	62	42	84	14	39	16	66	95	76	17	12	26	82	86	2	25	15	20	14	48	22	2	16	54	97	82	68	26	79	65	19	89	16	17	100	42	75	47	2	33	22	65	57	90	53	38	13	78	24	1	86	89	10	71	3	86	98	99	88	60	16	83	95	96	67	32	2	91	72	45	13	36	15	78	32	95	43	7	60	41	30	19	43	92	21	50	71	23	77	24	75	75	63	64	60	88	77	96	68	21	51	84	43	10	83	99	22	53	93	70	20	58	53	98	1	23	44	39	98	85	48	40	29	71	99	11	66	53	67	38	29	52	59	26	61	3	6	30	13	70	88	73	47	77	97	78	61	53	31	99	14	3	13	23	98	47	19	91	88	12	33	20	85	76	63	69	65	57	82	72	62	48	47	15	56	67	51	5	98	92	100	8	36	32	6	56	84	76	42	47	42	18	29	44	52	67	12	16	38	38	6	90	3	80	25	31	56	22	74	84	56	99	82	30	32	90	64	32	83	68	64	22	47	55	25	96	34	57	42	29	73	94	66	17	24	22	94	60	9	100	98	73	31	24	26	90	47	87	12	57	17	24	59	89	14	64	56	27	46	19	29	41	76	91	91	33	7	51	77	17	31	63	35	63	76	85	29	19	20	96	53	73	89	85	100	67	70	94	52	63	31	61	92	59	47	95	96	91	40	54	45	39	40	24	53	57	38	53	47	11	23	27	9	91	83	42	52	66	48	29	41	12	47	1	60	5	83	87	44	65	68	40	33	28	79	60	98	18	66	27	44	4	57	57	5	28	31	84	17	1	43	5	3	54	47	46	91	70	17
