pij																																																																																																																																																																																																																																																																																																																																																																																																																																																																																																																																																																																																																																																																																																																																																																																																																																																																																																																																																																																																																																							
87	88	80	89	81	82	80	89	81	80	88	74	85	89	84	87	82	81	84	88	72	84	84	70	84	71	87	79	73	84	84	78	77	71	70	72	76	81	74	87	90	75	79	87	76	86	76	77	77	85	84	90	89	85	75	78	83	80	81	79	83	75	83	89	89	78	81	77	90	77	88	89	84	89	27	77	90	80	77	85	72	82	86	81	73	72	88	88	81	87	87	75	79	72	81	85	80	87	88	71	70	86	79	87	84	75	83	83	89	81	82	87	82	73	89	75	81	72	76	84	84	77	71	79	83	72	72	84	81	77	81	89	76	76	81	83	73	80	82	78	75	72	70	77	77	79	77	81	74	81	85	81	90	76	86	18	80	77	78	82	90	82	85	80	72	76	88	88	21	71	79	82	84	78	87	84	71	85	86	81	75	82	85	86	78	76	89	71	79	72	85	70	89	80	89	78	86	81	87	79	84	89	75	88	72	79	80	71	89	71	82	87	80	83	72	82	83	84	75	82	80	86	89	80	86	84	82	85	74	84	88	16	72	80	73	72	70	74	82	90	81	83	73	71	89	79	84	76	82	72	85	74	83	76	81	89	84	80	84	79	70	89	85	87	72	86	72	78	75	89	86	76	84	79	72	79	88	73	75	72	73	76	89	76	84	76	75	86	84	73	85	72	78	74	75	83	84	70	77	75	76	70	84	77	71	79	70	83	77	72	82	22	74	84	71	89	71	87	73	82	78	80	70	87	73	87	79	84	70	83	81	81	24	83	72	84	75	20	80	76	88	79	85	19	76	80	73	82	71	90	72	78	77	85	79	75	83	88	78	73	87	84	84	75	89	82	88	18	81	82	77	88	88	84	84	81	71	71	88	81	77	82	83	79	79	79	75	74	84	72	70	84	73	81	72	86	87	80	85	82	79	81	82	84	86	75	89	81	80	77	74	78	84	73	70	89	74	83	85	72	90	89	87	87	86	87	76	87	85	72	73	77	86	75	73	77	87	86	74	70	76	86	78	70	87	85	74	73	82	86	72	78	82	77	81	80	73	89	71	71	75	73	89	77	88	77	23	78	83	87	80	78	72	78	76	75	83	23	82	76	83	86	89	90	73	90	85	77	70	76	21	71	78	77	80	80	88	85	89	72	77	89	74	82	90	85	87	84	86	84	74	89	83	72	71	71	70	70	77	71	85	74	84	82	81	71	82	86	78	73	85	80	80	78	73	82	77	76	75	87	72	71	80	79	76	86	21	77	79	82	87	84	77	83	81	71	83	81	80	85	82	89	71	80	76	81	87	76	76	90	84	88	73	26	84	82	84	72	89	84	78	77	72	86	72	77	88	84	79	81	78	88	83	82	74	80	82	73	71	89	84	70	85	74	71	85	84	77	77	72	79	70	82	20	82	88	78	80	85	81	87	78	80	80	74	25	89	71	74	81	81	85	85	75	89	90	75	88	85	74	71	78	78	79	85	86	75	86	83	87	75	76	74	72	21	82	71	72	76	84	88	77	72	83	85	72	73	86	78	81	72	90	25	73	85	78	74	77	83	72	71	90	86	83	87	84	84	76	75	71	86	84	27	20	72	87	73	88	76	75	79	81	86	86	81	74	79	78	82	71	73	84	80	80	74	74	76	20	84	79	88	81	71	75	83	88	73	23	84	90	78	73	71	81	85	71	70	86	79	72	86	71	88	73	78	85	89	71	87	79	77	80	76	76	70	73	83	77	86	86	73	79	72	87	88	76	79	81	82	89	75	70	76	72	75	74	87	74	79	83	86	82	80	88	89	70	80	88	80	84	86	86	73	77	77	74	79	74	81	82	81	89	71	85	90	73	86	75	86	75	75	71	80	87	86	80	85	73	77	76	89	77	80	73	74	83	73	88	73	87	75	90	75	90	86	75	74	87	81	86	72	89	72	78	84	82	83	71	79	83	83	72	84	83	25	85	77	75	71	89	84	71	74	72	85	82	73	78	85	87	82	79	87	77	77	87	80	90	85	79	71	75	71	72	82	86	76	84	72	86	86	88	88	86	83	90	76	73	77	86	87	71	71	87	86	73	87	82	83	81	72	83	27	73	74	72	74	87	70	90	71	79	81	87	84	73	72	74	82	18	76	83	73	81	75	72	89	75	75	85	86	76	79	81	78	75	76	75	71	78	72	82	71	86	74	22	89	87	85	87	82	73	77	28	74	77	72	83	79	83	82	87	89	77	80	84	88	83	77	89	74	77	84	81	74	77	74	76	72	79	90	78	71	72	89	85	72	79	84	73
75	88	22	88	87	83	81	89	73	85	89	20	71	79	72	74	86	79	75	76	77	72	82	76	84	77	72	80	83	81	88	84	89	84	81	82	90	70	81	84	72	70	70	79	82	80	77	19	77	82	78	75	89	73	85	79	89	87	88	78	86	80	70	21	70	74	72	74	71	80	90	71	73	87	80	80	85	71	76	80	26	71	88	72	86	77	83	77	76	86	78	83	85	79	75	77	78	83	82	90	75	71	83	76	74	70	72	85	18	84	89	72	88	85	73	88	72	80	73	70	79	82	71	87	85	82	85	88	74	79	78	74	82	86	87	79	90	90	72	73	78	90	79	84	75	89	83	79	73	73	86	82	80	70	76	76	84	86	81	87	89	89	89	77	87	79	80	74	87	78	83	79	88	82	85	81	75	88	89	83	78	76	79	89	88	79	76	85	88	90	83	70	75	71	77	78	77	90	83	77	22	77	90	21	78	78	88	79	90	77	86	90	82	89	89	90	72	21	85	83	73	84	83	83	71	84	86	72	85	81	85	86	89	86	86	80	80	87	77	72	24	71	87	76	83	83	75	86	88	86	76	75	79	83	88	80	80	85	81	87	75	80	77	81	76	73	89	77	84	74	77	20	85	87	88	70	84	81	77	23	77	71	82	86	88	90	80	78	89	90	87	74	82	72	78	77	77	85	78	90	78	74	71	82	84	84	73	79	78	90	89	85	87	73	71	79	84	83	86	70	81	74	72	81	19	72	26	84	72	87	75	84	84	86	76	78	88	76	73	79	88	89	86	80	76	85	79	71	86	76	75	82	83	72	75	76	86	77	71	82	76	77	78	74	78	86	75	77	87	82	78	81	87	76	89	70	86	74	70	86	90	88	86	89	79	76	80	71	22	84	86	86	85	86	85	71	86	87	74	75	86	82	89	74	72	71	74	19	81	81	73	81	24	79	83	86	76	79	84	87	77	71	78	76	79	74	75	80	73	85	79	86	74	75	78	79	79	79	84	78	89	89	84	73	76	79	81	78	84	89	82	85	74	86	72	76	90	70	85	87	75	77	76	83	86	83	79	77	90	75	80	71	78	79	85	88	87	74	87	72	74	71	89	79	79	84	86	87	71	72	74	71	76	86	88	78	71	82	71	72	27	23	82	79	89	89	89	82	86	89	72	86	76	79	87	18	70	88	80	74	82	76	86	79	77	74	80	71	89	70	73	86	85	75	73	80	85	72	72	83	77	73	89	89	75	84	88	79	72	76	75	78	85	80	85	87	17	81	81	88	85	73	78	78	89	76	75	80	83	21	82	76	83	84	89	86	86	85	74	75	81	79	78	78	86	74	85	72	82	85	89	84	77	74	78	73	84	79	74	76	19	81	77	79	82	29	74	87	82	71	77	72	82	70	78	82	79	85	81	80	76	75	74	84	87	77	77	72	78	23	90	79	71	71	76	75	21	81	71	72	84	77	88	77	85	90	24	74	88	88	25	78	73	90	84	80	72	72	81	73	75	71	70	80	86	87	22	86	78	72	88	86	90	77	73	86	75	74	82	74	83	78	72	81	80	82	75	84	20	87	89	78	79	72	79	75	78	89	73	84	84	72	89	87	72	90	71	72	73	81	88	80	70	88	80	88	79	83	24	85	76	80	75	80	84	80	75	71	87	88	90	77	77	90	87	84	76	85	90	82	90	77	85	77	78	76	27	89	74	79	78	87	87	75	81	89	78	76	80	90	70	84	71	75	73	71	89	83	74	80	72	78	84	74	81	78	81	70	81	81	84	79	74	83	72	89	77	77	89	89	86	86	70	86	72	86	70	81	78	80	81	90	72	73	79	78	70	88	73	80	84	88	86	71	87	75	88	87	79	70	85	79	88	86	87	89	80	86	81	74	71	89	75	79	80	72	84	75	81	75	71	85	82	78	85	83	78	77	23	73	81	74	71	81	90	75	83	71	74	73	80	74	75	79	77	72	79	81	70	75	71	85	83	75	83	79	85	85	82	81	86	19	87	85	81	88	90	88	80	82	73	22	79	78	84	74	83	74	20	88	83	71	71	88	71	75	82	80	80	78	78	75	88	76	73	87	86	78	82	79	90	90	70	76	72	82	86	88	81	80	87	23	71	76	88	88	75	89	74	71	70	17	89	81	81	86	25	88	87	78	87	74	76	75	20	87	77	85	80	89	79	71	86	78	81	82	76	86	25	89	83	79	77	77	72	85	89	20	76	75	72	89	85	74	88	86	88	74	81	83	78	71	75	89	82	83	88	80	89	78
76	90	83	71	89	71	71	84	20	85	85	72	84	90	76	75	80	72	72	72	87	71	80	71	85	72	89	87	79	75	89	84	88	79	82	74	88	88	76	81	83	81	74	20	85	82	76	89	77	83	85	85	81	89	80	75	81	89	80	82	75	83	74	84	84	23	87	79	81	76	72	82	73	88	81	86	89	89	74	72	77	73	72	78	80	74	85	71	83	78	81	17	82	22	77	81	76	75	82	87	83	76	76	73	75	89	86	84	70	72	88	78	77	78	22	74	78	74	82	89	23	77	80	84	79	75	79	87	90	80	77	79	74	76	87	89	83	84	81	87	86	76	89	74	86	83	86	74	78	76	87	71	70	22	75	75	86	88	80	74	72	79	79	71	82	85	89	80	74	71	77	81	86	74	77	71	80	82	71	75	80	74	90	77	81	83	80	77	77	71	77	83	86	77	82	83	89	72	71	82	73	75	79	78	76	19	83	89	89	84	75	75	77	84	88	87	72	76	78	82	71	81	83	76	74	83	71	83	79	77	75	77	73	70	89	73	82	85	75	80	73	83	76	75	77	83	79	84	72	78	89	82	89	82	88	85	85	76	83	87	84	79	71	73	86	70	78	72	82	83	77	74	89	90	79	74	86	74	87	83	80	88	74	23	74	83	77	79	84	76	86	78	81	79	86	88	86	74	88	74	88	72	73	80	73	73	22	89	83	73	84	70	74	75	82	82	23	71	77	70	82	88	22	72	74	72	89	76	83	90	71	79	81	76	81	87	88	82	83	71	85	76	87	75	70	75	73	84	75	83	81	89	76	83	80	70	73	77	84	77	77	87	87	81	90	78	86	87	86	76	90	23	82	72	77	76	77	83	90	80	81	90	89	82	89	85	73	74	71	89	85	80	77	88	84	80	88	83	78	89	75	83	73	76	77	79	76	75	79	76	74	75	85	72	85	21	87	90	87	75	77	82	82	87	87	87	77	76	71	71	87	77	78	82	73	72	79	82	76	87	88	73	89	82	87	89	75	26	84	81	17	85	77	74	84	80	81	80	19	82	79	78	77	75	72	82	82	74	86	88	88	90	82	84	86	90	80	77	72	71	80	90	88	89	74	89	73	80	83	83	89	85	72	85	86	85	81	74	76	75	77	88	74	76	83	90	88	85	72	77	89	87	76	73	71	90	82	82	84	73	84	78	70	80	20	80	81	26	74	75	86	82	86	78	73	82	87	75	84	87	82	76	88	81	89	82	71	88	83	87	81	75	85	89	81	84	72	85	82	72	85	84	83	76	86	90	80	72	85	88	75	81	80	80	74	72	87	76	76	89	86	70	79	79	83	71	81	89	90	75	71	83	77	89	71	77	22	88	76	85	83	80	73	81	88	85	88	74	80	87	85	80	73	72	70	25	71	88	73	71	70	79	84	89	83	75	81	89	85	71	73	84	74	83	75	75	90	85	75	72	78	73	88	20	83	79	70	74	89	85	73	24	73	82	78	90	74	78	82	70	83	85	84	80	83	90	77	71	84	76	75	74	75	79	81	80	70	83	80	73	75	78	87	86	82	83	73	70	79	87	70	75	73	75	88	73	82	88	82	84	79	81	78	81	74	89	82	88	77	78	77	73	88	80	85	77	87	72	89	76	83	74	87	82	74	81	75	72	80	74	72	88	71	75	84	88	75	72	74	86	74	79	80	75	82	74	72	82	77	72	89	83	77	74	26	85	23	87	72	86	78	75	74	83	90	71	90	75	71	85	90	83	71	86	71	74	86	81	72	73	88	87	70	88	79	77	76	86	89	74	73	74	87	87	83	80	79	87	75	88	87	83	81	79	82	75	75	80	86	83	78	76	71	85	83	90	77	78	80	75	77	84	71	82	86	81	23	88	73	84	73	76	79	81	81	85	87	86	72	86	72	89	81	77	23	85	88	88	75	73	78	89	70	84	88	78	18	90	72	80	81	83	75	71	72	81	77	72	71	20	72	81	88	70	72	70	90	76	89	82	77	87	88	85	75	86	75	87	74	90	81	71	80	86	78	83	83	85	83	77	81	74	81	80	89	79	77	89	86	78	76	84	80	71	72	79	83	80	73	87	78	79	86	81	70	77	76	24	81	79	79	87	77	85	71	74	88	77	87	80	70	71	71	87	76	76	89	77	88	78	71	83	79	84	87	84	81	79	72	80	85	89	70	78	78	90	81	76	80	86	78	72	73	79	86	86	25	86	76	79	80	76	77	80	89	72	72	78	83	89	74	82	83	85	70	74	80	89	73	88
89	83	88	78	71	83	73	77	77	84	77	71	84	71	71	79	74	87	87	77	85	74	76	78	77	84	85	77	87	71	70	22	18	82	18	87	82	73	74	89	70	75	76	89	82	82	76	83	87	89	83	85	79	73	85	84	88	90	79	83	77	70	75	71	83	85	71	85	80	87	84	77	79	25	80	78	88	71	77	83	88	90	87	89	81	80	79	87	78	82	90	89	80	75	76	79	85	79	86	23	78	86	78	86	85	79	80	77	77	78	72	82	86	90	77	74	81	84	76	80	74	78	74	81	87	90	90	89	80	74	78	71	81	75	82	81	76	83	78	77	77	16	79	77	89	89	72	74	71	72	88	82	83	74	72	90	71	89	78	82	21	85	89	71	20	85	74	75	87	71	83	73	80	83	79	87	87	77	72	81	77	76	76	25	74	86	90	80	79	24	85	85	23	89	84	80	82	70	77	74	86	88	73	71	78	88	83	84	75	87	76	86	88	87	89	74	85	20	88	89	77	90	75	82	86	77	72	88	71	71	86	87	84	74	75	82	73	71	90	80	84	21	78	75	74	78	82	80	82	78	80	85	85	85	86	78	73	86	82	78	76	80	83	78	74	74	77	72	89	75	70	89	78	79	73	73	74	70	84	73	72	72	90	73	70	85	81	75	79	80	85	87	73	77	87	84	89	77	81	77	74	77	80	84	82	84	85	71	80	80	80	71	83	71	77	87	82	74	84	86	78	87	82	71	77	74	89	79	83	73	80	84	85	73	79	88	87	88	89	79	83	86	87	74	81	88	86	76	86	84	72	78	73	89	70	89	70	84	85	73	79	78	70	75	73	73	90	77	79	77	75	79	83	80	78	72	73	79	86	71	74	89	81	84	87	89	73	75	72	76	73	82	70	73	89	73	89	72	78	89	70	77	79	87	86	86	77	78	73	80	77	81	86	88	90	71	81	76	75	79	86	83	79	83	73	82	82	84	83	80	87	83	76	77	87	74	87	87	74	89	88	78	76	80	89	80	76	88	71	74	74	74	84	74	87	86	90	73	78	74	84	81	75	89	90	77	86	82	88	25	84	72	82	81	86	81	26	89	86	80	72	71	78	80	85	83	70	80	89	79	70	82	75	75	76	86	71	25	83	70	72	71	80	75	82	89	76	74	86	86	82	76	77	75	82	82	72	76	87	87	76	76	81	72	75	81	82	74	86	72	82	78	79	83	22	76	78	80	88	75	87	86	73	78	89	87	73	76	80	83	79	76	78	74	86	72	81	80	90	21	77	70	76	80	87	24	87	83	89	84	82	28	73	85	73	73	87	82	74	85	71	81	72	71	78	88	72	71	75	73	83	90	86	84	86	83	83	73	71	80	75	83	89	76	71	75	84	83	80	71	84	76	88	90	82	79	82	80	72	74	72	22	76	70	85	78	83	74	78	76	90	84	70	75	78	21	80	26	87	80	86	79	72	71	86	88	87	72	76	88	71	75	79	79	87	75	79	74	26	75	78	77	72	76	80	84	84	84	82	71	22	73	83	71	79	77	73	23	81	76	77	88	83	89	71	76	72	87	21	83	75	82	87	85	83	73	89	80	89	82	86	83	86	88	85	73	81	76	86	86	74	82	89	84	73	76	78	74	77	75	83	76	87	88	80	89	23	71	72	84	84	87	22	22	82	19	82	79	72	84	90	87	84	79	80	74	85	72	87	70	79	86	90	72	77	76	74	71	80	82	22	88	86	78	77	71	89	73	70	75	79	85	72	24	23	74	72	84	82	81	76	79	73	79	88	85	74	78	89	89	82	76	81	75	72	76	88	81	72	75	90	83	89	89	80	88	78	76	79	77	74	19	86	73	90	72	87	83	79	86	74	90	85	79	85	89	89	83	73	80	77	81	85	72	74	71	72	84	76	89	82	80	84	76	81	84	90	84	77	87	83	76	82	83	86	77	70	80	72	86	83	78	83	79	77	72	75	83	71	79	82	81	83	75	78	72	71	76	72	82	76	74	89	77	82	81	70	86	89	80	71	82	85	83	71	71	86	17	84	89	80	78	81	78	88	74	77	84	72	17	24	82	79	79	87	73	84	71	87	79	84	83	74	74	76	24	88	81	24	82	80	25	86	72	83	72	76	84	86	79	84	84	78	72	83	84	80	89	78	90	80	76	75	84	78	82	82	74	89	89	88	77	89	75	89	82	90	76	74	76	81	89	83	82	87	82	24	70	86	83	81	21	84	79	85	80	71	87	71	88	77	81	82	90	87	90	87	87	74	76
71	87	83	79	88	72	78	81	89	70	85	73	84	83	84	74	80	73	82	79	24	89	80	72	73	78	73	89	86	87	88	75	87	79	86	80	80	81	88	77	78	77	72	86	85	82	21	79	77	79	79	89	88	78	22	85	75	77	71	76	86	82	71	77	81	71	83	72	75	83	70	79	78	87	82	81	75	79	81	77	84	86	90	76	81	78	79	80	76	24	89	73	77	79	72	84	80	84	21	86	75	84	72	79	88	75	21	84	72	85	84	74	23	73	80	71	84	73	75	72	70	72	87	73	74	76	72	81	77	89	82	73	74	71	89	84	71	83	72	85	83	83	77	74	85	76	78	26	71	83	80	74	72	87	78	84	80	88	80	79	84	88	86	89	89	73	84	82	73	80	86	81	90	86	87	74	75	87	72	88	86	86	88	87	77	82	80	70	90	71	88	73	70	71	81	84	78	87	83	87	79	83	76	80	79	72	77	75	85	79	79	72	77	90	72	76	86	77	90	81	87	87	74	70	80	20	73	89	79	18	76	74	86	77	88	71	79	84	79	26	87	72	75	78	79	74	79	76	77	81	87	88	84	82	73	71	72	83	84	87	23	88	73	78	85	20	86	80	83	75	19	88	78	71	77	88	84	89	87	85	86	78	82	84	76	74	76	87	19	84	74	81	82	83	85	22	74	82	89	83	88	76	83	83	72	84	80	77	81	88	75	89	87	86	78	75	88	73	83	88	85	86	76	85	86	80	76	87	79	72	77	86	77	78	75	88	89	83	89	88	85	76	86	71	86	79	73	73	80	83	71	78	71	85	82	73	81	84	88	76	78	89	70	82	90	88	73	75	89	18	79	73	75	72	78	85	80	78	82	22	89	78	73	71	82	71	78	83	81	76	85	74	79	90	77	23	86	89	89	75	75	83	78	83	90	88	74	76	84	89	90	73	72	87	75	88	77	72	81	72	71	72	88	70	85	83	85	70	82	76	88	78	81	85	88	77	81	75	82	86	81	84	19	84	86	90	82	80	85	74	75	73	25	87	75	71	80	75	80	71	73	76	82	72	74	72	87	87	75	82	77	88	85	75	83	76	75	75	83	73	73	25	90	80	87	22	86	86	82	76	87	87	78	79	71	78	19	87	20	89	72	89	75	74	25	83	81	89	88	90	89	70	78	79	89	87	84	88	75	82	75	78	85	87	78	84	86	75	83	87	76	84	71	87	79	73	25	76	74	79	78	73	85	86	72	84	89	72	87	72	80	83	21	78	89	88	80	85	84	84	87	87	74	84	26	73	21	82	86	87	77	70	79	78	90	84	89	84	74	76	79	81	80	80	86	86	78	83	89	86	73	79	84	81	86	81	81	73	78	71	78	74	75	79	81	80	20	70	73	82	77	77	84	88	87	88	24	80	83	87	79	71	79	83	73	78	85	84	85	75	87	81	84	79	84	90	76	90	18	74	75	71	86	79	71	73	77	87	79	89	71	87	83	88	72	71	83	87	89	87	84	88	77	77	77	84	81	82	73	75	71	84	85	79	78	82	78	74	85	82	90	81	75	83	86	90	88	80	81	90	78	75	83	70	77	83	77	83	86	80	78	74	75	86	89	80	75	87	72	81	89	23	90	80	89	78	78	78	83	88	83	86	71	80	78	83	76	76	85	79	77	87	74	75	21	87	90	21	71	87	88	84	75	83	85	87	87	85	85	86	72	78	87	75	75	81	90	77	89	72	78	83	84	74	82	25	78	87	78	87	77	88	89	82	83	77	85	77	23	71	85	88	76	79	89	88	81	79	77	76	81	83	83	78	16	81	75	72	72	79	20	73	87	77	80	90	81	78	87	74	72	84	78	76	81	73	71	87	86	86	80	84	82	78	84	82	71	86	75	77	79	89	70	82	84	76	79	71	78	22	86	70	77	77	81	81	88	77	79	83	90	24	82	73	87	81	84	79	70	88	89	80	89	78	74	81	78	85	88	90	81	89	84	80	79	73	84	84	88	86	87	82	89	74	76	73	22	82	87	87	72	74	71	89	84	83	75	84	79	71	83	85	71	76	85	72	86	77	80	80	79	75	81	75	88	84	73	80	78	82	83	76	81	71	75	87	79	85	81	19	73	76	87	77	71	79	80	76	79	72	76	85	72	73	87	74	81	75	76	71	83	85	84	89	73	80	72	79	76	74	79	86	72	72	79	82	70	90	79	73	79	85	73	71	76	81	76	80	85	73	70	83	85	81	78	70	76	88	90	78	19	23	74	74	80	84	73	80	78	85
79	87	86	85	77	78	78	77	77	79	83	89	84	74	79	84	90	26	83	83	84	78	89	71	88	82	88	78	73	88	84	75	75	83	77	77	74	79	20	90	81	89	87	85	77	72	89	74	73	74	81	77	83	75	83	83	79	80	80	75	17	82	79	80	85	89	83	77	85	73	90	71	83	85	75	75	82	82	79	77	74	84	89	90	75	80	81	81	78	83	77	70	79	76	89	87	76	80	83	77	85	76	87	71	21	80	76	78	72	24	73	75	86	83	74	77	79	71	76	86	89	70	76	77	75	21	87	89	74	73	72	86	89	89	84	73	17	87	83	88	73	78	90	86	80	81	72	79	76	84	77	89	85	73	74	73	79	80	74	75	77	78	86	85	77	87	73	73	74	77	87	86	80	80	78	27	76	23	71	86	82	74	76	88	79	81	73	86	78	71	88	76	84	76	79	87	70	84	75	84	88	79	73	84	77	78	77	89	90	74	78	77	83	72	85	19	20	89	77	80	79	88	80	78	79	78	81	88	89	75	70	74	79	71	88	81	85	71	80	71	89	82	81	85	88	79	75	18	82	89	74	79	73	19	82	78	76	81	87	78	87	82	89	74	73	77	82	71	81	79	89	79	86	73	85	73	73	79	72	82	87	79	85	89	89	88	71	72	88	75	83	74	71	74	77	70	78	78	87	76	79	77	86	84	72	80	83	80	86	72	74	87	74	78	82	85	82	78	71	87	74	72	80	81	73	74	86	71	87	89	80	83	88	83	76	89	76	70	89	86	87	73	21	86	74	85	85	71	76	84	77	87	71	79	77	78	72	89	83	89	87	72	77	70	87	84	78	75	75	85	86	81	76	77	86	21	80	83	75	79	72	87	80	71	86	90	71	78	71	82	87	75	75	88	86	22	77	77	81	72	80	72	77	73	89	85	74	85	82	85	82	82	81	71	78	85	76	24	71	72	82	78	82	76	78	72	75	76	82	89	88	73	73	76	70	87	70	71	80	71	76	86	89	87	79	20	25	88	83	71	84	84	80	75	72	88	70	17	85	85	81	24	88	78	75	73	87	74	82	71	84	77	88	73	72	88	76	73	86	84	71	83	73	77	81	76	87	87	79	85	76	89	81	75	76	77	84	74	89	76	76	75	72	80	83	71	86	75	88	72	90	72	80	87	71	89	73	90	83	20	74	72	77	74	71	75	82	80	90	77	81	75	70	71	88	72	79	76	76	80	88	83	74	76	88	79	72	78	86	83	75	75	76	70	73	85	72	77	71	88	87	70	83	82	87	78	81	73	72	85	87	90	89	77	78	76	75	77	74	71	86	75	82	89	78	83	80	86	24	78	72	82	86	89	73	81	79	81	73	85	71	82	81	83	76	72	73	86	81	77	88	70	84	70	81	73	76	70	78	77	86	76	72	75	88	72	71	72	81	81	78	84	82	85	81	74	71	73	84	88	88	75	85	86	76	89	88	71	23	71	70	81	77	78	82	77	87	90	72	90	85	89	90	77	74	87	87	85	76	76	82	77	78	88	86	87	79	70	87	77	22	88	90	84	78	89	79	88	75	71	79	80	77	79	90	82	90	78	88	72	89	88	83	73	86	79	81	84	84	80	71	85	84	74	84	74	72	90	90	82	71	79	84	83	84	85	82	80	79	87	87	88	83	75	87	78	73	78	90	80	87	89	75	77	27	86	80	82	83	21	71	86	73	70	79	85	85	78	83	89	87	78	84	80	81	87	84	88	72	76	88	71	76	74	87	81	88	75	87	74	84	82	76	82	72	89	72	85	72	83	82	74	81	75	72	87	85	73	70	78	73	86	73	83	22	88	89	80	81	71	88	80	72	81	72	71	80	75	72	82	74	70	76	70	75	80	80	84	88	85	76	20	71	86	86	89	81	90	82	21	73	80	84	71	83	79	89	74	88	87	71	84	75	70	72	77	73	87	82	75	72	83	76	78	20	75	85	89	77	86	74	20	78	82	80	75	70	85	82	73	24	80	80	86	73	86	72	75	76	82	84	81	70	75	81	71	76	17	77	73	71	83	76	82	75	78	78	85	80	86	75	71	82	87	79	79	86	71	89	71	19	85	82	86	82	88	73	72	83	87	85	73	72	25	76	83	80	83	85	77	83	77	76	87	70	76	72	74	87	82	76	79	84	72	81	72	86	18	75	86	89	89	71	87	85	77	85	74	85	23	87	77	77	75	71	70	75	71	84	76	71	75	80	83	79	84	75	81	82	75	72	73	74	73	77	76	25	82	89	76
84	78	73	76	74	86	78	83	80	71	90	87	84	74	80	74	86	88	80	72	73	79	85	88	76	78	79	77	84	82	83	22	71	89	80	73	90	71	86	72	79	71	85	70	84	90	73	70	81	22	78	72	88	86	72	80	73	85	75	78	89	80	77	76	88	86	84	80	80	77	24	82	74	79	79	83	85	72	84	71	72	79	83	75	78	78	78	76	75	86	75	81	70	83	89	75	78	87	20	87	88	76	72	78	75	87	19	22	79	73	84	85	83	75	74	75	88	79	80	87	88	87	70	84	80	76	87	74	81	88	84	83	76	84	72	80	85	72	70	71	72	87	77	71	87	88	81	83	74	78	86	80	83	84	70	73	73	73	71	90	84	73	84	75	73	76	84	88	77	73	83	78	88	23	78	83	85	80	72	78	81	89	74	89	86	89	27	78	77	25	71	74	77	76	75	76	76	75	73	82	73	75	75	76	74	85	77	74	90	81	84	74	80	85	86	89	73	70	78	88	79	87	76	88	84	80	84	74	82	76	86	87	71	82	81	90	26	90	85	81	72	84	79	84	79	76	81	79	88	84	71	83	74	89	80	81	76	79	83	82	80	75	75	81	75	85	83	80	75	73	85	81	73	89	71	76	86	90	76	79	78	25	88	83	85	76	15	83	78	79	79	75	87	78	88	89	72	83	79	85	70	71	77	71	86	81	78	22	82	82	86	75	88	88	83	76	83	80	79	86	74	90	71	86	71	73	83	71	84	73	76	75	75	87	88	70	72	85	87	85	80	85	76	80	75	82	85	74	74	72	77	90	71	77	71	71	85	70	76	84	87	82	76	80	80	75	86	89	78	85	90	85	88	83	83	86	79	74	76	73	76	77	73	21	87	78	73	88	74	89	21	86	88	77	73	83	86	76	72	71	80	79	86	86	71	83	80	73	85	83	78	74	81	85	89	85	84	90	78	83	74	84	84	81	87	73	73	89	85	19	71	88	74	73	83	73	86	75	90	79	74	83	76	84	86	85	87	86	87	85	88	81	84	90	78	73	72	74	79	72	82	85	78	81	25	84	73	84	88	76	79	24	83	86	77	72	72	74	79	78	78	72	82	71	74	81	85	73	88	89	75	81	73	79	88	21	81	80	70	89	73	76	72	80	80	78	74	89	79	71	78	71	78	70	81	80	76	80	90	80	72	84	75	72	89	85	89	77	71	83	73	77	77	89	71	77	88	74	84	75	80	83	71	83	76	70	76	87	84	83	75	87	79	71	80	86	79	72	73	87	84	88	77	74	89	85	87	74	79	81	80	80	86	75	73	75	72	80	82	88	82	85	89	79	89	88	78	79	83	82	72	70	76	74	75	84	81	90	78	88	88	72	84	82	78	86	84	83	73	79	72	73	71	89	81	71	73	89	72	82	81	84	89	82	87	72	84	88	83	73	81	77	84	73	89	90	75	89	86	73	75	81	76	90	90	74	78	75	77	80	84	84	84	75	83	79	78	85	73	78	85	78	90	75	72	89	88	74	78	82	74	90	83	72	73	77	75	77	85	79	88	87	80	88	75	82	79	82	77	84	83	77	87	82	81	86	79	81	75	87	85	77	79	83	78	79	77	79	77	81	84	86	89	76	87	87	84	88	89	87	76	74	76	24	88	88	77	88	71	72	90	75	75	80	82	87	74	81	81	88	72	83	82	81	83	71	76	89	77	81	71	73	86	81	90	76	24	75	78	19	75	86	81	79	82	83	82	75	74	70	80	77	77	82	70	76	71	71	84	86	75	20	74	85	88	82	84	89	89	70	85	90	21	82	87	89	85	84	81	75	79	74	82	71	78	84	88	84	87	89	74	78	81	73	80	81	89	76	85	74	84	86	73	74	83	74	76	70	89	21	70	81	73	80	74	87	89	18	86	80	74	24	82	81	76	75	72	70	79	71	89	74	73	79	84	73	81	85	88	74	72	75	25	86	77	84	86	88	80	72	88	78	26	84	75	84	83	84	70	86	83	85	84	75	80	75	74	86	84	77	79	72	87	83	83	71	82	86	70	24	71	77	77	72	76	20	84	72	82	78	89	79	85	75	82	86	89	84	72	79	75	76	81	18	73	82	72	73	73	79	80	78	74	83	82	73	71	72	84	73	76	79	77	84	86	71	86	89	78	86	87	71	76	85	70	74	71	81	20	24	86	88	70	83	71	77	73	85	71	82	88	89	82	75	81	75	84	78	82	27	75	75	80	78	88	84	90	82	89	84	79	79	82	77	70	82	76	84	72	73
83	72	88	71	71	73	87	87	77	81	89	90	76	74	79	78	85	90	71	83	87	87	77	82	78	83	83	77	85	89	84	71	86	80	85	74	88	84	89	70	76	84	84	73	74	23	72	80	71	79	15	82	74	84	86	80	85	80	75	76	72	89	80	84	89	76	26	70	80	71	78	84	83	70	83	83	84	83	86	77	25	83	72	72	80	81	80	89	76	72	70	74	76	75	79	73	73	72	76	85	19	76	77	80	80	74	74	71	76	88	89	86	88	79	79	86	81	85	85	73	85	79	71	74	72	89	75	83	84	81	81	85	75	73	71	70	86	81	71	73	74	89	80	89	87	83	82	88	88	86	79	81	80	80	85	80	86	81	81	83	82	75	80	77	89	73	80	89	81	83	78	87	79	76	82	87	87	79	74	82	75	86	76	79	75	78	83	84	76	90	86	83	89	76	73	87	89	81	84	75	21	70	74	76	88	71	77	84	88	76	78	89	73	19	77	86	86	89	88	82	84	81	77	83	77	75	82	78	24	79	84	80	82	82	80	85	90	22	21	71	77	75	71	77	83	80	77	73	79	82	72	87	71	74	71	89	85	74	20	80	77	75	79	72	72	74	84	25	79	72	88	88	88	89	75	81	70	84	88	78	79	78	84	72	82	86	79	83	75	78	79	89	75	81	78	77	19	78	87	71	90	71	74	80	81	73	81	81	76	82	72	74	25	83	75	80	77	78	71	87	86	74	88	70	85	86	89	86	71	80	81	77	86	80	86	83	79	72	81	81	71	74	84	89	89	88	70	29	77	73	21	73	76	89	76	79	71	82	82	84	89	89	26	83	78	80	81	87	75	88	85	72	88	76	88	73	77	72	80	85	79	86	88	84	25	76	88	85	75	81	88	80	90	16	74	71	74	85	82	89	70	88	75	70	81	86	87	77	73	78	80	17	79	85	80	87	79	71	88	90	85	80	74	71	72	85	88	76	83	73	80	81	85	75	88	87	73	74	74	72	85	77	80	83	87	74	27	86	71	78	70	76	82	84	86	75	83	71	70	88	82	76	79	84	88	88	82	81	84	80	23	75	73	84	85	87	76	70	81	80	87	72	83	87	90	88	87	78	73	79	73	82	83	83	70	70	72	76	79	87	73	71	90	75	73	84	75	87	73	79	83	77	75	84	72	75	74	73	72	76	85	81	83	86	83	74	71	71	88	79	79	78	73	82	70	88	80	79	88	86	71	25	79	83	72	73	71	72	86	90	70	71	84	74	87	82	82	85	81	75	71	75	87	84	81	85	80	76	74	72	76	85	83	76	74	19	78	78	79	21	84	79	86	81	85	85	73	70	89	27	73	84	78	84	77	72	88	71	71	25	81	77	82	19	73	79	18	87	73	20	80	75	81	72	71	75	74	77	76	84	88	77	84	74	78	76	75	87	74	78	84	85	85	70	77	75	88	70	71	86	84	79	70	74	70	73	83	79	81	84	89	76	24	84	89	83	87	71	71	71	72	75	82	75	76	72	82	79	74	84	79	85	77	89	71	86	76	78	79	25	78	70	75	71	75	80	85	21	78	83	79	82	74	88	73	75	82	76	70	79	81	90	85	23	24	89	71	87	89	86	82	82	90	89	78	80	81	89	73	90	88	24	71	83	77	77	74	88	78	71	76	87	87	87	79	84	74	87	84	86	85	81	89	87	89	82	80	79	75	80	81	76	75	87	90	76	79	71	82	71	73	80	73	89	78	72	76	81	90	81	72	89	77	84	89	77	78	88	74	85	80	71	74	74	74	77	89	80	83	73	76	80	86	86	73	89	74	77	75	89	78	74	79	21	80	74	77	18	78	73	78	85	85	88	70	75	80	86	84	73	81	82	83	88	88	82	85	75	79	85	22	75	86	79	80	90	72	84	81	76	74	81	81	25	83	85	70	76	88	84	75	22	79	84	75	71	71	88	18	89	77	73	85	76	77	79	81	73	81	84	71	87	77	77	86	89	81	23	85	73	84	86	88	73	79	79	73	82	82	89	88	77	71	71	76	78	78	87	73	80	78	77	88	86	85	78	78	86	79	77	82	73	70	75	73	89	80	71	89	81	84	87	79	84	90	71	78	87	78	83	78	74	86	81	86	75	89	84	85	80	89	81	80	85	79	77	71	82	84	90	71	86	74	87	81	78	70	73	82	72	70	73	77	82	74	71	81	87	71	76	82	73	73	86	90	81	74	85	80	73	80	89	76	80	77	76	78	22	82	84	80	74	83	79	72	20	75	81	77	72
78	88	88	73	72	24	83	81	85	88	74	78	88	86	85	84	88	74	73	75	87	79	74	74	85	89	85	84	23	72	86	74	83	90	73	83	75	74	80	82	81	84	86	77	73	81	86	76	87	85	75	87	75	71	75	20	85	78	84	78	72	22	71	74	24	85	81	73	74	83	87	86	81	81	88	71	73	89	24	80	77	71	78	84	70	89	72	73	77	85	76	78	76	86	70	88	87	85	71	88	76	89	26	82	84	83	71	73	77	76	82	90	81	22	85	81	77	77	83	90	78	86	76	80	72	76	71	77	80	82	87	73	75	76	77	74	77	82	71	71	82	80	73	73	89	85	82	79	75	80	75	75	84	81	84	71	75	87	70	70	75	74	76	83	73	78	75	75	77	70	71	78	80	84	77	84	79	88	82	87	75	84	75	80	88	77	84	88	28	76	73	84	78	82	74	75	72	75	86	89	72	75	85	19	78	80	83	76	78	77	81	73	80	78	89	77	76	79	85	20	84	89	85	81	89	84	76	76	77	87	76	80	83	87	79	84	81	72	76	73	80	79	85	78	73	22	82	87	81	85	90	80	86	82	21	85	74	85	80	85	71	73	85	77	87	74	79	26	89	82	77	83	85	81	77	88	82	72	86	90	74	76	23	88	79	76	76	89	83	74	75	80	74	89	85	84	76	25	78	79	85	83	73	82	83	89	75	75	79	73	89	89	72	72	77	72	83	74	75	88	78	80	76	87	75	82	90	74	76	84	71	89	77	76	71	87	86	88	71	85	77	79	77	72	80	78	86	74	89	88	79	77	70	83	79	79	78	86	86	79	72	81	84	88	72	72	83	86	89	84	89	74	74	82	90	85	80	80	21	84	71	77	74	89	88	71	83	85	77	74	81	87	74	85	27	70	84	83	73	84	80	86	81	75	78	79	75	75	89	87	72	86	90	88	84	85	81	76	83	79	85	87	88	72	88	73	75	87	85	78	78	18	86	85	79	79	78	85	76	71	77	78	74	88	87	77	81	81	79	73	79	79	79	85	87	85	71	84	85	77	25	90	87	24	77	75	78	86	79	72	86	85	82	75	75	90	73	78	74	83	81	74	90	78	72	83	24	83	71	76	79	70	82	77	75	75	84	74	76	83	75	87	71	83	79	86	73	76	88	88	75	86	89	75	73	77	77	89	82	85	77	76	90	75	75	88	80	80	86	79	88	81	73	76	77	71	87	76	74	71	87	81	83	87	90	76	81	86	85	85	86	24	87	88	21	78	81	21	71	75	87	90	21	77	71	83	71	86	73	71	71	74	77	89	76	83	72	88	78	75	81	76	84	89	76	83	89	80	74	82	81	81	75	81	75	86	85	88	18	86	78	83	75	87	73	89	77	85	70	78	20	84	84	88	23	75	78	78	82	74	88	88	78	86	73	80	88	74	83	83	85	80	87	83	87	83	90	73	79	89	74	75	81	72	75	23	87	73	71	79	87	88	74	77	79	90	89	77	70	71	74	71	77	84	79	84	81	88	85	79	84	84	88	71	83	86	88	80	86	87	78	72	86	81	78	84	82	88	72	85	73	90	76	83	78	81	77	78	77	71	81	90	76	75	86	82	89	80	74	72	86	85	78	84	89	81	79	77	76	76	82	74	74	74	90	85	72	80	72	88	70	77	87	76	82	70	89	80	78	84	89	77	84	85	88	70	76	88	86	86	73	86	85	75	75	80	77	83	73	75	90	76	72	71	72	82	89	76	74	80	77	83	78	24	89	80	77	80	74	85	83	78	88	90	70	79	78	80	90	83	88	76	79	88	84	90	71	80	86	86	81	82	89	80	84	23	86	79	84	89	24	86	79	72	73	81	87	76	75	72	83	86	76	70	86	80	85	87	77	88	72	72	80	86	74	86	82	79	89	83	78	85	85	71	80	72	89	79	74	25	83	75	76	76	87	86	86	90	89	87	79	78	78	82	84	80	81	84	72	76	84	71	89	17	88	88	89	75	72	89	89	88	86	83	77	82	83	71	72	72	79	71	86	26	79	84	72	80	85	79	90	89	18	22	87	72	88	84	87	78	86	71	84	88	73	90	84	70	71	81	79	71	74	73	87	71	86	80	79	89	82	79	84	79	76	84	88	26	87	89	72	90	73	88	85	85	72	81	79	77	87	71	83	86	81	73	87	72	75	81	85	76	90	84	89	82	75	83	73	89	86	79	88	74	82	89	81	77	87	83	76	76	74	80	86	78	72	71	88	79	73	86	77	79	77	80	84	86	77	78
19	77	82	77	82	74	71	90	79	16	87	80	84	72	84	83	89	81	84	81	25	86	20	71	81	76	78	79	77	76	83	71	79	83	89	77	86	87	22	86	77	76	82	75	78	83	77	88	83	90	79	71	78	76	79	73	79	85	78	76	89	79	86	84	75	85	90	80	78	80	87	79	71	82	78	77	84	88	80	73	71	78	75	79	86	74	76	82	82	86	85	77	77	78	78	85	86	20	80	79	74	70	88	78	89	77	83	71	80	84	76	85	73	76	86	76	80	87	89	81	79	85	78	72	77	77	71	71	79	78	85	87	77	82	89	72	80	72	84	81	88	87	72	81	88	72	73	72	74	86	76	20	73	79	74	73	81	88	81	71	82	85	80	90	76	88	74	80	76	74	73	80	75	89	76	74	83	83	78	74	71	89	80	82	20	74	78	89	75	76	77	78	82	71	74	87	75	90	71	73	71	86	76	82	85	78	19	88	74	81	87	85	77	71	81	78	86	79	75	71	89	84	72	84	86	86	81	70	90	75	79	72	84	77	74	73	84	76	81	85	81	74	88	79	77	79	74	75	87	81	80	77	89	90	73	71	80	75	88	86	74	76	74	74	21	80	78	70	75	87	81	73	80	81	73	82	81	75	88	73	74	79	90	89	82	82	81	87	78	80	89	87	74	26	89	81	70	75	72	87	83	75	74	86	23	87	77	83	73	80	84	80	83	83	86	85	73	73	18	81	71	75	73	71	78	75	87	87	80	76	89	84	81	85	74	87	82	80	79	86	85	81	70	79	79	72	86	77	72	86	87	81	85	77	82	70	72	73	71	85	80	86	81	73	87	89	85	88	73	72	72	71	19	73	84	86	88	75	71	71	86	19	89	89	73	83	85	87	84	75	86	73	81	86	84	87	75	73	85	25	85	17	90	70	89	80	86	81	83	89	88	85	80	76	81	89	77	84	75	72	77	86	75	72	90	72	87	84	20	75	26	18	19	83	70	80	16	87	72	80	86	74	82	84	84	86	80	75	77	73	80	84	73	77	77	81	79	80	81	70	85	87	72	25	86	73	72	78	86	82	83	85	71	81	86	87	83	85	80	74	19	81	71	18	75	74	87	73	78	89	88	79	87	80	84	78	86	86	71	87	82	85	89	73	84	78	81	83	84	85	89	89	76	78	88	72	88	84	79	75	87	70	82	85	79	84	79	84	80	76	70	88	84	82	74	84	70	18	85	77	89	74	85	87	85	75	75	88	80	90	88	79	71	75	75	81	89	22	88	78	72	85	70	85	74	23	79	82	87	76	80	76	24	84	89	82	76	75	80	86	90	71	81	74	88	78	89	79	75	73	71	81	76	88	73	84	81	80	90	80	86	82	89	81	73	73	84	82	71	85	77	23	89	85	81	78	72	77	83	84	76	89	85	74	77	81	87	86	86	79	88	87	83	82	81	82	88	70	81	74	89	71	77	81	78	71	71	75	73	83	83	88	82	78	81	75	73	86	71	79	79	24	78	74	81	70	74	77	75	87	78	88	88	83	79	72	87	86	89	72	84	70	85	76	21	85	74	72	80	74	88	86	82	74	88	85	86	84	71	82	21	82	75	75	80	89	24	85	86	76	79	78	89	86	80	88	79	82	82	76	73	90	70	87	79	73	70	87	82	77	88	77	86	80	85	90	20	71	85	76	79	83	83	83	73	75	71	75	77	82	90	72	80	82	85	77	86	86	71	72	74	81	78	90	86	89	86	83	75	87	84	85	90	84	89	71	84	87	80	88	75	90	71	84	85	80	76	86	90	71	71	74	84	90	79	77	85	71	84	71	87	71	80	75	80	78	86	88	87	73	73	88	89	80	86	79	79	76	87	83	71	73	79	80	75	87	84	23	83	81	78	71	90	72	77	87	86	78	82	87	76	87	79	83	75	88	82	83	87	80	89	71	71	84	88	81	82	80	72	78	84	87	87	85	77	87	88	73	77	76	81	76	70	72	88	74	73	83	75	88	82	85	82	71	88	83	75	81	82	72	82	87	84	75	86	76	81	80	80	75	78	83	82	85	76	79	73	82	81	89	77	77	72	72	84	17	71	73	85	75	77	79	73	76	89	75	78	85	81	72	74	79	73	76	89	71	88	81	82	86	86	78	86	81	89	76	72	70	73	82	88	84	80	87	90	72	79	71	79	79	75	80	76	75	84	84	74	79	90	83	23	86	73	74	77	86	80	87	73	74	72	70	87	88	75	75	18	77	74	83	73	76	88	75	89	72	74	74	86	71
87	20	88	72	73	86	88	88	72	74	89	87	82	84	72	76	83	78	87	77	74	84	81	74	78	90	75	75	70	86	79	85	89	80	70	76	84	72	89	75	85	71	71	83	82	85	84	72	71	88	83	83	72	79	85	84	86	88	80	85	85	73	75	86	76	77	83	86	85	88	87	74	76	74	85	16	89	72	73	72	87	82	78	89	79	71	86	74	75	81	77	74	75	79	75	75	19	81	84	71	83	89	89	89	78	80	76	76	78	84	79	16	78	89	82	77	86	88	75	73	87	82	74	81	72	77	87	75	78	76	85	89	84	78	25	22	73	70	80	80	71	74	83	88	85	90	83	72	78	75	85	88	79	76	78	80	83	73	86	84	86	85	74	75	88	77	86	89	83	83	77	83	76	86	83	90	75	70	70	78	84	73	88	25	75	77	79	87	70	84	77	71	87	83	77	78	77	86	86	79	77	81	78	87	76	80	79	75	76	74	87	82	87	80	71	85	75	81	72	85	24	86	73	71	77	80	90	86	79	77	89	73	84	88	90	76	78	81	81	81	86	78	85	83	72	72	70	85	89	26	76	82	85	87	83	77	90	86	73	73	77	83	77	85	82	81	88	82	70	71	73	76	83	75	83	79	78	71	78	71	75	89	81	81	88	82	80	74	81	83	83	73	88	78	85	70	87	79	87	88	89	76	85	87	90	73	84	80	75	75	87	80	72	73	83	87	84	80	71	79	82	85	84	85	87	72	79	88	78	85	81	86	79	90	86	84	74	71	90	86	71	82	82	73	87	87	75	81	75	86	77	90	71	73	78	86	77	86	77	87	79	89	84	85	73	85	19	77	85	85	78	71	71	85	82	83	77	78	89	85	84	89	75	84	71	74	75	82	78	82	81	70	81	81	84	83	79	71	82	78	88	75	83	76	86	72	82	80	82	78	85	74	72	77	81	83	77	81	85	81	77	87	84	76	84	83	87	80	81	79	72	88	86	78	74	74	84	90	71	86	71	80	83	78	80	83	80	87	88	90	78	77	85	70	81	83	86	88	72	72	86	74	85	82	82	87	71	76	88	82	72	80	77	70	80	88	84	76	76	70	72	88	73	82	77	72	72	85	83	84	77	74	87	82	84	89	73	75	86	71	75	73	80	87	71	83	84	70	71	78	85	22	22	79	77	70	77	82	74	80	87	85	22	73	81	75	86	89	83	72	74	79	78	17	84	87	83	85	77	84	84	76	74	85	85	75	84	79	82	72	75	86	71	89	72	75	70	90	87	83	80	78	80	79	82	81	70	75	88	79	83	82	77	81	88	81	85	70	83	83	73	74	76	83	77	86	87	71	79	88	81	23	82	80	85	83	79	86	80	83	76	75	79	86	79	85	71	82	82	75	84	72	81	81	74	80	86	86	80	86	80	80	25	75	79	87	80	79	71	83	86	86	73	83	74	73	78	87	78	72	20	71	84	82	74	71	80	85	71	76	78	79	78	85	81	83	82	86	88	82	75	78	81	73	88	79	77	77	87	86	75	71	79	83	79	86	75	80	81	89	74	86	79	78	87	78	86	73	70	76	71	87	78	83	76	81	82	25	90	76	75	78	82	87	72	79	73	80	73	77	75	77	78	79	71	21	80	81	75	79	85	79	89	85	74	81	76	74	72	21	72	90	82	72	77	77	73	78	73	88	78	74	89	88	83	70	85	86	71	73	82	88	82	75	77	74	86	18	79	84	85	20	76	87	72	79	84	72	78	78	78	74	25	90	82	80	73	90	86	78	71	84	87	75	71	78	80	71	80	86	76	84	81	20	74	75	72	84	85	75	84	82	73	80	77	87	23	83	74	84	88	70	85	73	84	88	70	74	75	77	71	83	81	83	82	84	70	78	89	78	79	86	83	89	84	80	72	84	73	72	85	81	89	71	88	76	88	80	71	90	83	84	72	83	70	74	77	74	72	78	23	81	73	80	86	86	76	71	80	86	82	90	84	78	76	74	76	76	73	70	71	77	74	87	87	83	88	81	71	71	78	87	74	73	76	79	76	76	84	88	83	86	89	90	87	82	88	73	76	20	86	88	71	81	85	72	81	89	75	84	77	71	83	87	76	79	71	86	23	77	78	78	81	78	82	85	88	85	73	78	84	83	82	84	75	85	72	70	83	78	89	78	86	84	80	80	88	17	78	81	82	70	90	85	76	81	81	77	79	86	82	78	74	84	77	83	81	83	78	74	83	71	80	76	88	89	87	79	77	71	72	73	83	80	22	74	71	21	81	71
75	80	84	76	27	83	85	71	87	87	87	89	80	76	72	78	24	80	86	88	79	88	86	80	82	77	83	84	78	85	19	79	75	89	80	83	19	70	70	75	21	89	71	78	86	84	73	20	74	83	85	85	70	88	72	87	82	70	22	78	80	80	76	72	77	77	88	90	16	20	85	73	84	74	72	77	73	87	74	77	75	83	86	77	77	76	75	83	89	90	80	74	87	78	26	86	78	87	89	73	76	87	81	71	89	88	79	89	75	81	88	76	74	77	77	86	82	80	79	87	71	72	83	85	89	82	72	77	88	79	88	78	70	75	88	87	82	71	89	80	79	83	82	76	81	81	86	71	78	89	74	77	87	78	82	75	76	76	78	73	84	87	74	84	82	80	72	86	87	86	73	77	86	74	85	88	70	88	85	76	84	90	79	70	78	88	82	75	79	75	82	78	86	87	82	77	74	88	80	79	83	72	88	85	79	75	90	76	84	84	76	78	76	73	77	85	73	74	86	86	74	85	85	83	90	75	72	77	82	84	21	86	89	72	73	90	82	74	78	88	71	87	74	82	72	86	83	86	79	89	76	86	86	76	70	90	81	80	86	75	90	85	76	84	85	84	84	80	71	84	80	76	79	71	90	76	73	82	75	82	86	74	80	82	89	76	75	77	74	84	72	88	83	73	86	80	82	76	72	78	19	76	89	79	82	81	73	86	88	82	77	76	79	77	86	78	87	83	74	74	89	89	82	82	90	75	82	74	83	85	74	88	75	82	71	86	71	79	73	72	87	77	78	77	87	84	77	86	75	85	90	89	90	78	74	73	88	83	77	83	25	78	84	26	20	89	89	17	81	70	70	84	84	72	77	81	84	77	70	87	76	87	80	86	81	80	76	84	90	76	90	87	78	89	81	81	88	90	83	74	76	75	70	77	19	88	77	85	81	81	72	77	87	23	83	86	71	87	75	86	80	83	84	86	86	71	81	84	23	81	77	87	19	83	76	72	85	86	82	89	22	80	87	84	74	84	82	79	77	78	73	74	77	76	18	77	84	84	81	71	86	85	80	86	78	82	82	83	84	81	84	73	89	79	76	89	79	85	18	79	73	74	88	85	78	79	87	78	71	71	76	81	89	82	73	82	81	82	71	75	77	70	87	88	79	78	80	84	82	72	84	78	84	88	70	89	72	84	22	80	71	84	86	80	83	79	87	85	72	74	85	82	90	80	79	86	73	73	84	88	88	86	83	77	87	72	81	85	77	75	88	90	79	85	86	83	90	82	81	86	27	74	89	76	87	75	79	89	74	88	90	74	89	78	87	75	81	80	84	85	81	73	77	80	73	79	85	73	88	81	87	83	77	73	79	78	89	81	87	80	79	75	78	76	90	86	75	84	89	77	76	90	83	77	72	84	77	80	89	89	86	79	75	72	90	85	76	18	82	76	79	81	76	79	83	89	80	77	89	73	70	86	75	73	71	72	79	87	77	82	76	87	84	83	82	80	81	81	82	89	86	78	81	89	70	87	72	72	80	79	78	73	24	23	73	84	74	89	84	73	75	75	70	70	78	73	83	78	77	23	75	86	82	90	73	89	76	77	72	82	88	83	71	84	80	85	81	88	79	90	80	72	87	83	80	78	89	77	82	82	89	85	82	83	90	71	81	81	74	88	71	86	90	84	88	82	86	78	84	90	74	82	88	19	74	86	87	86	74	78	72	75	90	78	89	77	77	86	87	80	84	71	72	79	82	88	28	79	82	77	78	87	81	76	82	80	80	80	86	71	80	77	86	88	81	71	84	76	87	81	77	88	88	81	76	77	71	87	74	86	74	70	72	75	80	81	79	80	87	76	74	73	73	71	87	88	82	75	80	77	88	78	83	74	72	75	85	84	86	82	77	77	90	88	71	83	81	84	80	78	84	72	77	81	83	78	89	84	87	75	78	71	74	86	78	76	19	71	89	87	74	76	78	86	88	77	73	21	87	80	82	87	86	70	87	78	86	78	77	23	72	76	85	18	84	87	71	88	71	76	80	78	70	80	73	87	82	89	80	25	88	82	78	74	85	85	82	75	78	80	77	80	73	82	89	74	73	78	72	88	90	89	83	77	80	73	20	71	73	76	87	73	86	83	70	87	80	87	84	89	78	90	74	83	70	89	75	88	84	88	73	89	73	73	78	70	71	89	81	70	78	76	78	70	73	73	73	86	80	86	72	82	77	81	88	83	74	72	89	81	73	70	85	85	72	78	77	86	84	87	86	79	90	90	82	79	75	75	71	86
72	72	89	77	80	85	27	78	76	84	73	87	78	88	84	89	89	90	86	86	86	74	85	71	76	84	86	83	88	88	78	70	89	18	88	74	78	86	79	78	90	85	89	83	84	23	82	88	76	77	77	89	74	72	83	83	84	83	71	77	89	71	79	72	76	74	81	80	72	76	87	82	16	77	78	72	22	75	86	79	82	80	87	75	77	71	78	87	82	77	88	20	83	72	86	73	89	77	71	89	82	19	75	71	79	90	89	79	78	79	77	74	77	71	84	78	80	73	73	78	70	81	85	78	83	71	89	76	86	87	86	80	85	86	82	82	79	27	22	78	79	75	73	80	88	73	83	74	70	78	84	88	88	80	73	78	87	24	88	72	90	71	73	81	78	74	27	77	70	77	77	90	77	82	86	89	80	74	78	75	85	77	87	86	77	84	27	20	73	79	77	73	81	73	78	76	87	88	71	21	88	87	88	74	79	75	22	75	75	76	76	79	73	81	77	79	84	87	77	83	86	88	88	89	86	90	74	74	71	75	72	88	72	71	73	74	83	85	89	81	89	77	75	79	83	72	82	75	81	72	86	84	87	76	79	89	72	76	89	74	78	79	70	85	84	71	82	78	72	82	72	87	74	75	81	82	83	89	78	81	88	84	84	87	84	74	86	84	80	86	86	88	71	79	77	87	78	81	86	85	71	22	83	80	70	78	89	23	75	88	71	86	70	73	75	75	73	76	86	88	19	73	76	88	78	87	72	71	82	85	77	80	78	76	87	25	88	86	86	71	21	86	90	85	74	70	78	89	88	87	72	78	77	81	70	83	23	73	88	71	80	70	75	85	87	81	74	72	77	78	80	89	83	74	74	81	86	74	80	71	77	82	84	75	76	70	19	78	85	89	87	88	78	73	89	76	84	88	28	80	76	89	77	71	77	81	71	71	88	76	88	86	83	72	81	25	82	78	70	83	89	86	79	77	88	71	84	18	86	84	86	88	71	89	70	85	85	86	77	70	83	74	80	79	80	75	84	79	71	81	80	85	89	78	89	77	72	76	82	88	77	84	83	85	26	80	78	70	71	86	86	80	90	77	78	18	79	74	70	78	86	72	80	82	84	87	82	75	71	86	74	78	89	86	73	75	79	78	76	83	73	77	80	78	75	77	79	78	78	82	83	86	79	80	77	72	74	84	84	74	78	80	89	90	81	83	78	81	85	78	82	89	84	82	72	73	88	78	71	71	73	74	85	84	78	74	78	76	85	72	77	90	83	70	76	85	86	80	87	72	71	83	77	84	82	89	79	76	73	86	82	76	87	71	89	86	73	22	76	85	76	88	89	87	77	72	74	85	77	71	20	86	89	71	78	79	71	82	77	87	70	75	71	85	76	80	78	71	87	79	78	85	79	86	89	74	86	75	84	73	82	79	85	70	72	79	76	74	80	84	73	76	90	74	85	82	74	80	88	76	76	26	70	73	85	78	84	82	87	78	77	84	86	84	79	74	78	80	28	89	90	86	89	75	88	88	89	85	79	72	73	77	83	89	75	74	84	89	78	71	89	79	82	70	89	83	89	77	87	74	70	72	73	75	87	89	80	80	88	75	74	74	87	88	80	81	82	87	82	86	85	20	85	81	87	71	83	80	88	79	89	82	88	71	77	22	73	76	88	89	23	85	21	75	72	85	87	85	81	70	79	71	90	73	78	21	90	71	78	77	78	75	90	83	85	71	80	82	77	72	79	84	87	82	71	72	81	86	88	87	24	75	77	72	81	88	71	72	81	80	81	90	89	74	82	77	77	79	74	73	76	83	71	71	72	88	87	72	86	82	80	79	85	86	82	88	89	76	78	90	87	86	89	80	71	85	83	81	85	85	81	89	90	79	74	85	71	82	82	83	81	78	76	86	72	76	90	75	71	80	72	86	77	90	75	78	16	73	81	75	25	82	20	71	85	81	84	77	84	86	85	83	86	83	89	76	19	79	80	90	81	83	83	73	88	90	73	79	85	86	71	75	86	73	85	77	85	73	72	74	76	84	76	90	81	77	74	75	76	89	18	78	78	80	82	72	87	82	89	80	85	86	78	89	74	86	81	84	79	20	73	77	74	85	71	75	78	71	83	86	88	79	87	78	85	78	84	85	80	87	76	90	26	78	79	78	72	81	82	78	71	88	82	85	90	80	81	84	78	90	86	80	83	76	74	84	76	72	84	81	76	73	75	87	87	22	78	86	81	79	26	88	71	85	71	19	75	77	77	70	78	85	89	82	78	86	81	71	89	80
85	86	82	72	89	82	89	78	83	71	86	77	76	75	76	79	81	79	74	74	85	75	19	88	84	76	87	83	88	72	80	89	82	79	80	76	79	86	86	71	89	77	85	72	80	90	81	74	84	71	82	77	85	77	79	77	89	88	72	72	80	73	85	88	87	82	86	22	76	85	86	75	83	76	90	81	82	79	73	89	76	79	90	77	76	82	73	87	73	80	88	71	85	72	74	74	86	75	83	73	88	74	79	84	86	77	77	83	85	87	77	83	83	71	89	81	73	75	78	86	76	21	87	82	80	79	86	71	88	88	90	87	83	72	84	82	84	84	86	76	90	79	29	84	70	73	72	85	79	72	88	81	80	82	24	85	76	82	78	86	83	86	79	76	70	77	84	88	78	80	73	75	83	85	87	73	80	86	74	88	72	84	88	79	82	75	87	73	85	73	81	84	85	80	78	72	80	83	73	77	82	70	79	80	84	81	89	18	84	90	79	76	76	77	86	16	75	84	79	75	72	80	76	88	90	74	79	22	80	78	72	18	87	83	79	80	87	83	88	81	78	86	24	84	84	76	74	75	83	75	73	73	82	79	70	81	89	89	82	83	86	78	87	72	75	80	79	72	83	84	84	71	90	71	79	89	83	71	89	83	88	82	84	74	89	76	72	81	77	87	75	76	85	89	78	87	88	90	75	70	74	83	19	84	82	22	71	76	82	82	84	78	79	89	82	86	82	79	71	80	88	83	80	88	80	82	87	88	82	73	78	74	89	25	73	75	88	89	79	74	70	79	21	74	81	79	77	71	90	71	73	78	74	90	79	72	81	84	89	82	88	74	79	75	75	16	86	72	83	83	82	88	84	71	88	78	79	85	79	83	87	79	77	82	75	76	83	77	72	72	71	85	81	72	74	70	73	78	75	80	79	81	77	73	82	82	76	80	85	79	85	79	82	74	72	76	85	82	76	74	88	80	85	78	81	78	71	89	77	77	77	90	74	22	89	75	80	72	74	71	70	77	71	87	89	72	90	89	77	82	73	83	89	73	89	82	89	88	73	74	76	80	77	73	88	74	71	89	76	74	87	70	81	84	73	90	85	88	88	73	79	90	78	86	75	86	75	88	71	82	80	79	78	84	21	84	83	90	74	81	71	87	79	70	84	18	86	84	85	72	72	76	76	83	19	88	74	72	88	89	78	75	77	79	79	80	81	80	81	80	78	86	71	76	20	19	78	77	86	81	74	87	85	77	89	82	83	84	73	73	74	77	84	80	79	89	74	89	81	77	88	77	82	74	79	75	83	79	26	79	74	83	81	78	85	78	88	80	71	73	88	84	72	82	82	77	83	78	85	76	76	71	83	81	85	71	89	76	76	76	73	78	73	82	71	85	73	89	80	81	83	72	78	87	24	77	87	74	87	70	71	70	84	81	17	82	86	72	88	81	89	74	73	84	83	79	72	73	86	85	86	76	27	77	79	80	81	81	80	27	87	77	85	88	17	85	76	77	89	74	76	74	80	76	81	88	86	70	72	75	89	20	79	81	78	88	73	87	78	74	78	77	21	84	83	80	85	75	82	90	80	71	86	78	72	87	85	84	86	81	72	73	77	78	81	76	78	80	87	71	72	82	72	75	74	84	85	89	83	24	88	77	75	72	75	77	73	90	78	71	86	71	76	71	79	83	73	75	75	23	75	84	88	82	75	87	74	75	74	83	20	82	78	81	83	80	89	90	71	72	81	89	83	80	84	90	74	86	88	81	74	72	73	85	84	73	76	72	83	89	85	83	74	15	84	72	75	77	81	83	83	90	87	78	71	87	82	74	90	89	82	86	24	75	77	88	89	81	74	77	77	72	77	71	72	80	71	75	87	70	90	89	74	86	80	82	84	73	78	75	73	77	85	88	22	89	76	81	74	80	75	85	83	73	78	86	82	78	83	78	83	74	81	79	79	78	81	86	81	87	74	73	79	82	84	85	88	73	79	79	77	76	71	85	74	82	81	85	75	85	76	73	85	78	84	71	87	70	73	80	73	73	73	80	75	72	89	74	76	77	77	74	79	84	80	87	80	79	85	81	25	70	73	88	82	79	76	86	78	73	70	85	71	19	82	81	88	75	71	84	84	82	71	85	77	86	85	83	82	81	23	73	82	71	73	84	81	26	80	84	79	86	75	88	73	76	76	80	72	77	88	73	71	88	78	80	74	72	77	75	84	74	71	77	71	76	88	71	75	78	74	78	81	79	90	87	83	89	74	71	80	90	71	80	90	74	77	84	87	77
83	79	83	87	79	90	72	87	70	83	77	77	86	77	79	75	82	84	71	24	81	71	89	72	79	88	81	89	70	89	72	86	90	81	79	87	72	89	82	73	75	72	77	73	25	73	71	79	88	71	71	83	87	77	85	22	88	88	86	83	82	70	80	83	90	83	77	81	71	84	85	79	87	89	72	83	86	86	74	86	73	78	84	79	82	76	80	72	74	27	75	89	88	72	80	79	78	71	84	70	19	78	78	72	83	81	82	73	89	75	70	78	88	73	71	78	86	87	18	85	73	80	76	88	71	71	89	77	75	71	83	81	77	26	85	72	75	71	76	78	74	85	82	86	90	87	80	77	85	82	82	78	71	87	79	77	21	72	84	89	88	89	88	79	20	70	80	80	78	78	23	87	87	26	77	76	71	70	79	78	89	77	76	81	71	90	90	75	90	87	88	87	71	71	82	88	76	83	24	86	72	71	89	75	86	75	77	82	81	76	89	86	75	76	87	78	89	76	25	80	83	73	88	80	84	80	74	78	87	81	74	77	83	90	87	80	86	80	86	85	81	74	77	84	71	71	24	83	85	79	78	79	85	76	83	89	81	76	84	73	85	88	77	79	77	88	88	76	84	84	87	73	82	83	72	88	86	75	83	71	87	86	79	87	88	76	71	75	71	89	87	76	89	74	27	79	72	82	84	71	87	81	79	79	88	81	22	78	81	85	73	88	73	76	71	83	90	82	83	89	87	77	85	89	87	75	84	76	87	78	79	80	87	24	70	87	81	17	79	81	86	89	78	71	82	75	82	75	78	79	83	75	75	90	71	83	83	71	71	74	72	81	85	71	78	80	90	81	75	81	87	73	71	71	89	78	79	89	75	71	75	85	74	89	73	73	81	78	77	88	82	74	25	72	85	88	86	75	77	82	25	80	81	87	80	78	27	86	72	78	84	89	79	89	77	83	75	82	87	74	77	87	88	76	78	89	71	78	74	76	23	73	80	88	89	88	79	84	90	83	80	82	81	76	89	78	73	72	80	88	71	73	82	73	80	82	89	86	85	86	71	79	89	71	74	84	81	88	87	90	88	78	87	72	75	85	83	85	87	71	81	74	85	74	79	77	78	89	80	76	86	82	83	89	72	78	80	79	79	74	72	82	83	72	86	73	79	84	77	75	75	23	77	76	75	85	85	81	78	87	79	77	73	72	80	72	83	88	85	78	74	81	81	85	75	78	87	77	71	23	74	76	88	75	76	78	77	89	77	71	77	74	19	90	77	87	81	84	79	82	88	71	81	74	87	72	85	26	74	73	87	78	72	80	73	78	72	86	77	90	76	84	84	72	75	72	82	85	74	90	84	77	17	72	89	81	78	87	73	87	87	90	83	72	71	82	80	77	88	81	70	71	80	88	83	83	77	23	79	71	78	88	86	80	82	84	81	77	82	74	17	75	90	78	79	78	76	79	73	71	72	86	84	74	73	90	86	77	80	75	80	88	71	79	76	73	80	84	76	81	87	88	90	76	86	23	90	88	86	74	78	88	78	71	89	77	85	72	86	90	87	83	81	70	75	74	86	81	73	71	86	86	73	80	86	82	82	74	26	89	83	79	88	74	73	83	72	86	88	88	86	83	71	72	74	22	79	83	72	74	86	80	86	84	80	72	74	86	89	73	24	73	79	89	75	74	81	71	83	82	84	85	70	86	72	80	72	76	86	75	75	77	90	84	87	90	88	72	83	71	85	82	80	78	71	71	90	75	84	73	74	72	22	81	73	75	80	71	85	77	86	73	82	74	90	71	88	85	83	77	73	88	80	75	80	84	85	80	81	76	76	71	83	87	79	71	88	79	76	82	83	74	87	81	83	73	76	78	81	89	74	86	71	87	78	70	74	73	86	76	75	83	78	78	88	83	75	81	80	76	86	85	88	79	87	80	89	79	87	89	84	88	74	76	81	74	74	83	78	88	77	87	25	85	72	84	71	87	74	84	88	84	75	71	85	73	73	76	86	74	82	80	21	79	83	26	86	77	81	87	72	75	74	73	71	88	88	83	73	82	76	87	86	88	74	87	76	79	80	82	77	90	77	19	75	19	87	78	81	82	73	71	74	76	78	74	72	78	76	85	78	78	18	75	84	79	83	78	18	86	85	76	82	73	86	81	24	75	90	82	82	72	79	79	88	80	90	72	82	80	20	77	80	86	84	23	70	82	70	79	70	77	74	77	76	85	88	79	26	77	78	81	25	72	75	85	74	85	86	85	79	24	71	79	78	72	88	82	70	88
76	72	89	75	82	87	85	87	72	89	78	80	76	82	23	81	87	82	79	76	72	81	74	87	71	80	81	84	86	72	77	72	78	81	87	76	76	90	89	84	80	72	74	85	87	80	84	73	71	80	87	78	70	85	83	88	79	71	77	81	74	74	82	85	85	89	70	88	83	86	25	77	83	82	87	78	75	83	77	71	87	80	78	84	81	85	82	83	73	71	88	74	79	87	82	82	75	85	74	83	85	81	88	79	85	85	89	76	78	87	83	84	76	88	71	82	85	81	80	84	81	82	71	85	89	81	75	71	87	75	80	70	82	74	84	78	81	74	83	76	77	75	88	80	72	85	85	72	76	71	18	86	73	77	84	73	82	78	88	77	71	83	87	73	81	80	86	84	80	76	83	76	76	78	77	90	80	81	79	89	85	79	80	72	80	70	74	88	83	90	86	80	80	81	85	81	73	76	89	82	86	22	90	81	81	84	75	82	80	78	83	85	76	75	86	84	81	77	80	80	74	79	74	82	72	88	79	78	87	78	87	89	85	28	73	78	83	70	82	79	78	88	87	75	71	81	76	87	80	81	76	70	86	75	79	75	82	83	77	84	88	73	75	84	76	81	75	90	71	77	88	80	79	72	79	79	76	86	78	74	88	79	80	86	71	79	85	81	73	74	70	88	77	76	77	90	76	71	77	82	74	72	84	71	74	90	78	89	19	72	23	74	71	88	90	78	81	90	73	84	84	75	79	89	80	88	84	89	89	84	72	72	86	87	80	71	80	75	83	87	73	73	71	73	81	83	75	89	70	83	72	76	79	84	72	81	76	74	90	76	87	73	75	81	81	71	81	81	80	77	87	78	77	80	89	85	87	88	88	86	77	86	84	85	75	82	74	89	82	70	83	88	88	82	78	73	73	79	74	83	88	75	78	86	76	74	86	73	77	19	76	89	83	82	82	84	80	89	85	74	80	89	79	75	71	90	78	76	72	71	73	89	89	81	73	85	90	25	84	75	74	71	78	83	70	88	75	81	77	73	73	80	77	82	80	85	80	78	73	72	82	83	90	80	83	82	74	78	90	83	70	89	71	74	81	88	77	76	89	74	89	73	76	88	84	83	74	76	78	81	78	88	87	75	87	78	80	80	80	71	84	81	78	79	72	80	89	76	81	81	79	82	82	73	79	77	73	19	21	81	74	73	73	82	78	79	85	82	77	72	80	73	71	85	78	90	71	20	81	71	81	79	83	89	71	74	84	85	80	86	77	81	71	88	73	84	79	78	74	85	70	83	86	72	79	72	75	84	75	82	80	87	72	80	83	76	80	90	76	87	79	86	76	72	75	74	70	89	78	75	80	71	89	86	74	84	73	81	70	81	77	77	83	82	73	72	80	73	79	73	87	74	87	86	76	85	71	83	89	88	84	73	84	73	19	77	85	71	88	83	86	89	87	84	74	75	86	81	77	73	88	79	84	76	72	80	78	88	76	27	75	73	86	76	89	83	82	72	72	80	75	87	77	74	80	76	86	88	85	16	82	81	75	84	79	81	85	88	89	74	85	74	83	90	80	87	74	89	78	77	76	78	77	74	73	22	89	90	79	78	74	73	84	79	86	88	82	86	71	72	81	72	85	85	83	76	81	70	87	71	74	71	77	82	76	80	87	72	89	88	75	75	84	75	76	88	75	86	83	90	76	85	76	72	83	72	80	75	83	80	88	72	72	75	74	76	73	78	88	71	81	71	25	76	87	74	71	86	76	90	85	85	73	89	84	86	80	87	86	81	71	81	79	70	70	22	72	87	77	80	70	79	82	89	73	85	86	74	84	81	75	83	81	78	72	88	73	86	73	80	78	77	89	70	71	89	86	89	78	85	71	81	73	82	89	88	78	74	87	82	83	79	81	76	85	90	82	84	85	78	76	86	76	88	81	70	82	83	77	84	71	73	79	71	76	90	89	80	84	80	81	83	74	87	86	89	88	76	75	76	73	90	90	75	73	73	21	81	83	81	71	71	73	82	87	83	72	85	87	85	20	73	83	86	82	87	77	80	80	80	78	73	88	73	74	75	81	72	80	88	83	75	74	75	85	73	71	81	75	77	71	85	80	83	71	73	71	76	83	71	72	88	73	79	72	77	72	85	85	89	77	81	90	71	82	88	87	80	78	24	88	19	70	71	79	84	71	77	77	73	88	74	73	81	83	84	79	74	88	78	76	70	84	78	84	75	81	85	81	71	78	78	83	88	82	76	85	22	89	70	74	90	77	88	74	76	76	87	79	76
86	87	84	19	85	74	79	85	88	74	82	79	18	74	70	74	71	86	77	82	82	89	77	87	72	71	84	77	82	84	80	88	81	75	89	75	89	89	88	80	74	86	83	76	90	82	70	82	82	80	78	73	88	80	77	88	90	89	75	78	78	76	82	86	89	78	72	82	77	78	86	79	74	86	71	82	85	26	81	81	80	26	90	78	83	88	77	76	78	73	79	75	88	86	88	17	85	80	73	73	78	81	89	80	74	82	71	85	84	81	85	78	86	77	76	87	76	86	80	80	79	74	75	86	79	77	25	87	80	74	88	71	86	27	82	82	79	78	85	85	87	84	80	71	82	71	72	86	72	83	74	84	84	87	76	79	79	85	87	70	78	72	85	71	84	79	85	74	72	77	22	87	81	78	86	76	75	76	77	83	83	88	76	82	75	82	89	85	74	87	78	87	73	82	87	17	80	82	78	80	80	72	71	85	75	75	74	80	80	76	73	77	88	74	84	77	72	82	82	83	76	82	82	87	72	80	77	80	76	82	87	83	73	88	78	80	73	82	89	78	72	89	89	86	81	73	71	73	86	83	82	77	71	79	77	76	84	81	79	72	77	70	70	74	76	79	87	82	81	71	90	72	81	86	87	80	89	88	86	78	83	79	86	75	78	72	71	85	89	84	71	83	71	76	75	70	77	70	72	82	74	74	81	86	23	84	80	76	70	81	80	86	83	75	84	78	72	85	89	83	75	86	77	75	88	74	74	81	88	72	21	83	74	80	79	88	80	76	85	85	89	77	70	88	25	76	74	86	78	87	76	87	86	87	82	85	80	80	73	79	88	89	76	79	76	73	72	79	76	87	80	82	76	80	74	84	70	80	71	72	82	73	75	72	87	74	89	81	82	76	79	73	73	77	78	72	72	77	84	88	89	87	76	74	87	83	81	19	81	86	83	80	89	75	83	87	73	84	88	87	82	82	72	89	86	19	70	87	88	73	74	88	76	74	82	75	82	80	78	76	79	84	84	72	81	80	83	88	70	77	85	74	24	73	75	84	86	71	19	76	84	72	77	73	72	75	75	75	78	73	87	86	76	71	89	73	84	86	71	85	82	88	87	79	84	86	72	73	82	83	86	85	73	78	89	87	74	24	88	86	82	85	73	72	70	76	89	77	84	90	74	90	75	81	83	82	86	88	83	70	71	25	85	80	87	75	85	85	87	89	87	72	81	79	84	73	83	71	83	85	72	78	84	77	80	79	83	74	73	74	88	85	73	84	81	77	71	73	72	73	76	83	74	74	72	78	76	89	81	83	82	87	74	86	79	73	90	89	81	71	89	89	25	89	72	73	76	83	83	73	76	79	81	20	77	70	73	82	76	86	80	79	83	79	75	79	73	86	81	87	77	85	72	78	87	78	74	78	73	83	85	78	72	76	84	71	71	72	77	24	16	82	89	72	81	74	89	79	89	79	79	82	71	76	76	78	73	81	82	88	75	80	76	72	84	85	73	75	79	16	88	86	88	81	87	90	82	78	73	78	79	86	85	70	82	72	82	82	90	71	80	80	77	78	85	90	72	89	71	90	78	72	83	84	76	76	78	71	82	20	87	70	82	75	81	83	74	90	87	72	86	82	74	74	75	71	79	81	85	73	87	74	74	72	83	74	89	79	74	85	73	71	77	85	77	74	84	73	88	88	70	70	74	78	75	83	79	71	80	90	87	86	79	71	84	72	74	74	75	78	83	71	83	87	86	87	72	87	74	70	78	80	89	74	81	70	80	76	75	72	78	75	84	17	81	82	82	81	20	83	78	89	71	86	87	86	75	72	85	81	22	81	84	87	86	77	84	84	87	77	89	77	76	74	85	89	74	88	82	75	87	76	84	87	86	86	77	79	84	87	81	82	24	80	88	89	80	71	89	81	84	75	80	72	75	81	77	80	80	90	74	75	87	85	90	73	82	80	88	78	83	74	84	79	73	82	86	75	79	78	72	90	78	78	90	88	86	78	84	81	76	85	22	71	73	84	74	22	73	73	71	74	24	71	71	89	81	82	18	72	72	76	79	71	75	89	77	82	78	77	71	88	88	85	81	78	89	87	83	81	79	73	81	70	81	88	81	79	72	81	79	88	86	83	77	73	84	77	82	75	73	83	79	81	80	88	89	79	78	70	76	85	77	19	81	73	78	85	77	75	73	89	88	78	86	84	81	87	76	71	85	73	84	76	73	75	80	89	75	75	72	83	75	78	82	71	75	74	72	73	88	86	83	89	82	74	86	77	73	90
72	80	73	88	76	75	84	81	78	85	84	72	78	90	88	74	77	83	18	85	85	73	87	72	71	71	87	85	84	84	83	83	89	88	71	73	76	24	75	79	89	73	75	88	73	77	87	79	85	76	89	82	24	85	70	83	78	87	73	77	84	73	88	73	74	79	81	75	83	79	87	78	89	85	27	73	72	89	87	82	84	89	20	83	84	89	80	81	87	89	83	87	80	73	80	88	83	77	88	82	76	86	77	89	77	70	86	80	73	77	88	87	82	77	88	83	74	85	77	73	83	89	89	84	80	76	78	73	71	74	73	85	77	88	82	87	72	82	70	76	89	89	83	70	78	79	71	86	82	81	86	87	70	84	77	87	80	24	75	71	80	72	75	88	83	74	71	84	72	88	81	20	72	72	79	70	87	78	73	72	86	28	78	80	80	83	71	73	87	84	80	77	84	74	70	78	73	27	72	77	85	77	89	82	74	80	85	72	90	81	82	82	77	70	80	89	81	79	87	80	86	85	82	77	80	83	85	70	70	78	89	89	75	85	25	73	73	76	82	84	73	86	89	86	89	85	76	73	77	89	23	77	89	71	73	81	80	85	85	81	82	75	78	73	76	77	21	86	25	84	79	80	83	82	84	24	79	78	84	81	75	80	85	83	82	71	88	72	83	71	23	76	74	71	87	75	87	71	71	78	86	73	76	89	81	88	81	84	89	80	70	83	75	80	77	71	72	90	78	75	82	82	70	19	89	89	90	83	76	81	75	72	75	79	79	73	74	73	85	82	80	89	79	82	81	74	71	77	74	71	89	25	89	74	76	80	88	21	90	76	76	86	70	70	19	89	84	76	72	89	70	86	83	76	74	82	80	24	84	71	89	78	73	80	90	70	71	88	81	82	87	77	74	78	82	74	79	86	82	74	79	80	76	77	87	81	72	86	86	86	73	85	80	75	88	85	85	86	79	71	82	77	89	86	84	75	78	84	82	20	77	77	86	23	84	86	81	75	73	84	80	84	88	76	20	77	72	88	75	71	88	78	79	79	77	84	23	74	73	79	82	82	80	80	78	84	73	84	75	84	72	78	85	85	87	88	81	73	77	81	81	85	72	84	71	77	84	74	76	89	71	78	85	82	71	85	71	73	76	88	88	76	85	90	80	80	74	79	84	77	83	81	72	74	80	80	75	20	87	73	87	88	85	25	88	77	75	70	89	81	73	75	87	77	73	88	80	78	85	80	71	74	81	87	82	81	80	76	79	79	71	77	72	72	86	83	89	90	85	84	71	84	72	85	83	77	73	71	83	89	82	80	77	88	75	74	77	73	82	86	90	89	82	81	75	81	89	85	74	73	88	89	83	21	71	80	71	76	71	77	81	73	81	89	25	73	80	75	82	79	83	73	79	87	84	84	82	87	78	78	83	83	22	84	73	85	78	82	78	83	85	84	21	79	70	75	79	76	79	83	85	89	82	80	90	85	73	87	72	74	81	78	76	80	71	74	86	86	84	77	82	85	90	87	77	79	80	73	77	74	90	85	79	79	79	78	75	77	23	24	87	75	78	81	80	88	72	81	84	71	24	83	76	83	82	73	70	75	81	85	76	74	81	90	79	72	72	72	78	71	81	88	89	80	89	88	89	71	85	88	78	88	75	86	75	73	84	84	80	73	85	84	88	85	88	89	70	74	86	81	73	72	87	85	76	84	76	84	19	72	89	78	79	86	78	74	82	83	74	81	73	75	78	87	21	90	78	73	71	79	77	27	78	76	75	83	84	78	82	86	84	87	76	90	87	80	86	89	88	81	84	79	86	78	86	86	84	77	88	83	88	76	71	89	72	87	84	72	85	73	82	87	77	21	76	90	72	75	85	72	79	85	80	89	81	70	89	72	87	82	74	75	82	82	23	81	77	71	72	77	80	76	84	79	71	20	81	85	82	88	90	73	78	71	76	88	78	77	85	77	87	74	74	78	80	77	77	74	89	71	78	75	78	84	73	71	79	87	72	81	89	82	78	74	73	89	80	76	77	76	90	74	86	74	79	70	79	78	82	76	71	81	88	81	74	78	86	87	86	80	74	89	77	89	82	76	84	80	83	75	82	74	75	88	83	70	86	87	85	86	82	81	84	73	84	77	75	79	87	75	90	76	72	75	79	87	74	78	82	72	76	73	73	83	78	85	73	76	88	87	80	80	85	84	82	73	73	82	84	24	88	75	77	86	70	84	77	80	79	78	88	74	82	78	81	84	76	71	80	84	80	78	77	90	82	22	87	82	80	82
73	76	71	80	84	75	80	71	81	79	72	72	79	89	72	70	77	74	76	80	77	27	74	73	72	80	80	79	74	72	81	80	84	80	82	75	73	78	75	84	77	76	73	70	86	87	80	88	72	77	86	81	73	70	77	80	73	85	75	74	74	76	80	88	71	71	72	78	87	82	82	76	71	79	71	18	76	80	79	74	73	79	79	71	82	90	76	25	90	71	86	73	84	89	83	75	70	83	89	71	78	86	79	79	78	75	89	74	84	70	81	76	90	77	89	77	87	82	86	76	83	73	80	82	79	88	90	76	83	81	89	74	85	80	89	70	71	72	73	80	75	74	85	79	83	17	86	87	81	79	79	87	89	84	89	82	78	86	88	86	80	86	81	89	75	90	80	72	76	25	90	75	70	77	86	76	75	81	80	88	20	88	88	73	73	25	76	84	82	77	89	82	75	82	74	88	76	81	83	89	79	77	77	84	77	80	84	80	80	80	72	72	72	71	81	88	84	78	88	78	86	73	28	72	73	81	75	79	88	81	80	71	74	78	76	81	84	76	80	72	83	89	72	83	79	87	24	80	79	80	79	75	84	79	87	83	82	73	87	88	84	24	19	17	89	71	86	90	90	72	71	75	73	74	86	72	90	77	83	79	18	75	86	80	78	77	78	80	89	77	83	73	83	81	83	84	70	74	78	74	82	87	83	87	90	88	74	79	80	85	89	89	82	88	83	88	78	78	81	75	73	17	72	79	79	72	86	75	19	90	88	80	88	72	77	72	79	71	76	74	85	84	81	74	86	90	84	75	87	89	72	90	76	87	83	89	81	72	82	70	88	78	74	75	77	76	72	72	84	84	71	74	77	81	75	85	78	79	87	77	83	86	73	89	25	89	86	85	24	85	85	73	78	79	70	71	77	81	79	81	73	78	82	75	86	71	82	83	90	70	70	87	73	74	90	70	88	83	83	28	82	81	89	73	89	84	72	79	88	84	78	72	87	78	78	73	78	85	73	88	72	74	80	88	89	71	78	84	86	88	76	87	75	75	72	71	72	76	70	75	90	90	70	71	85	78	77	85	74	87	90	78	84	88	72	87	79	81	82	89	74	82	83	71	83	21	73	84	88	82	73	76	79	83	72	72	74	72	74	15	72	73	74	87	79	84	80	76	21	73	81	84	81	78	77	82	75	77	89	73	82	78	79	76	77	88	88	76	73	87	75	81	80	81	90	89	83	76	73	73	86	77	25	89	75	79	88	78	87	88	88	79	81	83	75	73	88	76	74	83	90	84	78	88	76	86	82	75	89	72	82	71	87	88	83	81	78	75	87	77	88	77	85	87	73	73	71	82	88	82	73	88	88	84	85	89	82	81	83	79	77	73	20	74	70	86	88	75	87	80	89	70	88	78	75	89	81	85	89	83	18	76	86	85	72	79	79	18	89	89	86	81	87	83	74	81	76	75	78	27	83	74	88	84	70	84	86	84	80	90	74	88	79	75	88	70	74	83	90	74	79	73	88	28	73	83	76	89	86	81	87	77	83	84	79	82	79	83	22	71	85	18	76	77	81	75	77	84	84	74	71	76	89	72	81	80	84	78	81	85	76	77	80	72	80	85	84	85	23	80	75	73	22	83	84	82	74	88	76	81	90	84	85	70	18	85	81	84	75	78	73	72	78	76	85	89	75	81	73	77	20	74	80	84	87	80	82	89	83	87	79	86	19	79	74	71	86	83	79	72	78	79	82	23	88	79	76	79	89	83	83	81	79	73	90	90	78	73	86	88	82	87	85	73	86	77	84	85	78	81	87	73	77	83	82	73	73	72	72	78	75	86	82	78	81	80	80	72	77	76	89	17	77	86	81	87	83	87	78	84	75	18	89	79	89	87	76	85	89	85	81	72	80	70	88	82	87	79	84	82	73	79	89	84	71	74	73	83	84	72	75	81	70	83	81	74	88	82	18	89	88	88	88	81	89	79	83	83	87	88	77	90	77	77	26	90	87	83	77	80	72	72	71	85	88	80	83	75	75	77	79	87	72	75	70	74	77	86	86	85	71	81	75	90	74	88	76	74	77	75	88	75	80	89	89	73	83	90	78	76	85	76	78	83	80	83	72	87	83	78	81	77	89	77	83	85	80	85	76	76	88	71	70	83	18	71	77	77	21	76	88	89	74	74	86	74	72	87	73	71	83	79	83	87	90	89	74	76	82	85	87	88	82	83	89	85	73	87	84	89	86	86	84	74	83	89	87	82	75	87	88	71	78	75	81	90	72	82	73	74
80	89	84	90	87	89	88	81	80	75	83	70	76	80	77	85	78	89	71	78	70	81	74	25	82	82	81	77	75	85	76	85	81	84	79	83	80	89	78	78	89	83	79	19	78	88	84	78	72	75	73	80	75	79	82	74	86	73	86	84	78	75	77	80	83	73	81	73	87	84	71	80	78	86	83	78	90	72	82	84	87	86	88	26	81	87	88	88	74	89	82	90	72	77	84	84	79	84	84	82	87	86	89	74	71	82	73	71	76	89	75	71	73	73	82	87	87	73	86	74	89	81	77	79	83	71	86	78	86	86	85	74	83	80	83	88	74	82	89	84	89	75	85	83	79	78	77	87	83	86	76	21	90	79	78	78	83	73	73	77	89	79	71	73	78	80	71	76	77	77	73	72	80	82	86	75	73	83	73	87	78	88	85	86	78	74	72	86	74	89	89	72	79	75	90	71	79	72	87	81	89	87	80	79	75	77	74	74	80	81	82	85	70	72	23	85	87	75	75	89	76	81	83	74	77	80	74	78	70	84	77	84	84	76	88	77	72	77	73	84	76	84	83	76	86	71	72	83	72	90	83	71	86	85	76	82	74	79	88	23	81	73	76	73	74	78	72	80	88	79	88	81	89	85	73	89	71	21	74	75	85	89	74	87	71	88	86	85	90	89	84	87	71	76	82	81	85	75	75	87	85	77	88	86	87	89	84	86	74	80	85	87	83	77	21	89	72	81	88	78	82	86	82	85	73	85	84	85	73	78	76	88	89	81	89	71	81	76	81	83	75	75	79	80	79	78	82	71	17	87	80	82	76	71	78	90	78	86	80	85	74	76	79	79	79	82	81	76	88	73	73	83	79	85	74	89	71	89	72	85	83	84	80	75	77	73	80	83	75	77	83	90	84	72	71	75	80	84	77	76	83	77	87	75	87	70	75	85	88	89	80	84	87	74	28	79	72	72	84	84	84	76	86	90	83	88	72	71	73	81	83	70	89	83	71	73	16	84	82	73	75	72	76	87	78	83	80	73	78	86	71	72	73	81	74	88	83	77	72	82	86	83	70	76	76	77	73	72	81	28	78	88	86	89	70	77	89	83	87	71	82	71	75	79	15	72	71	79	85	82	81	73	76	75	83	86	89	87	80	79	75	73	87	83	77	79	22	84	88	90	88	73	89	72	88	72	75	86	73	82	79	76	88	71	83	73	23	75	74	79	85	88	73	76	84	88	78	84	76	77	84	84	80	88	82	76	70	87	72	82	72	88	70	77	78	87	83	85	76	85	86	78	84	73	78	85	71	82	75	77	85	73	70	87	84	86	80	83	86	80	81	78	80	76	89	86	86	90	75	79	83	21	74	78	85	71	75	26	86	26	82	82	71	73	88	84	71	80	76	83	71	71	26	84	73	80	76	20	86	84	76	83	79	84	73	80	83	77	79	78	77	81	79	86	75	78	77	85	89	88	70	80	81	90	75	72	71	71	74	80	89	76	72	80	83	80	18	76	86	81	87	87	85	82	78	79	73	19	80	77	73	87	87	82	88	22	70	76	73	73	85	79	86	85	75	78	85	70	83	72	88	78	73	89	90	76	87	79	80	85	83	72	77	72	78	86	78	73	81	74	83	73	84	79	72	88	79	77	90	88	86	85	74	77	72	78	77	73	23	72	77	80	71	76	79	72	88	78	86	82	76	90	85	79	72	75	88	79	85	78	74	89	77	86	77	90	90	80	75	80	74	75	85	76	74	89	85	71	88	71	72	74	73	73	77	88	81	76	78	71	78	83	81	74	70	90	87	20	90	90	74	77	85	87	71	88	81	87	19	72	78	76	25	74	80	81	82	88	84	79	81	80	73	87	18	18	79	71	72	80	73	20	19	81	89	77	76	77	76	78	74	87	87	80	84	79	73	90	73	77	88	73	83	73	70	84	86	88	76	75	84	71	75	86	89	72	77	79	74	83	76	87	84	89	82	82	86	89	85	72	72	73	85	77	81	85	76	81	89	79	89	76	71	83	83	88	84	75	19	84	70	82	89	80	80	84	86	71	76	76	80	89	73	77	79	70	89	76	90	78	72	89	73	84	89	83	72	72	80	86	77	78	72	80	83	86	86	80	88	79	72	78	87	74	81	80	84	78	83	88	87	79	87	76	90	82	79	80	79	83	83	78	84	77	80	83	80	86	74	77	83	86	72	87	87	78	76	74	86	75	81	85	84	84	77	83	88	76	77	87	72	89	70	81	85	89	83	78	85	79	73	86	71	72	71	88	73	77	77	82
19	71	74	74	72	83	76	88	78	84	72	83	81	71	72	89	89	89	72	74	88	88	75	88	73	81	74	74	21	88	86	86	87	72	71	81	83	72	89	83	75	72	73	82	72	78	89	81	81	78	70	81	89	73	78	80	75	87	70	78	77	87	76	78	90	72	74	81	72	76	71	74	87	83	81	77	88	82	85	75	71	88	77	74	73	26	82	76	25	75	87	76	77	85	71	75	71	89	73	75	73	88	81	85	21	77	76	80	75	83	85	85	89	84	82	81	75	83	70	22	86	84	73	80	80	73	72	78	73	86	77	90	79	79	76	20	86	77	72	82	84	89	81	88	82	72	77	86	72	87	81	75	84	88	76	76	78	82	73	79	88	85	87	83	83	88	74	84	88	73	75	90	74	85	82	88	84	76	71	85	83	87	73	79	77	80	78	21	89	76	75	77	75	75	81	83	85	76	88	85	75	76	88	75	77	88	72	71	85	80	73	79	80	71	76	84	82	81	77	88	26	21	77	75	81	89	74	75	75	75	78	88	79	82	77	74	76	81	86	79	79	79	81	84	87	87	82	88	81	82	83	72	79	90	82	78	73	87	82	89	83	76	80	89	77	83	86	76	87	83	79	77	83	86	86	89	83	89	77	89	90	76	89	24	85	89	78	78	89	84	71	81	89	87	89	84	70	71	87	72	74	81	78	89	75	81	81	70	73	73	90	77	81	85	82	87	89	76	88	26	81	86	81	79	79	89	85	76	81	88	77	88	78	70	72	80	21	84	24	79	77	81	88	89	88	77	89	89	72	85	88	84	17	77	72	76	85	18	82	73	74	75	87	89	86	72	20	90	83	76	80	85	76	73	74	89	73	79	77	75	88	80	73	75	75	79	85	79	75	88	77	87	86	74	90	88	83	88	85	78	77	80	78	73	79	76	79	71	84	88	71	88	84	76	76	78	88	75	78	85	73	79	75	84	81	88	76	84	78	78	77	83	87	88	75	77	80	74	86	86	83	74	73	82	89	72	84	79	24	72	75	88	73	86	72	73	72	76	89	79	83	90	82	82	89	86	89	80	22	81	84	77	86	84	84	75	78	82	88	76	86	86	78	77	73	74	88	85	79	88	88	81	76	78	75	79	76	88	73	85	85	86	24	25	73	74	90	89	74	81	87	70	72	76	86	83	75	86	83	79	81	79	72	74	87	84	70	72	79	70	76	73	87	79	73	71	78	87	70	76	81	77	81	71	74	87	79	72	88	72	72	89	85	79	86	81	81	77	73	86	87	90	71	79	79	87	75	81	74	88	87	89	88	85	83	83	81	73	82	81	82	81	87	72	72	25	74	71	84	81	70	88	71	71	86	72	77	72	72	88	74	82	88	82	89	72	79	85	77	88	79	77	81	84	70	72	88	82	75	79	88	70	86	77	85	27	78	87	86	78	89	71	84	15	78	82	75	87	76	78	73	88	87	19	75	81	81	78	73	83	90	71	71	73	76	73	74	84	74	71	82	75	25	74	76	78	71	78	76	73	82	75	73	75	78	80	82	76	80	87	84	79	77	28	85	79	83	89	73	73	80	77	23	79	77	81	75	70	83	79	85	79	77	78	25	84	79	79	77	72	79	76	90	75	86	78	71	72	72	85	81	78	82	85	77	77	84	88	85	72	90	71	70	83	89	90	74	82	79	75	87	82	80	82	28	85	82	89	72	71	88	79	72	20	77	75	77	85	73	89	83	89	74	80	23	81	74	76	73	71	73	77	85	88	90	22	85	85	74	81	87	85	73	73	79	79	89	90	71	75	90	87	22	17	81	72	87	86	71	75	77	72	80	73	72	74	86	87	74	87	82	80	70	86	75	89	85	74	74	71	72	80	83	16	86	79	74	87	73	74	88	73	87	81	70	89	85	84	19	75	88	89	83	77	85	90	83	71	75	85	72	77	71	82	73	88	83	90	77	74	87	80	75	74	80	77	84	78	79	71	82	73	82	74	86	88	81	79	86	85	80	73	88	79	76	74	89	89	80	90	90	25	73	87	72	80	87	82	88	88	79	76	72	77	73	23	26	83	19	76	80	23	71	79	85	89	85	78	78	78	74	84	83	75	80	77	75	84	88	73	75	82	86	87	76	79	90	85	84	79	77	88	75	84	77	80	80	82	76	87	81	85	74	72	84	88	81	74	82	84	75	85	80	82	78	79	89	86	22	74	82	86	79	85	75	77	89	88	84	82	79	83	87	89	87	80	76	74	84	77	76	80	88	74	84	90	71	71	88	86
86	75	82	73	89	86	86	84	85	72	73	87	87	24	74	82	74	82	82	88	84	76	70	79	89	81	81	85	83	85	79	70	79	84	83	90	87	76	75	19	79	84	27	79	81	80	82	80	81	73	83	88	88	73	88	78	82	77	82	85	80	77	85	76	89	74	82	88	79	84	83	86	74	89	85	79	83	78	74	25	71	87	85	72	83	82	83	80	72	80	74	80	81	74	80	76	77	83	89	84	81	81	77	89	76	81	89	87	71	83	76	72	79	70	88	77	83	72	85	75	79	72	75	84	84	77	88	87	84	73	84	20	84	79	79	71	79	88	80	89	78	77	80	79	79	88	75	86	71	85	74	81	75	84	73	85	71	85	73	71	83	73	83	26	82	74	78	85	76	70	85	86	84	80	86	81	80	81	25	76	73	82	79	87	82	79	88	78	89	75	71	71	84	84	75	84	79	70	89	90	75	76	84	79	80	70	75	81	86	23	90	78	84	87	78	80	76	81	79	81	73	75	77	71	84	80	74	77	82	18	87	80	75	84	90	85	76	81	85	75	83	76	76	78	83	21	90	77	71	79	83	84	90	85	77	22	88	87	87	84	79	87	72	75	78	80	83	89	82	80	83	83	87	70	81	89	75	76	81	22	74	86	83	82	84	73	82	90	76	87	83	22	70	72	77	78	70	85	70	82	73	74	89	27	79	78	79	81	89	85	75	74	76	80	72	74	76	87	84	76	80	72	73	89	85	22	81	77	77	74	89	88	76	81	87	86	88	77	86	80	76	85	80	74	77	17	70	86	81	80	80	80	88	82	76	75	70	71	76	72	87	86	78	86	72	85	80	78	90	78	72	85	79	84	81	81	89	71	73	71	80	83	72	83	81	82	80	77	85	75	79	80	83	73	74	77	70	86	83	70	88	84	86	77	84	80	75	74	82	83	88	72	88	78	86	82	74	78	26	77	86	77	75	81	77	88	85	70	85	79	74	74	78	86	74	85	70	76	85	87	74	80	77	85	85	74	81	74	86	73	77	72	81	84	85	82	24	87	87	88	87	76	74	71	83	73	86	73	81	84	71	80	26	78	72	72	76	88	73	79	73	79	78	87	87	81	86	71	85	84	89	79	80	84	80	82	82	78	89	77	25	90	85	89	26	85	77	72	83	19	82	73	88	86	85	88	78	82	80	89	72	72	76	80	17	78	71	87	88	72	79	88	89	75	85	82	77	88	87	76	16	89	73	81	17	78	80	88	77	74	70	87	81	78	88	82	83	72	79	80	79	79	70	85	79	90	71	85	71	80	80	82	77	74	73	70	22	79	77	70	83	82	77	83	90	84	75	79	80	88	89	84	88	72	90	73	85	90	76	72	82	80	21	80	76	83	79	84	88	76	79	86	84	73	74	78	82	80	72	81	18	84	71	82	75	70	77	78	72	89	80	73	83	85	80	84	75	72	87	72	78	89	28	74	77	78	87	78	76	75	75	80	80	81	81	77	83	79	73	73	78	86	81	70	86	71	78	89	83	76	79	73	74	77	76	85	75	81	77	72	86	83	18	77	81	76	73	82	86	76	74	79	82	20	25	79	71	74	78	84	88	27	83	75	76	70	74	86	88	78	75	88	21	90	71	75	70	90	78	83	86	72	22	25	80	81	83	80	80	76	71	77	90	78	86	84	71	89	73	84	77	76	84	86	83	85	81	71	72	89	86	72	20	73	78	86	85	82	76	86	76	88	85	84	80	76	76	87	77	80	71	73	85	73	89	83	78	72	73	85	80	75	79	85	85	87	85	79	71	78	74	74	73	80	87	70	83	70	78	89	82	85	79	88	79	75	88	20	85	80	74	73	83	83	89	79	78	77	71	90	27	72	74	73	81	79	72	74	87	82	77	76	84	19	86	87	21	73	85	72	77	80	85	83	77	71	78	77	88	84	80	72	79	82	79	21	81	87	89	71	71	84	89	76	76	79	83	87	85	85	87	83	80	77	80	74	86	80	88	76	87	72	84	87	19	25	86	73	81	72	72	81	88	88	85	77	89	74	81	90	77	74	89	81	78	72	75	89	78	87	81	80	79	75	86	80	82	87	74	80	79	72	87	81	77	87	81	86	72	70	77	83	73	89	80	25	22	87	71	73	89	84	72	73	77	82	86	80	73	83	75	73	82	20	71	87	84	83	79	82	89	79	88	83	80	86	85	78	78	88	87	72	87	85	73	81	73	87	85	83	87	80	81	82	87	85	17	74	71	82	79	74	76	80	82	71	81	73	82	23
82	86	90	89	71	90	71	73	86	85	88	71	85	82	73	89	82	81	77	78	81	83	80	79	73	86	75	76	73	81	80	82	81	78	19	86	80	84	81	79	72	87	88	88	75	74	87	84	84	89	83	74	88	73	83	77	77	29	89	71	74	74	81	77	89	77	88	71	89	86	81	88	75	85	81	79	75	86	74	89	76	87	89	87	81	78	84	74	70	75	80	83	85	85	76	80	88	72	77	83	74	81	86	75	88	79	70	75	86	74	75	84	74	88	78	86	78	81	72	76	82	72	83	86	72	77	81	19	76	77	76	21	78	70	78	76	73	72	75	74	78	73	73	79	80	87	83	85	82	72	75	71	85	22	75	81	74	78	89	76	84	77	80	85	84	90	90	76	85	79	88	85	89	87	90	76	87	72	88	81	72	81	80	80	81	85	83	86	77	84	87	86	87	85	78	88	74	75	83	80	83	70	77	86	78	75	87	75	20	79	81	74	75	17	73	77	90	85	75	85	89	90	86	82	89	87	20	78	85	78	22	87	86	78	85	75	85	72	72	75	80	85	79	85	88	81	76	85	72	81	76	87	76	71	79	78	88	84	76	90	72	72	73	73	73	75	86	86	89	22	21	85	79	26	76	22	79	82	81	75	79	72	82	82	79	76	77	87	85	86	86	71	89	88	76	70	86	83	73	80	88	80	77	80	75	77	77	72	89	71	85	21	76	83	72	82	71	85	89	76	87	71	78	89	83	89	89	90	70	89	85	81	84	74	80	90	87	89	24	76	74	74	90	87	81	84	82	82	89	84	82	89	72	79	87	77	89	82	80	83	87	80	86	81	89	82	84	73	72	72	73	73	85	76	73	84	90	82	86	79	72	80	85	78	75	79	74	87	75	73	20	85	73	84	71	73	87	88	89	77	72	75	72	78	88	70	90	88	72	73	83	76	79	83	75	74	72	76	74	71	75	90	72	80	75	77	83	88	72	90	84	87	73	85	82	74	82	78	82	83	78	78	73	82	85	79	70	78	80	88	80	73	76	75	88	86	79	82	82	74	78	79	71	72	78	78	87	88	75	86	81	79	71	90	71	87	78	89	80	77	85	82	81	81	85	86	72	76	87	72	75	25	76	72	88	88	71	83	24	75	77	86	74	87	83	74	84	72	82	82	87	71	86	71	80	72	77	83	80	79	82	73	82	75	81	74	23	72	87	84	74	87	85	89	83	90	78	79	74	89	87	73	73	72	81	24	80	72	70	72	71	83	83	86	90	74	85	71	81	75	89	76	77	82	83	81	80	80	76	77	87	71	75	24	72	75	74	70	73	86	81	24	71	83	90	81	73	17	80	83	80	85	79	81	83	75	80	81	83	74	87	82	79	74	87	83	79	79	87	84	90	76	75	72	78	87	87	83	71	84	77	73	87	86	86	84	86	79	75	87	87	86	85	77	70	78	83	76	70	85	71	88	78	75	77	89	78	79	84	71	88	76	72	87	89	76	82	80	83	71	78	78	83	76	86	70	81	72	82	80	75	76	76	81	74	77	80	70	88	88	81	85	72	83	75	83	81	76	82	89	85	89	79	76	78	85	82	75	80	87	83	85	89	74	74	78	76	19	85	82	74	74	80	18	83	79	25	75	81	76	86	78	70	88	83	85	78	79	24	71	82	82	78	79	80	81	74	83	83	85	77	89	84	75	83	86	84	88	72	87	87	87	87	71	79	82	83	79	78	71	76	82	80	85	86	87	76	86	90	88	82	73	78	79	75	72	84	19	77	77	89	74	81	75	76	82	85	87	80	81	76	82	87	75	79	86	72	83	88	77	87	74	87	90	79	78	80	90	85	74	74	83	81	82	81	87	72	86	88	85	75	79	79	80	75	71	84	74	73	85	80	82	78	71	80	16	82	71	70	70	17	84	81	81	81	73	89	70	80	74	79	78	71	84	71	87	78	89	71	73	84	71	79	74	82	86	20	24	89	88	70	73	26	78	76	87	70	88	83	89	89	75	84	72	84	76	78	78	84	82	70	87	25	86	86	79	89	83	87	78	72	81	75	81	74	81	72	79	76	74	71	88	80	78	79	83	23	75	70	70	87	72	85	76	88	79	22	77	90	90	76	77	89	71	27	79	83	87	71	72	71	70	84	78	84	79	76	75	83	84	80	73	76	75	89	76	82	87	73	88	90	84	73	72	88	79	86	85	70	79	89	75	84	79	83	84	88	88	79	84	82	73	81	89	77	71	78	83	86	71	89	81	82	87	81	87	75	82	78	73
75	72	88	73	72	77	80	28	79	87	86	81	89	89	80	80	85	80	90	77	76	77	79	78	87	84	86	88	81	83	85	83	73	70	80	83	75	90	71	79	80	21	72	89	71	76	80	79	87	75	88	82	75	80	81	73	90	87	83	85	89	82	86	78	86	89	78	73	89	85	82	89	80	83	88	79	71	83	82	84	89	88	89	75	86	81	82	71	86	83	88	85	70	87	85	75	82	78	71	21	78	89	73	77	74	72	85	77	84	80	74	71	76	86	82	80	79	80	83	90	83	71	82	78	84	83	86	89	81	74	85	75	76	86	75	75	78	75	78	85	87	81	84	85	72	86	18	84	86	74	89	86	72	82	85	78	85	73	26	84	75	83	85	86	79	82	81	71	78	73	87	72	84	75	83	89	86	74	78	80	80	83	73	81	80	83	72	75	75	85	85	81	83	85	85	80	76	25	82	84	83	74	81	77	75	18	85	74	75	75	75	21	81	70	75	82	88	83	82	85	80	71	72	88	81	89	70	22	74	84	76	84	88	86	71	85	82	71	70	87	82	81	81	79	83	78	83	84	86	84	74	71	85	81	77	84	82	81	86	84	79	73	78	85	77	88	78	81	88	84	86	77	75	26	82	77	90	77	78	87	82	26	87	78	71	78	85	84	88	88	84	75	74	86	87	75	88	88	73	90	74	86	71	75	78	74	85	85	83	85	76	81	73	71	86	75	84	76	82	26	79	82	81	18	72	86	87	71	82	89	90	83	87	81	79	71	83	82	85	75	85	72	87	74	80	85	74	90	82	89	82	81	77	82	78	74	85	86	78	79	78	73	70	75	81	85	76	83	75	78	26	86	71	17	86	75	75	75	70	79	74	89	87	86	73	72	72	85	87	86	74	88	85	87	77	81	26	72	73	84	76	76	81	21	82	73	75	80	76	88	25	76	73	87	76	72	19	71	81	79	84	80	23	74	81	82	19	17	82	70	88	80	85	78	90	83	88	81	23	88	84	77	73	77	86	75	77	73	70	83	82	73	79	86	81	21	71	82	72	80	86	88	80	88	71	87	82	86	81	72	80	82	77	75	73	73	83	80	72	83	89	72	79	78	81	83	81	88	71	88	77	86	89	81	73	87	78	73	87	73	79	70	85	71	71	85	72	80	86	76	74	84	22	16	72	82	82	85	78	79	76	79	78	83	80	21	90	90	83	87	70	77	87	79	77	72	90	87	76	89	73	86	79	84	75	71	72	81	76	77	76	83	89	71	90	85	76	89	76	81	85	84	87	89	81	80	81	70	74	89	76	77	87	83	21	84	74	89	80	81	75	77	25	75	85	89	82	75	77	89	71	87	82	74	80	76	76	79	78	86	80	84	77	71	27	88	71	85	78	86	75	88	79	83	77	74	85	77	85	70	83	85	75	79	74	71	70	83	75	76	83	83	72	83	86	76	80	83	19	90	80	77	79	90	82	76	87	84	86	88	72	74	85	80	84	85	81	79	79	89	89	85	85	86	84	88	86	85	81	75	79	85	83	78	85	84	76	88	88	71	75	83	79	75	79	77	77	87	82	80	71	71	78	85	75	73	85	86	75	86	87	26	82	84	88	80	79	88	75	77	82	80	87	72	79	77	80	82	87	73	71	75	71	87	85	23	75	75	79	89	89	88	75	87	81	82	76	78	23	82	81	83	83	89	74	86	72	79	71	75	87	82	90	81	76	75	77	76	85	77	88	72	88	86	78	78	80	23	84	82	79	74	84	82	72	74	83	81	84	73	90	80	71	75	75	77	75	77	85	80	76	76	78	86	90	82	75	73	79	80	82	74	87	86	78	73	84	79	84	25	73	79	78	71	71	80	87	74	90	72	77	70	79	82	22	73	80	71	72	73	23	73	83	72	79	70	83	77	85	76	18	70	78	86	80	73	78	85	80	87	82	79	90	79	81	81	89	23	72	72	86	74	90	87	87	84	86	85	88	76	88	85	81	89	81	86	88	76	87	82	74	85	83	75	83	77	86	76	71	90	89	77	73	89	83	74	26	70	86	76	83	76	88	71	85	70	70	81	18	80	74	74	85	77	70	89	79	82	80	83	79	24	77	72	73	86	77	85	79	77	78	75	85	90	88	79	88	84	82	86	78	80	73	87	76	87	73	75	88	77	70	72	20	84	86	83	80	77	80	88	71	89	73	79	73	75	78	24	87	87	84	81	84	88	82	74	76	85	86	85	78	85	82	25	74	88	81	76	76	89	82	86	84	80	85	74	90	78	72	87
75	71	83	73	71	76	75	81	75	72	72	76	86	75	72	81	87	87	85	80	75	88	75	71	77	80	77	79	89	79	78	84	89	81	72	76	77	82	75	73	73	83	89	85	79	85	86	80	82	84	87	71	84	80	76	77	86	25	77	79	75	80	76	77	84	83	80	84	82	88	77	87	88	71	87	86	81	85	73	73	82	88	86	75	74	80	83	87	72	80	78	71	82	86	74	73	77	88	72	90	76	72	83	71	73	82	80	72	74	86	72	79	78	84	90	71	81	70	86	86	81	89	77	79	84	21	81	79	88	72	80	87	79	86	87	80	79	77	87	88	75	71	79	81	71	73	84	75	85	71	84	82	85	80	83	77	74	81	77	75	74	23	77	75	84	70	76	81	87	86	76	87	79	83	75	78	73	77	72	84	81	81	72	70	77	80	83	89	80	73	18	76	86	85	84	75	78	78	84	82	88	80	81	90	71	87	77	71	90	70	74	75	88	73	71	89	75	79	89	82	78	86	85	78	80	78	83	76	81	71	73	87	76	79	72	79	76	84	75	83	70	82	79	77	80	87	77	75	70	87	26	18	80	88	81	77	82	74	75	78	76	81	87	73	74	89	83	80	79	82	75	71	88	74	78	88	80	80	86	72	86	74	84	82	75	87	82	80	72	77	79	88	77	75	78	83	76	82	87	78	80	79	75	85	86	71	89	76	76	74	72	72	74	87	83	86	84	71	76	85	18	71	76	85	78	89	83	87	86	81	86	85	75	78	75	83	75	84	85	78	76	70	74	88	83	73	79	81	79	78	70	77	86	89	72	71	72	80	82	72	86	70	89	75	84	73	74	86	88	89	85	86	81	87	79	76	74	80	25	70	72	80	81	89	82	79	22	75	74	90	85	83	88	84	86	87	80	82	78	83	77	77	85	78	78	79	86	83	77	20	72	88	78	71	78	84	87	77	77	85	75	20	86	74	83	84	75	71	71	75	83	80	79	86	25	75	80	78	82	74	83	73	79	78	77	86	88	79	24	83	87	80	90	76	89	83	84	81	74	83	75	88	72	76	83	73	75	89	77	78	82	78	74	76	86	86	83	87	80	87	84	23	76	79	16	86	89	72	77	81	89	71	88	89	86	72	79	85	71	80	90	84	77	80	78	83	72	70	74	78	84	88	80	71	75	80	19	79	81	84	86	86	75	78	86	83	88	82	81	86	21	84	82	75	75	75	77	84	83	73	84	87	84	18	87	89	80	72	81	73	78	84	88	86	71	77	80	77	78	71	80	83	22	71	80	76	86	81	80	72	89	89	88	84	80	81	87	21	89	87	75	70	73	77	87	86	73	78	77	85	77	79	86	83	87	81	71	74	87	81	76	75	75	81	74	27	87	83	89	88	86	74	73	78	79	75	80	78	80	83	90	87	88	81	70	86	83	85	85	73	71	87	89	73	77	73	75	88	77	74	85	75	80	80	87	80	82	81	86	76	73	81	76	76	78	81	19	72	74	79	87	79	81	76	80	88	74	73	86	74	72	75	78	73	73	86	77	84	76	73	79	76	86	83	81	73	82	75	72	89	73	76	89	86	88	75	86	87	70	85	79	71	81	79	81	76	86	82	83	76	88	80	70	78	27	75	73	78	88	84	78	89	75	85	78	76	81	80	80	84	71	74	87	81	86	72	81	86	87	78	89	75	87	75	77	75	74	89	71	71	85	81	77	82	85	79	78	77	90	88	86	82	81	88	86	75	81	81	83	82	90	88	73	71	71	86	90	71	24	89	24	81	22	75	82	75	79	71	86	76	82	89	70	85	86	90	71	71	83	86	83	78	87	81	77	79	85	90	77	70	78	75	84	87	75	71	87	81	86	75	90	81	89	83	80	85	75	87	82	72	72	84	83	83	80	79	89	72	73	72	71	85	85	87	84	73	85	85	86	78	89	81	70	71	85	79	79	75	80	76	84	83	89	80	78	72	84	86	83	81	77	80	74	74	83	86	88	76	73	83	72	82	71	75	88	78	85	80	75	78	79	81	82	75	87	71	77	77	86	76	76	89	78	81	86	89	90	80	78	73	81	83	26	86	22	87	72	89	78	89	87	81	70	74	81	79	89	87	80	74	79	86	83	83	79	85	75	86	80	82	84	83	78	73	70	86	76	72	83	77	85	88	88	86	82	90	82	72	81	78	75	85	74	72	87	86	22	77	79	80	72	82	89	80	73	73	83	88	76	85	88	73	90	87	79	88	82	72	26	78	76	72	84	84	80	80	87	71	81	77
78	82	77	89	74	76	87	82	75	87	85	74	85	77	87	84	79	77	88	27	82	26	75	79	90	70	70	77	87	90	83	90	86	74	77	79	71	86	77	90	78	79	74	71	76	83	88	80	72	89	89	86	83	18	86	71	77	86	76	85	79	88	82	83	77	86	80	88	74	80	77	72	87	80	76	76	79	84	71	73	81	72	74	88	82	72	84	75	88	75	83	78	73	84	90	88	89	83	72	88	82	71	75	76	84	77	88	86	88	71	80	71	89	82	80	72	85	76	18	88	77	73	78	87	79	88	22	83	75	72	83	88	81	73	86	87	76	86	88	23	74	77	81	24	80	82	89	84	77	86	71	87	86	78	82	88	83	83	77	78	87	88	87	71	83	76	89	87	81	80	78	74	76	82	71	70	84	81	79	80	88	86	89	87	84	87	75	79	71	74	89	90	79	71	75	19	89	71	78	89	82	72	22	82	81	79	73	79	84	76	74	82	74	82	82	79	78	86	71	86	77	88	79	90	80	86	19	89	75	85	82	85	70	85	89	77	80	80	88	71	87	83	86	88	84	79	89	21	81	83	75	71	88	89	80	77	74	79	87	86	85	71	83	73	84	88	75	83	72	73	85	76	87	87	86	78	73	80	73	74	86	83	78	84	82	77	90	72	83	78	84	83	74	90	85	83	73	77	70	74	70	85	90	77	84	75	82	85	76	88	88	80	75	80	80	23	88	84	84	86	79	86	82	71	80	87	85	71	79	82	17	85	89	74	71	80	86	71	89	71	75	76	80	75	89	73	84	87	81	84	84	86	85	77	80	72	75	73	80	70	87	89	74	74	74	70	89	84	77	77	84	74	78	18	82	84	22	86	85	88	87	89	86	81	83	80	89	74	88	24	77	90	74	84	83	83	74	86	72	85	74	87	72	79	21	73	73	89	72	85	86	83	86	71	89	84	16	74	80	80	72	79	77	22	86	78	82	75	71	83	87	78	71	79	78	75	85	75	84	73	78	83	86	82	82	74	74	79	84	86	83	75	76	86	89	83	71	82	80	19	75	88	74	77	85	78	20	86	79	82	71	86	75	83	72	85	74	83	76	76	76	88	79	90	81	73	74	78	76	70	84	84	84	71	76	83	72	83	86	86	72	87	22	85	73	80	79	78	86	77	81	76	87	79	78	90	85	81	72	81	75	73	77	87	78	80	74	86	72	88	23	82	89	77	72	90	88	72	72	73	79	75	83	72	81	77	78	86	77	20	81	77	89	85	79	79	70	89	76	82	77	88	83	85	23	72	72	90	89	87	79	82	75	81	89	85	88	82	81	73	80	80	78	89	72	81	78	76	77	82	79	73	77	87	75	82	81	86	78	78	83	87	80	74	78	84	87	76	80	88	88	83	76	84	72	76	75	77	72	84	85	87	79	76	72	82	74	78	78	86	80	86	75	74	73	83	74	81	89	77	76	87	73	84	88	88	77	75	72	81	83	73	88	73	79	84	74	75	87	82	76	89	76	70	74	76	75	83	89	77	81	90	71	73	84	84	78	71	75	83	24	89	71	79	77	71	72	87	83	85	78	84	81	72	79	77	78	78	75	85	71	87	89	88	88	87	74	82	86	75	75	88	89	81	72	89	77	79	24	87	79	76	82	83	84	81	78	85	88	83	86	88	78	73	80	80	74	71	72	75	78	80	76	74	89	76	74	88	76	83	77	85	77	23	85	71	80	70	85	72	71	70	83	84	74	89	70	83	87	82	89	89	86	86	86	84	76	76	72	71	72	76	85	88	79	22	81	83	85	84	86	88	85	88	80	80	85	78	78	83	71	72	71	83	80	75	89	81	78	76	87	74	72	70	86	87	80	81	77	74	90	81	83	81	86	77	80	76	76	72	80	82	81	82	73	84	78	86	84	83	89	88	87	80	81	77	75	75	88	86	88	79	79	87	89	73	71	83	85	78	79	81	77	83	73	20	74	90	21	84	82	81	89	76	72	81	80	78	71	74	86	76	75	78	85	76	85	86	81	80	79	86	88	76	78	87	25	85	86	71	81	74	73	82	82	87	81	71	86	86	76	77	79	73	77	77	83	83	85	76	86	75	88	82	26	73	79	82	79	81	22	78	70	76	26	83	86	83	70	83	74	21	74	82	83	75	83	82	89	82	89	77	85	88	73	72	89	84	70	73	73	88	76	75	79	23	80	83	88	84	82	74	87	89	71	82	76	79	77	80	83	87	83	82	84	85	82	71	82	80	85	71	85	24	81	84	88	81	76	71
71	75	24	71	27	71	74	70	84	83	78	88	79	76	70	76	83	88	86	71	89	80	79	84	81	86	76	75	72	78	17	88	74	74	81	72	80	89	86	90	84	77	86	79	85	84	90	89	78	81	87	73	77	84	88	89	86	86	82	22	81	74	15	81	80	20	88	84	81	76	75	19	78	81	84	74	77	71	90	80	72	83	71	89	88	83	78	86	81	85	76	85	86	80	80	73	75	83	83	76	78	79	79	79	78	83	88	73	73	75	80	84	80	89	82	84	87	73	81	78	73	75	80	75	89	86	71	75	84	89	74	80	77	89	89	73	75	84	79	72	71	76	80	75	70	89	87	71	83	83	71	81	77	71	73	79	88	83	71	73	71	74	73	24	71	83	84	70	72	86	85	87	80	83	90	89	74	78	78	75	77	71	88	73	82	85	83	83	71	89	85	24	75	85	73	78	83	87	74	79	83	78	77	90	23	74	70	75	75	81	80	20	80	86	72	78	76	81	86	84	73	72	29	83	74	82	83	76	77	71	73	80	85	87	82	71	78	75	84	86	76	85	71	80	78	89	77	80	71	81	86	87	86	76	74	71	70	84	88	83	81	90	77	90	79	71	82	79	80	74	80	86	25	84	79	72	84	74	79	87	87	88	76	87	77	79	74	78	83	27	86	23	88	70	79	86	73	72	80	74	72	83	77	81	74	79	89	82	90	75	24	83	76	88	86	82	87	88	71	86	89	87	79	89	84	78	86	71	77	84	90	80	90	79	72	73	70	85	72	76	83	84	90	72	71	79	79	81	72	81	83	85	76	78	71	77	84	89	71	81	89	72	74	89	81	86	82	74	81	78	80	21	71	84	71	80	73	75	75	90	88	77	71	70	72	79	84	85	81	74	74	76	27	84	87	74	77	89	71	86	81	88	26	80	87	17	71	72	77	86	89	75	89	83	73	90	89	75	71	81	72	71	83	88	75	87	88	78	81	78	77	81	82	74	86	73	85	85	89	81	73	78	88	73	71	84	74	80	73	87	87	82	79	83	79	86	70	79	89	88	74	24	25	89	85	74	71	71	88	77	74	71	89	74	74	85	85	24	70	86	75	80	81	77	71	72	81	73	85	81	75	89	89	78	72	75	74	86	86	72	80	86	75	71	88	78	82	80	74	82	71	71	72	85	85	75	76	74	88	81	74	78	88	90	86	89	88	82	87	89	77	84	90	86	76	83	80	78	82	70	79	71	84	72	77	79	76	71	71	86	81	79	76	26	74	76	79	76	88	87	79	19	90	80	84	84	84	82	75	76	77	82	89	70	80	75	87	77	71	74	88	86	87	73	76	75	80	84	73	82	81	78	86	85	88	77	23	81	82	88	81	77	84	72	88	83	82	84	70	18	80	26	76	82	74	85	71	72	88	88	79	86	87	78	74	83	85	72	71	71	84	85	74	81	87	80	86	90	90	75	76	75	87	77	77	78	71	75	70	89	72	87	84	75	72	73	77	84	79	78	73	84	88	72	74	77	83	73	75	73	77	72	88	80	82	88	83	74	74	89	84	75	87	86	74	90	21	72	76	79	76	73	87	79	89	82	73	71	73	75	72	80	78	74	89	87	88	83	72	77	74	78	71	86	76	74	70	86	88	88	74	78	88	85	89	87	86	84	88	83	83	25	70	87	76	78	76	82	79	86	82	83	78	84	79	75	86	73	87	80	73	90	84	89	85	80	90	72	85	20	88	89	85	86	90	73	77	71	77	24	88	80	85	80	85	89	78	73	88	22	79	87	87	73	89	86	88	89	81	77	73	73	85	78	75	80	20	81	79	77	87	83	82	88	80	82	23	87	71	89	89	80	74	82	79	81	77	71	80	83	79	79	81	83	84	79	81	82	78	88	77	78	79	83	87	90	84	76	79	76	90	70	89	81	80	87	75	17	22	85	88	79	71	70	82	74	88	82	87	79	74	88	84	18	74	71	70	71	71	83	74	84	75	72	85	81	75	76	74	87	87	79	83	74	78	89	22	81	82	82	89	85	71	82	89	73	84	76	80	77	72	73	82	77	72	78	26	90	83	88	84	86	86	82	73	77	78	22	82	87	89	77	86	74	74	81	78	79	81	85	71	75	78	82	79	90	88	79	71	86	87	77	73	72	71	73	71	75	79	83	77	83	75	82	81	90	16	72	73	88	75	87	78	90	73	86	82	84	71	72	89	89	80	88	20	22	83	77	24	77	78	89	72	86	86	76	85	79	87	72	82	75	77	76	81	89	75	80	82	89
87	80	72	77	80	88	87	27	75	81	79	87	87	85	86	78	83	79	71	72	86	79	85	82	79	77	71	72	71	84	71	72	88	82	86	71	82	81	76	77	87	70	86	85	81	76	73	76	84	72	88	87	80	88	21	78	86	77	81	81	71	81	71	81	89	73	85	77	74	74	75	74	75	87	78	82	83	78	75	86	73	74	70	85	83	80	88	73	82	76	79	77	82	82	79	84	73	84	88	84	80	82	76	79	85	84	89	86	85	82	87	72	82	23	23	74	89	84	70	89	76	73	70	70	24	81	77	76	23	74	80	77	80	84	71	84	77	76	85	80	76	85	80	74	88	72	80	83	77	27	78	86	75	84	71	73	85	72	89	87	90	80	83	71	88	78	90	18	86	78	88	18	71	82	87	89	73	81	74	75	82	77	79	74	86	84	87	79	76	81	84	83	72	76	89	73	73	78	78	82	86	77	90	83	71	75	71	88	89	82	85	76	88	88	90	72	82	88	87	73	70	75	75	24	18	88	80	81	87	76	78	74	71	77	78	84	75	81	77	25	81	75	83	88	85	71	77	85	72	84	86	90	74	77	85	90	89	20	86	73	89	83	84	84	77	78	77	87	73	80	86	84	85	88	89	85	80	76	89	77	88	90	75	81	72	89	77	71	87	83	80	84	86	78	87	78	79	89	89	87	80	89	90	75	71	88	87	77	80	86	72	73	70	71	74	89	87	75	72	87	76	83	72	81	84	80	90	18	89	89	90	78	71	70	75	71	87	89	73	82	19	76	77	83	80	82	18	86	73	77	82	77	76	75	84	77	87	73	82	75	75	70	84	75	90	75	89	81	84	89	71	78	86	84	79	82	86	89	87	74	80	87	87	85	77	86	84	78	77	79	82	79	71	78	73	76	82	83	28	83	75	74	87	20	72	73	74	72	87	81	85	75	81	84	74	84	80	76	80	89	82	79	84	71	72	76	71	79	89	79	89	88	78	70	80	78	84	90	80	25	87	87	87	82	79	85	72	89	76	84	87	74	73	71	87	77	78	73	72	18	74	80	81	81	76	79	84	81	88	87	71	85	78	75	84	72	84	82	89	84	90	87	22	82	82	83	74	25	83	82	83	77	76	78	81	83	71	73	86	73	81	75	89	27	80	82	71	73	75	76	84	80	89	79	89	72	73	82	89	76	84	80	82	85	89	88	78	26	76	75	90	72	76	87	72	83	24	77	75	80	73	74	80	73	80	80	71	89	83	83	79	86	84	72	75	90	80	83	81	79	84	78	74	73	86	77	72	26	83	74	74	87	78	71	82	87	75	81	86	74	71	79	90	87	89	80	25	80	89	73	89	84	80	83	89	84	78	71	89	82	77	86	82	90	87	83	89	89	84	72	89	71	86	77	77	89	80	77	79	77	82	81	88	74	77	79	81	82	76	85	77	85	74	84	85	19	88	76	71	70	90	80	82	88	84	77	77	80	77	82	84	73	75	78	77	84	87	81	90	88	84	73	76	79	84	71	87	80	87	71	74	87	83	79	83	89	22	80	75	75	83	88	85	82	72	74	72	81	82	87	73	88	85	86	27	78	86	71	82	71	72	88	81	71	70	71	83	83	89	73	80	89	82	71	77	82	76	71	84	89	88	87	73	76	73	71	83	83	84	89	70	82	82	89	86	87	81	85	87	83	70	79	84	77	75	76	76	81	79	75	85	83	85	85	77	74	78	89	88	86	81	81	87	76	78	84	80	79	86	83	77	87	70	78	75	76	89	85	84	72	82	78	77	79	80	79	71	76	76	72	82	82	71	85	85	20	72	78	79	89	83	77	89	88	89	70	74	86	85	71	78	75	22	72	74	79	78	21	90	88	82	85	71	87	87	73	87	81	80	79	86	83	76	89	81	83	71	77	73	90	80	79	81	84	76	75	89	71	74	85	76	78	75	22	87	78	89	85	76	89	73	78	78	71	83	77	83	74	81	71	74	80	74	73	78	71	86	75	83	79	70	79	80	74	82	88	80	71	79	76	88	75	80	71	76	82	71	83	83	73	17	82	75	78	73	78	81	77	81	77	88	87	71	88	86	70	88	78	81	71	73	87	82	79	76	23	81	76	84	71	83	79	79	85	73	73	78	75	88	79	90	71	82	85	78	23	85	89	78	75	88	89	89	86	77	84	18	82	75	81	86	80	22	28	86	87	82	83	83	83	80	72	87	85	87	79	71	71	79	76	78	23	79	88	78	73	82	74	70	83	74	78	72	86	71	87	25	78	82	75
87	74	87	85	73	79	85	81	73	84	81	79	90	71	73	86	77	76	71	84	88	90	74	84	86	86	78	21	88	88	83	83	85	85	88	20	84	71	78	77	76	90	76	72	77	82	76	77	74	73	83	83	78	83	81	84	15	79	88	23	80	83	70	71	85	72	83	70	78	78	88	82	72	24	73	75	86	72	82	82	78	85	81	78	78	75	78	87	85	83	81	85	79	71	73	75	80	84	88	74	89	80	82	85	80	74	72	82	89	72	74	82	76	86	87	83	86	86	86	89	72	78	82	83	87	83	83	84	73	81	80	73	87	89	87	74	84	75	84	82	75	71	89	83	16	79	76	81	84	73	77	87	80	77	73	72	87	85	71	86	84	87	72	79	87	83	81	75	90	72	90	82	85	81	72	75	80	81	83	74	81	71	70	77	85	88	75	79	83	84	79	79	80	76	81	88	84	85	74	88	73	86	85	88	71	73	75	77	79	86	79	78	85	79	76	88	80	76	70	81	84	87	78	71	75	79	70	79	84	77	85	80	82	74	74	85	76	81	81	75	86	86	72	79	82	80	74	87	78	83	82	81	81	71	71	79	73	74	80	78	72	70	87	82	83	72	77	79	89	86	81	74	89	84	86	82	79	86	79	76	78	76	83	87	24	78	90	80	83	89	72	81	76	84	78	72	89	71	85	74	81	81	85	77	79	86	88	87	85	83	73	79	72	80	79	77	24	87	82	81	70	85	77	72	77	74	86	83	71	80	89	72	72	86	82	72	78	84	75	76	72	90	71	71	86	87	71	86	81	83	82	79	88	75	76	72	83	86	77	74	84	71	82	83	88	84	81	85	81	79	79	76	73	76	70	76	75	24	75	89	73	84	85	78	84	85	85	75	70	88	79	76	90	86	73	78	89	89	78	78	89	83	76	76	88	82	75	85	72	73	81	19	72	76	81	89	81	85	22	84	83	89	85	74	70	90	75	87	73	83	83	85	87	73	86	84	78	87	86	86	87	90	87	79	73	85	83	80	88	76	88	77	74	22	85	81	82	82	74	79	80	76	87	73	75	84	82	73	71	85	24	71	25	73	87	88	86	90	79	70	72	84	86	74	86	74	78	22	78	90	82	81	79	87	22	80	85	78	85	73	77	82	84	89	72	89	71	88	83	72	75	79	84	83	83	86	84	84	83	73	89	75	86	74	72	74	88	83	77	84	77	73	79	75	88	78	84	70	79	88	76	25	84	80	80	79	78	72	79	86	23	77	82	83	87	86	90	81	75	21	72	90	73	88	79	78	73	85	74	86	83	76	85	89	78	83	84	73	74	86	85	84	72	89	84	74	89	79	78	75	76	75	71	76	83	81	73	71	72	72	75	25	74	78	83	82	86	76	25	71	74	76	73	76	83	84	81	84	70	81	81	77	74	71	89	76	83	71	86	77	89	75	72	72	89	84	80	79	89	71	88	76	76	82	86	89	80	70	75	83	78	78	74	83	74	24	78	84	76	87	87	86	87	78	80	73	24	81	78	72	87	85	77	85	86	87	83	73	88	81	76	75	71	75	89	80	82	80	84	79	83	80	83	78	78	78	26	78	74	75	86	79	76	79	73	78	71	87	87	71	86	81	85	84	86	82	79	82	78	87	72	81	80	74	81	77	76	87	84	72	70	79	74	70	80	74	72	88	81	71	82	89	79	76	71	87	76	78	82	79	84	80	79	81	75	73	81	90	17	72	88	73	77	77	78	81	88	82	78	84	85	81	87	87	84	73	88	80	78	70	81	90	88	82	76	71	77	81	79	83	83	75	82	71	71	82	76	90	70	89	70	72	75	76	71	89	82	77	87	74	74	73	78	82	85	85	82	76	82	74	87	74	84	76	84	71	89	79	73	82	77	84	71	73	84	19	81	88	74	83	82	82	89	81	89	71	89	75	81	84	88	77	88	71	83	20	80	79	80	76	84	74	88	80	71	81	75	74	21	79	80	87	76	77	88	74	88	74	72	87	77	75	81	78	75	76	74	83	83	77	81	73	77	71	80	84	73	75	73	81	75	82	78	85	23	71	71	77	85	80	85	77	75	88	87	72	73	84	82	72	71	89	85	77	85	77	88	81	79	74	83	71	72	73	77	75	20	76	75	88	81	80	77	79	82	84	82	72	84	76	82	89	88	70	81	83	73	86	73	78	89	79	88	88	75	76	79	85	84	83	84	78	71	88	82	70	73	78	83	87	84	84	22	80	72	85	73	84	79	77	83	85	87	90	89	71	89	81	79	83
73	89	85	88	82	79	75	89	76	83	76	89	71	83	85	87	78	90	87	73	84	84	88	75	79	28	81	75	83	86	82	86	81	88	84	87	82	71	73	90	77	77	73	84	77	84	76	76	86	21	78	23	72	71	77	76	17	79	75	89	78	71	71	72	72	77	87	86	88	77	87	81	87	84	70	72	73	77	78	79	89	90	90	80	74	74	20	85	77	72	84	90	89	84	72	78	79	81	70	82	88	77	70	79	79	77	82	75	79	82	80	79	79	84	87	73	74	84	83	76	22	78	87	23	78	84	76	84	88	75	74	71	74	90	77	89	73	76	81	88	85	75	74	73	79	74	78	89	75	78	88	88	86	76	90	90	86	80	86	86	80	25	89	77	86	85	70	83	76	89	87	72	83	81	88	71	73	72	71	75	79	82	89	72	85	86	76	89	87	73	72	72	76	73	76	88	83	84	71	82	77	88	79	89	86	80	74	83	87	84	81	73	89	74	77	84	77	88	82	78	88	80	82	87	80	86	76	89	80	76	82	72	79	85	83	83	76	90	89	83	77	71	80	81	87	85	78	88	80	81	85	72	89	83	88	88	80	23	86	71	85	86	87	81	71	77	71	78	87	73	85	71	78	85	83	86	85	88	90	86	85	88	84	80	87	82	77	73	84	83	87	79	24	72	73	82	88	81	81	78	74	86	74	89	81	87	71	71	89	80	85	82	86	86	21	70	73	88	89	77	74	74	83	86	80	89	82	71	70	79	87	84	89	85	82	78	82	75	86	74	76	22	70	79	88	85	75	82	77	80	88	78	82	87	72	73	73	90	78	22	84	84	79	83	88	71	76	70	71	85	77	76	77	88	75	84	80	79	76	85	76	82	85	77	87	72	72	85	71	73	74	84	78	74	76	86	87	70	70	77	88	85	84	83	84	85	89	89	76	80	81	75	78	76	72	80	71	79	86	28	19	86	78	80	72	86	75	82	75	89	80	78	81	71	84	80	80	88	78	71	21	81	76	24	87	83	78	86	84	77	80	73	77	81	72	81	81	70	72	88	85	89	76	80	89	71	84	71	83	84	82	79	72	85	72	71	82	73	86	21	86	71	85	84	76	89	89	80	70	72	87	73	78	89	73	84	85	83	74	87	85	73	73	72	86	19	74	75	89	89	89	71	74	83	78	86	71	86	72	73	82	83	74	77	88	82	87	79	72	88	90	84	76	75	87	70	76	83	74	80	90	70	88	81	71	89	75	89	79	85	84	83	81	74	79	76	74	84	80	89	89	81	81	88	86	70	74	71	78	89	15	73	76	76	89	72	78	87	89	78	85	87	70	24	24	86	74	78	83	84	84	75	75	81	74	87	88	78	83	73	86	85	71	88	74	71	87	77	88	70	76	82	88	77	83	85	83	80	76	85	85	73	90	77	81	73	24	71	22	79	84	82	72	73	76	88	74	82	75	27	78	88	88	85	77	70	23	75	89	75	87	89	72	89	79	74	80	78	89	85	75	71	85	89	72	75	88	75	76	82	74	79	89	84	89	70	78	79	72	72	88	72	87	83	84	86	71	72	85	78	81	73	79	82	78	81	70	88	89	88	74	73	77	82	73	80	81	77	74	75	18	82	74	89	87	85	80	17	83	71	21	81	85	75	74	70	72	76	81	85	75	87	88	85	73	87	73	82	77	22	74	79	85	87	75	77	85	73	86	77	83	72	80	72	79	89	83	72	73	90	74	80	79	89	85	81	78	75	25	20	89	89	84	86	75	79	72	86	85	87	82	86	89	79	83	79	87	84	74	79	85	72	75	76	84	74	81	75	74	78	82	80	86	86	88	73	90	86	75	72	78	85	84	21	79	81	26	70	71	77	85	82	90	74	77	27	88	83	89	79	77	75	83	83	75	88	80	88	76	85	71	89	82	71	85	76	85	81	78	87	89	86	79	78	71	75	89	73	82	74	86	89	78	87	76	78	70	81	85	73	82	21	80	72	73	72	77	24	70	85	88	75	82	77	89	86	87	81	75	73	89	87	86	76	86	78	72	70	84	86	71	77	77	76	84	73	87	77	76	89	81	81	83	89	78	77	86	80	78	76	82	85	18	71	78	80	87	71	74	70	79	89	73	72	79	85	88	71	81	83	71	77	77	74	72	86	71	71	79	76	71	86	76	80	84	89	80	87	80	80	72	85	72	87	90	83	85	71	87	87	80	82	76	86	20	71	71	82	88	74	81	84	84	87	78	88	84	79	89	79	81	87	83	85	74	75	82	77	84	76
80	84	76	89	75	90	71	78	70	79	80	76	78	73	77	78	87	86	81	88	79	89	81	78	83	72	86	71	78	82	78	89	71	19	86	88	87	85	79	74	83	77	77	74	74	80	89	77	88	84	76	78	76	88	81	71	77	83	74	82	90	72	75	88	87	84	89	82	80	85	82	71	84	73	73	85	78	82	80	74	80	85	70	77	88	84	82	90	79	86	82	82	73	20	76	78	72	74	82	80	87	89	86	88	81	83	86	80	70	90	72	74	87	83	78	89	70	90	87	89	80	78	83	81	74	82	85	76	89	86	90	74	78	86	82	88	86	25	70	86	77	81	77	73	71	76	76	74	80	79	78	75	21	71	82	83	81	87	81	83	83	84	72	86	77	88	89	75	80	85	83	85	87	89	74	81	78	74	87	83	74	71	71	87	73	83	78	77	88	73	75	79	78	71	78	86	84	76	88	77	83	70	88	80	86	90	89	81	71	80	24	89	22	83	83	83	71	84	73	86	90	76	80	24	71	70	81	71	79	79	79	72	85	89	89	70	27	89	75	85	81	80	82	84	77	79	87	80	80	86	70	73	80	89	88	81	86	72	74	88	81	71	79	77	83	90	86	71	24	83	72	89	90	80	89	81	81	84	79	86	74	85	89	76	70	73	79	80	87	25	70	77	74	84	83	81	22	85	83	82	74	75	20	73	75	88	80	75	90	20	73	83	78	76	83	85	77	87	79	85	71	71	74	82	84	80	73	83	88	81	80	88	82	77	87	70	83	85	85	73	86	71	83	79	74	80	74	26	89	78	20	24	87	27	73	84	72	71	79	78	71	75	85	79	81	82	85	72	23	70	87	89	85	70	81	78	81	86	71	88	85	74	22	78	86	89	86	84	82	70	76	20	87	88	88	81	78	75	88	25	85	78	83	71	71	70	77	75	82	79	80	90	75	79	84	77	88	81	75	90	82	83	70	88	79	84	82	85	79	89	78	75	75	77	73	83	78	76	89	79	75	88	87	76	72	73	74	73	83	25	87	85	78	88	79	73	73	76	88	81	90	72	84	71	81	23	73	80	78	89	83	86	82	82	77	75	85	72	86	20	89	87	81	20	85	88	77	73	90	79	89	85	72	76	71	72	85	82	74	70	73	82	75	77	87	89	81	83	86	72	78	72	85	88	81	89	74	72	73	76	90	88	76	80	83	84	72	73	70	83	77	73	76	80	71	72	74	81	89	82	80	71	89	89	83	81	71	71	75	86	84	87	70	89	75	77	78	77	84	80	84	90	76	22	79	86	80	84	77	80	83	82	85	78	72	77	89	90	77	89	87	82	84	86	80	82	78	82	79	83	72	73	75	73	88	80	72	76	76	78	77	75	87	90	75	74	81	78	82	72	18	84	29	71	71	85	79	75	88	72	76	85	76	85	84	81	90	88	83	72	80	89	81	85	86	78	83	86	83	90	76	72	72	80	82	74	83	75	88	71	82	84	73	21	85	81	72	83	71	80	80	74	90	75	86	70	78	78	83	86	83	75	73	89	71	83	85	75	73	79	77	86	79	83	78	75	71	82	80	84	74	75	89	87	82	75	87	87	72	86	76	84	82	79	77	20	25	87	81	83	88	78	88	80	84	76	80	90	82	72	89	71	81	71	83	88	79	84	80	83	88	88	81	87	75	20	77	74	89	71	83	78	22	85	88	89	78	71	80	84	80	74	78	70	83	87	78	81	74	76	77	79	79	90	72	89	72	89	72	70	70	80	78	74	86	86	81	81	80	79	86	88	88	83	73	74	77	20	86	74	75	71	75	79	83	77	83	76	78	21	75	79	86	73	21	88	87	78	24	73	86	73	87	88	78	88	80	74	89	88	73	77	76	74	83	83	20	79	72	88	72	79	70	78	86	70	87	75	76	89	74	86	80	87	75	73	83	84	87	70	89	90	71	20	76	80	83	86	81	72	75	84	73	73	79	89	77	74	80	77	77	86	83	88	81	70	85	82	79	88	85	82	84	85	84	74	75	76	89	78	71	84	82	82	88	84	84	87	70	86	71	83	76	78	73	79	72	81	85	80	85	88	77	89	77	73	78	72	72	90	87	78	88	82	73	79	85	84	83	73	81	84	74	26	86	80	84	90	80	87	87	74	78	72	18	72	76	86	76	89	24	85	73	77	78	84	79	76	82	76	80	84	78	77	79	70	74	71	85	83	71	28	85	81	76	89	81	77	83	85	85	74	78	74	71	84	70	82	72	74	77	84	80	75	73	76	88	82	73	87
72	79	80	86	83	23	79	75	70	87	71	85	87	73	89	21	75	77	73	74	83	85	72	86	82	84	23	90	88	73	81	84	17	72	71	85	70	80	71	86	22	80	88	80	79	76	85	79	72	84	71	79	74	77	89	84	81	84	88	90	87	81	73	73	23	87	79	76	82	78	72	89	78	86	76	84	90	81	75	83	81	77	80	84	77	88	88	74	80	87	85	71	82	85	88	79	73	79	84	85	86	21	82	88	74	71	80	82	77	72	72	79	74	90	75	85	88	82	71	83	73	85	86	75	73	81	80	71	88	82	73	83	82	70	87	73	85	82	85	90	82	17	75	84	78	75	80	27	89	88	88	76	86	86	87	87	87	76	86	76	76	82	79	89	79	74	83	82	71	71	83	82	72	86	78	83	77	89	77	78	78	83	74	87	71	77	84	89	86	81	81	76	76	72	87	85	86	84	73	71	73	88	83	87	90	89	90	78	87	78	73	83	75	81	21	88	78	72	78	88	75	89	73	73	85	90	72	73	85	75	80	72	86	77	88	83	84	85	18	83	79	87	73	84	73	80	77	89	88	84	76	71	75	78	77	90	81	72	70	87	74	80	79	79	79	87	22	80	79	79	84	85	88	76	80	87	87	86	87	70	73	84	82	80	75	78	82	82	79	89	84	77	89	85	81	84	70	73	76	78	72	87	79	83	77	84	80	84	73	79	70	71	78	78	81	76	75	79	83	79	71	87	86	72	88	81	87	81	17	84	71	73	85	87	72	80	75	78	74	88	86	20	75	88	24	88	78	75	72	81	86	85	87	70	75	84	76	85	81	70	77	81	74	82	87	80	82	88	88	73	86	79	76	71	71	72	71	73	72	87	82	75	82	86	83	82	75	89	89	87	73	90	86	78	76	80	83	81	85	79	88	71	85	71	78	71	80	88	19	74	71	78	71	24	85	85	88	24	74	86	73	74	78	72	90	75	73	79	88	72	74	81	85	77	79	75	72	83	78	22	78	78	81	78	81	75	83	71	86	85	87	84	83	22	87	73	71	83	84	73	82	77	80	89	86	84	85	74	89	70	85	88	80	82	20	78	82	86	83	83	70	85	87	81	79	86	83	77	81	81	72	76	76	87	73	85	71	83	71	15	74	78	77	76	74	79	87	70	76	87	85	89	83	85	85	78	78	71	85	87	89	89	81	87	78	78	82	81	89	75	87	84	19	88	71	75	89	84	78	87	80	72	90	79	77	88	87	23	78	74	89	70	82	85	83	22	77	78	90	79	74	77	79	21	87	71	83	85	85	72	86	79	23	88	83	78	77	72	76	87	22	88	88	87	76	74	82	89	82	83	75	83	76	77	89	78	87	78	75	85	80	74	84	76	87	73	70	72	80	72	72	72	80	75	87	81	73	83	82	71	88	88	79	75	90	87	81	77	71	86	87	79	77	71	70	86	88	84	79	81	82	87	84	83	79	82	88	87	75	82	76	85	72	87	81	84	80	85	82	73	80	88	72	75	79	90	83	85	88	88	79	89	71	85	87	79	79	80	90	81	79	85	80	76	79	79	78	22	84	81	74	86	79	81	73	22	71	79	75	72	78	89	85	83	87	79	79	80	78	79	70	78	89	77	83	87	82	71	89	82	71	86	76	74	72	78	85	78	90	82	81	72	83	79	71	73	72	77	74	78	87	78	77	74	87	74	80	75	77	89	21	80	79	84	74	81	87	88	85	79	76	74	85	79	84	71	71	22	76	83	82	74	71	81	84	83	26	84	81	88	81	73	83	74	78	76	74	73	88	76	90	87	78	76	16	86	72	71	86	81	79	73	72	73	88	84	76	82	77	88	76	79	77	89	82	73	71	70	70	77	26	89	75	90	78	79	89	90	81	80	72	80	77	80	80	79	75	72	89	75	72	71	76	80	88	90	83	81	87	89	84	84	81	81	88	71	83	71	85	25	75	73	79	70	82	83	72	86	72	84	71	81	71	81	71	85	80	82	78	84	88	81	90	81	89	71	85	82	80	85	82	85	80	76	83	77	82	78	74	85	83	77	89	79	24	72	83	78	78	71	85	88	73	71	75	88	74	72	88	73	71	87	80	79	83	78	71	70	88	84	81	77	84	72	75	83	89	80	80	86	81	70	75	80	88	72	83	81	82	24	76	71	85	75	84	79	76	87	71	78	71	81	86	78	71	86	74	88	72	82	82	78	73	73	72	90	78	78	76	75	78	75	86	76	75	73	82	72	86	90	86	76	82	25	81	71	72	78	87	88
82	86	83	73	77	83	87	80	78	85	84	73	71	71	86	78	73	89	79	80	79	85	85	82	89	74	73	75	84	81	74	79	80	90	84	76	80	85	80	84	81	85	84	77	75	81	76	82	88	80	73	72	80	85	77	80	73	87	73	84	85	72	15	84	71	89	79	77	19	19	77	83	75	84	73	79	71	89	71	89	73	84	79	27	77	89	82	25	75	74	83	88	76	78	78	74	82	76	79	77	90	84	80	80	80	70	79	83	81	89	75	74	85	82	89	25	80	86	86	90	79	87	78	19	73	81	90	73	71	86	22	82	70	72	80	74	85	82	71	72	83	90	79	83	77	84	72	73	88	78	76	80	73	81	72	78	84	87	73	23	24	87	84	89	82	22	80	87	85	77	85	76	70	70	84	85	21	84	24	72	84	88	26	79	71	87	73	72	76	85	74	77	75	29	75	74	21	81	81	72	82	89	77	86	88	87	84	81	88	78	76	77	76	73	84	78	73	72	89	90	79	82	85	74	71	19	81	78	85	85	85	77	26	75	78	87	70	81	70	78	74	90	84	88	83	88	87	88	70	23	85	83	78	71	81	21	18	81	73	77	85	82	73	70	85	85	89	71	88	83	77	78	72	89	74	88	90	79	23	71	85	86	86	73	81	85	75	81	78	82	72	75	90	87	73	79	78	74	88	79	76	88	80	75	84	86	86	84	80	71	88	76	80	88	79	87	75	89	87	84	77	16	82	80	71	79	85	75	71	70	84	84	27	88	81	86	78	87	81	71	89	74	84	71	71	77	17	87	88	79	75	73	88	77	84	74	82	74	72	87	74	80	82	24	88	85	82	72	89	78	88	83	75	81	89	90	82	75	74	73	89	86	22	71	88	89	88	72	73	22	80	71	78	78	74	80	84	78	79	79	80	70	75	75	70	71	71	89	78	79	79	83	90	87	87	72	77	73	86	78	74	80	83	83	82	81	77	89	83	89	72	76	76	85	83	76	72	79	85	83	85	86	78	81	89	81	75	72	75	72	83	19	77	71	76	88	88	78	75	79	89	73	81	78	73	89	74	23	87	75	81	73	81	82	87	77	25	87	89	70	85	77	79	73	70	82	80	74	87	86	87	71	79	82	73	71	90	79	85	84	70	84	80	71	83	76	87	77	80	83	80	76	82	89	74	84	76	84	80	77	89	25	84	84	75	82	88	83	15	75	86	89	89	80	80	87	89	73	25	89	70	88	80	78	73	76	89	85	79	75	86	84	72	79	70	77	75	84	89	89	76	82	84	82	89	75	79	73	72	78	88	70	84	78	86	77	75	87	71	79	80	82	87	81	22	74	83	75	25	87	74	71	73	76	82	80	87	86	90	72	86	85	81	85	83	76	75	78	74	87	71	88	73	87	76	73	84	76	85	74	74	74	84	74	87	79	77	78	74	75	79	19	79	88	71	83	78	75	84	72	79	72	81	81	80	82	71	89	87	72	85	85	88	74	81	90	76	71	76	85	86	78	87	87	78	84	83	74	73	85	89	88	82	74	87	78	72	90	76	81	80	80	76	26	87	87	77	79	74	87	74	83	74	78	72	75	87	88	84	82	75	74	20	76	81	21	84	77	87	79	73	74	71	79	79	83	84	87	89	90	80	83	23	74	90	82	87	89	82	71	87	75	83	70	75	90	83	76	71	70	72	85	74	87	71	87	76	72	85	74	77	20	88	81	81	76	89	71	88	76	81	77	77	76	80	74	87	70	90	79	84	75	72	86	81	21	85	84	85	81	76	77	87	87	79	74	70	73	81	90	75	73	79	74	77	72	72	71	71	87	81	89	84	90	90	77	79	72	81	85	83	74	79	84	88	76	72	71	19	84	80	85	88	89	78	86	73	73	74	76	74	76	83	78	72	84	19	79	75	81	89	26	87	88	87	78	88	80	84	77	80	78	84	78	70	80	76	90	79	70	72	83	75	86	77	90	84	76	85	77	82	85	85	76	90	89	87	84	88	75	72	81	73	73	85	76	72	90	89	23	89	78	89	84	77	84	71	75	84	74	88	73	72	81	90	81	72	74	73	74	73	87	80	79	81	80	82	76	88	71	90	80	85	86	76	83	82	78	78	84	82	76	18	78	75	75	71	73	80	86	80	72	88	90	71	84	75	76	81	87	90	83	74	86	76	88	72	80	75	83	80	71	83	88	77	88	79	83	76	83	87	76	77	82	82	90	74	76	85	74	87	85	83	26	76	71	71	74	90	76	76	72	89	81	72	71	76	78	80	88
75	85	81	73	80	72	80	78	75	75	86	73	80	73	84	85	89	80	84	75	87	74	83	77	70	78	76	79	78	72	75	88	75	81	79	86	82	70	86	87	82	71	74	82	87	73	84	78	77	82	77	84	71	73	70	89	79	75	86	80	84	75	83	81	71	79	71	82	85	88	84	70	86	87	78	80	84	80	86	71	80	82	71	70	82	80	73	77	87	80	83	70	26	86	77	85	77	89	77	82	76	90	78	90	76	20	77	88	78	84	89	76	73	78	77	78	88	72	74	82	85	76	85	80	78	78	88	84	79	88	73	75	90	88	78	70	76	82	84	81	72	84	86	83	72	82	81	84	78	79	81	72	86	78	89	87	71	85	88	73	83	88	71	81	77	83	87	87	88	77	71	85	89	87	72	73	90	86	84	78	72	81	81	75	76	78	86	82	79	72	72	24	79	86	77	87	90	83	87	74	76	79	87	83	75	76	78	78	88	79	85	78	71	72	75	82	78	72	83	80	85	76	72	74	87	74	74	75	82	71	75	76	90	75	78	79	84	70	78	79	89	75	76	80	78	85	72	82	74	82	74	85	75	90	73	75	88	80	70	85	72	86	71	88	86	89	76	77	84	70	83	90	79	88	78	82	76	81	86	89	79	75	88	78	83	89	88	89	81	74	72	73	73	89	78	80	70	82	89	88	77	76	80	85	82	79	79	83	76	70	73	70	85	71	75	88	79	86	85	80	76	84	88	84	71	78	80	21	76	73	72	24	90	84	71	75	70	86	82	72	72	74	73	79	72	70	87	89	84	86	86	78	70	84	80	83	83	73	75	77	77	88	85	90	90	86	74	84	84	19	80	79	74	81	85	88	71	72	88	86	86	81	89	81	85	19	81	87	87	77	77	75	76	79	83	89	89	89	82	79	27	72	88	88	82	79	74	78	75	74	89	71	89	84	78	83	71	84	89	79	71	79	83	89	87	72	73	71	78	83	73	88	86	75	78	83	76	71	78	89	82	78	75	85	77	88	83	71	72	89	84	86	82	76	83	87	87	85	72	77	71	86	72	74	89	75	85	84	89	70	87	73	71	84	76	75	86	72	88	84	71	73	85	74	78	71	23	80	85	86	85	86	72	82	80	81	77	75	77	77	75	81	82	72	74	86	90	87	76	81	76	75	81	72	73	77	86	87	90	87	23	77	73	82	78	84	77	71	74	81	84	85	74	87	78	76	89	74	73	75	72	72	75	84	80	88	74	89	81	85	76	87	72	77	76	75	78	86	87	83	76	81	71	74	72	71	88	78	86	86	74	75	74	80	78	89	81	77	81	83	74	90	90	70	79	84	74	19	89	87	72	82	75	74	84	74	79	87	72	81	87	88	75	86	88	86	78	76	86	83	87	75	71	87	85	87	72	85	74	84	79	23	77	81	74	86	85	75	87	77	70	78	78	88	75	85	71	83	81	90	77	24	74	76	71	75	74	82	88	75	78	72	86	77	84	79	75	83	88	84	79	73	24	70	24	74	83	87	20	71	75	74	86	83	90	71	84	84	78	72	76	71	86	85	78	76	80	84	70	74	82	81	80	72	76	77	81	82	80	20	80	74	72	80	86	84	78	77	76	84	72	85	71	85	80	87	71	77	74	78	80	83	85	82	90	72	88	83	88	71	76	88	72	81	75	83	85	78	85	74	88	75	86	74	75	81	71	88	84	76	80	86	88	80	83	71	89	72	78	75	85	86	78	80	82	76	76	78	75	89	77	70	85	80	89	86	75	85	75	79	89	87	77	87	78	73	73	90	76	75	85	74	79	81	75	74	76	19	72	88	82	87	76	82	89	71	80	89	88	88	87	76	73	83	88	79	23	87	70	23	76	84	82	88	77	85	85	86	18	76	72	80	73	84	72	88	80	89	81	78	74	75	88	81	83	75	80	80	85	89	85	72	19	83	74	80	90	78	82	71	81	83	72	70	85	77	84	81	78	89	17	85	76	89	83	88	89	75	77	71	72	87	71	71	82	79	81	88	86	80	90	81	71	73	75	79	71	88	70	86	73	73	79	71	81	77	75	86	78	71	84	72	88	82	84	78	87	84	75	84	78	76	72	82	73	89	77	78	79	74	79	71	83	72	82	77	78	88	77	23	83	83	25	87	85	78	75	78	74	77	80	86	90	71	77	87	79	80	86	26	90	24	87	77	73	86	90	80	77	74	83	88	83	72	82	80	87	83	89	87	89	72	84	72	71	76	85	83	76	79	83	86	80	77	86	89	87	77	79	76
83	80	78	82	78	77	75	78	71	83	73	79	85	88	73	74	73	72	74	74	74	77	72	86	86	77	77	84	83	28	84	72	72	83	76	90	75	75	78	78	87	82	78	89	83	88	84	77	85	78	89	78	83	82	87	82	79	81	86	71	74	74	71	79	87	88	74	79	76	78	75	71	86	89	73	74	75	86	82	85	77	86	85	89	27	90	21	90	86	75	87	71	76	84	71	71	76	81	72	74	73	75	75	78	80	86	82	81	80	71	24	81	85	88	89	78	70	88	89	89	86	88	81	81	79	80	87	79	90	89	77	77	74	83	74	78	77	74	77	80	84	87	26	79	85	88	83	86	90	82	86	74	71	86	72	74	79	77	81	78	82	73	80	71	83	70	87	70	90	78	78	80	18	86	71	80	83	86	76	87	17	84	73	78	83	78	88	71	76	86	70	87	72	70	73	75	89	86	86	74	79	82	80	90	84	78	75	76	89	77	80	80	87	74	84	75	21	75	26	81	89	81	86	75	74	77	70	83	27	71	72	82	78	87	74	89	77	71	86	74	84	82	77	22	79	76	71	82	72	80	87	87	70	90	22	90	70	73	82	88	24	83	76	71	79	87	88	89	79	78	87	77	83	80	87	76	78	85	81	79	18	78	81	82	76	75	71	80	75	71	88	85	83	78	74	78	79	82	77	87	90	70	74	74	78	79	84	88	88	88	84	80	86	80	72	85	89	85	76	76	85	70	73	88	78	85	75	75	75	73	78	77	72	88	70	80	71	77	70	82	78	85	85	72	78	71	84	73	87	77	83	73	81	80	86	20	24	76	85	87	25	72	86	86	76	17	89	86	88	84	83	71	76	72	26	78	77	81	72	77	87	76	76	84	89	77	80	76	78	77	77	86	79	90	73	79	82	86	74	78	72	80	71	74	90	89	84	72	74	81	84	82	80	74	82	82	79	76	79	71	77	70	85	86	76	19	71	80	89	81	89	82	84	72	75	78	79	81	77	73	89	79	82	82	71	77	83	74	88	89	81	88	83	78	20	82	78	83	86	82	88	88	73	81	87	83	85	74	81	77	76	76	79	73	86	79	82	85	77	72	77	80	75	87	86	78	71	77	84	74	72	82	89	76	76	88	70	72	89	87	76	81	78	72	87	85	80	72	85	82	78	89	76	79	71	89	75	77	89	83	72	73	79	88	80	85	72	72	82	79	80	85	17	78	72	84	75	77	88	84	70	74	89	75	90	74	73	73	86	77	77	80	76	87	89	73	82	83	72	83	83	85	74	87	82	72	85	86	76	87	18	74	78	86	86	72	84	71	75	78	89	80	80	77	84	81	81	83	70	83	83	82	80	87	77	73	72	89	88	71	71	76	71	83	76	78	89	79	84	73	78	80	77	76	80	78	85	85	75	73	88	77	71	71	89	84	80	76	78	89	88	75	88	70	86	72	78	71	71	84	82	86	88	89	88	71	82	83	81	84	77	83	23	90	80	79	83	87	71	83	74	70	88	79	82	24	77	75	23	76	71	83	72	80	89	78	85	79	90	70	88	90	70	89	83	79	72	85	86	80	90	76	85	85	87	90	84	77	74	85	84	73	75	78	85	79	82	83	82	79	84	77	73	74	73	89	74	77	87	76	79	83	75	78	87	81	84	83	86	71	88	75	74	85	72	83	81	77	82	77	74	82	78	72	78	23	71	89	82	88	80	81	89	84	74	88	74	75	71	84	87	80	22	81	81	22	75	88	85	76	86	74	77	82	83	88	83	84	83	76	71	79	83	83	78	74	76	81	73	84	89	82	79	81	84	76	73	72	71	78	79	18	86	78	76	84	85	80	85	70	76	78	73	89	80	19	87	80	74	76	89	88	81	20	83	84	89	75	71	72	88	85	87	22	78	75	85	88	79	88	74	77	85	80	88	86	73	83	71	89	74	86	84	78	72	77	78	90	79	83	80	74	85	19	87	22	82	79	88	85	72	90	81	78	75	80	72	75	80	88	82	23	89	75	83	85	79	81	88	88	84	86	79	89	87	23	77	79	71	74	77	19	76	72	87	70	80	76	79	85	76	76	80	87	71	76	89	71	82	82	81	71	74	89	76	73	82	89	82	79	77	82	76	71	87	77	88	90	82	75	74	85	88	77	81	78	84	83	74	86	80	82	76	74	85	72	85	78	87	75	80	72	85	75	71	88	77	83	89	89	82	70	76	85	81	89	83	88	89	85	74	75	74	83	84	78	73	88	77	18	73	88	88	87	74	87	72	83	71	76
82	87	85	73	88	72	73	71	79	81	19	88	79	71	22	88	81	73	76	75	87	82	78	83	78	71	82	18	88	84	81	89	77	77	86	71	73	27	77	85	82	70	87	81	28	86	86	77	81	78	87	87	73	77	76	74	86	71	87	78	19	79	89	72	77	79	77	76	77	75	73	77	70	86	71	80	77	70	89	82	90	71	17	83	84	79	72	70	85	83	78	70	79	87	79	19	89	74	85	76	81	77	75	83	79	82	76	84	83	84	82	72	86	72	81	82	84	80	78	77	73	79	81	77	82	76	76	81	85	70	75	74	77	73	86	77	77	82	85	89	86	88	77	78	79	82	85	88	85	85	86	82	85	85	70	72	76	79	84	78	88	74	78	88	80	74	85	74	74	88	75	72	89	75	74	77	75	72	82	81	83	86	77	85	72	87	88	82	77	75	77	70	85	73	17	78	77	80	87	19	76	74	82	78	88	86	80	73	72	24	81	87	90	73	86	87	75	81	88	86	79	86	72	78	73	71	84	81	82	87	82	89	88	79	87	80	79	70	72	77	25	78	73	75	26	75	71	74	75	73	79	85	77	71	86	85	82	79	89	88	88	88	82	84	86	71	82	83	78	88	80	85	81	89	26	77	19	87	84	90	71	89	74	71	71	75	77	82	75	82	72	78	25	77	73	78	83	81	87	24	85	76	83	88	81	79	89	84	20	71	80	80	84	24	86	21	88	71	87	89	74	78	80	77	88	83	82	72	86	88	77	75	82	86	86	73	77	84	73	22	83	84	85	77	82	78	72	75	86	80	86	80	75	71	83	76	85	89	18	77	77	89	75	72	87	71	78	79	79	73	82	78	17	87	83	81	79	76	74	83	77	79	80	22	70	80	72	83	75	73	85	90	70	85	73	82	75	88	71	73	89	72	87	78	80	90	83	71	87	87	81	85	77	74	83	76	85	81	79	86	84	83	74	78	23	76	71	74	82	87	78	73	75	89	77	24	85	73	24	80	78	86	82	86	87	80	74	71	84	24	81	80	79	74	81	75	87	80	84	82	84	89	75	72	76	81	72	76	88	88	83	89	88	70	86	78	71	71	16	70	18	83	76	76	87	79	70	73	84	16	80	28	73	82	70	78	78	75	73	76	71	78	85	83	76	73	87	73	80	88	78	84	72	84	84	77	75	86	76	75	83	83	70	82	89	87	74	88	81	82	86	89	82	86	76	21	82	72	74	82	73	88	75	87	75	85	88	82	27	85	74	86	73	74	71	84	89	71	73	73	77	74	89	87	82	79	89	82	73	81	76	70	78	74	90	72	86	90	86	70	78	87	77	24	84	25	76	81	89	80	77	77	19	84	89	75	85	71	72	78	73	76	86	77	83	87	85	82	77	85	83	85	89	78	83	82	88	82	79	76	77	80	85	21	84	75	78	77	80	71	73	86	86	74	80	77	88	76	82	83	75	75	76	74	22	79	78	19	77	87	73	78	71	84	87	88	80	23	75	84	87	80	89	71	75	75	80	22	79	71	87	73	86	79	85	83	82	73	86	81	80	70	70	81	86	71	73	90	72	75	77	82	75	86	76	84	80	88	71	72	82	82	82	77	84	85	83	77	86	82	82	77	90	72	86	84	81	82	90	74	90	83	83	81	85	72	86	75	82	79	89	82	71	20	80	75	75	76	75	87	76	71	23	88	85	71	90	77	78	75	85	70	71	76	88	83	84	84	80	84	73	81	76	82	86	90	80	77	86	73	89	84	83	80	24	83	85	74	72	85	84	84	86	79	88	84	84	89	73	70	81	89	88	83	73	83	73	72	87	80	71	18	86	77	82	76	73	82	73	71	81	78	73	78	82	87	71	80	85	82	73	89	75	83	81	84	89	84	80	89	90	73	79	80	84	72	75	72	71	72	87	84	72	76	81	22	90	84	86	71	70	80	70	76	74	77	85	76	75	73	79	76	76	73	74	81	84	83	77	82	74	74	89	86	77	84	85	74	75	73	88	75	87	85	73	83	85	85	77	74	81	75	74	76	20	83	88	75	73	70	72	74	79	70	76	84	80	84	80	72	79	87	79	72	83	85	71	71	80	83	71	85	83	73	77	79	83	70	83	90	75	75	80	72	74	86	84	90	76	77	83	78	89	83	75	80	75	79	89	89	82	81	81	78	88	87	74	78	83	80	89	86	78	78	81	86	22	21	84	89	74	86	88	84	86	88	80	72	71	73	78	78	86	88	75	89	83	79	78	84	85	73	74	80	90	86	74	19	78	21
86	89	72	17	70	84	82	71	82	87	75	17	16	84	88	23	71	88	79	87	77	85	83	84	89	90	86	80	82	86	89	79	78	86	76	82	80	90	81	90	78	81	90	86	82	70	20	85	80	75	79	78	77	85	71	74	78	71	72	71	81	88	74	72	83	72	25	76	74	79	80	80	83	78	80	90	79	25	90	73	76	28	83	85	89	86	87	86	72	79	71	84	76	75	27	88	80	87	87	80	88	78	72	88	84	89	78	79	71	72	81	88	89	89	86	85	82	86	75	20	76	82	88	90	89	78	87	89	83	21	85	88	89	72	82	89	86	72	76	82	85	86	71	82	82	80	78	81	87	82	19	72	89	76	89	80	87	86	82	22	82	88	76	88	86	89	84	73	78	82	82	76	74	72	83	83	85	72	75	79	83	87	81	85	81	76	88	76	81	89	19	89	72	79	70	78	71	89	90	74	78	20	89	71	84	73	86	84	23	87	84	78	86	85	75	79	78	73	77	86	88	82	83	84	80	84	87	72	73	82	73	76	78	26	77	75	80	83	82	73	88	85	80	76	81	83	88	88	72	85	83	71	83	77	80	71	73	80	71	72	77	77	77	84	80	86	78	78	89	84	78	85	23	78	82	72	78	74	78	90	71	74	27	87	76	72	15	23	72	75	82	74	76	89	25	88	75	88	81	80	88	22	86	87	81	90	79	74	76	87	75	79	85	74	86	74	72	84	86	82	84	88	72	75	79	82	77	72	76	24	77	82	73	77	26	79	77	90	70	85	87	77	86	84	82	18	77	74	89	75	74	78	70	75	85	88	71	90	80	74	86	74	77	87	71	78	88	71	81	77	71	74	81	88	83	75	82	85	78	76	80	75	87	75	87	18	75	19	84	72	82	18	83	75	86	82	89	71	82	74	75	74	77	83	89	83	86	85	89	86	24	77	87	86	83	86	83	87	84	78	82	87	24	79	83	85	74	82	89	81	78	74	76	90	27	87	76	81	73	89	73	73	72	24	71	70	78	74	85	87	85	81	89	85	86	79	83	74	74	72	79	88	82	79	73	85	78	78	88	79	77	72	80	86	84	76	74	87	79	75	71	77	82	85	73	72	88	82	89	89	78	88	85	22	77	78	74	79	82	81	77	78	76	87	83	75	87	81	76	74	87	81	79	17	82	90	88	87	83	73	86	89	81	87	83	23	74	70	81	83	81	87	77	78	85	78	89	74	71	83	89	78	84	81	78	76	81	23	82	78	88	86	88	82	85	75	87	80	89	74	73	73	70	80	88	82	79	86	86	75	72	77	86	83	78	80	73	72	89	82	71	73	74	85	80	83	74	79	70	71	80	74	85	82	28	88	71	73	84	84	75	78	75	82	84	74	76	78	80	86	75	73	79	81	76	70	89	71	72	88	70	81	85	86	74	81	78	89	82	82	72	86	76	70	73	74	76	90	79	87	72	70	89	90	85	75	89	76	73	78	89	87	84	74	78	88	73	85	70	85	74	87	77	72	85	86	86	83	78	17	88	81	82	24	90	90	71	79	81	74	80	87	82	79	83	87	90	81	89	72	81	89	84	74	73	74	80	84	71	72	76	70	81	72	79	87	86	79	21	85	71	90	76	72	76	88	88	71	74	73	70	76	73	75	89	88	86	75	89	76	81	83	71	76	71	77	75	76	76	75	85	71	88	87	76	74	90	77	18	82	75	79	75	87	74	74	84	76	89	80	83	82	72	84	72	89	83	90	86	80	71	82	80	78	78	76	73	74	74	89	71	74	89	81	83	72	17	90	22	78	88	70	84	79	73	79	74	80	73	73	89	83	83	86	77	24	77	79	79	74	75	78	83	75	84	77	73	78	90	78	80	78	87	73	81	77	87	71	72	86	87	72	89	85	86	89	88	82	72	82	87	79	26	83	88	78	75	85	88	80	74	73	79	83	77	70	75	24	86	73	88	75	81	82	77	73	77	86	85	86	72	75	83	74	74	88	75	70	87	84	71	82	83	87	82	83	86	84	84	82	77	76	88	70	80	81	84	72	73	88	74	73	80	75	70	83	89	79	81	82	76	85	80	71	88	78	70	81	86	90	78	80	76	85	87	86	85	84	81	83	77	70	78	74	79	79	88	74	87	78	73	70	76	86	71	77	81	82	23	74	77	76	86	73	89	73	80	88	79	71	17	77	71	84	84	77	82	86	77	73	89	77	25	23	89	80	83	85	80	84	79	81	75	87	74	87	81	86	80	78	84	79	77	82	22	83	70	87	78	89
79	19	70	81	71	78	24	89	19	81	77	73	87	76	73	77	71	84	87	79	75	71	82	73	78	88	72	85	86	73	79	78	89	78	87	80	71	77	86	74	79	79	81	87	89	78	80	71	18	76	72	76	76	73	78	80	86	71	21	83	83	81	73	74	86	81	87	22	81	81	90	75	79	75	84	77	82	82	72	81	76	84	77	73	81	76	79	81	26	88	89	82	28	72	75	87	78	80	83	81	83	89	28	84	85	90	76	88	87	85	87	89	89	82	81	71	89	78	86	87	76	81	86	83	75	81	71	71	83	77	86	70	87	89	76	79	73	80	85	89	82	74	79	25	90	72	80	73	77	81	89	74	86	82	72	77	77	81	70	85	86	87	70	87	75	87	73	75	76	77	83	87	77	73	80	83	80	87	87	20	81	78	78	72	76	88	81	75	76	88	85	78	83	84	84	83	85	82	25	72	71	79	78	80	23	82	75	78	75	87	75	88	72	85	71	77	73	74	83	73	73	73	73	74	78	82	77	88	82	87	87	74	72	90	79	77	80	76	90	85	70	79	83	75	72	75	82	88	87	89	86	83	82	74	70	82	84	84	88	88	89	71	86	79	74	73	87	77	88	72	76	75	76	70	82	73	88	80	72	81	81	82	80	83	76	84	82	77	75	87	88	76	90	77	77	72	80	87	89	78	80	72	78	74	86	84	71	86	80	86	81	88	88	22	70	71	73	75	81	78	74	83	84	80	88	82	83	78	73	80	77	86	85	77	77	25	72	85	81	78	85	78	75	80	75	89	83	71	87	89	85	73	75	71	88	84	87	73	85	77	83	71	85	89	76	86	75	85	83	70	83	76	89	72	81	21	88	73	78	81	76	87	77	87	82	80	74	74	75	72	77	85	80	73	76	79	80	76	71	85	75	79	73	75	77	89	78	89	71	72	72	76	80	88	76	77	78	74	87	77	86	77	80	73	86	81	85	81	71	82	83	71	84	71	83	76	78	87	77	74	77	19	70	80	73	74	73	78	89	73	75	70	89	89	76	79	72	75	85	86	71	76	81	85	84	74	84	86	24	74	84	82	86	71	81	18	84	83	71	81	78	79	75	90	72	88	85	79	85	17	81	90	76	89	82	89	89	83	77	81	77	87	80	83	84	72	82	72	78	81	81	81	84	80	88	79	84	71	72	76	74	70	85	77	78	79	72	80	81	79	82	21	84	75	89	85	83	77	81	81	84	72	87	75	73	73	78	79	78	75	20	75	75	75	78	81	84	85	25	71	83	79	87	76	88	86	72	89	77	82	74	85	80	86	79	21	87	88	26	70	24	71	80	76	78	81	73	78	77	71	80	87	89	74	80	24	87	23	83	71	73	85	80	20	80	89	82	87	71	85	82	86	89	90	87	74	82	88	89	81	77	74	77	78	89	88	75	72	74	85	76	79	85	86	19	74	82	90	80	83	86	73	81	83	89	84	78	75	72	83	79	78	89	78	79	76	81	84	88	17	71	73	74	83	87	73	87	73	75	75	83	88	70	78	70	84	76	88	85	83	90	77	78	70	85	75	21	76	79	81	77	80	72	76	75	70	72	83	72	79	80	80	81	79	79	88	81	81	74	25	77	79	84	88	87	88	88	71	74	74	83	72	89	75	82	70	81	72	72	74	74	76	73	88	71	84	89	86	88	89	84	87	78	72	72	70	90	74	79	83	83	18	72	85	77	82	72	75	76	78	88	76	72	88	87	79	25	72	23	86	83	82	87	88	82	72	72	22	86	75	81	82	75	74	73	84	72	79	87	77	88	78	76	75	84	78	86	85	86	86	79	70	79	83	84	80	86	77	81	86	83	72	73	82	74	77	78	83	75	80	84	88	82	73	26	79	75	81	80	77	83	87	71	88	78	72	72	78	84	75	80	75	73	78	77	76	17	79	90	89	72	74	85	72	84	88	88	81	70	86	21	27	82	78	79	80	79	83	76	83	80	77	84	82	82	21	75	83	90	72	71	85	72	90	75	72	87	87	86	84	75	80	88	87	83	86	71	80	79	83	86	81	72	24	80	77	77	84	74	78	77	86	80	77	71	80	90	82	72	72	85	87	77	86	71	75	89	85	78	89	88	87	87	72	83	70	73	71	89	75	80	83	71	74	75	23	88	25	83	70	81	86	85	73	88	80	78	78	18	88	76	23	87	84	84	74	75	80	71	79	88	71	71	75	75	86	73	74	80	88	77	81	72	84	72	85	83	78	27	16	75	86	18	72	86	89	78	73	79	72
86	79	84	77	77	70	80	82	83	80	72	80	78	88	90	89	73	80	76	88	86	80	75	87	81	74	72	89	78	26	87	88	85	87	81	71	78	76	71	81	75	81	73	80	76	77	73	73	16	89	82	88	80	84	88	88	82	79	84	72	72	84	75	78	88	76	77	84	81	83	79	89	82	90	74	85	89	84	76	77	70	82	72	89	88	71	82	71	74	82	88	74	75	71	71	78	79	88	88	73	73	84	76	86	89	73	86	25	76	83	79	87	74	78	77	79	89	87	80	85	83	81	25	73	73	75	80	77	76	73	85	75	72	76	84	70	79	77	70	89	86	86	80	77	72	86	73	74	26	73	76	73	22	89	90	87	82	75	84	84	84	75	19	76	71	75	76	73	85	74	88	78	86	71	74	89	79	71	86	88	73	77	83	72	83	81	73	87	75	72	73	83	78	87	80	88	89	83	81	89	73	81	70	74	83	76	86	83	89	87	75	76	75	89	82	76	76	72	84	90	78	72	73	74	75	78	79	78	76	78	86	72	87	76	81	19	82	86	72	78	73	70	89	79	79	83	75	73	73	77	71	74	23	83	88	89	82	81	71	21	88	80	82	87	87	72	90	83	70	81	78	78	82	86	75	85	85	22	78	84	71	88	79	76	89	78	77	82	88	75	22	75	71	73	82	87	87	82	85	87	19	71	71	70	86	79	74	75	85	21	75	89	73	80	86	84	76	75	83	78	84	71	85	86	86	77	72	85	84	74	71	73	80	70	71	87	71	79	78	77	83	77	72	70	84	81	79	81	85	70	82	79	80	74	84	82	87	82	86	71	85	72	79	79	88	83	86	88	88	71	87	78	76	71	86	84	88	89	78	71	87	82	70	75	89	82	88	76	85	76	82	72	84	82	25	80	74	71	88	76	89	73	23	78	81	87	80	88	73	88	80	73	75	90	88	74	83	75	85	82	84	72	86	87	86	76	78	83	79	88	75	89	77	87	84	82	84	70	85	70	90	18	20	87	79	87	83	84	82	78	78	74	73	74	89	75	79	71	75	70	87	81	87	88	76	75	87	22	89	81	73	80	90	73	88	73	87	82	85	76	81	78	78	73	83	79	79	73	73	78	84	87	80	78	78	74	71	70	72	90	82	87	72	88	84	84	89	86	80	84	72	74	82	82	83	87	81	79	83	84	85	78	74	82	74	73	71	73	16	22	80	77	80	75	83	86	75	87	78	74	16	78	70	75	77	87	71	79	75	18	73	73	83	87	74	77	75	70	80	81	87	80	86	90	71	76	71	89	89	72	75	72	83	70	76	86	75	77	85	80	78	81	89	90	73	75	74	84	89	76	88	74	72	77	85	89	79	78	79	71	89	81	76	81	81	71	77	84	74	85	81	88	72	80	82	81	84	79	87	23	70	81	75	76	77	71	77	74	80	71	80	86	88	70	70	73	78	71	73	78	89	85	77	81	80	86	88	78	80	74	72	76	88	75	85	90	89	87	75	82	73	78	70	86	85	87	82	78	73	76	71	81	86	87	86	20	81	81	80	80	89	16	76	72	80	79	79	74	72	71	25	81	82	75	75	71	26	83	82	81	81	77	88	22	76	85	78	78	78	79	80	79	74	83	73	84	86	75	85	78	73	78	78	83	81	84	83	83	75	79	80	84	82	73	88	88	81	76	87	78	71	80	80	70	74	78	74	83	80	89	82	86	75	83	82	24	89	82	82	84	80	88	71	26	82	76	84	87	75	77	86	72	82	83	79	77	73	85	88	72	85	83	80	81	70	79	76	85	73	83	76	81	77	70	72	89	90	77	19	85	80	83	75	86	80	81	76	87	80	77	81	87	23	72	18	78	74	89	78	81	76	73	78	82	74	84	75	80	76	19	87	76	82	80	70	85	80	18	79	83	85	81	88	72	74	87	74	85	80	84	73	86	85	88	26	75	88	74	87	74	84	85	75	82	79	89	72	72	78	77	88	70	80	84	72	24	89	86	83	82	83	83	88	82	77	79	75	89	87	89	81	85	85	72	84	84	81	76	79	74	76	76	88	80	86	84	81	85	74	77	83	22	81	89	85	86	22	89	86	78	71	88	84	81	25	77	89	90	88	88	83	84	86	85	76	72	82	70	21	78	72	86	89	88	79	74	73	86	81	83	75	89	89	79	72	82	74	79	77	78	70	83	76	86	74	77	79	73	87	77	86	79	80	85	76	73	70	74	73	76	80	72	88	71	88	85	83	82	75	85	79	84	18	89	76	79	80	71	79	71
72	88	88	80	71	77	86	72	80	86	85	86	83	87	79	70	74	77	81	89	90	72	79	89	79	83	71	89	77	72	81	86	89	81	81	86	77	77	72	19	88	89	81	89	90	80	77	72	86	83	85	72	83	83	89	72	75	82	71	73	84	83	85	81	78	79	85	74	76	88	79	77	16	89	83	85	74	72	86	73	88	86	83	89	90	82	75	86	81	82	72	79	77	80	81	73	79	89	89	82	80	70	82	70	72	80	81	83	77	76	74	71	81	87	77	84	83	79	72	87	78	22	83	87	88	89	72	90	73	23	79	77	71	77	82	77	78	83	70	86	85	72	75	75	85	85	86	71	90	84	88	81	71	88	80	79	72	74	74	73	90	82	87	75	82	86	79	77	70	77	79	71	90	76	76	75	86	73	83	19	85	79	70	87	88	71	75	84	85	71	84	75	89	79	75	76	74	82	73	70	86	77	71	86	78	71	78	72	85	82	77	80	73	80	74	85	73	73	88	77	70	72	75	90	89	84	76	82	86	90	88	76	85	88	78	77	84	22	89	80	86	71	70	77	87	81	71	83	71	83	79	88	86	74	76	77	76	82	84	75	73	20	74	18	79	87	74	77	73	83	77	76	89	73	83	86	77	79	78	79	87	83	83	71	85	24	85	82	89	79	76	90	89	74	77	80	75	82	77	88	73	73	87	84	75	87	81	73	81	78	77	79	84	90	85	71	74	79	83	70	88	86	79	89	74	73	79	71	78	86	72	78	80	86	76	80	71	77	71	82	88	73	80	90	81	87	81	85	18	87	80	81	81	25	21	88	81	70	70	78	73	77	77	88	87	77	90	89	71	86	80	89	77	82	75	77	88	76	80	21	70	77	72	83	88	81	81	87	70	84	70	86	88	18	87	71	26	16	77	80	72	71	76	73	86	82	72	78	72	73	73	72	88	76	85	80	80	74	79	75	78	88	76	79	90	71	80	80	87	71	74	81	85	89	81	87	75	79	82	89	87	72	88	85	70	82	75	84	77	78	21	87	82	77	71	87	77	79	82	82	85	74	25	72	89	74	75	79	82	80	78	70	84	77	89	71	82	76	83	75	72	80	87	88	80	77	83	82	74	87	88	90	75	75	88	83	73	86	81	88	87	71	85	85	77	78	73	76	88	74	84	80	81	74	79	81	88	70	76	81	74	88	77	83	89	88	81	73	84	23	81	78	76	72	89	87	79	74	74	74	76	78	81	77	87	74	86	73	74	72	87	79	77	82	82	71	87	78	73	72	88	85	70	72	71	77	87	83	83	24	85	75	85	73	82	89	89	84	81	73	87	27	83	74	72	82	84	85	71	75	88	74	89	80	74	80	86	82	71	86	89	23	86	79	72	81	85	28	86	81	77	84	79	87	75	81	71	81	74	89	74	89	81	78	88	72	70	74	79	73	73	86	71	82	70	86	84	87	87	71	83	76	74	90	18	71	81	76	71	86	83	80	80	76	85	87	78	83	80	85	85	87	75	78	75	79	89	84	87	88	80	86	79	73	81	81	84	85	80	82	72	83	81	74	18	83	73	87	85	73	89	84	82	86	81	88	84	72	84	74	78	74	79	80	87	84	76	89	87	84	90	74	83	86	84	79	81	76	72	80	72	81	86	83	73	77	80	88	88	71	79	73	89	89	86	84	81	78	74	78	85	86	84	71	76	77	89	77	77	80	89	80	83	73	78	72	85	77	73	81	84	71	70	81	85	85	88	77	76	76	81	75	78	82	77	78	86	75	77	77	75	73	86	77	26	83	81	89	86	74	85	85	73	83	74	80	81	89	88	22	82	82	74	89	89	86	72	76	78	83	76	72	74	82	81	77	70	20	70	78	80	73	84	87	79	70	87	88	73	77	70	80	78	89	76	78	76	80	75	70	74	80	86	77	84	88	89	79	86	89	75	82	85	89	81	85	88	82	78	79	75	79	73	80	21	86	82	88	75	71	85	71	83	73	82	79	76	74	82	85	72	88	79	83	84	76	89	71	78	76	85	73	78	88	87	73	83	85	77	73	87	83	73	88	82	88	77	74	86	80	75	87	79	89	23	78	81	81	70	77	71	75	88	74	83	74	87	76	73	75	79	82	77	76	76	76	87	78	79	77	77	80	74	73	88	82	82	77	79	82	22	79	81	79	81	84	76	81	70	87	79	75	73	87	20	87	89	74	72	84	73	88	84	77	73	85	70	84	82	80	72	89	84	81	89	89	70	84	71	77	84	80	87	86	71	89	77	87	20	87
80	86	86	72	76	74	75	70	87	89	90	81	83	89	76	71	88	86	84	85	85	78	78	72	80	83	19	84	74	86	76	87	81	77	77	71	18	84	74	78	75	87	85	78	72	86	81	77	83	89	78	86	25	84	86	73	72	76	85	76	88	80	77	71	75	77	79	83	88	85	80	83	81	71	78	82	70	84	86	24	72	87	73	84	79	85	85	88	81	82	90	70	80	70	72	83	80	77	73	87	82	84	78	19	87	79	76	88	87	75	26	90	73	70	89	70	85	80	80	80	86	81	25	81	89	74	82	71	70	88	79	85	80	87	88	87	78	72	90	82	87	81	75	70	19	81	85	88	85	88	83	86	73	74	76	79	81	83	81	70	81	74	88	75	77	88	81	79	84	80	74	90	74	89	82	81	78	88	77	85	73	82	85	79	73	82	71	75	72	84	83	75	76	81	82	72	85	79	78	75	80	82	74	76	76	81	76	17	77	78	83	89	86	75	86	77	81	75	74	73	88	77	80	80	79	89	86	82	87	86	71	81	83	77	87	86	72	74	87	86	82	20	79	73	77	70	78	75	78	89	76	70	85	72	82	76	88	73	73	86	83	78	83	78	82	74	73	81	81	85	70	80	72	78	25	78	86	87	71	82	73	71	82	73	83	85	82	74	90	83	87	79	86	79	85	72	76	78	76	74	77	85	79	81	70	20	74	72	82	77	81	86	90	87	72	84	73	77	74	73	90	83	71	72	84	87	72	71	83	26	74	73	89	75	79	72	81	88	84	88	74	73	86	78	85	84	88	85	78	72	75	75	73	88	21	71	71	77	19	74	73	74	26	71	75	83	85	85	83	71	27	72	77	73	78	83	24	75	80	86	85	78	82	75	84	80	75	87	88	82	75	81	81	83	73	79	86	85	83	72	81	77	73	86	78	79	84	77	82	84	89	85	77	82	80	71	74	78	79	88	81	74	77	78	81	82	82	70	72	84	78	73	75	79	86	79	86	71	82	84	70	76	81	75	84	89	90	27	76	73	89	80	83	80	78	76	74	79	79	79	76	78	82	82	72	75	79	70	80	88	81	73	85	19	70	79	70	83	84	78	87	72	75	71	89	77	81	82	79	78	70	79	84	72	74	84	89	73	84	72	70	85	87	88	89	90	74	27	22	83	87	82	83	83	70	87	85	73	88	73	78	74	75	90	76	90	88	83	75	78	73	72	77	77	81	89	72	76	28	78	78	80	75	84	76	72	74	80	70	78	84	90	82	85	77	84	19	76	73	86	84	89	85	85	76	81	84	77	86	74	84	26	77	89	81	74	90	73	73	82	73	78	81	76	85	78	83	75	83	83	77	85	72	79	90	24	75	81	80	88	76	70	73	74	83	86	88	71	24	81	81	74	75	87	73	77	79	71	17	79	78	78	73	77	72	74	74	82	78	90	84	78	85	77	81	81	84	88	88	72	70	88	86	79	82	82	73	75	77	74	70	85	78	75	71	77	84	81	76	89	80	87	78	73	73	81	84	84	75	81	24	89	86	86	72	74	86	83	83	74	89	83	75	76	82	26	73	77	72	85	83	25	77	82	72	80	81	88	76	78	88	74	90	77	83	87	83	81	86	76	89	80	82	79	29	87	70	85	82	79	70	81	89	72	79	82	90	23	79	83	87	82	76	81	81	88	74	89	74	83	83	19	87	79	77	75	25	88	80	78	74	74	84	83	89	82	84	18	79	86	87	76	84	74	81	82	83	79	78	82	73	89	73	82	90	74	89	87	83	85	78	82	80	90	71	70	80	70	77	74	83	81	78	86	75	81	72	76	83	85	76	90	81	72	76	79	87	87	82	84	89	80	89	72	81	84	90	72	70	80	72	87	17	77	90	75	90	71	87	85	72	75	76	79	75	81	71	73	71	76	71	88	87	82	73	79	78	83	86	85	79	75	75	73	72	76	75	89	82	79	78	26	71	84	72	77	78	81	71	87	80	78	75	71	28	89	87	84	89	83	84	81	84	72	77	83	87	79	79	79	87	75	86	81	73	83	76	78	72	81	76	86	81	88	89	87	86	89	78	84	78	73	77	74	76	76	72	87	76	79	71	82	21	75	89	88	88	83	72	81	77	90	76	84	73	78	87	85	76	86	84	76	87	24	88	82	82	72	84	89	82	17	78	70	83	89	72	81	87	76	85	84	84	71	83	81	70	77	86	74	72	88	82	79	72	75	87	79	78	85	74	90	86	86	80	75	71	86	72	89	20	82	80	77	83	76	87	87	20	72
76	85	90	84	86	79	75	76	80	84	88	84	71	75	75	89	81	82	17	75	78	85	78	71	22	76	84	78	87	75	80	78	82	76	73	21	87	85	72	89	80	72	77	79	76	86	85	71	72	80	75	71	87	79	72	88	87	74	76	77	81	81	79	79	85	80	78	87	87	83	77	78	73	80	74	84	90	77	76	81	75	80	77	89	87	81	90	82	74	71	25	85	72	85	76	70	84	76	73	86	79	81	85	71	78	85	87	81	73	73	75	74	80	89	74	71	78	81	79	82	81	78	82	75	86	81	83	81	78	70	71	73	74	75	76	83	18	76	74	78	80	84	70	85	70	74	76	77	81	77	90	70	84	84	80	84	88	74	72	81	76	88	86	71	90	80	77	88	88	81	70	78	88	72	78	78	85	74	75	72	89	76	88	90	70	24	77	72	82	73	89	76	88	72	73	81	20	86	85	71	89	84	90	79	85	72	85	86	82	87	70	71	87	84	80	83	74	87	78	71	85	85	80	83	88	88	73	74	88	74	76	77	78	78	85	85	85	72	75	86	90	82	89	75	26	89	75	82	24	72	77	84	80	86	82	73	75	89	21	77	76	81	21	88	23	89	79	89	88	87	89	73	74	77	82	78	17	76	80	85	78	76	74	78	84	82	83	22	74	71	87	80	76	74	87	77	83	22	19	72	83	89	78	76	90	74	75	77	72	85	86	77	88	76	90	75	73	25	20	86	77	78	78	85	19	89	84	71	79	76	89	83	71	88	89	77	75	85	81	89	87	87	82	84	83	72	78	83	81	75	71	88	72	75	86	74	84	77	88	84	90	87	79	86	72	78	87	71	82	80	81	89	88	72	87	77	86	80	71	84	76	81	77	71	86	84	89	83	72	86	89	75	71	81	86	76	71	76	86	80	83	74	71	75	80	74	72	83	86	88	80	77	71	73	79	88	77	80	88	81	78	22	83	21	75	78	73	90	85	82	84	75	79	76	73	74	85	88	85	79	83	75	84	85	89	78	80	84	85	77	75	78	77	70	72	83	85	84	73	82	73	84	82	75	78	81	89	76	83	80	74	90	83	78	89	72	72	75	77	76	83	81	77	81	86	85	85	87	23	74	87	85	90	80	88	85	21	88	71	72	87	76	80	88	79	77	73	88	73	74	79	83	89	89	86	19	86	86	72	80	85	72	74	87	70	81	85	77	75	84	79	19	87	81	79	87	78	86	76	79	82	71	80	73	86	74	22	79	71	71	74	71	88	84	83	85	88	72	25	83	86	20	76	84	81	70	73	83	81	81	85	77	82	72	73	76	81	88	75	78	81	83	83	70	84	81	23	76	82	71	76	84	77	89	78	87	82	71	18	71	83	72	83	76	70	73	85	75	73	81	80	72	85	19	73	71	76	87	85	78	85	71	88	73	89	90	71	84	76	78	74	88	81	73	79	71	82	87	87	80	86	87	85	88	90	74	85	79	22	75	72	78	71	81	77	74	75	87	78	88	76	78	75	83	77	90	73	74	78	85	84	86	73	72	26	76	84	75	73	81	74	78	76	88	72	74	74	86	76	23	86	25	86	74	76	74	75	70	89	88	83	82	89	87	85	79	81	82	87	73	18	74	77	74	79	79	85	79	86	80	79	73	76	81	19	89	74	73	84	71	77	84	81	82	78	82	80	88	70	78	73	78	72	86	87	87	80	22	83	22	76	78	85	74	71	75	75	75	86	76	88	75	79	84	80	73	73	89	89	82	78	27	79	82	70	76	85	82	71	80	89	75	79	73	85	81	81	77	79	17	77	75	79	86	73	79	80	16	89	84	89	71	74	81	85	86	82	86	78	80	71	81	80	80	72	85	83	84	85	22	88	85	84	75	73	78	77	86	19	88	71	82	86	74	85	72	75	74	78	80	76	76	85	90	84	71	81	79	82	76	87	76	90	81	76	81	90	74	80	79	77	88	74	90	80	74	81	82	72	20	85	76	74	86	76	80	84	87	25	89	73	70	77	88	73	79	73	21	87	78	74	88	73	83	87	25	71	74	84	87	80	21	74	80	77	85	73	25	76	70	72	72	88	77	82	71	72	83	17	23	71	80	81	79	83	82	87	88	78	74	21	86	71	79	86	79	71	26	85	89	90	80	81	86	90	87	89	75	80	81	79	84	21	88	81	72	83	89	88	75	70	86	88	79	86	76	84	79	88	78	78	87	23	26	87	88	86	18	80	81	80	84	78	74	21	77	72	87	77	79	84	90	70	80	82	89	87	80	80	73
83	84	78	78	87	81	78	78	78	84	18	71	72	81	83	90	80	88	87	84	77	78	73	75	24	83	70	87	70	85	86	81	75	89	83	71	72	89	86	72	78	22	88	86	70	86	88	82	78	87	88	88	79	82	82	81	85	90	71	86	74	85	74	73	85	71	74	88	88	86	84	89	76	80	83	80	71	74	22	82	84	78	86	71	26	87	79	75	80	78	71	75	84	84	89	77	76	84	88	81	71	87	80	78	75	85	84	74	19	77	71	87	78	84	71	26	71	79	83	70	73	89	80	88	78	82	81	82	87	88	71	89	26	80	80	87	80	76	75	79	76	71	73	86	74	18	87	75	75	26	71	72	83	81	81	71	77	75	81	82	86	75	82	82	76	86	86	81	89	70	76	89	74	74	75	27	81	81	86	90	83	26	74	77	87	85	85	79	85	71	74	82	82	84	77	76	83	72	87	72	83	76	73	71	78	83	76	85	84	87	22	77	71	87	89	74	78	84	73	72	71	81	87	71	72	74	83	78	81	77	79	83	77	76	89	72	74	70	72	80	88	86	24	77	70	86	89	80	82	79	71	82	77	82	86	88	73	84	79	76	71	78	86	71	74	72	87	82	79	85	86	83	76	90	84	84	76	71	90	72	87	86	83	82	89	76	89	70	73	80	82	81	78	28	78	77	84	88	87	79	88	82	90	71	74	83	82	72	72	78	87	77	75	72	80	83	87	84	88	86	72	89	74	87	78	89	70	79	75	72	86	23	73	83	82	73	73	86	83	80	75	71	88	89	89	80	87	72	73	73	78	73	87	78	71	89	73	84	76	72	71	22	84	80	79	74	80	82	70	85	88	80	87	78	87	84	81	87	75	83	86	87	72	79	77	80	84	74	80	84	76	82	89	87	79	81	87	90	77	72	75	77	77	72	74	72	81	84	76	79	79	79	89	73	78	76	81	82	77	83	89	75	86	82	26	73	84	83	84	88	71	87	80	82	88	75	72	90	78	90	79	87	83	78	19	76	83	79	74	73	81	77	77	74	83	19	82	78	71	87	84	70	75	88	71	89	88	79	78	88	70	77	74	79	76	79	90	87	73	78	74	79	23	87	80	89	82	80	88	72	21	81	19	88	84	76	79	79	71	75	85	22	78	77	82	79	73	81	76	78	79	71	85	81	81	80	89	77	79	78	75	80	75	23	83	89	84	83	71	87	79	87	79	75	79	77	86	79	75	23	77	80	77	83	84	72	81	82	78	79	75	86	89	83	79	82	85	81	83	74	84	75	89	76	75	73	88	80	89	76	76	81	75	82	70	88	19	74	76	82	86	85	89	73	78	76	74	85	81	75	79	81	87	75	82	75	87	89	88	72	71	85	88	86	80	81	73	88	77	73	89	75	75	79	84	73	81	84	75	88	80	76	73	23	74	82	86	70	87	90	88	79	82	18	89	76	78	26	87	86	19	74	73	72	73	84	75	73	79	84	78	81	87	84	74	82	73	78	89	74	81	70	70	78	23	71	84	78	86	78	77	83	78	90	85	79	82	77	71	89	78	78	88	75	73	76	85	76	82	82	82	73	75	76	86	72	90	80	74	89	85	75	20	78	72	78	73	89	89	76	80	81	75	86	82	81	73	89	83	87	90	81	82	84	80	83	80	79	70	82	89	73	78	79	21	73	19	84	81	78	83	81	90	82	73	81	85	72	90	82	72	89	88	87	82	24	78	76	87	86	84	81	73	74	83	89	80	89	72	90	89	83	82	75	72	72	28	84	87	79	87	89	73	85	80	77	21	71	83	84	78	83	80	86	70	83	86	88	89	79	83	77	78	78	82	89	76	75	73	71	88	86	90	73	72	70	83	81	21	87	82	80	75	80	85	87	89	76	88	88	75	77	77	80	87	74	80	82	79	74	76	89	76	25	89	77	72	81	90	83	78	86	81	90	90	83	72	81	80	72	70	86	83	75	82	83	81	90	70	83	82	84	79	82	87	75	81	89	80	82	78	84	86	21	80	76	72	74	89	78	84	84	83	72	20	78	72	76	78	88	73	71	79	88	75	83	87	82	85	72	79	81	82	17	86	85	82	76	86	85	72	73	70	86	82	87	72	72	86	75	74	71	85	89	88	76	77	75	77	82	72	89	85	80	75	89	89	78	75	72	89	88	76	74	88	79	76	74	86	88	72	84	76	88	84	75	90	86	85	89	71	84	79	87	90	85	74	76	82	80	77	81	90	74	21	78	73	72	73	81	73	85	87	72	76	88	86	80	84	80
80	81	86	87	82	79	83	79	90	75	78	72	81	88	73	76	76	25	88	83	78	87	85	89	87	89	72	83	75	86	77	88	70	88	81	90	85	75	85	85	73	82	70	82	72	87	84	70	81	86	90	87	83	21	73	85	72	89	81	74	73	22	83	76	71	74	76	74	90	72	82	78	86	75	74	86	79	74	84	71	89	79	76	73	77	71	80	85	88	83	85	89	74	78	80	85	78	19	80	81	87	84	71	84	90	89	84	78	76	87	81	85	76	89	88	86	80	74	79	81	73	72	76	82	24	89	85	82	80	80	23	78	71	87	88	77	80	73	85	89	84	89	87	85	73	84	86	88	82	77	79	74	89	74	25	89	84	75	77	84	80	89	86	78	82	23	80	88	90	85	70	80	88	89	74	72	20	87	81	75	88	82	85	87	77	88	89	84	26	78	74	87	72	71	82	70	88	73	86	82	89	79	80	84	75	72	81	86	84	83	85	73	89	79	84	83	78	74	78	82	78	89	79	71	85	71	74	82	70	85	71	71	89	79	73	71	86	75	88	87	85	90	86	84	86	86	85	71	90	72	71	83	80	88	88	78	82	84	89	86	88	81	74	85	75	87	82	77	77	75	85	23	88	83	78	71	87	86	75	85	78	90	87	83	90	22	79	83	84	82	89	87	86	82	87	79	84	85	78	77	89	84	82	73	81	80	71	89	74	87	77	88	70	87	79	85	85	86	73	80	84	85	89	82	79	90	81	90	84	88	79	90	86	90	77	87	78	80	80	77	75	83	70	16	75	89	84	81	86	20	77	72	77	81	80	80	79	88	87	23	79	77	76	88	81	76	88	75	82	71	85	83	81	77	83	70	75	88	71	78	85	83	84	81	76	86	90	20	85	74	87	88	79	78	87	80	75	75	88	84	80	87	73	86	80	18	71	86	85	70	73	80	75	85	74	73	70	78	77	79	76	74	72	88	86	85	18	89	77	89	89	81	76	71	80	72	86	71	85	84	77	82	73	90	89	21	88	74	73	72	79	21	87	85	80	80	82	72	72	85	72	80	79	73	73	84	71	72	88	70	75	75	74	76	83	80	74	89	80	75	87	79	72	82	86	82	83	88	84	72	88	89	80	70	79	22	84	89	83	79	71	87	81	78	81	85	71	26	80	87	82	73	72	81	78	82	88	73	83	81	78	74	20	86	87	78	84	74	74	89	90	87	86	16	83	80	83	88	89	73	89	79	82	74	77	75	81	76	86	85	70	83	80	82	75	72	89	82	85	76	90	74	74	82	71	85	74	85	23	84	85	88	80	84	74	81	82	73	83	78	76	74	72	80	79	82	84	83	77	87	78	78	75	78	84	80	82	86	84	73	85	80	85	85	71	79	75	74	72	82	84	73	72	79	82	86	87	83	20	21	83	75	88	88	70	73	90	77	83	86	77	84	80	88	20	88	87	88	76	84	73	73	71	85	83	87	74	79	78	82	90	84	80	70	78	80	75	76	89	77	72	88	79	27	90	78	82	78	79	83	76	75	80	76	72	86	24	86	79	81	89	71	77	88	86	86	71	82	75	78	73	86	79	79	80	75	80	23	87	84	21	86	86	77	81	89	82	84	87	72	83	77	85	77	78	74	80	74	90	24	71	81	80	79	84	80	77	73	80	89	83	83	81	79	76	83	70	84	80	74	73	78	81	83	83	82	71	76	88	82	83	70	79	78	87	87	84	77	89	70	21	18	85	76	89	81	71	89	80	76	88	73	80	84	76	88	85	88	73	74	72	22	23	90	23	71	76	73	86	84	89	82	81	71	75	19	77	75	85	71	87	74	79	80	82	77	74	85	72	83	79	83	72	81	70	74	89	86	88	76	71	86	82	84	75	72	79	75	88	74	76	89	86	79	88	82	84	77	84	73	87	85	81	78	24	86	81	89	79	26	87	83	72	89	88	76	86	89	80	72	71	87	79	74	89	79	80	80	73	87	84	77	84	88	85	87	76	78	80	79	89	88	78	77	70	79	78	80	89	81	72	88	78	84	73	70	87	75	89	77	72	89	78	86	76	88	72	23	77	89	84	74	77	86	89	82	81	82	88	78	84	89	87	89	85	74	81	75	83	87	85	77	88	74	73	89	79	71	77	75	20	86	84	89	88	81	75	75	82	77	83	85	73	84	77	87	78	75	82	75	75	86	76	82	81	89	84	71	84	87	71	80	81	74	90	82	74	74	82	26	72	87	76	82	80	86	76	76	89	81	76	86	84	88	83	81	73	74	89	74
85	77	85	86	76	81	78	72	76	86	76	75	84	75	90	87	89	73	79	85	80	84	88	24	79	25	72	86	79	85	85	71	75	82	80	72	72	71	83	74	77	86	85	88	79	89	70	84	72	86	70	75	86	73	83	81	77	87	87	83	73	76	88	72	87	87	73	71	75	71	74	83	85	72	85	73	79	85	80	76	74	86	77	83	73	72	79	88	87	75	76	90	85	84	85	87	80	74	77	73	78	90	87	73	77	74	71	82	76	80	90	82	89	71	76	72	22	72	81	86	84	89	77	71	76	74	72	75	85	74	80	76	28	71	25	75	89	72	82	83	88	79	86	87	87	84	77	75	83	75	81	85	71	70	71	18	70	73	88	90	84	88	73	70	88	87	86	74	17	72	73	80	79	90	73	81	83	22	76	86	78	85	82	84	85	75	84	85	72	74	75	76	72	77	71	85	84	80	72	75	75	73	78	70	70	84	90	74	85	87	75	86	23	84	86	84	80	72	88	17	75	71	79	75	19	81	80	87	80	86	73	75	85	84	81	87	87	85	89	83	79	81	83	81	78	80	76	89	82	87	87	85	78	19	70	78	71	82	70	71	85	79	78	75	73	87	85	75	79	76	88	82	77	76	73	80	74	73	83	72	73	89	75	80	87	87	89	72	71	77	72	79	73	70	86	83	89	82	75	82	81	75	73	27	83	86	89	90	89	86	76	74	83	70	87	83	78	85	84	88	82	77	23	88	84	85	89	71	73	83	80	87	80	83	77	79	74	84	79	24	87	86	89	76	83	82	73	74	73	74	71	76	76	76	75	20	88	86	88	78	85	71	80	87	76	75	75	79	81	79	86	74	77	73	89	70	90	79	75	77	83	81	73	88	80	89	85	83	71	76	88	73	75	72	77	80	86	83	73	88	74	74	76	80	70	72	76	76	76	72	75	89	81	89	89	82	79	86	87	89	80	72	78	75	81	71	79	78	88	80	75	83	87	88	72	86	83	79	85	71	86	79	87	79	82	74	83	80	76	81	77	79	88	73	72	83	82	16	70	77	75	87	83	76	72	23	75	73	76	86	80	71	82	77	76	85	85	77	86	84	75	87	77	75	80	77	73	87	86	81	82	85	19	82	76	78	85	74	79	73	87	88	82	78	85	86	21	84	84	76	79	85	74	84	85	72	82	75	72	24	22	83	84	90	76	77	85	81	86	70	76	85	89	82	83	73	81	74	78	88	71	70	71	81	79	87	89	71	72	71	80	75	86	88	71	82	76	80	84	71	26	78	82	85	75	77	75	79	73	77	71	81	77	88	81	76	89	86	24	86	77	85	77	72	71	83	88	70	72	86	80	86	71	87	71	89	81	89	80	78	87	80	80	81	84	71	87	81	71	82	71	75	90	86	70	86	74	74	81	85	81	73	71	72	82	80	74	74	74	90	74	87	85	83	80	84	70	82	76	87	78	85	80	82	88	25	80	76	88	73	25	71	90	83	80	89	76	85	82	70	24	86	87	76	84	78	88	82	72	71	75	86	81	85	80	86	83	24	86	82	83	83	85	80	82	75	81	81	71	71	85	75	81	80	73	81	72	79	26	81	80	76	72	73	81	82	73	76	88	25	78	74	83	72	80	73	79	75	89	84	80	86	75	83	87	86	70	73	79	22	75	86	89	84	72	86	79	86	71	81	82	83	75	85	79	86	79	81	73	80	70	83	89	78	73	76	86	76	71	86	88	85	88	70	84	73	77	72	80	74	78	82	90	71	87	87	86	74	89	89	71	71	85	72	83	82	71	72	89	86	76	89	89	79	71	72	88	70	88	81	87	80	73	75	86	73	87	79	74	88	77	88	90	78	78	72	89	82	84	81	71	83	90	83	71	77	77	79	77	85	77	24	78	73	81	86	79	82	85	77	71	87	79	87	77	75	85	78	72	87	83	85	78	71	78	84	72	82	72	81	88	86	79	72	75	75	73	76	77	88	18	87	79	84	89	80	86	73	73	83	88	86	84	74	19	89	77	74	74	89	89	79	87	78	75	70	88	77	86	72	73	72	20	75	81	81	90	84	75	76	78	79	73	71	77	79	74	90	89	75	83	84	85	75	75	72	74	85	84	89	76	78	81	73	73	85	80	73	71	90	80	89	77	74	90	82	83	89	70	76	82	87	75	80	83	79	71	89	79	89	89	88	22	77	79	73	88	77	82	74	23	89	84	86	74	89	86	84	81	77	89	72	77	77	84	88	80	77	75	86	86	76	81	70	85	88	89	73	87	78
90	84	87	86	76	84	79	76	71	71	77	81	78	25	89	73	74	78	73	85	78	72	88	74	76	87	87	79	84	80	77	81	72	82	73	76	71	81	81	87	70	78	27	80	70	79	85	80	80	82	18	81	77	84	78	73	72	90	75	73	75	87	84	80	72	74	88	87	76	83	87	21	79	88	84	72	20	90	88	72	79	88	87	89	76	76	87	81	73	80	82	82	83	78	85	73	17	87	86	87	83	76	88	75	75	22	85	84	82	26	82	87	19	82	84	86	89	27	81	87	84	80	73	84	73	74	83	22	24	79	89	81	75	72	86	87	76	84	75	79	25	87	87	72	72	81	87	85	88	73	75	86	81	70	86	77	21	84	25	85	86	88	81	76	77	75	84	88	74	77	73	80	82	89	80	75	81	84	77	81	80	80	26	77	71	81	72	85	78	87	81	87	74	77	71	79	75	72	77	75	88	80	23	72	77	76	84	72	75	78	87	84	73	85	78	87	75	81	79	87	80	23	83	76	75	88	79	82	74	71	79	71	81	86	70	21	77	76	79	71	78	89	76	73	86	87	72	74	25	73	84	16	80	76	74	82	85	77	78	73	80	72	73	86	86	19	80	85	72	70	72	84	80	72	87	72	72	82	84	80	81	78	84	85	89	82	89	88	21	87	71	70	77	82	75	88	89	80	80	24	84	82	81	77	77	87	85	79	86	77	80	77	85	73	76	85	75	82	74	85	85	80	71	73	87	21	73	83	84	86	82	72	78	89	27	84	80	88	90	82	87	83	79	89	79	74	83	81	76	86	83	87	84	89	89	73	78	90	87	81	89	20	78	86	82	84	70	73	72	89	85	78	80	88	74	82	90	75	85	71	19	84	72	76	82	89	72	72	72	83	86	75	83	83	72	85	85	75	82	86	72	74	80	87	78	85	80	74	72	81	78	71	82	72	83	85	80	75	71	88	89	84	74	78	80	87	72	73	71	81	86	72	87	77	72	73	72	82	82	86	77	85	76	90	75	78	71	82	77	79	76	89	72	82	87	82	84	78	84	89	23	90	88	82	89	74	89	77	77	81	89	72	72	16	78	81	71	89	82	72	86	82	73	80	83	71	87	83	84	84	76	85	79	24	82	81	78	83	73	79	71	82	84	72	84	71	71	89	80	16	22	83	73	84	70	70	88	77	73	87	87	85	74	88	77	74	83	85	74	73	73	70	73	79	70	78	75	86	77	76	82	86	27	89	21	23	72	82	26	87	80	76	85	80	74	85	89	74	79	79	77	90	80	86	75	77	70	87	80	89	87	88	72	84	23	83	83	84	88	76	86	70	90	85	73	70	77	83	77	27	77	82	77	73	83	76	74	78	84	87	72	81	84	77	79	78	86	75	81	70	82	75	80	73	81	74	85	77	80	71	75	80	74	81	73	75	21	72	24	90	72	88	78	79	79	84	73	79	87	76	85	85	78	84	75	87	77	73	74	82	72	73	88	80	78	82	83	86	89	81	86	73	84	71	76	77	74	70	84	89	81	78	84	78	73	72	81	89	85	79	77	82	79	75	74	72	89	77	81	73	70	90	87	74	73	86	90	85	87	71	77	85	76	85	73	87	80	87	75	72	88	81	71	85	79	73	87	89	76	84	90	24	86	80	85	84	75	90	80	87	74	24	81	90	78	89	70	86	90	89	19	19	82	74	73	83	84	88	82	71	86	78	75	83	23	80	71	78	20	85	74	73	84	85	85	85	87	89	88	74	22	84	71	84	86	72	71	81	87	71	71	80	90	88	78	87	89	77	88	75	83	84	82	84	77	77	71	90	82	84	81	88	72	20	84	89	73	89	74	25	76	78	88	80	80	72	88	83	83	77	87	72	71	83	79	26	86	80	90	78	79	72	77	87	77	88	89	78	72	83	73	81	84	83	70	73	81	88	77	75	82	82	87	89	86	85	83	84	77	81	87	88	70	73	71	70	80	77	88	72	89	76	84	78	89	77	89	71	84	74	74	71	74	80	73	84	84	73	19	85	81	74	87	84	84	75	88	79	81	89	87	79	71	81	86	72	88	89	85	84	87	88	70	89	76	83	77	80	80	87	19	89	77	85	88	72	77	79	87	80	82	80	87	83	78	76	84	83	82	75	84	76	89	73	73	78	72	79	74	89	86	81	71	77	81	20	85	71	87	73	89	82	75	89	85	85	89	81	82	75	81	87	72	79	88	81	78	84	90	80	72	82	70	86	78	16	75	78	82	81	72	73	75	82	77	76	86	84	74	88
81	81	79	73	76	71	90	73	74	74	75	74	90	79	78	74	86	86	86	88	83	78	86	89	77	85	73	78	89	84	83	81	73	74	85	86	83	71	74	78	81	84	75	87	78	87	86	83	72	80	75	86	81	82	72	82	89	80	87	80	87	79	73	25	71	80	85	78	86	88	90	81	71	89	73	75	80	73	76	74	73	75	73	89	76	83	77	88	86	76	89	84	79	83	89	83	89	77	89	84	81	89	85	72	89	80	71	81	71	79	75	17	75	71	71	71	23	72	83	79	88	85	84	82	71	70	86	84	78	74	74	82	83	89	83	77	73	89	75	23	25	78	89	85	87	88	22	83	23	78	87	73	75	84	86	75	80	84	70	74	88	75	86	80	76	71	78	89	76	24	77	71	86	86	22	72	81	87	78	77	84	82	76	79	90	81	85	81	85	84	74	74	23	77	79	85	89	87	72	78	85	71	78	86	82	80	71	70	78	73	78	89	90	83	82	80	86	71	74	79	88	87	88	81	89	79	81	74	74	83	80	85	26	85	27	78	71	79	78	72	77	78	80	74	84	86	84	81	80	80	79	79	89	80	70	87	80	72	89	78	84	84	78	88	82	85	82	73	88	22	89	88	88	86	81	80	82	87	76	86	78	83	80	78	83	72	76	82	86	86	84	77	85	87	78	22	84	86	20	72	88	75	76	76	90	90	89	88	83	81	88	83	85	89	73	73	87	27	80	80	77	84	80	83	76	85	79	76	81	76	89	88	75	81	80	74	87	86	84	78	86	79	88	89	78	78	75	77	81	80	84	89	79	73	85	80	80	81	71	72	70	81	88	87	87	86	84	71	75	84	79	79	78	86	24	79	75	81	89	74	21	79	82	81	76	70	80	75	72	81	80	77	82	83	80	70	76	79	74	76	78	15	85	86	82	76	71	77	18	89	78	74	84	75	73	77	81	84	71	76	74	78	83	90	74	90	83	86	85	89	85	81	81	81	81	88	85	79	87	71	83	77	74	79	74	75	78	85	89	82	78	86	89	79	89	71	77	83	85	85	77	79	80	89	83	85	85	83	85	74	73	86	77	82	70	75	73	72	89	72	73	87	89	86	73	83	88	86	22	86	88	82	88	79	78	75	86	75	70	74	81	89	78	85	87	75	80	88	72	73	19	89	82	81	20	73	86	89	89	87	72	84	75	89	88	72	73	84	77	76	82	90	76	73	82	84	82	72	70	77	88	86	88	83	75	88	78	83	76	89	72	83	73	79	22	19	76	88	83	71	73	78	85	74	72	82	89	77	75	81	83	72	88	88	85	84	73	72	75	19	87	84	79	84	90	84	78	81	73	76	84	87	79	89	70	71	77	73	73	84	79	79	81	74	80	89	88	88	76	73	84	88	75	83	71	24	72	85	84	79	73	87	79	85	82	79	79	83	78	84	88	90	19	81	70	73	86	73	78	70	74	71	77	79	85	70	83	84	76	88	73	81	74	20	72	86	84	23	71	86	71	20	71	75	73	79	78	75	85	86	83	78	88	88	74	73	85	76	70	73	89	89	79	89	83	83	84	85	85	89	76	89	83	81	83	77	90	77	82	72	71	77	72	90	77	85	72	70	75	74	75	83	81	17	87	83	24	82	73	82	22	89	75	89	73	89	25	87	77	89	73	75	75	81	86	71	78	80	73	76	83	71	81	20	89	87	75	18	83	83	76	88	88	90	88	85	89	86	80	76	86	72	80	88	72	86	75	77	84	71	75	87	77	87	75	71	85	84	70	89	89	87	80	72	82	89	78	86	73	20	23	20	75	79	80	84	89	74	80	73	76	78	75	80	86	82	82	81	90	82	79	79	90	71	87	89	79	87	87	89	80	77	75	88	72	84	78	70	78	83	74	79	75	77	73	90	71	81	70	72	71	85	84	82	71	89	85	81	77	70	89	87	84	72	75	88	75	71	88	27	81	89	81	86	70	83	81	75	80	70	84	89	73	84	80	87	74	89	72	24	25	82	71	73	90	74	81	75	87	72	77	85	77	74	87	84	80	86	86	83	75	87	84	84	84	74	77	84	77	82	73	83	80	71	86	71	84	23	17	73	84	73	81	71	84	88	88	28	89	87	90	71	73	71	70	85	74	84	73	87	77	70	88	84	75	86	76	75	76	87	80	77	71	71	81	76	74	85	77	79	88	82	83	77	81	75	77	85	90	77	72	26	70	79	71	83	79	86	82	73	73	74	78	80	73	78	81	88	80	80	86	82	80	83	76	70	72	80	77	85
70	82	72	74	84	74	85	88	84	85	78	82	80	72	79	83	75	82	82	90	88	76	86	80	72	79	84	77	81	75	82	70	85	75	71	83	71	83	72	74	79	78	74	79	72	76	78	75	84	78	81	20	79	89	85	79	82	89	85	70	76	71	74	85	87	73	81	80	77	79	87	78	87	83	87	82	89	85	83	90	83	89	88	87	73	76	76	73	85	88	25	81	82	82	88	84	75	82	70	80	87	73	77	88	78	80	81	74	81	82	89	87	86	72	76	89	90	79	76	80	80	90	73	88	71	80	89	75	74	87	81	75	78	75	75	71	85	88	84	73	78	89	82	79	78	83	77	84	76	89	84	79	82	84	72	85	85	84	72	75	81	86	73	81	80	86	72	87	89	72	78	71	19	86	24	86	74	70	82	76	88	72	78	79	83	79	70	78	76	80	81	81	78	28	75	86	71	87	88	86	87	82	87	81	85	87	81	72	84	79	88	87	89	87	82	76	71	84	76	71	71	85	74	87	87	87	86	76	86	77	78	83	88	70	78	83	77	74	78	79	79	84	80	23	89	77	87	87	72	71	71	73	25	88	77	90	20	72	82	88	76	90	82	72	73	90	77	79	83	70	87	70	81	83	81	72	73	80	73	71	89	79	83	74	87	82	85	73	70	84	83	76	74	70	85	85	76	75	75	79	81	83	83	87	89	77	76	86	83	82	76	85	26	78	87	73	79	79	82	83	78	78	74	79	71	71	85	78	90	72	84	72	79	74	77	83	22	81	85	89	84	89	85	77	86	88	81	76	71	21	89	81	89	88	88	77	80	77	81	74	87	72	84	80	85	76	88	85	77	78	87	84	74	87	72	78	84	80	72	79	76	22	73	72	87	77	84	86	72	80	85	72	82	74	90	70	76	81	86	88	79	87	71	82	75	90	25	81	72	87	87	72	89	78	71	89	76	88	74	82	75	81	79	86	89	72	88	88	75	86	86	73	74	86	87	22	88	26	71	80	88	71	89	81	82	82	74	86	89	90	82	84	81	89	90	90	79	80	81	79	82	88	77	76	75	77	85	70	83	76	79	21	73	84	89	77	83	79	80	88	84	74	81	80	74	73	88	74	81	90	71	78	75	75	81	78	75	80	74	82	71	84	77	90	90	89	86	81	86	80	87	89	86	87	82	80	89	82	87	72	88	78	76	80	76	84	73	79	81	86	76	88	80	86	85	70	82	81	75	72	84	82	76	79	90	82	76	80	81	80	71	87	89	86	70	82	84	84	71	76	73	82	71	76	85	88	25	73	72	89	82	90	81	87	77	85	73	80	77	74	84	76	76	77	71	90	89	87	86	72	78	75	88	79	80	83	71	84	89	78	19	74	81	79	89	82	77	71	82	70	74	87	90	73	85	72	24	75	72	73	75	71	88	79	77	78	89	85	85	79	82	17	79	81	82	71	83	84	86	78	85	78	72	83	87	83	77	70	86	84	71	87	71	87	82	80	87	83	76	86	25	75	77	89	83	81	70	81	76	82	81	89	78	87	25	78	71	78	71	85	81	89	75	82	85	28	81	79	84	87	77	82	84	85	83	78	83	88	79	83	71	87	87	83	79	83	88	17	73	78	82	80	77	89	84	82	74	77	72	88	77	75	86	82	84	81	87	85	80	82	80	73	75	89	84	70	76	73	25	73	89	82	86	87	82	82	81	76	84	83	76	77	70	71	81	79	75	76	75	80	84	71	84	72	71	83	84	77	73	85	72	84	86	85	83	75	85	72	74	78	73	86	88	84	87	89	80	85	82	86	21	80	72	87	78	79	78	79	71	74	76	85	82	88	72	89	87	77	82	87	82	79	83	83	72	89	88	90	73	78	77	71	84	71	84	84	84	90	71	74	74	77	75	72	85	74	73	85	20	86	84	83	72	73	72	73	82	19	85	70	83	80	76	72	81	79	84	76	83	79	79	88	73	84	84	83	77	85	88	70	81	89	70	18	74	81	70	76	81	80	76	76	84	84	86	83	82	70	79	84	84	82	80	26	83	78	71	76	87	80	73	76	71	87	75	80	88	89	72	74	79	80	87	72	71	81	76	84	71	76	77	77	71	74	85	77	74	87	89	80	77	83	77	82	83	23	75	72	74	25	78	73	86	71	72	71	83	78	83	83	81	71	82	85	77	71	71	79	71	84	78	89	74	73	18	77	75	75	74	75	75	88	74	88	71	88	71	80	86	85	85	78	75	71	83	72	79	82	77	71	78	80	72	86	81	89	87	87	72	85
80	78	75	78	72	80	88	81	76	18	84	81	83	77	76	82	20	82	81	82	79	74	83	72	90	76	88	71	71	88	74	79	72	73	87	83	88	80	88	75	76	83	71	73	82	79	79	89	87	80	87	78	72	84	73	89	78	74	76	73	75	82	87	77	78	86	71	75	74	79	72	71	78	81	77	88	76	86	73	82	79	79	73	85	87	25	79	89	87	74	88	85	85	80	70	82	83	74	89	72	81	87	82	18	87	82	75	79	76	83	88	71	82	76	76	85	72	85	88	81	87	89	70	81	84	77	84	77	88	72	74	88	73	88	74	79	89	83	81	82	85	78	77	90	83	72	82	88	83	88	88	75	89	77	71	75	84	70	82	79	89	84	21	83	88	83	26	17	72	71	73	77	83	86	90	84	84	70	77	75	80	75	87	86	21	75	84	82	83	83	79	89	84	85	74	79	72	87	82	84	82	73	75	83	86	77	86	73	73	75	89	82	75	73	89	75	87	70	81	81	70	81	85	77	73	75	79	73	76	80	70	73	71	71	75	82	76	82	88	74	90	80	73	84	71	85	85	80	80	87	85	71	87	72	72	77	84	79	86	75	75	71	87	89	78	86	84	83	84	81	89	84	83	71	78	85	88	75	25	74	87	78	89	72	24	79	73	84	87	84	82	75	86	84	77	73	79	86	76	89	73	89	73	89	71	86	85	86	72	75	83	88	74	71	90	73	76	71	77	82	74	72	88	88	72	72	27	84	74	75	90	73	73	88	80	84	72	84	75	76	83	84	88	73	74	70	73	79	83	88	87	81	17	75	75	84	72	87	89	77	87	71	80	84	83	88	84	88	23	78	72	84	88	88	76	75	84	70	82	72	84	79	74	90	82	74	73	88	73	77	72	88	79	88	74	74	78	17	83	74	77	89	76	73	75	79	85	73	82	78	90	81	27	79	72	74	79	88	79	84	20	87	86	80	86	71	70	82	84	85	83	78	82	84	84	88	77	71	81	78	82	83	87	83	73	77	85	73	79	75	79	83	80	78	71	72	78	75	80	78	81	88	88	79	81	88	72	81	72	79	84	76	76	75	18	87	71	70	79	73	74	78	76	75	78	82	80	82	86	82	84	72	79	90	77	85	74	73	77	90	89	71	72	87	81	85	76	82	81	82	78	79	84	88	90	88	16	74	87	70	71	79	87	71	75	85	81	79	80	73	75	90	82	80	80	77	79	84	76	84	81	85	89	20	80	80	85	80	71	84	84	25	76	24	82	89	70	79	82	73	89	77	89	90	71	77	73	73	89	89	80	81	87	71	72	88	70	81	85	88	75	86	89	85	79	88	81	89	87	85	21	73	74	74	79	81	71	85	77	87	87	78	75	82	83	89	73	82	82	83	80	85	74	72	71	72	77	83	85	83	81	77	78	88	79	75	81	80	87	83	89	86	79	90	71	85	23	78	89	80	89	76	72	87	89	73	72	20	87	86	87	23	77	81	88	82	77	87	77	73	88	76	85	77	83	75	84	84	78	80	79	19	76	76	80	70	76	84	72	89	73	76	81	75	73	82	74	80	73	73	78	77	77	85	70	79	77	84	73	76	84	89	72	82	77	80	87	74	74	79	73	82	74	89	87	90	78	83	87	79	78	75	83	73	71	73	82	72	79	70	73	72	81	89	76	82	80	19	85	83	71	78	74	84	79	80	79	79	81	89	80	72	72	84	78	77	85	70	82	89	77	86	85	72	82	85	76	76	90	86	82	75	72	73	82	77	79	80	71	23	72	71	80	86	72	85	86	80	84	79	77	86	89	89	79	74	90	80	77	85	74	73	78	74	76	88	79	71	80	70	76	80	84	78	71	81	71	70	74	82	74	86	89	74	87	80	86	26	83	79	88	84	27	85	78	79	71	73	70	85	76	75	25	88	80	87	79	87	83	89	71	83	78	78	74	75	74	87	80	84	71	83	75	84	82	89	80	78	87	81	85	71	87	74	80	72	22	89	71	87	78	84	85	88	73	87	74	72	79	88	71	76	83	72	89	75	89	73	77	82	76	71	74	84	75	75	73	83	74	88	81	87	79	88	88	85	90	84	82	87	81	75	85	89	89	85	78	85	86	82	72	90	81	77	83	75	81	84	75	76	82	74	72	70	89	82	89	86	87	81	77	77	84	78	20	78	71	80	76	89	71	71	81	87	71	73	86	72	78	74	83	84	78	73	88	86	85	75	89	75	26	73	74	72	84	73	76	89	72	84	80	85	74	82	73	86	74	72	74	76
87	76	88	83	83	74	71	71	71	85	71	75	83	87	86	81	86	86	71	90	74	80	79	77	84	83	87	81	83	78	80	78	88	72	84	75	72	84	85	85	75	75	81	78	73	81	88	71	82	86	75	83	88	76	73	74	75	72	88	87	83	85	88	75	79	79	72	78	70	88	72	75	78	79	76	75	71	79	71	82	84	76	82	80	90	71	78	82	86	86	74	75	77	82	74	71	72	81	70	72	83	90	88	77	80	71	77	89	78	87	71	86	74	72	71	75	71	25	72	85	78	86	88	82	81	75	85	88	84	71	71	71	78	76	81	70	88	85	22	86	77	84	78	85	82	81	90	81	85	80	86	85	74	84	77	82	84	72	90	72	77	88	80	89	89	76	80	78	82	89	83	82	78	77	89	80	85	80	77	88	72	82	83	90	87	87	81	81	84	87	90	74	86	86	19	83	86	71	71	87	77	76	83	86	83	87	81	82	79	72	84	76	82	83	76	78	72	80	79	81	87	77	76	82	88	82	85	83	89	80	82	88	86	79	79	82	74	87	73	82	70	74	80	87	72	80	87	87	71	78	77	85	82	81	86	89	83	82	86	82	79	86	73	73	71	76	83	82	72	71	81	84	75	79	86	86	85	80	78	80	81	88	75	76	83	86	78	85	89	87	81	88	78	79	81	71	76	84	85	88	80	83	89	85	77	72	83	80	89	74	89	84	76	85	78	78	79	71	75	87	75	89	81	76	79	78	83	76	79	82	75	78	71	70	77	83	89	79	78	79	82	80	77	80	78	71	88	88	83	75	82	79	89	88	76	83	86	74	75	74	71	75	86	79	77	81	79	82	78	86	75	82	74	75	74	76	76	86	80	81	77	80	81	87	86	84	74	73	85	74	73	71	85	87	75	70	90	72	84	85	74	70	75	84	82	82	79	87	72	84	77	73	82	76	27	86	78	84	90	84	78	79	79	88	71	89	84	82	72	85	89	82	83	76	73	78	79	73	78	88	86	75	72	81	90	76	78	86	88	75	86	77	78	82	73	74	84	77	76	89	76	71	77	90	84	84	78	88	87	85	79	87	71	85	77	76	87	78	79	72	77	74	71	71	83	81	78	83	80	90	78	90	88	74	77	88	71	78	86	75	83	84	82	73	76	89	70	76	82	71	73	78	86	71	81	88	70	70	75	73	73	73	89	70	82	78	80	76	89	83	71	89	76	75	79	75	82	77	85	74	72	89	82	72	78	82	79	71	88	75	82	81	80	70	82	81	83	75	84	72	82	76	89	88	84	79	80	71	78	72	79	73	80	73	82	84	86	90	85	87	80	78	89	88	71	84	83	86	75	79	78	86	77	71	26	75	88	85	75	73	83	77	80	88	82	70	72	26	78	79	85	88	79	78	80	90	87	79	75	76	77	88	71	89	76	78	79	81	89	86	77	77	84	84	75	88	80	80	75	89	86	78	72	81	76	86	71	89	79	72	81	73	89	76	79	25	86	82	71	77	73	88	87	87	78	87	86	84	81	71	75	88	90	88	82	89	85	88	76	81	77	75	77	80	77	73	80	81	87	82	70	75	83	82	82	77	74	74	84	86	76	78	74	82	81	73	79	79	86	89	80	71	77	82	81	72	75	74	72	88	79	80	75	73	83	75	73	79	88	84	79	77	72	87	75	77	74	81	88	84	83	74	89	83	75	74	79	80	74	83	72	78	74	71	72	86	88	79	70	84	83	85	82	83	78	86	76	84	85	86	88	81	78	74	75	85	85	90	83	83	28	71	72	81	76	83	76	80	76	86	80	21	80	88	84	77	16	76	74	82	73	79	83	80	71	76	83	71	26	82	23	82	83	84	86	71	85	81	79	84	88	87	80	79	87	84	77	73	88	83	72	80	76	78	74	84	86	71	80	77	88	75	87	77	81	74	82	83	77	76	25	90	82	88	79	89	71	82	76	89	83	83	77	90	84	72	77	73	71	82	79	74	86	81	80	76	79	90	25	86	76	80	84	87	86	75	79	88	88	23	18	89	75	78	78	86	83	78	81	72	82	84	76	76	74	80	78	87	72	84	76	76	80	78	84	79	88	73	76	76	73	25	73	84	83	76	78	78	76	84	81	86	76	87	71	88	78	82	81	73	86	73	74	26	84	85	83	81	79	79	74	83	77	77	86	83	73	75	73	78	79	88	85	79	85	74	77	71	76	88	78	73	83	70	86	71	86	86	83	76	77	90	70	84	70	77	81	73	83	74	72	85	75	70	88	73	71	78	77	83
wj																																																																																																																																																																																																																																																																																																																																																																																																																																																																																																																																																																																																																																																																																																																																																																																																																																																																																																																																																																																																																																							
11	96	54	15	33	45	20	88	85	40	63	44	71	51	55	95	70	78	23	57	40	63	91	92	18	78	57	90	65	82	44	38	35	98	99	43	43	39	35	21	1	61	78	17	49	92	51	22	25	68	33	48	27	18	53	53	88	92	77	40	2	31	50	91	88	82	25	34	61	8	81	70	79	34	82	97	48	64	46	70	78	96	18	31	38	11	40	60	75	90	50	12	97	82	42	14	94	40	37	39	3	4	41	100	2	64	10	50	11	41	98	13	70	4	31	33	82	42	12	99	60	89	38	59	24	76	20	70	72	97	40	41	50	21	32	82	20	60	41	95	39	19	8	55	3	20	15	16	17	58	83	30	62	51	16	65	53	86	14	42	90	46	24	35	43	93	73	63	91	76	53	65	11	27	29	19	43	23	8	84	46	38	59	77	89	7	30	55	20	68	85	6	61	64	82	9	67	95	87	13	90	49	30	42	18	15	75	57	74	51	52	32	54	23	21	36	79	17	82	73	74	49	18	93	19	42	16	87	34	65	87	62	90	46	64	51	5	48	31	90	6	97	23	69	75	19	65	95	76	39	17	44	95	29	64	46	31	98	45	84	96	1	47	61	85	92	7	53	3	97	66	7	32	94	63	12	48	76	76	55	31	96	40	9	56	37	46	51	7	61	74	41	49	38	22	47	75	7	33	4	82	77	99	69	52	8	35	13	21	92	91	38	19	69	55	27	30	7	23	51	15	89	76	5	80	81	51	69	63	41	60	76	25	81	25	42	99	40	54	16	93	55	30	52	12	2	77	71	32	51	40	66	71	82	33	3	48	82	74	41	84	33	17	4	29	60	15	64	23	79	66	36	5	34	98	12	95	93	21	82	59	59	15	61	57	58	57	37	14	32	46	40	5	90	37	97	40	83	26	63	53	49	62	67	93	85	42	82	100	50	56	76	30	46	30	6	83	58	6	65	85	22	98	72	64	21	88	76	71	38	18	2	72	41	32	79	16	79	72	33	93	61	12	22	81	12	51	79	32	10	26	61	27	92	49	11	73	86	54	79	26	19	80	92	33	39	45	57	47	9	30	89	70	68	61	99	65	3	61	44	48	91	9	2	83	99	60	48	27	60	20	51	90	62	65	89	56	42	86	10	70	57	20	37	32	60	63	74	34	81	45	72	51	83	15	55	50	4	39	99	4	100	87	19	57	21	25	10	3	66	23	23	77	12	87	3	38	20	59	31	45	57	55	79	11	63	99	41	93	57	1	94	72	83	20	76	92	8	83	57	6	67	4	93	66	92	47	62	32	44	55	10	15	48	39	64	99	21	78	76	20	78	22	54	88	60	24	86	82	97	7	25	23	68	40	96	82	80	33	12	46	28	32	22	98	31	55	22	14	13	19	53	64	9	31	79	53	75	36	85	69	41	32	95	25	91	30	89	48	57	60	77	51	32	51	72	51	95	33	29	23	62	6	40	64	81	72	27	59	46	63	95	92	77	70	41	17	42	35	35	28	71	4	61	79	35	80	27	59	12	44	9	36	23	34	19	22	42	35	4	5	83	44	15	97	9	49	19	10	66	53	84	33	70	76	64	100	90	59	98	7	25	19	34	62	95	59	85	57	42	80	93	89	86	87	7	85	41	21	93	14	17	20	44	40	73	14	28	72	92	13	87	37	33	23	4	89	93	56	44	73	53	63	80	9	10	95	53	94	41	48	62	25	30	25	72	7	40	74	99	60	35	1	5	92	17	70	23	52	24	9	86	42	93	69	5	75	42	25	88	44	15	8	33	81	75	97	27	73	2	37	99	97	38	16	48	35	54	80	2	45	2	72	10	15	28	60	69	17	19	7	32	52	41	7	2	48	68	77	59	45	60	71	52	75	39	22	9	41	11	97	14	93	11	23	23	97	98	86	49	61	69	42	7	45	91	67	86	5	29	24	58	76	98	57	59	76	35	71	81	22	35	64	66	38	88	6	79	50	64	87	8	79	86	95	1	53	30	88	27	34	35	18	88	24	96	66	34	67	34	33	94	19	48	12	65	72	14	48	79	71	82	12	97	72	80	14	28	72	18	95	13	86	64	54	90	41	15	44	30	86	57	96	94	4	99	49	26	15	25	79	57	54	97	45	75	7	68	85	68	38	58	6	91	2	7	28	52	71	17	18	52	16	58	89	62	71	74	2	47	93	97	62	98	96	49	77	38	95	24	24	52	54	43	66	67	14	42	72	29	52	6	14	41	62	28	88	60	35	82	50	88	57	15	56	86	82	89	63	79
