pij																																																																																																																																																																																																																																																																																																																																																																																																																																																																																																																																																																																																																																																																																																																																																																																																																																																																																																																																																																																																																																							
25	40	29	35	30	47	21	58	93	77	41	88	83	39	87	36	41	97	18	48	41	23	33	46	99	14	44	32	91	22	69	75	26	19	50	50	33	68	88	42	39	59	96	43	66	95	80	48	52	17	24	23	95	85	95	13	97	43	87	56	41	44	53	93	74	51	29	96	27	31	63	54	24	54	80	54	42	63	60	11	33	96	95	80	34	54	14	61	28	26	46	34	92	14	53	68	32	34	61	15	52	26	54	49	95	45	37	45	42	52	75	39	57	13	82	15	22	17	27	79	24	72	16	62	61	10	17	27	48	33	23	55	93	89	65	68	39	86	22	94	33	91	40	73	56	62	34	27	21	70	54	37	80	32	22	61	13	93	71	55	23	45	94	47	82	19	45	71	59	84	18	55	98	33	71	77	79	76	43	86	25	22	75	91	47	80	32	86	42	66	37	75	22	89	37	47	43	28	26	17	82	36	83	84	68	91	74	17	87	12	37	61	82	79	72	23	33	67	89	51	50	26	47	81	88	43	45	24	67	89	92	74	74	29	81	99	21	65	40	72	86	62	83	73	34	94	25	74	89	60	25	99	70	48	99	41	65	44	42	98	48	79	30	43	10	81	82	34	46	30	33	81	15	94	64	49	57	29	76	87	13	51	57	41	27	19	84	32	84	11	24	51	55	50	61	19	28	26	31	52	46	88	77	54	33	25	57	27	92	46	63	69	30	35	34	93	13	15	31	61	47	11	67	89	48	34	62	55	50	91	13	51	95	74	42	86	40	14	51	70	77	54	94	74	88	99	56	95	36	26	96	76	18	42	71	25	12	61	54	45	42	53	17	62	28	55	47	27	60	55	96	97	51	92	98	57	27	16	10	96	63	58	70	52	53	19	68	40	25	22	13	94	31	81	83	23	39	60	98	59	19	63	23	94	13	31	17	31	79	63	60	45	80	34	54	25	81	59	43	81	38	99	84	97	83	21	38	41	89	46	60	86	74	49	97	99	60	14	62	10	18	87	49	85	76	50	51	21	37	44	10	40	69	87	91	43	16	85	23	15	87	53	91	27	89	71	89	36	78	85	17	46	80	71	74	56	98	52	59	88	91	82	38	51	73	45	89	72	42	38	47	51	19	11	60	69	76	92	31	50	39	82	52	76	56	87	32	30	23	30	17	80	83	64	31	60	27	58	11	14	18	51	52	93	34	84	16	44	92	28	47	11	76	27	52	75	77	20	90	33	79	62	23	44	93	75	74	55	98	41	43	33	30	47	23	23	43	88	83	47	34	67	12	37	43	59	48	17	55	54	18	27	86	11	26	97	16	61	55	35	60	17	22	56	61	77	68	60	99	14	30	57	46	97	69	75	16	18	39	64	34	13	28	43	37	19	70	35	28	89	50	50	24	14	49	33	84	70	12	29	43	65	96	31	16	83	14	96	90	33	53	35	92	13	81	49	33	43	72	96	56	71	25	56	41	20	99	98	81	14	92	20	89	46	27	40	27	88	74	52	13	96	20	14	51	36	38	80	16	50	55	36	88	50	18	86	21	80	23	11	88	51	57	28	97	60	63	23	17	54	75	56	75	94	86	28	82	93	38	30	11	51	11	23	37	53	81	55	62	48	80	61	83	57	88	61	14	69	53	85	82	62	54	44	90	60	20	48	52	97	98	24	56	47	53	23	97	18	30	59	23	97	33	28	32	51	47	92	54	42	35	20	97	99	99	62	46	45	38	52	24	73	48	75	27	22	38	46	95	16	37	80	22	98	32	41	83	47	90	29	100	46	41	67	81	75	65	75	76	45	22	19	23	26	20	90	65	53	60	83	14	74	42	30	81	55	74	91	19	89	86	90	48	23	34	52	78	55	61	16	57	26	24	73	60	85	77	22	47	80	96	56	84	26	97	67	72	34	36	83	63	57	44	71	71	66	12	57	12	26	50	84	14	68	21	70	56	74	80	21	28	22	34	97	58	28	60	59	18	85	26	29	41	40	71	66	55	97	86	69	60	46	21	57	40	43	62	75	43	74	70	13	73	18	65	50	47	79	71	61	79	19	26	63	96	52	56	96	84	51	74	77	65	20	91	92	24	86	48	10	17	47	34	90	52	65	11	38	64	90	40	82	79	17	17	63	38	20	52	22	96	83	69	39	43	37	49	85	99	23	58	48	39	50	84	33	22	24	43	57	66	93	59	100	28	52	40	62	72	59	99	17	44	40	47	74	17	43	19	43	12	32	17	15	42	64	58	48	69	43	38	59	98	27	23	30	63	26	53	31
32	41	83	28	91	59	62	74	39	75	49	68	95	36	43	66	14	24	79	11	78	25	66	47	66	58	95	34	42	51	84	24	28	53	22	67	30	87	75	69	83	71	59	67	68	21	18	77	80	29	57	14	33	21	46	32	42	70	29	19	54	13	28	60	67	57	16	81	12	74	42	87	85	81	22	97	14	92	44	28	74	88	23	55	15	70	65	63	96	68	60	67	22	36	48	47	28	36	63	74	53	78	35	28	91	88	86	58	46	49	47	58	11	43	29	26	37	68	23	36	86	64	11	93	20	11	10	42	66	64	32	64	58	21	38	88	80	20	93	85	46	65	86	41	53	24	64	84	93	63	15	53	89	99	21	26	47	35	21	28	35	63	39	97	22	74	68	79	12	66	39	80	20	84	76	69	41	92	70	25	40	86	96	66	88	67	64	18	81	29	25	43	14	74	78	46	61	74	17	82	39	46	93	53	66	32	96	97	69	22	19	50	47	80	62	72	95	15	85	98	32	87	19	88	87	59	77	53	99	49	99	57	19	75	96	35	67	87	59	81	84	30	31	97	51	97	25	22	95	99	25	94	58	87	23	82	15	62	76	77	97	17	59	66	86	13	75	27	16	98	25	23	14	29	74	61	82	92	70	49	49	36	51	46	63	12	56	77	88	72	30	75	63	96	96	23	80	89	42	23	50	43	49	17	48	73	21	41	59	64	53	61	24	54	28	24	60	50	38	25	63	79	50	50	41	99	72	46	35	66	84	19	71	33	53	73	87	76	81	33	58	16	86	29	99	84	79	39	28	20	14	69	14	86	20	23	26	96	47	52	74	63	31	16	12	74	62	13	85	89	79	79	15	70	67	79	43	36	10	36	28	27	10	46	92	71	57	63	48	14	96	50	83	64	60	47	58	91	20	57	11	70	78	58	42	74	83	46	68	49	92	24	20	93	65	70	28	87	88	28	49	17	23	12	70	77	26	92	29	12	15	93	30	39	91	54	74	72	16	44	36	53	32	34	51	18	53	75	15	81	47	83	46	65	12	76	75	40	78	38	16	70	20	22	28	19	15	50	25	95	41	74	18	16	96	14	82	97	32	47	78	63	35	53	54	82	48	19	53	85	69	94	91	96	86	13	80	56	20	36	50	97	79	59	34	15	28	98	22	11	84	50	27	57	83	98	86	17	37	66	51	12	99	88	31	64	50	93	28	60	16	66	93	15	47	61	21	27	36	34	36	41	49	95	69	19	87	78	62	74	13	15	19	58	40	49	60	84	86	32	36	29	30	63	54	32	38	94	30	28	14	42	35	11	67	24	36	41	79	11	13	70	75	91	78	77	82	47	13	27	63	16	80	82	64	17	56	40	12	39	13	14	96	59	57	58	15	51	13	85	45	46	58	68	73	16	61	79	56	75	86	18	19	85	72	15	21	98	69	81	89	23	31	93	32	54	62	72	41	42	23	97	76	35	49	26	33	98	93	78	39	27	98	73	88	38	11	67	44	31	96	68	81	27	54	95	33	95	13	70	10	85	19	11	64	37	96	85	12	12	25	97	11	93	21	67	86	23	71	43	88	93	67	64	32	75	81	10	81	57	58	84	60	47	34	36	90	40	87	47	85	73	60	66	24	92	77	22	20	20	50	71	17	44	85	54	31	19	94	100	84	96	36	90	68	24	24	73	58	20	22	11	17	48	78	97	80	97	69	32	83	77	25	35	71	59	86	14	26	15	90	42	66	18	81	53	32	19	60	30	44	23	78	74	68	39	66	50	19	60	92	88	83	82	86	84	72	14	53	12	92	86	94	64	79	84	18	89	41	11	82	98	77	86	86	67	55	52	93	52	71	24	44	54	56	98	59	92	17	29	68	72	11	89	48	74	71	74	19	13	35	84	39	12	96	95	62	65	24	15	65	23	76	21	97	89	69	63	23	57	33	33	35	56	52	99	42	56	81	45	43	47	66	94	76	86	86	79	50	30	61	91	77	24	96	25	23	15	24	52	92	61	30	16	97	23	52	89	92	24	64	78	30	22	12	25	89	18	36	67	73	51	87	65	94	57	48	42	26	12	10	55	21	15	67	99	82	81	44	49	22	94	47	73	98	82	70	15	15	20	55	26	98	55	54	21	39	25	34	14	18	99	15	26	80	16	28	57	51	26	78	34	40	11	59	20	53	75	30	35	29	73	37	99	89	19	84	78	52	99	89	71	17	49	28	37	31	44	79	14	91	42	53	92	91	12	29	17	14	75	27	15	25	35	73	48	85	52	22	72
61	14	47	76	51	50	31	60	51	88	73	31	87	39	36	99	90	53	87	53	100	83	61	17	52	17	33	52	40	24	89	67	19	79	90	47	15	61	48	50	11	95	88	71	100	67	55	41	35	48	79	71	89	73	93	23	63	64	10	67	57	22	44	30	34	33	85	10	11	41	20	26	40	19	47	68	42	76	90	71	87	55	20	18	69	43	82	70	68	100	59	53	45	60	40	40	67	87	29	35	52	18	88	61	72	66	14	41	16	84	93	52	16	74	90	76	92	77	24	45	77	37	40	62	36	95	40	43	88	42	86	46	88	71	27	66	57	75	79	28	72	50	91	77	84	11	17	93	15	28	28	67	38	58	19	69	13	57	90	25	68	22	95	14	95	53	62	20	65	26	33	85	72	56	50	58	41	41	100	86	20	57	16	54	47	23	42	35	30	14	58	17	76	79	12	42	32	24	35	20	50	44	34	18	37	27	83	73	55	19	69	99	93	40	90	23	84	99	29	84	44	44	82	47	80	100	19	38	40	43	39	73	24	19	48	84	21	98	39	42	66	44	48	58	51	99	35	25	80	15	36	89	50	61	30	35	44	79	75	82	66	64	89	26	88	86	34	17	96	88	31	38	39	27	28	89	11	45	70	26	71	92	99	22	65	26	62	69	27	87	56	48	86	24	45	81	68	94	83	46	58	77	12	47	46	51	53	39	11	20	84	30	99	73	46	19	51	24	12	66	23	39	26	80	37	31	70	37	21	35	19	47	12	23	73	96	20	95	46	13	79	54	70	80	66	45	36	60	85	37	56	56	41	28	12	46	44	89	98	90	63	27	90	100	98	90	45	16	58	34	72	84	57	15	38	84	47	41	57	82	55	31	28	40	84	60	23	55	55	81	87	60	91	21	95	30	48	29	33	38	34	98	80	86	29	39	21	68	26	75	16	93	91	56	78	88	18	14	56	58	95	56	19	37	56	100	66	30	26	91	31	65	91	37	30	67	48	78	90	10	17	86	71	81	29	22	80	28	29	87	20	88	49	62	39	50	59	77	76	30	45	96	65	81	83	18	77	95	42	46	70	62	34	36	79	92	57	40	26	25	52	80	97	42	44	24	78	80	18	95	88	24	36	32	92	82	56	85	88	68	19	33	100	80	58	83	73	96	50	12	71	42	74	71	94	63	46	63	52	66	85	59	75	80	82	54	87	81	47	17	37	19	69	47	77	20	51	48	75	47	71	78	38	69	47	23	60	39	59	74	21	13	53	32	62	47	59	67	29	55	17	55	68	81	74	53	30	78	79	21	12	41	80	77	75	12	47	48	50	85	70	69	39	18	61	19	42	25	48	89	52	11	94	24	67	55	98	76	31	17	20	57	71	82	43	80	14	13	38	64	12	60	94	23	84	85	27	30	83	89	85	11	92	77	49	64	20	12	44	11	24	95	16	63	28	39	17	19	39	72	55	21	15	56	93	38	87	98	36	13	100	83	14	24	25	12	35	61	71	53	96	47	12	97	83	36	68	96	97	74	50	94	66	85	44	19	74	24	50	19	10	48	35	26	14	58	65	59	31	58	16	57	57	81	97	44	13	47	57	89	76	79	28	56	65	36	58	50	83	82	74	89	67	33	57	32	87	49	57	67	23	14	11	93	25	18	82	32	19	100	44	32	97	65	78	92	69	92	87	96	63	90	57	17	11	37	77	70	29	73	84	19	78	71	12	50	52	58	32	52	46	48	41	49	96	21	94	69	93	94	72	72	38	24	82	42	60	14	82	73	66	57	52	58	56	37	74	42	33	83	29	47	68	26	84	100	47	80	36	97	42	53	68	14	77	78	70	32	27	85	24	71	48	88	72	23	84	66	70	88	26	62	55	74	95	99	88	89	42	51	75	22	94	62	52	75	11	48	61	38	76	98	49	95	66	34	67	26	52	53	77	10	50	21	11	44	46	35	77	13	34	37	53	50	30	21	93	62	12	17	24	84	73	29	25	83	15	74	60	56	56	43	18	70	92	90	86	65	95	67	38	97	79	30	91	52	66	68	13	97	63	24	71	42	57	57	27	71	70	37	58	39	11	87	87	62	52	78	47	50	75	42	80	94	62	33	26	55	15	79	75	83	50	15	92	48	11	40	29	73	60	67	13	83	48	15	61	53	88	98	91	26	23	97	28	22	96	84	11	73	54	41	40	54	18	12	94	65	34	91	53	63	41	47	96	10	19	84	62	50	61	84	14	25	50	94	57	21	33	81	39	26	92	61	88	56	79	52	84	33
94	33	60	94	91	32	30	78	51	56	63	82	36	26	30	19	67	53	31	75	49	40	75	22	29	26	54	62	81	50	26	36	12	98	83	18	13	54	61	70	35	80	12	77	84	63	90	21	92	43	87	83	96	99	91	53	24	17	35	50	95	67	26	63	61	68	22	25	30	90	98	35	93	34	82	53	82	36	14	69	37	71	93	32	59	37	40	75	34	70	30	45	29	32	28	48	40	63	55	91	37	14	21	68	53	26	94	93	13	39	88	52	11	93	54	32	99	20	89	89	13	28	100	37	18	60	65	88	76	15	14	63	29	38	18	97	51	21	98	64	95	10	13	23	93	62	93	96	82	75	90	85	38	90	90	18	63	68	35	52	11	71	88	97	83	97	24	76	73	63	75	33	78	73	92	96	93	17	24	67	54	56	18	26	75	98	29	27	27	75	54	71	50	85	71	90	70	15	34	35	63	96	66	86	39	21	25	69	99	43	19	91	12	76	66	28	24	63	84	61	96	20	22	67	53	40	22	28	90	17	34	26	60	63	16	45	85	62	61	59	37	44	43	22	57	88	78	79	96	70	61	33	84	52	35	78	66	37	91	86	66	52	63	43	71	29	52	10	58	46	51	35	59	25	17	74	46	86	11	59	52	69	43	59	50	50	62	55	70	83	18	71	33	20	36	62	36	47	57	55	15	48	24	91	34	26	45	79	95	33	98	90	82	26	35	66	89	35	77	82	11	88	21	27	96	34	16	92	55	10	70	33	67	68	97	80	46	50	59	10	99	92	15	72	37	70	28	65	67	35	41	88	90	92	78	51	66	18	91	41	45	43	78	41	82	60	41	93	86	80	64	90	28	30	57	30	98	17	87	77	69	80	42	80	88	86	98	29	56	40	22	30	37	17	46	26	93	59	82	51	39	73	53	81	27	17	43	78	99	31	74	27	51	82	82	29	37	72	82	41	78	52	37	91	17	65	100	68	79	29	39	79	28	99	40	95	54	37	14	24	51	18	85	23	54	17	75	89	51	26	94	56	45	37	92	74	49	69	95	53	64	40	40	42	55	75	35	11	88	67	42	52	60	97	68	28	68	64	96	84	45	66	32	88	64	98	87	94	32	26	76	95	34	47	47	64	53	95	23	53	21	41	59	62	15	25	69	16	70	52	33	39	72	56	19	39	78	57	83	42	88	28	89	69	86	55	71	58	53	95	68	65	51	26	92	20	62	25	65	15	48	22	65	39	58	73	29	21	58	18	30	65	33	99	13	90	30	27	84	93	35	28	15	14	74	38	92	90	41	87	90	80	11	84	50	58	54	79	54	18	13	41	48	83	50	25	73	79	46	35	40	26	51	89	29	66	87	90	70	17	25	22	97	75	85	12	35	18	90	34	24	39	95	40	33	43	98	40	42	86	85	22	29	21	56	91	26	43	31	72	24	94	98	87	76	42	60	19	31	13	67	55	67	46	87	20	82	53	80	34	23	57	55	84	18	56	20	31	24	59	15	56	79	45	92	39	68	95	53	91	79	50	71	38	92	33	83	88	40	50	45	25	85	59	44	30	39	30	70	41	90	77	65	51	93	58	19	67	88	16	84	76	25	17	44	61	29	25	55	16	13	77	71	43	10	15	99	30	51	92	53	11	46	50	92	70	84	26	30	77	74	86	22	93	60	69	11	15	81	64	97	75	71	41	30	38	15	55	94	92	18	38	71	65	94	18	81	61	56	89	39	93	64	53	34	98	57	76	93	49	23	62	25	37	98	12	90	74	11	78	14	19	72	70	71	87	96	78	82	45	70	19	40	44	32	97	41	42	13	14	33	10	20	76	92	97	72	96	35	72	36	49	15	86	53	95	54	93	15	62	81	19	24	11	69	88	17	87	19	52	64	83	47	53	78	26	91	42	95	93	64	53	34	73	50	20	81	15	18	44	91	21	41	70	64	34	97	65	43	65	87	47	72	89	27	67	26	51	36	98	41	73	12	63	64	42	74	25	89	26	11	26	99	19	63	18	16	11	46	76	58	72	72	33	59	24	65	22	59	14	12	36	46	23	52	98	56	82	29	29	95	21	31	22	71	52	16	80	60	24	67	86	96	53	39	80	59	68	12	76	56	53	22	96	68	91	40	77	54	33	38	52	45	82	51	56	62	19	35	62	81	70	19	95	45	61	89	90	72	86	84	22	62	14	56	98	54	48	43	81	16	51	66	49	41	34	44	98	32	60	53	74	92	28	31	64	84	94	36	92	64	45	10	39	75	62	36	69	27	60
94	26	67	35	56	12	11	96	56	99	59	17	61	69	41	36	70	46	78	32	84	29	14	39	45	66	69	14	43	11	89	86	14	48	11	28	40	42	57	33	36	54	85	61	91	41	19	92	17	43	82	100	50	89	69	91	81	30	33	66	64	12	57	17	70	13	58	83	79	22	20	29	53	61	35	84	80	25	70	89	21	99	21	31	92	11	34	81	16	58	88	67	40	22	97	91	80	97	47	90	45	43	17	24	90	44	48	12	47	84	17	79	71	65	80	88	10	70	58	27	32	55	98	70	62	72	31	84	86	60	76	29	37	19	94	49	75	97	33	38	76	97	84	23	96	68	88	56	25	77	76	23	41	48	97	41	47	62	74	23	47	90	19	20	79	74	86	89	96	91	87	78	17	34	41	68	68	50	52	53	31	67	41	76	32	65	84	54	80	78	81	47	90	78	12	88	85	67	85	33	59	99	48	75	26	17	29	26	56	69	39	22	82	74	89	94	78	38	71	92	70	25	29	46	10	60	45	19	54	79	98	81	37	46	21	12	77	57	44	33	84	76	79	14	66	24	66	96	30	16	34	69	42	15	12	81	41	37	69	100	63	18	15	21	32	30	54	23	31	56	48	31	30	23	21	14	26	24	65	24	66	12	77	78	63	72	97	18	89	72	24	69	35	33	77	63	41	30	30	38	31	50	89	77	81	34	84	49	36	93	95	23	16	44	63	50	41	38	72	77	40	69	74	22	89	28	84	84	31	23	49	52	88	12	30	70	27	39	34	20	22	56	34	45	69	90	39	66	42	90	83	72	33	21	57	37	21	36	87	75	66	80	36	40	85	59	54	70	94	29	62	69	20	82	34	33	53	71	90	79	91	98	16	21	89	49	92	82	22	31	83	45	16	96	70	21	95	20	97	93	34	89	99	31	73	93	52	77	61	28	84	46	30	97	25	47	37	35	59	100	35	59	12	11	69	72	51	53	17	72	12	56	58	46	97	50	14	20	51	81	96	23	85	50	56	64	17	98	80	62	38	99	74	10	95	83	45	24	48	90	54	24	41	66	40	71	40	22	35	96	72	19	30	67	22	22	44	100	87	53	46	96	94	34	97	46	97	24	68	39	86	25	91	57	77	74	67	42	96	18	18	79	16	21	95	64	34	33	75	27	84	97	85	56	79	15	52	91	63	72	73	36	53	55	45	63	84	72	36	88	80	64	64	97	23	100	70	98	79	63	51	79	52	51	56	90	88	85	59	20	68	29	11	68	65	23	39	36	52	38	80	99	64	62	18	68	55	56	57	86	77	81	41	65	14	22	23	34	13	27	83	79	78	36	49	14	11	19	86	76	41	72	34	72	28	58	41	95	90	29	59	59	91	58	49	63	94	94	61	43	92	78	72	43	29	61	12	19	21	50	51	18	40	74	31	33	46	85	29	92	11	93	95	76	21	51	32	75	73	73	71	55	31	53	65	90	24	50	34	62	37	40	13	39	17	90	74	78	84	51	85	77	34	75	57	64	71	37	23	32	84	93	22	15	52	88	35	37	76	61	29	29	79	15	13	83	95	71	19	54	42	15	13	85	99	76	89	80	96	50	58	52	44	79	69	94	91	51	38	71	31	36	57	26	25	76	53	24	75	54	86	63	95	40	77	47	31	72	53	94	42	68	53	69	58	76	22	63	52	88	64	88	84	70	37	37	98	88	97	80	14	27	68	79	28	81	26	36	85	95	21	52	21	39	68	100	100	88	57	54	21	81	22	40	98	32	61	78	13	54	36	34	31	62	50	65	43	10	41	92	35	45	71	54	16	52	93	25	71	47	31	12	87	94	19	60	44	24	23	95	93	37	44	11	29	81	97	76	94	49	54	38	32	34	58	16	81	51	82	88	20	97	28	37	37	72	37	41	92	41	23	65	38	28	90	38	12	10	100	94	52	67	79	79	82	86	23	63	98	84	35	88	44	81	75	35	54	74	22	56	18	75	29	12	61	68	63	68	69	56	71	15	24	55	73	36	57	34	88	38	92	97	16	85	66	61	82	77	21	69	27	11	64	32	41	40	33	50	15	66	79	39	65	63	46	46	51	89	78	44	32	14	24	29	55	60	96	93	81	51	57	90	87	62	63	36	20	81	42	79	46	53	44	82	67	65	43	46	89	75	37	29	84	93	77	42	43	83	96	33	84	62	77	19	64	38	27	59	15	64	57	67	37	58	21	32	25	41	57	34	96	46	10	67	30	51	32	85	24	100	67	63	26	38	11	82	40	13	98	67
67	42	84	93	36	83	49	92	18	86	14	78	23	14	20	28	23	26	31	58	60	69	54	91	96	33	72	46	32	53	37	49	62	72	63	52	24	95	59	31	29	50	81	81	67	18	94	44	46	49	41	67	26	50	89	57	68	15	73	66	45	11	39	73	39	27	55	93	58	24	30	88	97	31	42	99	65	95	91	61	22	97	62	96	93	40	16	21	59	92	55	11	99	18	62	78	92	41	60	45	17	85	49	12	60	42	77	99	65	10	21	85	11	42	40	94	33	12	54	87	39	24	18	43	59	42	19	11	53	27	70	43	22	40	93	86	80	51	55	34	32	63	10	49	53	47	47	88	25	52	25	44	39	57	17	55	82	99	30	18	51	74	55	23	80	61	98	87	97	97	84	30	68	43	16	41	79	43	49	13	50	58	34	52	52	34	51	95	24	64	72	40	17	67	53	80	61	57	90	62	57	41	19	10	65	71	73	69	33	27	75	17	18	23	37	87	97	94	36	62	31	23	47	72	13	15	88	10	18	13	54	88	22	52	49	22	40	67	57	72	48	53	57	84	25	16	47	72	11	99	14	65	23	98	47	60	98	25	18	76	51	40	21	81	12	87	27	91	12	62	48	74	24	95	62	62	56	98	30	75	41	33	47	27	41	13	23	22	88	26	91	82	42	34	87	88	79	53	37	21	23	62	76	65	21	37	17	37	22	60	75	61	75	80	59	53	16	96	30	86	32	32	70	61	22	45	22	43	66	68	36	39	87	86	42	82	22	54	45	18	45	93	70	53	74	43	22	45	94	94	64	56	33	38	28	38	30	98	90	21	51	45	61	97	67	18	19	95	56	80	83	13	44	92	89	75	17	16	62	31	12	42	41	73	87	31	27	59	84	59	25	92	56	42	44	86	74	19	27	47	99	46	75	10	39	59	36	41	67	47	48	69	46	79	19	27	21	69	31	19	52	52	37	49	52	45	36	47	60	78	56	43	31	38	98	29	88	40	35	98	61	55	84	21	48	10	30	97	64	42	89	89	39	81	33	20	96	65	89	72	18	70	26	75	25	90	92	76	14	70	29	63	60	89	65	54	24	67	32	55	79	94	28	85	93	33	73	58	59	39	64	14	34	35	96	98	17	77	92	38	65	11	66	90	56	76	90	68	27	55	12	25	64	92	57	32	87	40	30	99	95	52	96	35	87	96	73	66	78	17	19	25	95	57	44	18	71	79	72	29	16	81	28	76	43	17	99	18	82	27	42	94	33	85	76	83	77	16	64	58	36	12	97	99	17	57	29	63	27	33	88	78	21	64	54	14	87	96	54	58	89	22	34	40	46	38	20	99	65	86	57	66	81	98	62	86	54	85	41	29	46	31	97	94	35	62	97	62	35	98	89	82	88	47	35	23	49	41	72	59	70	90	75	91	12	86	15	29	34	16	35	81	67	90	67	29	68	40	15	65	27	21	63	40	74	43	78	77	81	75	24	76	34	78	89	84	57	14	41	72	25	89	49	10	64	73	80	22	68	91	90	25	12	21	56	13	11	98	68	58	41	71	77	75	70	35	24	44	46	13	71	18	76	43	52	85	24	30	58	78	84	59	27	68	27	48	79	10	34	77	74	45	19	45	99	92	40	98	46	33	40	83	45	14	28	31	79	85	70	58	49	100	44	75	97	48	83	98	35	60	55	94	49	41	60	32	37	76	42	23	55	53	50	24	16	37	70	26	62	75	18	97	97	57	13	32	70	38	17	76	42	68	94	63	51	78	42	64	43	48	96	92	48	44	32	48	40	44	96	97	32	23	31	100	83	87	90	80	71	32	32	79	16	87	90	67	89	52	93	47	63	40	97	12	74	85	92	66	74	96	38	82	83	93	71	96	93	44	98	90	17	82	69	30	40	16	78	18	59	96	81	14	47	50	73	47	81	82	50	85	33	91	16	89	95	24	14	81	66	94	92	10	54	13	72	66	13	56	21	33	89	99	58	69	45	40	51	43	67	73	72	92	51	84	86	31	92	19	66	51	67	30	82	59	68	16	19	65	97	66	34	98	100	24	66	62	71	85	37	85	60	47	18	80	21	27	61	65	33	83	74	57	34	37	74	40	43	32	94	89	37	39	74	98	77	35	25	81	32	73	55	46	58	12	51	25	54	29	29	76	88	60	26	48	46	14	77	39	36	99	46	63	15	32	62	72	39	49	30	27	92	69	61	90	57	40	16	96	24	60	43	62	67	70	48	33	25	27	67	27	61	64	88	82	27	52	21	22	19	52
60	13	24	92	86	95	18	73	79	94	100	54	43	36	76	75	32	91	48	27	78	37	59	78	79	96	27	40	31	80	18	77	15	89	84	63	26	91	62	81	11	22	82	72	87	94	35	53	39	45	71	89	28	45	42	68	27	15	73	36	18	60	63	83	86	79	42	92	76	91	81	77	16	30	55	53	81	55	80	96	86	65	38	33	14	36	63	18	24	26	44	62	15	85	38	55	73	74	89	51	56	72	24	98	24	85	12	48	72	28	38	16	99	41	45	38	77	33	87	54	21	29	33	46	53	59	53	49	50	11	16	49	39	40	33	96	83	68	92	34	67	12	73	72	21	64	15	83	93	15	64	53	14	83	34	100	62	86	69	12	37	86	61	91	99	75	62	20	45	52	86	91	80	74	68	86	38	77	95	74	18	70	59	94	89	55	55	90	69	26	94	29	64	73	18	29	11	73	36	24	62	37	79	36	20	44	92	28	38	86	37	33	26	59	98	49	62	85	11	30	34	80	96	13	99	64	94	47	71	53	13	50	65	49	31	30	56	10	33	45	73	27	71	52	39	74	22	23	15	47	71	23	40	73	65	75	43	79	91	31	41	37	75	98	95	87	73	93	69	74	42	76	77	73	34	75	16	93	46	95	90	59	11	77	82	61	17	83	33	11	95	79	50	67	62	40	29	61	85	43	35	73	33	40	61	55	22	47	27	92	84	99	34	34	64	32	65	67	13	48	51	51	26	78	70	99	87	22	72	83	86	21	87	65	85	72	63	53	81	26	44	44	40	11	65	95	80	58	62	82	48	17	30	20	14	99	31	13	18	74	15	63	79	69	62	39	50	59	79	69	14	92	71	69	60	86	11	41	54	100	96	58	60	65	53	73	37	43	85	73	37	88	27	50	27	69	29	12	73	34	85	19	69	93	30	45	19	94	56	74	42	50	90	66	100	43	62	12	76	37	18	67	60	54	41	77	24	83	82	45	56	47	79	94	63	17	98	17	65	86	33	69	74	15	99	69	69	34	79	57	62	30	27	34	86	12	21	60	96	77	83	14	37	74	44	82	43	58	23	20	37	72	28	12	16	24	95	84	28	63	18	64	86	32	91	77	71	58	26	50	47	93	56	67	14	61	56	23	78	99	94	95	71	71	15	35	59	94	36	56	56	15	32	14	97	92	83	57	53	92	77	53	77	71	37	33	37	23	25	59	71	92	21	94	67	14	88	94	34	39	27	66	11	81	94	66	15	20	91	96	55	31	11	65	12	39	34	10	30	12	62	77	41	47	33	41	100	95	30	99	96	53	42	33	89	50	77	47	24	73	70	24	89	91	79	10	25	65	60	96	95	54	43	75	10	38	13	45	100	63	43	46	60	80	62	16	59	58	86	79	64	41	66	90	98	77	83	99	59	50	63	25	74	19	91	14	73	79	37	67	36	64	69	96	31	76	73	98	22	18	97	67	57	19	32	39	14	73	55	65	32	51	14	53	95	24	47	26	79	57	46	19	40	39	74	14	32	38	55	61	13	31	19	81	42	16	28	26	74	44	36	75	88	51	85	74	69	37	97	55	60	51	90	34	24	25	84	70	13	51	53	60	13	16	45	21	81	11	71	31	83	21	84	84	72	35	84	68	63	12	18	79	31	28	54	50	61	61	52	61	74	34	12	82	85	95	86	73	43	92	94	51	94	34	47	76	84	45	70	13	22	57	83	46	75	73	37	11	17	86	29	29	46	29	58	24	79	37	65	60	51	13	57	84	67	76	55	23	68	39	39	47	13	76	81	69	89	53	45	17	25	21	34	13	96	44	19	22	51	57	59	44	13	82	87	66	78	47	97	32	75	54	37	11	18	59	21	82	67	88	60	30	14	69	89	51	52	96	78	47	49	16	64	22	58	74	41	87	56	52	25	11	77	97	20	55	98	70	68	18	47	23	19	36	43	78	26	50	39	30	99	80	63	94	80	59	61	81	97	86	98	89	30	78	28	51	21	64	40	98	22	81	46	97	42	28	46	83	68	39	81	34	55	78	12	35	50	41	19	55	39	28	29	84	18	12	43	100	71	21	72	87	42	96	87	66	43	82	44	79	81	65	47	55	14	49	27	87	20	11	59	61	69	93	58	43	89	69	36	11	94	38	86	95	88	92	65	87	66	39	55	27	37	19	22	42	82	87	15	59	88	62	49	100	45	75	39	98	40	76	97	14	81	86	44	96	30	18	87	61	80	99	79	32	54	19	46	67	21	94	20	53	42	83	51	13	85	35	94	42
38	84	39	29	95	13	32	59	89	77	48	21	80	21	70	77	91	81	50	61	20	91	89	97	94	27	98	32	29	15	41	37	85	99	85	82	35	48	60	66	90	19	61	75	89	27	62	72	23	12	63	79	22	78	86	17	85	32	28	97	44	76	44	40	50	16	69	71	26	72	12	30	39	16	95	73	72	75	47	72	15	30	97	98	96	30	78	25	87	27	58	51	69	65	53	79	39	81	51	44	42	75	96	94	44	84	32	65	31	44	71	83	95	77	18	59	39	45	66	11	69	24	68	38	69	82	21	40	94	65	62	53	37	98	34	45	38	11	60	50	28	32	66	78	65	16	32	38	12	22	21	34	50	16	24	73	90	95	88	29	18	55	52	39	87	47	66	73	83	91	95	76	61	30	75	21	86	70	28	14	14	48	16	36	61	37	85	51	58	86	24	66	11	41	73	87	25	20	16	64	55	46	34	87	12	17	38	21	68	66	52	60	35	100	71	31	22	87	55	47	69	40	69	68	68	72	47	65	13	45	26	95	43	37	77	13	99	36	73	50	82	47	91	43	49	44	58	50	59	34	48	60	87	91	68	53	92	54	30	85	77	82	76	12	54	16	24	37	27	71	54	11	98	55	89	99	83	17	100	23	81	30	24	46	74	30	89	53	63	74	75	42	28	62	75	11	69	58	91	20	69	23	35	10	95	46	66	96	84	59	35	40	32	91	52	83	65	40	74	59	14	90	68	32	72	15	14	49	39	61	34	77	74	33	64	40	32	34	57	90	76	99	12	14	76	93	64	73	40	44	10	86	14	37	42	23	34	98	65	72	76	31	84	68	14	19	28	89	66	77	63	23	27	86	69	14	53	33	39	96	38	60	73	82	81	31	76	82	79	24	85	32	80	13	30	19	93	55	73	67	28	17	10	42	18	93	58	25	29	96	64	80	92	96	64	50	42	60	99	74	80	48	40	92	39	66	75	33	71	90	79	21	65	75	29	69	80	71	93	16	14	40	51	64	84	11	15	46	45	42	24	18	90	48	54	51	60	33	16	97	50	93	49	33	61	97	20	40	66	68	95	12	56	17	19	17	86	10	54	20	82	51	88	86	68	32	93	49	42	68	89	24	67	58	92	68	99	50	87	19	18	72	33	12	27	13	24	12	71	84	91	62	54	37	94	88	48	35	89	76	95	39	43	69	38	37	93	35	14	75	49	36	91	11	46	42	92	38	23	96	18	84	62	25	31	46	47	86	24	61	82	60	34	96	86	57	41	94	58	25	27	42	46	64	75	74	60	64	64	95	40	62	81	75	53	27	40	36	29	25	62	38	79	40	68	67	17	98	59	46	72	64	40	27	59	46	24	26	52	97	68	67	19	88	17	95	22	78	53	26	100	43	94	16	75	93	92	92	51	31	56	69	87	78	57	34	75	16	76	69	71	99	52	63	37	43	38	82	62	86	60	38	36	77	43	97	59	94	80	80	15	30	30	60	91	39	92	33	86	11	86	68	34	94	45	99	67	23	32	24	39	18	47	72	87	48	46	92	37	77	31	86	72	97	61	15	26	95	58	65	22	30	41	30	46	88	56	36	13	59	53	93	35	88	45	27	58	62	18	17	33	62	78	73	28	14	91	77	65	80	62	95	57	51	56	38	11	88	57	86	56	58	13	94	51	78	30	49	19	72	26	98	79	33	14	21	81	56	43	35	95	75	77	93	47	66	84	73	61	72	24	70	98	39	36	52	15	72	94	42	60	42	87	66	54	86	53	59	87	77	51	66	45	37	45	20	51	83	30	32	47	66	68	14	67	20	98	54	51	90	24	16	65	16	77	99	74	86	33	74	86	99	61	28	20	12	17	77	56	84	21	14	79	87	89	36	91	84	97	39	57	33	11	23	92	81	40	19	90	67	20	62	33	71	98	49	13	87	20	39	71	64	57	23	47	95	68	48	33	93	89	60	65	75	32	13	21	36	50	79	88	57	97	85	37	93	51	81	23	81	99	95	37	12	78	57	15	82	55	21	14	56	80	44	66	60	47	16	30	98	18	63	17	74	97	25	35	71	73	56	32	29	98	94	20	88	55	29	12	40	36	91	40	61	17	62	96	83	14	12	28	94	55	91	19	47	63	27	19	20	42	49	62	96	89	94	49	100	70	63	81	63	36	51	100	71	80	20	16	29	39	24	67	60	69	59	51	76	87	60	99	75	18	37	12	55	45	47	60	32	55	82	77	76	88	57	95	20	97	34	63	71	38	41	42	11	11	39	59	94
88	14	73	57	77	100	53	68	30	34	45	28	16	73	89	28	81	79	75	50	30	50	75	48	40	85	20	92	57	59	99	49	72	93	25	45	35	50	68	27	86	28	85	36	29	65	29	96	34	10	19	35	92	24	73	84	65	14	68	12	86	90	86	99	51	60	24	27	46	38	48	21	20	24	89	75	76	44	67	70	17	61	93	62	63	93	39	82	68	16	15	71	99	37	34	37	31	24	100	41	80	51	17	51	95	26	46	74	81	81	60	96	48	17	88	88	22	25	39	61	38	59	63	85	100	91	78	48	95	82	38	17	77	81	12	98	26	20	20	96	85	39	22	65	59	87	53	71	12	82	97	57	40	36	86	62	33	24	25	25	85	45	43	77	51	89	58	71	13	87	25	87	34	95	66	61	87	61	27	56	17	43	36	22	54	18	76	25	64	60	77	94	95	96	81	77	61	13	35	63	97	82	11	98	83	63	25	77	67	62	47	28	53	14	62	66	42	18	35	57	44	100	63	77	77	37	72	42	42	50	87	53	54	55	26	19	25	38	68	21	54	36	49	82	44	42	22	17	73	93	71	36	16	92	79	31	47	70	71	35	65	75	87	45	78	65	71	65	14	79	97	72	73	11	85	72	85	45	86	80	49	22	59	17	47	46	98	28	46	64	55	74	99	42	96	78	38	96	84	21	34	55	88	13	51	62	46	85	80	94	84	27	78	54	75	30	71	26	87	91	85	98	34	28	16	85	93	67	28	49	52	26	30	82	68	70	31	35	30	61	88	52	73	92	66	39	88	15	53	12	45	56	18	69	50	73	33	85	92	28	13	71	21	35	19	53	98	74	84	38	34	51	24	28	14	96	37	11	24	13	77	67	60	30	12	74	32	42	95	58	77	81	71	27	47	87	53	75	25	72	76	93	79	96	72	22	98	44	76	60	32	73	72	72	31	91	56	26	24	58	84	16	56	10	31	47	23	79	67	38	37	54	41	95	63	61	38	34	79	54	76	36	40	65	96	61	34	26	15	24	99	58	24	12	41	78	13	30	59	63	14	29	42	14	20	28	24	70	92	88	40	56	60	45	59	42	29	78	20	71	38	76	30	76	18	32	73	26	83	11	12	58	40	42	96	24	85	70	93	63	15	52	66	10	30	54	77	51	19	95	99	94	36	47	54	65	73	87	81	19	73	72	50	52	56	35	71	94	55	73	54	51	34	63	98	56	52	47	74	43	47	31	29	61	53	70	27	71	16	14	87	54	83	62	43	80	98	41	43	45	22	23	57	94	59	40	48	92	81	14	50	87	68	27	75	27	15	60	46	97	49	57	70	45	36	51	97	33	93	36	55	63	66	29	70	50	36	37	12	39	73	48	38	22	87	27	94	87	26	14	57	80	91	33	32	66	48	45	21	35	56	87	29	92	98	98	79	92	56	13	17	54	95	68	47	66	84	83	64	50	37	91	46	59	78	91	93	53	71	70	84	50	66	76	42	81	14	39	39	42	37	95	25	78	62	39	29	62	57	69	54	60	82	25	43	42	85	42	82	21	54	91	47	87	57	64	11	43	40	56	43	95	52	75	40	71	91	75	72	42	91	46	67	81	35	83	87	76	78	70	70	89	22	17	84	50	73	46	48	63	97	41	82	74	16	84	56	51	85	68	28	21	32	62	32	23	47	84	11	37	11	92	81	89	43	80	62	41	81	39	61	38	32	18	40	52	55	89	50	99	87	70	43	18	44	79	50	59	84	88	80	56	18	57	45	18	15	94	98	17	93	43	51	43	99	81	22	57	39	46	39	30	93	65	41	81	75	26	20	22	82	27	84	35	37	95	66	67	95	13	87	43	21	25	75	19	85	14	20	49	94	35	32	13	47	100	39	52	51	64	78	24	79	20	45	94	28	47	66	10	91	70	81	48	91	74	96	12	89	60	35	66	47	85	18	23	77	49	91	20	33	19	82	47	92	98	28	80	51	37	99	31	47	32	30	72	98	46	84	55	37	88	88	90	41	24	14	41	30	53	69	14	26	58	17	64	38	97	76	59	30	22	91	37	11	70	85	34	99	47	27	31	92	38	16	57	83	22	21	98	22	94	87	20	18	77	85	88	61	97	27	15	73	36	89	36	76	77	50	75	15	66	78	39	49	28	12	53	86	79	14	96	19	81	46	45	67	97	69	50	29	35	33	21	86	90	82	69	97	21	30	72	12	78	11	87	74	63	66	85	56	64	60	19	17	85	98	17	31	35	87	63	75	45	30	77	50	13	20	14
32	61	73	54	21	19	72	53	50	35	53	61	10	79	20	87	83	43	24	38	15	26	30	63	73	51	93	67	33	26	77	99	64	78	17	98	97	34	100	86	41	98	41	42	55	23	12	85	27	99	58	10	74	34	95	71	66	57	51	65	36	22	34	23	84	73	47	70	39	73	65	100	98	59	92	50	41	39	66	29	19	44	10	34	94	13	69	21	94	87	80	52	59	47	72	53	95	70	12	86	91	85	97	85	49	10	39	16	35	37	38	34	56	15	72	94	85	49	34	52	31	90	78	91	82	16	81	83	78	17	67	17	63	37	59	61	16	17	14	65	57	13	54	42	46	24	84	28	32	59	36	83	78	90	88	72	89	31	86	33	57	31	19	15	38	33	27	78	50	30	98	48	74	66	41	65	98	23	70	22	41	83	77	56	43	62	92	43	20	39	26	61	48	26	24	35	74	87	98	61	21	87	79	73	40	61	34	65	69	71	35	44	79	80	65	14	48	87	49	67	70	39	69	67	63	22	53	73	24	59	74	63	74	40	93	69	29	84	61	41	42	20	64	46	72	34	57	58	70	20	75	75	54	65	37	95	43	58	30	51	66	40	75	31	63	90	94	11	47	53	49	81	26	97	75	87	26	95	91	38	42	72	71	79	94	30	19	46	81	22	23	55	22	96	46	77	44	56	43	40	21	68	15	66	33	85	24	34	63	99	80	71	60	70	85	48	69	76	56	13	73	86	44	29	23	78	12	92	66	97	76	90	30	66	66	31	91	48	11	40	28	36	67	81	45	84	41	83	78	61	95	84	95	46	59	15	54	45	46	13	93	82	20	12	63	47	58	37	26	95	80	36	63	44	76	19	70	54	38	19	73	28	42	40	91	45	56	44	63	80	61	82	51	52	12	60	41	17	71	70	23	57	57	40	38	40	55	41	22	16	13	84	56	55	39	68	14	28	48	94	37	32	47	94	99	82	95	53	74	34	97	22	86	72	99	94	52	74	94	11	81	72	33	99	27	33	23	57	91	25	77	64	86	87	98	95	11	13	54	80	46	88	75	52	55	45	43	63	78	67	79	76	97	65	35	81	51	20	67	90	63	16	74	52	65	38	59	63	26	91	10	43	88	47	92	61	33	74	33	39	59	43	89	79	57	20	82	13	13	71	20	45	64	35	57	79	82	14	53	55	48	20	51	68	77	11	11	17	85	87	48	31	52	13	68	72	16	18	28	91	40	53	23	34	55	74	27	83	42	87	98	57	11	30	84	37	32	99	34	95	48	65	33	96	59	44	37	32	67	22	45	62	15	24	49	53	18	94	64	91	42	56	68	81	85	14	47	55	38	26	26	88	87	62	78	77	12	24	20	58	52	90	41	100	30	95	82	67	32	31	47	85	55	96	21	73	46	54	27	66	48	69	57	62	32	74	13	68	43	93	33	11	65	74	37	13	19	61	23	71	55	28	88	70	85	70	58	55	24	18	18	64	76	62	10	84	89	18	47	58	21	80	63	40	41	11	19	95	78	56	12	21	16	97	41	92	67	72	89	58	24	57	91	20	68	69	81	99	98	21	48	30	25	77	92	67	21	13	48	56	23	43	32	68	52	19	30	50	82	87	30	72	34	21	27	17	82	21	24	50	67	88	61	54	74	61	24	23	86	57	80	68	93	99	68	36	48	39	28	98	63	18	99	23	71	89	40	99	94	78	59	100	37	26	44	21	80	53	36	35	84	91	41	92	18	96	90	35	45	83	74	46	97	27	42	68	88	29	54	24	23	76	31	16	18	57	59	24	42	17	20	58	58	96	86	76	56	56	88	85	47	89	36	37	25	94	27	25	46	26	87	86	81	79	95	44	11	90	59	82	14	61	15	40	35	36	28	17	17	90	71	15	20	98	40	22	54	98	64	23	81	52	27	79	97	14	23	50	57	89	82	83	86	36	49	38	18	45	10	85	78	90	81	44	28	83	97	29	34	76	30	14	72	98	32	46	37	76	60	43	88	12	55	36	99	42	100	78	42	62	11	16	43	89	18	95	44	12	18	11	22	72	81	52	93	60	54	54	45	63	26	34	58	11	23	27	30	61	13	15	35	92	83	11	74	75	69	85	65	70	13	59	82	58	88	23	79	16	71	89	92	41	53	55	38	21	21	73	48	48	38	43	18	71	93	86	54	37	11	72	77	41	48	86	14	64	58	20	22	24	89	96	80	59	19	15	44	60	65	49	86	50	86	40	13	94	86	82	44	41	37	94	22	12	31	57	99	99	41	82
70	60	40	89	87	68	29	19	87	81	13	56	21	46	37	99	60	77	29	92	43	87	56	47	35	80	85	31	56	19	79	92	70	41	47	14	76	67	73	69	96	33	38	16	44	70	70	64	32	97	67	93	19	69	22	66	99	66	78	80	89	15	17	84	91	62	96	66	19	61	71	41	60	11	63	16	20	66	90	68	30	52	73	90	67	49	11	22	86	15	44	16	69	56	58	29	42	16	96	82	22	37	88	72	70	58	35	61	20	39	17	48	100	69	46	16	18	53	18	18	15	84	84	14	99	52	48	80	51	68	80	63	64	52	24	33	75	42	16	65	38	83	32	23	37	69	34	50	34	72	34	97	57	20	50	70	30	63	10	34	38	34	40	57	83	33	50	89	19	94	93	20	47	59	22	56	77	95	25	41	78	100	45	51	21	92	40	92	77	11	90	28	19	67	32	92	29	20	80	61	50	39	43	12	40	75	17	38	89	95	15	89	20	66	68	92	44	96	34	12	18	89	89	82	45	79	30	52	37	51	68	65	45	89	91	70	37	72	23	66	85	50	15	95	71	65	55	100	22	35	13	85	63	83	60	32	16	66	94	83	55	42	98	18	19	26	27	26	14	71	86	57	26	81	42	35	57	51	39	63	52	54	67	15	46	35	74	60	58	66	94	24	45	78	69	45	74	99	25	63	76	33	81	64	95	22	22	48	83	26	75	39	98	55	71	64	69	57	36	50	22	46	57	86	83	96	22	74	13	22	87	49	86	14	68	19	52	50	57	36	97	65	68	98	29	97	56	69	54	13	53	32	80	59	78	47	25	81	27	51	91	97	21	70	76	40	40	15	36	66	55	52	69	98	60	100	56	89	90	96	82	45	12	40	89	81	27	22	73	41	61	52	96	29	83	77	31	57	58	36	42	96	53	86	57	65	17	65	12	60	19	76	42	63	50	88	98	61	96	26	18	59	69	87	31	31	35	32	23	64	85	81	55	85	56	24	30	95	67	15	27	46	40	27	63	36	17	22	26	99	94	100	62	87	86	17	16	81	37	11	29	51	17	25	79	65	24	94	38	24	74	74	50	89	36	11	16	34	99	48	59	49	57	11	100	51	60	36	71	88	75	61	46	98	65	59	15	67	62	88	90	51	81	11	70	68	40	94	41	79	49	83	21	69	55	96	100	25	27	54	83	60	35	16	45	57	82	48	14	94	70	56	15	18	25	22	28	40	38	18	50	41	97	88	13	90	38	53	86	99	92	35	71	44	36	98	20	71	29	77	52	48	11	27	75	23	93	25	35	61	69	86	49	54	18	65	39	48	56	16	73	43	39	86	80	71	85	92	46	39	57	45	53	19	55	29	77	87	12	26	17	24	99	76	27	31	58	71	91	43	22	55	18	57	39	21	24	49	13	56	78	46	51	78	99	21	78	35	74	78	73	80	36	52	35	39	83	33	90	28	29	85	82	59	23	77	94	75	62	10	92	38	37	61	15	40	79	82	43	73	13	39	20	82	62	12	83	12	31	65	19	71	91	86	89	59	67	84	71	64	44	60	82	91	12	59	62	24	79	71	77	79	61	62	97	48	32	57	87	55	37	39	50	34	96	37	50	94	20	30	26	54	10	54	31	71	92	31	58	83	66	76	35	28	37	63	52	60	90	33	89	99	71	46	26	69	87	99	39	76	78	89	40	11	60	93	70	93	76	68	50	16	69	39	76	67	43	64	52	90	49	89	37	47	18	60	36	90	43	63	13	59	14	77	89	61	18	26	76	63	42	30	11	59	17	99	62	52	80	29	81	71	97	14	98	85	54	89	85	19	95	25	19	82	51	94	65	35	76	48	13	22	87	57	78	46	30	52	66	47	53	47	48	31	13	60	31	64	91	80	12	48	76	55	15	69	88	44	20	70	69	29	79	71	35	29	27	19	91	87	32	78	48	46	33	58	90	43	80	39	24	59	39	58	73	18	88	93	61	48	83	80	17	57	69	70	56	73	80	50	83	73	76	26	25	59	55	97	40	11	73	92	45	24	92	75	82	70	90	91	55	18	91	54	25	46	24	85	93	32	35	53	43	58	62	17	61	47	23	92	17	85	81	68	93	24	30	19	87	99	65	45	90	19	88	30	28	56	74	34	89	81	33	66	80	11	100	22	32	44	21	26	52	31	80	84	71	41	99	14	10	12	90	62	51	76	57	19	39	74	62	50	25	89	43	73	20	50	62	65	18	13	88	43	30	34	67	62	89	17	89	93	14	12	52	37	82	62	60	80
48	82	28	89	60	67	39	19	42	15	54	24	50	15	44	61	24	59	35	35	61	55	98	40	35	85	62	68	93	87	43	49	49	31	28	20	52	59	99	16	40	33	46	29	91	90	51	27	98	27	62	29	53	35	91	19	27	74	74	85	26	28	89	89	44	75	19	39	98	51	24	18	91	48	22	65	41	66	87	64	66	51	60	25	73	20	57	73	86	13	30	56	81	39	13	22	96	10	91	21	15	37	71	31	48	76	13	74	36	83	19	66	51	68	14	61	70	45	69	74	26	57	48	96	13	12	70	75	51	25	19	81	55	29	48	76	19	66	93	32	87	86	71	44	30	98	75	10	80	70	24	39	38	96	24	58	15	18	94	37	12	69	71	84	44	91	30	48	35	10	67	84	44	87	46	37	90	75	24	81	40	18	69	17	39	89	33	64	71	55	51	72	71	67	60	61	27	37	76	13	76	99	20	79	52	43	94	46	100	80	85	33	44	62	45	57	54	90	49	60	20	57	91	16	86	75	81	80	66	70	34	51	36	14	16	99	19	24	64	74	71	49	40	40	51	97	94	58	26	85	79	85	90	65	89	45	69	53	72	27	25	56	98	20	90	47	39	55	60	39	76	41	65	86	93	58	19	31	87	60	61	40	38	96	62	53	57	55	38	39	98	52	67	10	66	14	90	76	48	51	19	29	74	50	83	80	55	58	13	99	71	76	79	27	19	73	65	44	37	94	23	51	32	64	39	36	78	42	43	54	56	72	92	24	70	49	25	98	56	69	45	87	60	57	92	65	17	27	63	20	11	29	88	22	53	60	18	12	45	58	25	87	87	21	31	28	12	47	89	12	63	99	67	53	51	48	20	59	22	27	42	45	12	71	78	72	16	87	31	66	24	68	58	37	51	91	29	76	49	95	13	69	44	38	13	62	18	17	13	54	31	62	51	84	86	71	81	73	10	71	24	23	64	62	24	25	10	91	20	14	32	18	33	25	26	38	79	56	72	23	30	83	11	17	49	52	31	57	37	68	28	95	37	13	39	44	96	41	56	80	92	65	92	95	74	12	58	14	94	30	100	70	16	49	26	67	88	98	84	17	27	82	69	78	17	94	22	44	49	54	95	65	64	19	35	19	33	84	27	69	62	80	22	91	53	82	15	44	94	20	10	29	15	34	94	44	96	85	97	18	20	31	38	78	76	100	82	50	80	18	46	63	22	24	21	71	99	38	83	44	73	34	99	25	88	88	62	88	93	33	93	66	41	89	84	75	60	57	53	99	45	86	13	76	39	53	64	23	14	80	45	11	58	84	39	99	74	26	78	33	92	22	37	45	65	93	70	65	37	75	100	17	10	55	28	46	30	69	24	82	25	10	58	67	49	78	59	61	29	92	63	29	99	78	33	82	27	14	72	76	80	43	92	13	28	83	73	59	50	77	76	74	11	56	98	56	54	68	71	46	46	94	24	54	69	62	12	44	29	57	90	68	82	96	19	46	41	80	68	56	58	34	48	14	66	19	82	19	91	63	19	36	89	15	54	29	84	46	56	85	82	33	94	14	16	85	45	66	21	37	40	100	54	19	88	58	30	85	20	51	71	66	100	92	84	53	44	54	24	16	84	41	68	35	72	66	29	74	76	93	87	85	13	24	83	21	24	17	94	36	67	93	54	76	38	45	75	58	35	98	60	44	74	78	35	33	50	87	54	29	90	20	19	79	56	22	39	17	24	91	12	81	62	59	94	30	30	77	79	94	35	56	62	56	54	30	21	87	64	83	62	65	38	32	45	79	86	35	92	58	44	98	62	51	19	30	10	69	59	91	43	50	67	55	44	68	97	17	58	21	77	91	26	67	34	44	54	45	80	25	99	57	25	24	44	85	29	51	23	95	64	16	12	70	70	21	64	75	21	48	19	33	23	38	27	77	93	16	49	71	86	77	94	13	81	60	91	62	29	35	58	75	62	77	35	79	47	87	62	90	81	33	93	52	13	95	35	36	22	82	59	39	37	39	22	20	37	46	54	12	65	65	60	52	93	53	22	33	95	91	60	83	47	60	66	32	41	13	99	11	99	28	72	85	24	62	100	71	45	50	23	37	100	34	85	13	61	67	76	23	32	43	12	53	93	56	69	86	90	64	88	25	26	30	86	27	78	76	35	80	71	22	16	68	27	63	11	22	63	35	89	64	41	74	25	18	29	90	58	23	34	52	87	83	52	39	80	59	69	46	57	100	84	65	56	100	64	56	41	72	44	78	21	30	26	41	91	90	95	51
79	47	76	70	21	25	53	36	39	64	80	40	78	74	17	31	24	96	54	52	34	55	96	35	59	10	24	95	98	15	92	68	80	20	44	45	78	33	85	59	54	58	53	25	27	12	54	63	78	38	46	90	76	35	64	43	87	70	60	45	10	56	39	29	23	35	78	63	32	42	39	80	25	92	59	76	57	49	73	25	17	84	64	72	57	97	73	66	85	15	74	73	47	95	64	84	59	72	73	93	76	54	93	81	16	72	60	95	31	53	15	55	37	82	12	40	60	67	85	87	92	45	78	14	70	26	92	30	79	85	26	38	22	38	46	80	39	37	39	99	62	56	61	47	21	82	67	49	74	90	48	71	54	71	59	41	18	30	80	60	97	75	76	37	18	31	34	93	26	76	28	67	68	31	70	88	48	71	46	37	21	46	89	21	20	54	70	92	70	78	35	61	74	19	63	45	88	35	78	93	55	56	88	68	100	19	74	64	72	38	84	23	27	91	96	30	92	60	48	80	21	48	47	40	75	66	91	97	56	86	59	70	51	12	57	25	42	42	14	46	73	42	63	57	66	95	16	32	25	72	98	57	32	74	72	67	79	75	46	26	85	78	25	40	79	34	19	95	93	39	79	38	68	40	22	53	52	48	87	26	66	12	70	47	49	58	11	83	90	88	50	80	69	65	29	71	33	67	34	46	42	78	90	31	75	89	37	40	95	70	42	28	54	81	98	75	59	85	50	18	32	81	70	16	32	37	70	70	51	65	38	40	38	52	17	77	50	71	13	41	58	33	15	33	47	56	64	37	48	51	47	84	84	61	49	24	71	15	32	80	47	42	81	45	76	29	44	59	47	52	87	89	39	33	47	80	50	70	52	25	67	61	63	34	78	89	24	47	27	23	25	99	81	18	19	24	51	38	17	55	87	24	61	60	80	85	27	60	71	32	11	72	51	68	73	77	93	84	79	64	56	62	50	99	18	41	40	58	75	68	44	18	68	11	80	91	94	72	73	23	46	88	29	16	40	52	67	35	57	35	29	47	96	41	75	10	50	53	67	91	40	70	96	57	94	11	86	65	79	34	21	45	73	33	71	91	93	88	55	31	32	55	95	30	84	45	56	33	93	88	62	18	56	22	59	81	82	15	82	55	80	96	64	29	46	34	51	72	68	86	57	31	11	91	11	23	40	76	54	68	35	46	70	98	60	92	49	53	55	65	69	55	31	18	100	70	39	39	62	64	69	44	71	67	10	100	66	49	45	26	12	19	94	55	64	31	59	35	85	50	62	55	36	12	28	70	12	21	94	58	28	34	55	96	39	54	70	58	61	94	60	62	28	80	35	10	76	21	21	74	80	76	76	61	59	56	22	36	26	73	52	66	35	30	40	82	18	40	14	29	82	43	100	98	46	45	42	41	33	33	91	22	18	72	99	47	44	69	97	50	42	41	79	10	26	76	37	98	65	34	72	32	62	91	27	45	43	29	12	80	19	80	36	44	83	63	99	53	88	58	32	43	81	98	18	63	41	15	88	19	75	32	89	89	52	37	49	67	71	71	67	92	41	57	86	47	51	90	28	84	50	86	22	79	95	49	87	93	88	37	20	18	17	53	37	93	35	49	85	57	71	58	99	68	63	11	93	59	89	27	96	88	71	39	21	28	79	73	70	66	12	77	68	22	63	60	17	46	19	32	71	62	44	49	91	78	20	19	91	66	74	63	19	52	35	33	40	93	51	49	13	71	90	80	56	52	81	100	29	72	76	52	77	32	51	95	95	45	97	75	39	91	24	15	16	32	68	37	96	55	57	27	99	42	82	40	95	51	75	17	69	75	87	47	80	17	98	69	29	58	31	78	21	74	43	20	27	72	67	33	35	73	15	71	67	15	74	28	93	37	88	20	14	76	75	70	29	49	86	51	78	98	66	67	27	89	14	16	54	67	31	40	19	11	30	54	27	19	11	25	90	66	39	31	67	65	71	20	38	79	49	70	100	70	47	85	92	24	96	87	88	16	10	98	79	53	52	86	37	19	52	24	47	51	60	16	47	98	39	92	10	58	43	50	19	43	64	31	80	38	88	89	44	54	92	93	68	26	32	22	15	33	28	51	98	49	97	79	88	99	92	48	89	40	94	64	42	10	25	16	91	26	36	54	65	51	52	92	34	56	23	75	86	92	50	97	17	95	31	65	48	56	43	90	45	96	34	26	34	61	54	20	12	79	14	23	34	93	47	55	39	75	39	77	87	93	87	50	60	35	89	22	94	74	15	94	36	82	21	60
38	81	45	34	55	66	35	13	80	65	28	79	66	87	14	28	94	62	43	59	56	95	49	44	45	89	97	93	65	71	58	35	80	76	11	73	49	17	23	26	79	26	42	69	67	69	28	71	19	16	18	60	29	63	32	38	70	44	20	44	39	67	99	60	43	56	37	98	55	42	62	20	15	62	89	68	88	29	39	79	95	44	30	47	40	91	60	27	35	19	47	55	69	40	46	56	82	99	63	55	94	86	73	22	78	72	14	51	36	33	89	60	85	84	78	70	60	60	80	42	52	44	26	37	23	90	74	52	45	96	29	39	62	93	49	27	11	35	25	30	90	40	53	63	71	12	89	45	22	38	88	34	36	76	50	59	69	76	89	87	73	17	53	37	85	29	76	35	66	76	58	91	46	56	87	98	81	38	22	81	97	68	39	70	88	82	40	52	76	92	54	58	79	12	94	17	12	47	44	78	96	23	71	25	42	34	90	56	57	76	57	27	72	56	68	93	53	73	76	67	78	65	88	37	27	22	89	59	18	88	86	82	87	24	48	52	21	64	22	16	34	23	63	33	47	58	23	88	33	54	11	93	59	29	39	83	88	12	96	72	19	96	52	20	83	72	36	65	21	21	71	71	16	50	49	72	14	24	49	21	55	81	97	69	59	74	94	12	63	24	80	61	18	51	94	24	70	33	98	92	89	30	44	54	64	100	100	15	93	39	40	39	72	41	39	21	37	55	73	79	87	36	72	56	22	54	43	26	71	90	34	76	40	75	92	44	94	53	72	34	52	84	23	23	85	29	38	64	45	25	85	77	68	11	45	64	79	20	88	20	30	42	62	78	91	65	87	72	28	25	22	28	90	17	24	50	92	14	33	56	88	67	48	78	83	73	66	85	26	17	18	57	44	61	56	24	26	75	74	40	74	51	32	12	77	69	65	11	16	62	98	17	20	36	73	26	77	35	78	68	48	81	78	49	90	72	29	29	91	30	26	29	23	32	39	14	81	51	46	90	52	66	95	32	79	91	40	10	94	70	82	44	63	35	88	65	65	11	57	90	81	71	62	27	58	83	96	87	62	15	41	45	79	20	44	84	90	18	47	72	46	76	47	39	36	50	40	29	64	64	84	81	79	91	64	80	12	21	96	64	35	88	43	15	20	77	61	11	76	15	30	70	68	38	30	75	97	11	26	29	55	44	93	74	35	81	63	17	23	78	90	72	17	68	39	75	78	14	74	48	25	31	66	69	42	18	28	27	89	53	59	98	97	61	18	16	18	63	65	64	64	11	60	45	41	38	56	18	39	85	93	16	14	13	31	20	75	90	21	51	28	72	73	48	35	32	48	99	42	22	37	97	35	61	22	76	49	72	93	26	48	99	62	69	55	34	30	42	56	18	54	11	60	34	35	12	81	98	32	94	88	78	30	14	85	75	55	19	64	24	42	14	35	52	62	75	25	79	88	31	49	14	23	99	43	62	74	97	33	27	62	14	23	81	89	80	39	38	70	67	15	94	66	64	77	11	77	59	73	32	50	90	68	44	40	54	61	55	33	15	93	26	42	79	54	21	50	50	56	40	10	57	24	82	76	70	29	17	30	77	23	99	19	76	75	90	76	86	34	10	71	23	24	96	70	71	30	11	39	14	18	56	86	15	12	90	75	34	93	82	87	45	63	93	25	85	38	63	51	78	83	18	38	54	52	77	44	21	77	53	99	55	87	34	94	13	99	99	55	77	18	13	90	77	55	30	85	68	14	33	32	35	83	46	96	99	94	78	80	18	86	15	88	94	65	49	84	36	99	85	55	63	90	66	90	37	53	52	38	24	91	20	60	94	45	83	37	81	93	54	18	23	60	53	61	88	38	32	48	80	21	97	75	69	37	28	36	15	89	40	50	49	22	69	78	78	80	58	39	43	74	21	72	25	16	54	13	52	18	93	18	39	36	46	55	65	33	55	27	54	87	38	33	59	70	23	58	19	12	13	95	33	60	55	20	54	97	55	93	79	66	43	49	84	19	71	46	51	23	37	27	10	82	17	37	64	69	47	60	53	29	12	71	63	78	91	85	81	36	58	54	84	27	11	85	34	52	31	11	60	72	28	39	92	29	75	58	60	64	24	84	51	75	100	22	63	58	30	77	20	76	56	58	50	10	48	64	36	79	66	91	78	69	19	21	69	64	76	97	15	68	34	99	13	83	26	53	41	31	84	51	36	12	47	34	51	17	76	40	60	19	82	56	97	30	38	95	47	91	48	80	22	41	42	36	71	88	76	11	44
33	15	11	19	53	22	68	32	30	52	68	20	12	47	20	93	91	68	56	59	36	75	27	19	28	75	54	52	16	53	18	86	39	69	70	21	64	21	22	28	40	76	31	27	44	86	42	76	99	76	28	47	71	50	38	30	66	40	87	72	19	70	54	86	62	59	83	89	93	55	40	45	74	29	34	98	64	27	59	30	86	49	98	36	22	73	88	91	57	38	63	34	70	73	45	81	95	14	100	28	69	71	61	27	11	77	30	42	43	26	32	52	46	80	79	49	46	88	58	74	66	48	28	28	86	68	26	60	64	30	99	77	21	75	40	28	75	21	92	29	95	73	47	60	44	65	66	37	20	28	12	87	49	32	64	74	24	90	44	88	47	88	25	74	31	58	79	52	98	39	33	75	54	59	75	65	41	49	47	23	41	38	35	82	51	32	49	18	16	39	51	95	22	64	72	15	23	55	81	59	32	60	52	67	11	30	77	62	60	69	81	12	57	41	25	52	62	46	66	23	44	94	60	87	98	53	65	68	15	10	21	32	82	80	83	62	93	63	27	84	49	41	11	68	48	47	21	11	14	32	93	62	37	78	39	86	49	31	78	28	17	70	29	69	36	56	64	86	99	68	15	65	81	33	78	15	80	10	98	52	92	98	44	40	43	48	59	72	15	22	77	37	34	87	50	19	40	65	52	69	22	62	59	65	83	92	73	81	29	30	17	21	35	11	94	74	95	65	68	75	97	84	44	12	82	97	62	18	41	29	69	81	43	48	48	45	65	72	32	82	85	28	54	68	30	75	51	90	45	81	99	25	72	46	81	97	28	65	64	54	94	21	49	64	76	64	93	48	57	25	57	40	32	70	50	32	28	39	53	28	83	36	54	50	23	84	20	59	39	78	33	64	84	78	96	30	76	11	34	70	25	42	44	36	84	77	48	69	26	86	45	79	27	22	41	15	52	61	82	44	24	69	42	31	95	84	53	55	16	94	33	82	63	72	47	42	56	26	67	76	10	91	86	69	76	78	50	19	59	89	49	20	41	16	54	96	99	49	63	23	65	51	50	77	51	89	85	36	24	24	61	91	83	68	19	12	56	15	41	45	68	40	84	39	13	69	12	29	94	82	48	96	59	72	11	87	55	51	74	80	61	86	90	72	72	17	76	77	18	15	61	52	78	37	67	70	44	84	22	24	72	41	87	69	28	20	52	22	72	15	20	56	30	42	89	19	91	79	93	94	69	29	33	51	46	56	58	29	80	31	41	38	80	27	31	95	36	25	53	13	83	30	18	36	29	11	44	30	79	72	43	72	51	17	97	70	10	67	59	54	56	54	44	36	96	58	13	76	95	53	83	77	48	39	94	80	32	47	27	37	97	37	13	68	36	46	83	64	73	77	65	25	60	35	45	49	65	81	84	89	70	79	96	55	34	65	38	70	19	47	85	59	19	58	11	59	89	85	23	95	44	99	41	88	57	59	95	74	31	28	51	62	98	55	80	11	31	13	72	72	93	41	20	89	31	63	61	68	33	43	53	36	24	13	20	12	61	76	41	37	73	43	32	79	53	83	12	94	96	18	18	32	63	71	23	53	85	54	79	46	72	49	47	84	41	66	42	13	76	30	30	37	75	89	26	79	74	46	95	99	66	44	57	57	68	80	90	68	34	71	65	12	95	60	38	96	14	67	50	50	39	20	74	77	95	56	36	65	95	21	45	79	44	48	73	28	86	83	39	85	66	79	14	94	50	24	39	84	64	85	32	74	39	57	22	67	63	94	17	82	25	69	18	72	55	57	97	13	48	58	22	22	60	54	53	69	35	16	21	39	94	27	49	45	99	60	94	87	48	35	81	36	78	59	82	46	24	15	88	72	31	55	99	40	27	48	42	22	17	85	56	17	53	81	23	33	22	45	21	18	43	38	37	49	30	56	38	37	81	26	66	89	74	75	76	22	33	36	44	64	93	34	75	47	84	18	60	26	46	70	94	19	60	56	49	26	48	47	83	53	30	63	66	24	57	15	58	41	44	48	48	27	66	57	71	93	66	83	35	96	85	18	75	15	53	18	65	46	83	84	88	98	96	31	14	86	74	21	75	48	73	30	49	68	96	56	34	61	79	56	83	12	99	44	81	47	11	66	41	32	92	14	21	43	31	81	86	35	99	31	95	98	33	23	11	82	19	90	43	48	22	26	59	22	75	83	60	36	81	94	25	17	77	45	80	62	87	11	85	63	91	79	85	63	73	46	75	19	65	36	94	29	62	70	54	80	86	62	20	66
14	71	99	34	95	96	90	82	69	48	99	71	26	67	66	20	57	70	65	59	79	22	85	99	23	26	77	61	27	93	26	83	88	93	42	44	55	36	30	74	91	68	15	92	77	96	98	76	62	61	61	24	37	75	90	18	59	83	99	56	39	97	62	18	37	61	52	69	11	17	29	96	69	75	34	84	86	70	60	50	17	83	99	64	55	27	82	55	31	60	92	68	26	19	24	70	46	65	16	36	56	79	67	31	97	61	37	72	76	45	12	34	64	50	16	17	87	33	54	59	61	94	78	74	11	79	69	81	48	57	39	89	21	45	13	14	28	49	61	27	37	77	26	14	12	49	88	46	13	18	30	53	97	77	57	92	73	41	67	61	75	100	71	67	82	83	55	39	97	34	26	63	33	38	56	93	14	43	35	33	77	84	58	64	42	89	47	79	69	99	43	55	57	59	52	26	63	40	61	27	63	29	80	24	23	46	52	99	98	14	99	42	78	51	78	56	75	38	76	14	32	71	76	66	86	70	51	76	56	25	83	69	52	54	78	27	51	80	90	31	30	54	19	83	31	42	65	86	47	98	81	36	18	59	44	55	73	45	44	85	89	89	66	14	98	71	13	50	70	62	21	70	67	77	80	18	79	75	47	24	52	51	88	61	41	49	87	81	56	34	63	37	35	87	69	50	28	73	71	25	75	89	70	30	58	95	97	55	82	67	36	100	49	13	69	89	90	84	76	64	25	91	54	35	61	14	82	45	22	14	24	12	31	21	56	92	22	12	96	72	55	93	89	94	85	12	28	17	85	12	82	18	67	26	79	13	100	53	39	70	62	46	59	23	41	87	23	81	61	53	34	98	30	88	59	70	93	15	76	28	64	42	16	86	19	54	41	47	34	57	45	39	36	82	41	83	44	94	34	70	42	86	55	88	87	20	100	61	59	74	33	92	68	22	45	77	19	56	57	62	20	20	44	33	79	12	50	32	56	27	98	40	68	72	76	26	26	72	33	20	33	25	50	15	81	91	25	62	65	20	41	95	45	93	58	80	49	92	29	57	59	62	48	41	32	16	70	87	14	28	73	67	40	69	93	87	32	84	35	75	53	46	65	80	34	63	74	94	82	57	82	23	26	81	32	15	67	65	73	36	74	18	56	50	65	56	46	80	85	33	77	84	66	64	88	75	89	17	42	66	96	26	62	22	29	74	46	18	29	19	64	13	58	29	14	95	35	75	79	66	47	62	43	26	31	95	74	36	98	27	20	85	82	25	86	64	80	89	25	50	67	88	73	35	52	26	49	31	48	48	89	20	90	91	26	95	49	14	86	14	85	78	99	96	74	60	76	40	41	78	50	74	95	90	73	76	97	68	45	96	31	89	27	86	96	46	97	13	40	60	57	51	85	32	85	23	86	75	39	32	85	17	68	61	89	69	76	15	78	42	51	44	22	51	61	80	86	89	49	38	47	58	42	32	70	95	19	19	36	15	82	58	48	40	17	97	30	11	42	49	56	62	78	11	81	65	11	46	52	90	64	23	64	75	67	93	12	94	64	29	76	45	27	24	42	72	38	28	55	28	76	47	76	93	86	49	57	52	14	39	45	15	90	28	100	58	58	64	72	87	24	54	65	73	65	96	60	83	70	44	37	79	68	79	93	42	57	59	12	53	39	90	20	38	68	96	76	35	20	19	34	70	73	95	100	35	76	28	30	40	51	41	86	88	82	56	74	78	61	70	75	48	94	69	83	27	12	97	89	30	19	94	23	78	18	22	15	90	37	54	72	81	68	16	18	55	23	26	91	61	93	39	47	96	68	62	62	55	59	78	58	44	48	61	94	42	16	31	69	53	26	59	81	84	12	70	46	97	87	87	75	14	29	60	86	31	64	27	61	35	28	93	19	21	13	46	41	46	44	31	96	12	13	80	76	20	94	86	25	29	18	64	29	85	41	64	89	67	79	34	89	53	94	32	37	98	36	83	87	98	71	41	54	36	56	86	90	30	29	69	77	30	63	78	55	10	36	24	65	41	14	94	34	76	82	59	94	22	45	43	39	48	98	85	43	22	63	18	41	84	77	65	48	86	16	48	89	70	82	34	41	34	13	59	14	22	28	77	95	51	20	84	28	58	11	34	74	66	18	11	94	96	78	69	50	95	15	18	64	26	13	75	48	18	61	57	76	75	50	83	76	97	58	42	85	57	34	91	26	75	26	86	48	75	25	34	60	31	83	11	25	90	78	44	47	59	55	81	92	58	22	56	84	16	67	72	21	70	32	66
42	44	99	13	19	39	59	84	41	55	70	89	32	17	42	25	20	68	38	47	23	30	75	94	32	56	49	31	47	47	41	74	18	51	58	19	82	92	25	25	97	47	37	85	12	89	78	13	31	97	32	92	80	58	83	86	15	81	58	25	46	18	38	69	41	48	86	63	32	71	64	83	94	19	68	47	95	53	49	52	20	19	43	74	91	24	43	53	22	11	73	48	17	82	30	81	62	33	46	75	42	96	17	58	75	76	70	27	61	45	17	30	68	78	98	58	15	49	98	69	87	70	16	37	71	50	90	92	72	55	64	77	16	88	71	26	24	80	86	64	92	31	28	93	64	94	58	38	23	80	68	95	95	31	72	71	100	76	15	89	83	99	51	26	15	65	52	34	70	13	38	19	93	23	27	46	34	49	33	77	11	73	68	25	100	24	94	73	47	59	96	54	66	79	98	47	82	49	34	42	29	47	28	59	94	98	35	55	35	31	16	35	88	76	93	30	52	30	25	39	46	76	30	59	48	17	11	56	15	41	94	73	51	76	86	30	41	91	25	33	73	26	100	51	44	70	19	92	93	68	68	95	76	70	71	56	35	67	10	68	97	65	61	99	51	22	16	45	21	91	39	39	54	68	40	25	18	20	39	22	93	17	76	41	53	68	66	89	30	84	82	17	39	74	76	59	23	95	32	22	76	56	35	43	13	26	91	86	12	73	20	35	18	20	75	36	69	20	44	56	12	63	37	56	17	15	12	24	12	33	49	67	88	17	95	85	74	98	67	29	88	39	52	15	62	72	93	35	54	89	24	53	23	18	33	47	39	68	97	21	11	91	59	13	54	56	51	79	20	42	23	41	26	14	95	91	97	88	39	15	45	14	82	11	13	14	95	19	76	51	81	30	59	46	20	26	54	54	28	48	67	73	87	80	95	42	93	86	21	42	28	22	77	48	78	36	36	54	54	24	72	40	99	86	49	69	35	79	58	77	93	46	71	73	99	53	94	92	76	69	63	28	30	82	20	61	24	68	14	14	91	10	32	43	75	55	85	24	88	11	28	18	32	69	78	29	93	28	16	56	31	15	79	59	47	69	27	63	72	43	27	85	90	45	98	83	30	74	14	21	83	75	36	48	15	11	35	66	62	30	73	33	42	58	62	95	85	37	77	50	55	23	86	95	66	98	86	25	70	12	41	63	78	40	87	99	89	23	51	90	42	76	52	56	80	61	25	31	76	63	73	49	32	86	92	68	70	85	60	91	80	46	15	66	26	98	61	51	45	20	99	68	69	44	66	35	29	37	91	27	38	29	78	63	38	97	79	51	45	52	60	90	11	85	33	45	98	78	62	42	68	67	69	90	64	60	20	68	77	29	47	89	46	12	74	41	69	27	51	86	21	82	19	95	54	93	65	32	65	99	94	37	27	96	86	65	80	79	24	41	42	97	66	13	30	83	28	11	94	75	19	82	91	27	52	100	41	91	86	78	12	19	75	26	20	82	100	93	59	23	31	25	14	67	36	89	43	97	72	31	30	20	38	77	60	86	100	12	79	57	22	64	86	76	41	86	61	86	44	64	16	68	22	80	84	63	49	68	37	97	25	16	87	35	24	90	89	44	49	41	78	31	74	63	51	81	67	14	71	13	14	39	33	86	73	22	22	81	99	11	30	98	63	70	18	88	69	80	54	32	82	50	28	34	55	34	36	96	61	97	73	32	27	80	45	55	28	91	29	12	33	16	86	94	26	28	98	49	82	62	29	62	77	85	52	55	91	70	64	66	17	19	91	53	60	64	88	69	80	100	65	14	73	43	33	49	11	84	19	96	35	72	39	78	45	28	29	52	17	85	29	27	64	50	31	24	35	94	76	48	86	67	68	86	31	22	50	93	94	80	85	45	87	65	43	85	16	65	29	93	38	49	34	35	84	76	55	13	25	73	50	96	63	42	92	87	91	49	99	63	89	85	52	22	81	33	80	90	18	84	36	52	57	63	53	91	71	49	41	77	35	91	38	68	11	51	96	58	41	52	68	29	39	88	75	80	34	94	13	75	53	54	30	15	33	99	23	17	70	20	91	13	48	98	85	84	37	24	18	87	33	97	71	87	59	68	26	91	16	87	89	100	44	83	20	98	70	52	76	30	15	63	61	49	85	61	79	79	12	47	85	67	50	59	76	13	97	18	31	26	39	56	68	13	40	18	53	85	22	22	76	88	85	39	90	58	28	24	83	89	10	67	28	54	84	95	92	11	91	30	46	97	20	73	63	25	61	93	97	66
17	80	25	78	75	23	12	69	50	53	69	16	47	51	58	84	32	82	40	23	53	18	20	93	67	42	86	30	34	48	38	21	31	57	51	98	68	85	88	98	69	60	42	11	83	56	91	87	90	53	29	13	45	74	21	43	17	82	45	75	77	97	27	31	99	52	65	86	38	93	44	68	81	72	19	27	74	53	19	67	74	32	50	71	65	39	46	49	51	68	79	31	33	74	41	31	97	15	82	96	37	52	39	49	75	99	70	63	12	30	53	55	16	42	69	80	42	15	70	69	77	32	67	28	58	80	73	77	93	62	47	90	86	52	100	72	10	48	78	72	24	26	53	98	93	87	12	97	12	89	65	27	48	47	14	66	28	16	54	33	81	16	68	24	55	38	15	27	60	89	85	30	80	97	52	59	25	82	27	49	12	21	17	92	51	52	45	99	18	97	15	38	16	29	18	97	65	87	86	27	89	33	13	78	55	81	12	61	28	32	27	73	35	24	26	33	88	41	83	83	21	27	61	76	92	42	82	88	41	53	24	51	34	36	82	39	60	99	46	39	30	62	55	83	13	26	39	46	26	10	79	89	89	70	99	96	86	40	62	65	63	12	99	69	12	81	60	29	26	50	34	56	72	92	49	57	32	81	24	32	94	79	80	82	55	32	56	24	85	72	93	97	82	33	52	24	91	90	94	100	78	74	96	46	66	62	15	80	26	54	75	75	36	53	94	66	62	43	45	90	28	60	95	17	42	76	99	69	85	74	46	77	35	41	53	17	88	58	40	44	94	71	46	56	88	24	52	17	15	53	54	85	34	47	41	38	12	96	47	33	23	67	69	22	49	36	97	25	49	34	53	98	61	55	66	85	70	73	69	13	31	26	40	16	89	90	48	38	30	22	85	22	70	58	68	12	12	78	87	37	61	10	57	33	20	98	62	44	64	98	25	78	57	95	50	54	13	75	33	59	87	87	18	25	72	88	72	88	50	65	30	11	43	79	82	65	39	33	78	57	56	95	37	65	24	98	69	15	26	82	51	49	90	86	51	27	86	50	68	23	88	79	48	66	59	35	96	66	57	88	27	24	66	30	25	95	20	84	42	86	65	28	92	58	29	47	53	18	83	56	100	56	79	39	56	16	59	70	47	43	99	62	83	41	96	78	11	76	57	23	39	54	29	75	98	27	20	86	85	40	58	52	23	25	70	30	35	89	14	28	39	71	80	66	50	22	76	69	80	55	25	45	33	89	52	94	55	64	61	60	72	92	88	59	51	89	51	60	56	72	72	11	24	84	64	30	90	27	27	90	93	11	60	28	74	15	68	68	52	19	36	93	61	76	94	43	14	90	91	59	23	89	62	98	89	27	53	14	68	71	28	67	76	33	97	71	93	38	76	96	21	61	74	36	42	79	64	57	46	34	76	75	75	28	49	32	23	38	24	82	49	26	27	88	88	77	24	27	88	52	50	81	46	15	27	38	97	37	43	18	11	80	82	27	77	90	37	32	24	74	54	65	29	67	97	73	22	71	73	29	70	68	47	43	49	49	38	80	42	95	53	79	27	49	87	86	37	71	55	79	95	76	12	72	49	26	44	15	59	80	74	53	31	40	71	15	83	66	85	91	21	93	30	58	87	56	79	44	11	23	41	55	54	35	55	47	39	28	25	34	89	50	85	40	96	61	73	89	41	46	74	85	93	29	54	81	67	98	76	60	94	14	97	22	11	68	82	79	45	60	26	43	51	14	52	60	22	64	50	60	88	84	13	82	84	44	57	53	57	34	62	89	15	91	65	64	93	87	31	77	48	68	73	93	94	99	22	33	30	31	25	27	62	56	17	99	50	27	40	41	94	64	99	51	83	44	34	32	47	45	47	67	71	59	87	50	10	75	12	30	74	60	31	86	86	47	40	75	55	85	37	61	71	48	50	52	48	36	80	31	13	98	16	36	81	52	43	99	82	35	14	47	11	99	63	76	81	93	63	81	100	67	76	27	54	48	70	37	92	59	63	79	44	62	64	88	33	51	64	43	20	37	70	40	40	93	68	68	44	87	12	24	67	57	88	78	38	18	77	79	99	78	19	70	77	59	91	44	85	98	15	13	36	100	73	74	78	66	83	97	54	88	91	84	81	61	35	97	84	14	57	70	42	82	34	34	26	84	57	49	31	41	80	97	35	53	36	65	56	86	69	14	22	71	49	76	58	62	78	30	66	73	93	16	31	81	78	44	34	59	81	76	35	87	30	95	29	93	55	93	63	30	44	77	99	39	26	92	42	75
81	59	23	48	27	91	26	43	22	87	75	24	52	59	93	39	19	96	31	65	56	54	97	47	38	24	30	96	92	43	45	87	65	12	49	64	56	71	27	47	86	34	35	25	93	29	45	15	73	69	72	89	38	61	45	27	99	76	77	30	24	62	40	89	37	89	74	91	40	44	95	82	47	31	91	44	18	22	30	61	75	34	34	34	36	58	22	80	45	44	27	58	87	30	47	71	23	71	16	66	75	20	71	89	89	87	100	73	60	97	88	35	98	55	63	54	24	44	90	51	42	54	99	58	69	23	68	87	57	12	85	40	88	35	20	70	32	74	38	59	56	98	82	46	69	41	40	50	28	30	93	55	48	80	78	22	27	89	37	23	17	30	48	33	15	19	25	25	53	46	73	70	97	42	15	50	10	67	48	40	68	13	64	33	70	46	59	16	43	95	32	20	13	39	99	91	60	64	84	23	38	47	60	82	94	80	72	33	100	76	90	27	27	54	96	92	69	92	41	57	12	28	80	41	65	46	48	94	75	50	71	26	70	52	28	75	72	56	77	83	78	59	43	81	36	33	77	17	32	75	43	83	89	94	65	74	37	42	46	12	14	37	73	47	35	72	98	51	47	81	53	66	60	43	71	88	45	20	51	71	80	47	77	84	49	95	73	22	13	66	40	83	38	71	51	39	55	45	51	75	48	72	98	70	36	41	85	28	81	84	81	14	42	15	86	83	36	41	98	93	47	86	30	30	31	40	61	26	71	99	75	98	64	40	66	63	68	73	67	15	98	97	21	42	71	16	70	24	60	65	37	29	68	24	96	83	95	48	38	56	79	53	71	84	31	84	71	88	73	96	25	80	94	59	35	95	30	14	89	50	24	38	60	51	72	55	46	54	19	91	89	70	57	63	23	86	68	11	94	98	69	71	70	67	70	96	84	66	62	85	32	74	27	95	56	97	92	51	78	98	63	96	68	25	34	77	22	49	71	24	46	77	66	24	19	83	85	85	56	80	40	52	81	82	45	23	70	72	15	73	65	75	17	58	50	15	44	33	100	35	35	44	97	12	69	32	82	52	57	88	90	30	68	33	46	55	20	92	21	80	16	94	48	40	96	37	54	89	95	22	94	30	60	90	19	99	53	25	83	77	76	88	31	80	37	96	37	15	69	59	50	62	57	84	90	90	50	82	20	42	60	78	37	75	93	49	62	83	12	90	69	32	20	40	86	51	37	28	41	72	88	39	12	74	81	91	88	81	77	66	45	34	68	37	19	47	86	61	71	99	65	69	14	30	33	74	72	29	55	70	23	55	21	74	18	42	47	23	55	92	31	60	95	91	96	14	75	94	46	92	13	86	84	96	58	32	17	83	67	27	48	42	69	53	69	29	45	36	84	65	45	82	67	79	33	70	81	87	55	15	74	62	32	86	26	24	59	39	81	15	27	14	71	44	63	79	32	48	94	15	33	43	51	22	79	35	25	51	36	50	71	47	30	15	78	47	12	20	97	95	88	23	53	60	99	82	67	89	94	99	54	60	20	18	62	48	46	57	92	94	73	86	29	33	99	61	15	47	15	37	53	84	60	58	62	54	25	89	85	12	36	50	23	43	33	75	12	50	59	53	29	34	98	63	33	81	59	57	26	77	84	26	28	59	64	75	41	13	69	32	11	18	93	52	18	39	81	51	52	25	71	25	63	80	82	42	82	18	23	20	59	33	28	90	19	35	44	79	19	32	15	30	65	21	83	64	28	64	28	15	51	20	89	47	11	16	33	71	78	33	43	28	59	32	52	29	83	31	16	11	46	63	21	14	43	59	24	99	73	34	17	25	66	70	84	39	76	74	30	60	33	59	96	36	75	31	53	77	22	77	96	65	66	88	93	22	56	94	93	11	53	66	38	74	36	75	71	97	38	23	17	22	47	31	41	99	48	19	59	47	21	48	84	73	69	43	12	64	98	74	46	46	80	32	48	84	60	44	31	65	67	40	26	48	62	98	27	98	99	35	58	100	23	48	70	14	99	90	89	63	55	80	43	61	17	81	86	18	32	54	88	57	82	67	81	78	19	19	18	42	62	94	73	52	37	53	91	94	73	26	94	68	23	86	20	99	43	74	53	74	68	88	51	65	55	18	72	85	18	93	93	25	74	89	75	49	88	19	79	84	96	66	95	99	78	75	51	59	93	22	97	82	98	40	85	66	98	99	29	83	73	12	20	69	28	100	39	68	22	67	85	50	87	64	82	91	37	62	52	84	30	55	89	26	23	84	83	50	100	17
63	17	43	11	43	45	79	99	51	23	42	94	61	96	16	75	83	28	47	84	57	88	97	53	47	46	12	84	80	10	67	69	40	84	61	74	59	48	76	96	74	76	14	14	97	75	56	80	66	98	57	90	60	41	26	92	54	37	30	76	14	95	47	25	41	56	19	23	63	92	89	53	30	84	27	37	25	90	30	63	44	77	37	75	85	53	88	88	77	32	28	18	91	78	10	57	54	21	64	78	61	56	63	76	36	30	69	53	80	20	83	79	26	17	13	40	12	94	93	74	37	57	80	47	22	36	57	35	66	11	64	95	22	25	92	40	13	76	17	35	99	26	77	95	10	84	16	87	55	99	40	50	67	81	27	65	88	39	45	84	58	37	88	38	31	69	48	41	88	68	94	59	23	25	53	66	64	68	36	27	95	25	78	44	25	60	25	24	23	63	87	68	98	69	58	36	13	46	91	57	92	52	48	14	49	44	26	52	43	38	28	93	31	48	19	97	98	57	70	59	91	66	25	52	22	51	54	49	21	100	58	49	34	95	46	21	70	45	50	68	13	46	97	71	70	32	34	54	53	34	76	14	54	19	31	57	79	63	40	86	27	62	81	77	28	36	93	82	44	97	71	22	40	57	64	54	26	38	33	79	64	45	63	80	81	30	82	26	96	98	13	92	70	64	73	95	93	80	78	73	41	61	10	30	30	51	11	84	39	36	50	88	27	28	50	62	46	25	61	74	64	43	30	66	26	99	40	15	87	53	70	77	62	73	83	36	65	52	28	47	57	17	29	29	29	18	41	41	84	21	61	78	64	77	91	18	78	18	68	87	37	67	11	82	55	27	49	78	29	68	74	84	41	40	92	53	16	47	17	82	30	68	16	71	35	22	33	77	35	99	68	15	69	84	37	66	37	13	66	23	78	61	82	26	53	26	87	38	83	56	32	19	82	53	54	83	11	55	43	18	96	47	88	43	93	57	62	91	58	28	90	14	73	97	39	25	63	20	48	48	89	87	68	43	34	73	25	48	45	44	57	77	51	50	56	91	90	26	96	87	93	57	51	73	74	40	92	61	41	68	25	47	79	60	72	20	11	77	88	30	87	39	18	87	99	81	75	36	70	71	38	22	29	45	48	13	64	40	41	18	42	36	24	87	38	72	70	75	91	79	26	64	69	88	62	56	92	19	46	46	46	92	48	98	76	92	81	74	82	43	35	11	34	85	75	32	36	43	71	80	93	76	67	56	63	44	97	41	81	95	81	76	55	58	53	28	70	16	38	81	99	10	45	46	39	92	11	56	43	27	43	71	41	31	59	97	58	66	15	52	29	56	57	43	14	59	33	32	26	55	30	81	34	91	82	83	68	39	22	99	20	99	21	96	27	78	83	41	39	82	99	30	18	65	83	47	41	63	29	92	44	22	47	26	38	91	96	78	97	18	20	60	61	52	84	80	49	76	54	86	98	39	26	96	42	60	46	57	39	29	19	65	39	64	79	42	36	55	92	85	89	83	81	93	52	25	20	19	89	78	79	62	25	22	52	89	36	68	24	30	65	84	92	54	93	92	64	52	85	65	93	76	12	68	36	48	80	76	80	19	53	81	32	80	69	36	23	91	81	42	66	31	60	89	97	55	44	37	75	61	31	36	77	42	20	43	51	71	65	39	72	85	73	46	29	49	41	21	27	53	95	72	33	15	98	34	86	80	77	99	66	88	69	79	57	91	15	28	75	57	18	76	27	61	99	15	80	19	42	10	72	13	66	89	13	88	56	92	52	53	98	36	79	78	26	10	18	19	29	52	65	93	71	84	50	83	63	87	19	67	52	68	24	88	83	39	79	35	59	37	24	18	79	76	69	94	65	74	45	80	20	72	63	98	100	19	78	82	16	11	85	91	72	79	10	26	78	76	95	17	19	19	22	23	16	18	28	84	74	16	38	45	95	41	82	29	92	43	47	89	72	63	21	21	23	75	92	24	97	61	60	40	88	11	36	22	78	88	63	70	63	52	83	14	98	53	40	48	61	55	28	57	17	13	77	45	29	61	57	25	77	80	62	52	64	74	21	26	52	15	28	42	42	60	30	92	72	34	13	99	48	45	44	42	40	69	29	25	25	35	71	87	74	47	89	89	79	91	92	11	20	26	41	24	80	78	52	85	80	70	17	95	41	84	40	19	50	72	20	73	59	18	88	48	95	87	100	51	68	69	15	44	58	99	81	20	88	57	93	17	20	93	27	15	52	94	99	92	28	46	32	65	41	44	87	44	47	90	30	57
55	11	82	84	31	89	53	27	16	89	30	11	78	75	93	42	64	54	65	11	21	95	35	81	36	48	52	30	41	59	48	89	51	64	71	87	18	29	39	95	81	58	21	90	68	45	21	14	63	35	52	43	32	66	95	58	44	89	12	60	20	14	42	48	51	57	29	69	46	27	58	79	62	30	44	34	97	37	25	32	66	26	76	97	26	100	90	53	43	71	37	43	87	57	99	26	79	63	19	84	62	64	73	56	94	99	29	83	54	85	60	90	78	91	42	40	40	24	17	61	73	63	16	91	83	27	59	75	26	21	42	30	38	40	48	84	89	40	15	35	82	64	11	35	94	41	18	79	39	46	87	98	51	95	24	80	61	34	11	48	83	50	45	72	39	89	33	20	57	19	55	25	64	44	63	51	36	96	73	99	38	69	39	69	24	48	47	14	20	15	29	37	57	32	26	34	81	96	18	92	40	96	31	68	82	99	76	36	51	83	52	28	16	12	30	42	33	62	48	12	83	49	72	54	80	98	95	43	55	33	45	67	93	99	63	26	48	88	21	20	34	19	14	29	10	47	79	98	51	29	94	27	13	12	64	83	92	57	33	17	70	29	23	98	92	92	69	93	95	62	76	56	82	20	71	16	44	99	17	30	33	65	94	51	59	67	79	17	79	25	97	31	49	88	14	26	92	41	79	94	85	91	91	61	67	34	25	52	78	49	50	75	64	93	27	40	88	68	24	38	39	96	35	83	36	11	100	78	58	41	75	96	63	73	23	32	34	69	17	88	42	34	100	100	62	41	40	33	92	56	95	17	61	54	53	26	92	82	54	74	91	52	40	92	69	16	32	75	49	10	82	46	87	94	51	18	65	81	96	62	66	30	20	59	21	41	19	31	87	24	77	92	34	23	62	54	87	94	64	12	95	50	83	27	61	37	13	93	75	98	24	45	42	40	97	31	32	24	48	62	34	49	72	22	53	47	66	32	18	20	53	29	34	84	63	81	83	81	93	51	95	18	49	71	36	46	93	34	67	36	70	59	69	64	15	62	94	31	68	71	63	89	54	54	49	77	57	42	79	43	98	90	78	39	38	71	50	70	62	63	29	80	52	62	33	51	28	28	45	36	65	50	27	87	78	87	65	36	46	32	25	70	70	64	57	50	69	49	28	77	70	29	20	78	16	70	20	50	52	67	25	10	17	91	56	68	78	56	17	16	94	13	93	85	26	72	73	46	74	16	73	84	83	67	64	40	82	82	41	18	34	71	15	63	30	10	53	19	74	90	25	62	65	13	29	79	18	94	60	37	62	38	68	36	58	70	31	97	30	11	31	65	77	70	75	36	24	56	83	97	40	53	44	76	11	70	50	85	50	84	91	20	43	98	70	91	32	49	88	84	78	41	14	38	94	54	90	30	24	27	52	71	83	39	15	88	41	60	38	44	20	52	57	22	54	17	44	16	93	11	98	56	86	12	10	11	81	11	80	76	38	79	65	41	73	74	13	16	39	41	53	15	39	66	82	50	100	35	11	39	74	74	44	47	76	61	42	40	96	87	63	69	66	56	99	35	65	30	46	26	70	70	32	96	76	95	80	18	69	66	19	89	97	81	83	30	26	69	74	59	37	22	81	87	22	77	41	100	84	72	72	34	59	12	30	58	23	49	93	54	60	48	69	94	45	37	22	28	13	35	43	69	30	23	94	33	89	74	56	93	42	81	13	37	55	90	83	63	59	51	46	15	79	74	71	21	98	52	18	62	78	13	44	47	52	38	54	86	25	58	15	60	16	57	12	31	37	39	61	23	57	78	11	47	66	42	22	61	98	85	95	66	27	30	23	18	68	35	76	93	88	75	20	21	53	44	88	55	36	91	33	76	39	13	94	96	84	24	29	58	13	43	89	47	21	42	36	24	85	19	75	93	57	98	73	61	75	30	30	91	38	55	26	69	39	80	64	92	11	68	97	44	78	70	46	59	42	66	97	83	72	39	13	42	38	94	62	40	63	73	71	51	62	47	20	80	71	14	66	11	14	12	23	15	92	72	43	60	85	52	80	43	41	97	36	44	68	24	44	100	62	62	80	96	22	51	96	53	84	81	62	73	37	77	55	94	81	97	11	69	23	85	14	59	21	61	59	80	100	66	16	97	17	34	21	13	37	59	42	48	20	90	50	69	74	79	82	39	88	48	46	45	20	55	56	28	94	21	96	58	96	32	73	85	18	96	66	27	40	36	98	46	40	66	65	73	27	58	86	91	63	33	71	38	45	18	30	66	98	41
27	70	21	54	77	93	94	34	31	81	82	11	40	80	73	72	88	30	46	39	87	49	36	57	27	11	53	15	76	44	57	56	92	71	95	33	82	98	17	50	24	69	14	26	64	83	95	80	97	45	37	80	98	100	22	37	97	88	18	85	12	42	91	39	27	26	26	98	64	52	42	74	67	67	23	24	17	82	44	48	90	39	65	50	34	13	58	10	32	76	16	87	30	67	64	73	80	76	80	80	73	68	18	60	46	66	71	57	92	74	62	59	29	33	79	10	72	100	82	39	84	75	25	97	65	61	67	46	33	29	19	53	12	43	90	76	77	36	27	13	15	70	92	20	14	70	71	81	94	94	34	63	78	72	23	66	25	36	44	52	27	79	27	32	73	77	60	52	49	85	61	42	39	44	66	90	12	19	36	23	91	22	85	65	86	28	67	42	11	87	59	74	90	79	50	55	60	99	39	48	93	36	98	22	65	59	57	20	54	46	20	28	99	33	89	71	84	62	60	50	15	77	90	15	28	42	54	57	71	93	68	56	31	47	85	53	45	32	21	77	26	20	33	41	96	94	99	35	29	43	58	28	29	30	76	14	50	18	29	79	50	75	33	69	36	96	100	21	74	79	57	41	48	62	47	87	48	80	77	57	66	82	40	41	54	75	58	68	56	86	38	74	26	100	45	78	71	95	11	97	22	70	38	26	60	33	76	31	62	16	75	52	27	22	28	23	34	88	78	38	37	58	83	25	85	26	73	45	41	46	46	89	35	60	14	30	34	58	70	78	44	57	88	41	90	34	52	38	49	74	66	45	57	44	87	61	67	71	19	72	98	80	82	24	64	63	53	53	41	56	32	88	65	85	90	19	67	82	18	50	23	26	77	50	25	93	81	71	17	68	72	74	46	89	24	22	94	43	19	14	69	76	55	11	43	59	80	23	36	30	78	46	12	27	27	28	42	65	34	52	39	49	95	41	63	90	25	16	80	13	64	75	12	34	91	56	45	21	35	25	88	88	38	60	34	99	64	74	87	14	56	33	50	50	99	97	98	43	38	55	91	72	26	68	73	40	30	65	66	30	26	51	14	38	36	61	99	23	55	24	79	17	58	41	39	61	19	35	89	18	66	75	91	30	38	46	95	96	60	73	16	39	92	83	86	77	62	97	13	65	16	76	43	80	21	47	87	29	44	43	83	81	27	26	11	58	13	35	22	16	78	59	21	81	61	95	98	74	82	67	24	27	53	31	36	14	59	25	49	56	73	79	78	37	43	17	90	68	31	13	86	23	27	32	25	51	11	33	12	37	59	76	100	18	90	44	21	68	33	88	52	54	34	24	34	29	13	93	50	59	85	76	20	91	43	29	93	65	61	25	15	61	18	27	55	33	54	94	28	67	42	36	74	38	96	16	59	82	15	30	77	100	38	36	42	27	62	43	89	41	64	95	50	79	49	43	48	65	47	59	26	62	76	49	58	90	84	22	33	10	87	39	63	42	79	100	22	69	82	81	50	29	17	95	89	24	90	40	36	99	48	97	64	14	44	81	55	70	82	12	39	35	89	29	51	42	75	16	42	57	37	35	49	39	11	14	60	74	62	43	54	65	97	43	77	55	46	34	49	44	64	82	43	79	59	23	80	31	34	37	99	63	100	15	81	43	33	33	89	18	42	10	18	85	98	40	71	34	67	72	18	42	100	85	30	76	68	11	33	54	75	53	34	80	25	26	71	84	51	16	41	73	25	76	49	55	100	59	14	96	85	55	62	17	89	45	78	67	33	89	89	86	77	53	34	64	36	72	56	61	51	84	73	35	54	10	46	62	99	54	14	10	70	42	54	88	94	66	20	70	32	57	64	28	13	73	86	86	22	28	86	54	87	43	32	54	66	86	67	79	94	35	20	31	16	24	70	23	86	66	49	91	55	41	11	53	51	86	80	21	85	98	10	38	98	95	86	86	20	20	45	85	14	34	89	53	15	30	98	92	75	20	41	96	45	39	43	80	20	88	66	51	94	18	59	100	16	22	54	79	50	13	31	53	41	65	55	61	32	53	99	61	38	36	31	76	62	50	61	38	69	53	76	95	97	21	94	71	11	43	20	14	34	37	25	97	37	82	37	96	49	90	71	40	64	51	28	74	92	32	22	54	76	75	63	40	25	54	74	91	39	49	79	20	82	92	35	99	79	12	55	21	45	100	17	12	52	17	80	100	46	53	25	81	32	72	24	15	16	43	12	52	26	43	58	53	56	16	79	54	54	12	19	19	99	30	27	28	79	33
66	16	65	25	60	67	83	56	94	88	28	40	59	17	80	11	13	33	49	88	26	86	71	40	97	27	88	44	39	89	49	49	84	53	43	14	29	81	75	72	52	43	26	68	38	33	42	27	50	59	29	77	78	26	37	82	37	10	98	16	82	74	62	63	62	14	17	63	88	72	13	19	47	95	57	48	38	56	78	85	14	47	74	59	59	63	53	29	24	32	83	23	32	47	20	86	28	14	33	43	12	67	40	68	52	64	52	45	60	18	81	54	30	62	45	61	60	88	62	24	38	92	53	50	83	61	66	47	81	15	66	80	79	42	35	86	32	25	58	63	24	79	59	49	78	15	89	77	74	93	75	26	75	91	31	64	53	59	44	99	52	97	67	32	86	18	28	98	98	55	92	62	14	98	36	50	50	62	16	27	15	71	93	24	34	69	35	12	54	73	49	96	13	83	84	73	41	89	26	86	67	97	61	90	68	30	55	58	84	92	59	61	61	60	52	49	69	29	72	88	69	90	77	55	58	79	77	74	71	38	89	48	81	98	75	71	93	39	15	83	50	70	89	72	91	39	73	87	68	14	70	58	97	79	37	30	61	43	12	54	32	44	75	65	86	87	33	77	71	92	95	74	35	93	86	86	41	30	85	39	24	53	37	82	93	46	15	28	93	17	53	65	87	79	49	100	53	12	23	12	43	52	79	26	99	72	59	64	80	14	33	40	17	74	97	61	77	65	42	71	66	83	34	35	92	89	29	26	44	42	59	14	54	98	33	34	71	82	12	63	27	99	44	40	56	30	77	17	27	50	80	45	22	47	34	15	27	82	22	86	42	99	40	60	90	22	79	76	41	27	99	40	31	62	75	50	42	83	46	73	72	17	39	40	50	29	16	89	62	93	24	19	35	92	54	58	44	95	82	90	50	67	93	15	77	56	100	80	22	20	99	91	21	83	86	45	90	55	15	86	48	92	35	81	60	51	67	26	78	19	27	18	79	70	13	59	83	60	31	80	33	80	70	34	39	54	20	99	98	89	27	49	37	43	28	58	32	46	52	76	94	97	13	78	38	76	99	34	13	67	12	42	77	14	98	77	29	54	58	89	36	15	17	44	25	72	74	48	42	14	28	92	41	87	52	32	51	45	31	84	93	62	61	96	62	15	47	54	16	52	24	78	43	45	37	87	94	44	38	35	47	89	19	27	82	21	35	38	35	35	74	88	71	49	15	87	72	96	41	77	97	20	36	84	74	68	97	14	42	69	39	51	82	96	85	97	20	44	90	66	59	22	37	71	21	58	53	76	91	55	22	23	78	72	32	55	71	33	62	67	97	72	27	39	100	85	90	60	68	70	16	20	77	82	61	39	93	76	15	11	16	17	78	33	74	34	10	80	73	74	72	81	53	98	17	24	22	96	64	85	38	81	80	58	53	46	85	71	26	20	58	25	63	48	84	53	79	91	54	85	90	22	74	67	72	88	62	52	35	78	19	62	47	64	87	97	47	49	31	96	60	11	18	87	16	97	24	34	67	78	70	66	52	78	25	67	34	13	52	47	81	84	33	96	41	51	58	87	69	57	48	18	50	77	25	74	61	66	78	45	69	11	80	66	92	63	52	76	35	12	76	27	84	63	11	17	84	37	22	67	30	83	84	40	49	16	24	39	93	94	65	31	72	54	43	35	40	79	31	63	31	98	45	78	66	78	26	17	43	88	39	16	65	76	36	33	22	12	36	69	82	35	48	87	37	25	54	71	39	15	47	68	89	42	100	88	86	58	47	12	12	94	28	28	36	13	24	57	27	87	49	98	26	69	65	35	20	53	80	19	38	67	46	22	21	71	90	75	75	45	22	51	83	74	76	71	47	12	56	37	12	100	41	97	50	40	77	50	19	81	36	85	92	19	54	41	92	80	76	90	33	54	18	49	79	49	27	81	48	94	26	58	52	17	41	58	96	84	65	34	48	24	63	79	58	44	43	16	96	12	26	64	35	36	58	85	11	33	36	24	51	15	38	83	25	28	95	55	37	39	29	22	75	93	77	80	87	51	69	84	99	12	98	25	99	32	59	35	42	38	66	79	23	68	89	50	91	14	29	17	21	82	38	37	11	17	11	16	37	24	53	77	32	84	90	17	17	91	49	63	64	85	51	52	94	19	14	46	82	29	12	27	11	65	22	48	76	79	35	28	48	46	78	16	80	56	25	70	91	57	20	84	62	26	83	24	16	81	61	45	35	60	39	84	69	29	25	91	28	31	43	48	61	86	39	59	63	18	34	80
67	11	93	48	85	69	82	59	41	100	76	17	44	11	34	31	35	28	62	82	96	78	69	69	97	56	56	33	58	19	31	40	68	37	88	86	78	43	41	12	16	58	56	76	64	57	19	80	77	54	11	66	42	68	57	26	34	55	16	17	49	79	86	77	59	45	99	48	25	75	69	74	55	80	85	78	95	15	74	19	69	32	94	96	12	25	58	66	85	95	42	41	93	26	59	64	28	60	41	41	76	17	96	51	46	13	61	19	35	78	24	72	55	65	64	68	97	38	70	52	30	23	63	83	24	74	90	72	75	52	50	17	48	80	94	42	91	89	90	27	18	72	34	60	73	80	25	64	55	67	22	11	88	89	73	72	12	87	88	50	79	57	53	59	52	23	21	19	79	57	98	82	99	53	28	26	43	74	83	22	22	28	41	39	97	67	15	72	65	76	90	13	46	21	35	88	62	90	10	63	80	38	70	44	36	65	35	61	62	10	94	76	21	85	39	92	82	96	27	50	72	13	63	24	86	31	32	22	48	82	74	81	92	80	15	41	62	39	36	49	96	94	65	56	56	10	13	20	25	65	28	19	66	35	44	88	87	48	45	64	73	25	98	11	20	25	27	31	76	35	35	84	62	13	95	39	74	24	94	52	13	33	70	36	59	59	45	12	96	99	19	10	10	50	91	28	89	49	31	65	18	96	15	48	40	97	93	13	28	29	21	43	23	52	14	20	44	26	51	33	64	47	52	98	50	60	12	93	20	28	21	53	84	45	95	82	12	83	40	17	31	71	49	45	13	65	60	32	55	20	55	58	67	66	59	44	57	41	61	35	45	57	44	90	14	78	91	40	44	33	42	19	45	85	24	88	51	44	92	40	90	61	35	61	23	87	22	47	79	28	44	99	36	68	18	84	97	78	59	63	30	72	89	99	28	76	71	32	50	71	67	31	69	91	54	92	11	79	24	46	27	50	87	97	65	14	24	52	28	38	57	78	45	61	80	39	55	76	50	16	33	85	56	99	92	57	60	30	26	98	46	40	87	56	40	81	86	80	82	48	48	31	94	11	29	51	54	66	87	79	68	26	33	61	38	54	64	55	61	94	72	16	58	51	27	72	35	90	76	40	97	71	73	32	48	16	71	60	65	54	15	100	51	44	99	47	13	21	84	98	68	36	14	80	64	45	18	97	61	83	65	45	70	74	22	13	95	66	70	49	33	57	44	89	78	69	38	40	29	100	39	68	49	40	83	71	94	15	77	17	15	51	96	68	28	16	52	17	89	42	95	37	18	55	89	64	66	47	93	36	42	23	62	63	30	57	31	36	91	99	74	37	62	70	49	53	89	47	25	46	25	14	44	98	64	69	29	45	97	37	52	41	56	31	40	97	82	50	53	54	16	73	51	23	100	74	36	61	46	66	61	65	86	87	31	82	89	26	90	58	71	41	16	42	79	12	39	83	67	22	74	23	63	13	69	68	79	19	60	57	92	66	62	32	36	95	64	89	76	89	19	36	73	44	41	34	26	94	15	68	59	25	91	88	30	80	96	56	78	43	29	94	52	86	36	26	25	15	38	39	83	82	97	24	43	70	54	90	88	80	99	74	43	48	43	27	19	59	53	94	20	63	79	45	51	42	95	40	80	15	98	79	30	16	90	92	90	61	91	28	63	86	36	64	22	43	88	57	53	88	76	62	55	71	78	97	13	88	97	37	95	75	63	53	37	24	76	67	21	17	28	88	17	53	76	38	81	31	80	14	52	21	83	68	11	63	14	74	28	16	84	94	75	40	93	25	45	53	46	30	93	16	35	89	95	48	94	30	44	83	29	90	90	65	93	78	44	61	39	86	10	40	53	50	14	83	38	15	95	76	78	37	20	57	90	72	57	15	68	93	22	23	57	68	49	34	20	74	100	53	87	58	82	74	50	94	38	25	100	57	77	64	74	15	53	97	88	70	97	49	69	20	37	98	34	71	37	49	87	47	20	99	49	55	39	71	43	40	79	17	53	48	36	43	12	85	100	99	95	69	60	56	45	88	31	19	17	67	68	80	95	69	98	66	75	32	88	63	15	44	70	51	88	28	29	54	77	16	18	36	91	92	23	28	36	38	93	76	41	27	18	49	14	17	37	64	60	65	68	26	84	27	47	46	30	45	75	97	37	68	95	27	57	25	67	86	73	54	84	26	67	35	29	28	34	83	19	70	79	74	39	39	59	45	47	85	36	63	76	93	49	83	49	22	32	61	73	89	51	16	68	76	60	24	76	90	43	32	61	25
35	16	16	69	32	98	55	88	53	17	59	17	53	25	84	43	82	28	85	59	77	34	50	94	66	92	56	29	69	25	36	48	51	43	24	22	68	16	27	38	11	69	58	89	58	57	47	55	83	76	52	66	74	97	84	91	19	40	58	77	27	43	60	48	29	32	14	48	96	21	14	80	68	90	29	33	41	60	34	17	93	55	16	22	26	33	77	92	77	97	82	80	20	82	14	26	34	92	51	20	46	69	63	70	78	84	22	75	47	68	49	76	42	64	39	90	60	90	20	34	92	81	77	64	93	77	21	88	19	96	18	31	78	12	87	18	26	23	60	91	93	49	54	51	74	49	59	40	63	96	14	10	33	85	30	44	39	95	75	98	39	85	16	60	24	98	65	10	43	39	54	68	55	21	15	12	82	68	75	54	42	25	76	60	92	44	20	11	91	81	15	65	75	33	35	38	33	20	18	68	62	82	78	40	16	90	17	93	81	32	75	59	75	62	26	60	52	86	28	58	69	98	60	44	14	41	98	98	61	96	12	46	32	89	87	50	84	45	29	73	11	15	41	60	50	73	78	71	30	11	24	88	45	51	32	78	55	44	19	44	84	41	64	41	93	95	94	87	95	83	28	39	89	30	87	55	25	72	31	28	99	53	12	45	31	46	64	25	30	30	71	43	34	79	25	49	21	41	54	10	98	55	90	81	97	45	94	53	26	68	23	78	76	86	88	74	33	33	53	57	71	14	91	45	16	84	45	10	60	85	35	38	41	82	78	80	81	38	62	67	28	72	26	38	72	44	60	27	42	18	13	30	82	30	88	91	64	21	83	41	63	68	60	44	23	30	40	94	81	73	37	55	90	82	74	34	24	24	41	15	86	60	96	96	55	64	46	42	24	50	82	93	62	75	28	19	19	87	20	10	64	78	73	26	91	51	57	47	44	64	23	52	83	70	85	88	11	62	82	98	78	92	91	31	95	93	78	97	14	21	18	60	40	70	74	34	46	19	12	59	72	41	54	94	44	52	47	18	79	52	37	11	46	22	65	32	41	42	87	48	51	56	71	82	27	46	85	66	29	17	20	74	63	26	67	57	63	83	26	58	65	22	49	93	76	37	95	42	92	67	77	86	32	23	27	72	44	67	69	53	35	32	57	75	89	25	57	38	99	85	27	67	75	73	28	80	50	58	68	73	20	80	64	35	75	14	20	16	76	39	13	26	20	24	81	55	65	58	63	89	24	60	75	38	61	66	41	69	76	97	71	26	34	64	11	40	62	84	86	86	41	33	81	60	100	65	71	91	62	18	17	74	14	32	65	48	54	99	94	63	11	18	56	55	63	35	86	38	60	34	73	61	62	60	38	61	48	90	34	20	62	47	100	35	97	75	95	78	78	92	45	11	59	14	85	77	26	27	82	29	20	87	84	99	80	20	83	25	77	48	26	90	95	92	44	70	36	48	51	53	22	44	61	76	75	64	84	53	47	46	94	49	69	11	22	85	45	26	58	21	83	50	70	74	75	43	89	32	72	46	94	55	65	67	31	35	13	95	42	46	82	78	80	25	11	18	57	80	20	61	40	15	24	59	98	61	56	50	13	27	61	34	64	88	71	94	87	93	42	12	49	38	51	84	18	49	28	52	11	74	68	69	24	56	31	67	48	42	32	30	35	44	37	92	27	14	37	49	91	15	17	82	16	91	26	31	41	33	29	36	53	72	24	73	61	25	13	68	21	49	31	27	61	81	86	59	20	14	48	27	87	59	13	53	15	63	82	17	12	73	34	51	100	81	97	52	46	22	65	55	97	97	87	60	27	89	44	94	77	32	88	79	45	28	12	24	40	59	20	53	81	16	66	43	48	31	12	68	75	24	94	84	66	80	88	14	97	18	30	39	33	18	33	12	23	31	70	76	34	47	42	93	12	71	43	93	63	18	54	50	24	88	74	98	50	46	53	37	92	79	54	34	12	44	93	64	80	94	82	69	40	35	19	53	56	35	11	34	37	41	59	64	90	57	60	17	84	76	38	75	99	39	31	90	89	20	75	76	43	22	21	84	90	32	50	24	58	44	32	36	84	11	79	93	99	99	60	84	26	75	89	36	41	74	88	59	79	77	90	18	21	27	57	83	85	65	64	45	78	49	83	30	24	75	96	35	75	35	91	37	94	70	17	16	15	65	95	38	69	19	77	52	93	21	35	91	93	46	43	35	21	67	89	64	39	68	93	90	17	93	14	92	90	61	74	91	81	63	29	83	90	86	36	36	54	43	64	77	67	41
85	36	43	35	34	29	86	64	46	75	15	27	100	98	53	38	45	64	72	37	76	88	90	89	96	73	39	29	99	75	77	78	85	17	51	68	24	75	67	87	96	73	56	91	22	43	54	91	24	24	84	29	95	57	56	52	31	14	56	60	50	95	57	98	60	42	83	94	36	30	20	32	75	28	12	85	66	12	13	23	56	71	78	77	15	30	37	95	55	77	22	48	71	48	47	44	61	49	71	78	75	26	49	40	21	89	78	65	62	91	61	40	44	15	70	15	61	78	99	11	91	38	28	86	97	25	26	44	17	63	95	15	26	85	97	44	68	18	88	59	62	25	77	27	62	68	74	22	94	89	39	49	66	99	78	43	46	14	60	36	38	47	53	72	25	16	19	87	56	24	81	41	67	85	92	92	99	95	48	16	94	65	48	77	80	34	78	17	75	63	34	37	55	82	79	34	86	48	68	38	24	58	95	84	59	62	18	90	10	13	95	15	73	62	59	21	76	19	25	40	15	66	74	51	41	55	67	48	84	41	44	97	14	82	17	54	36	20	57	16	100	59	15	60	89	76	27	42	96	56	48	30	77	59	52	42	76	65	13	19	74	40	53	37	43	76	42	87	14	73	81	11	81	72	64	15	63	44	95	15	95	92	10	93	74	61	56	44	46	64	96	56	71	30	34	20	26	61	14	18	59	28	76	52	33	37	56	43	32	38	96	70	42	24	80	19	12	78	89	79	39	64	56	60	14	69	60	55	70	94	40	13	50	39	99	62	20	35	32	30	20	87	99	38	62	58	22	76	88	26	32	84	77	66	90	32	80	32	100	93	14	68	62	95	64	59	96	70	49	62	71	47	90	69	97	78	28	60	91	95	87	69	52	86	20	33	24	99	60	99	43	16	61	91	96	85	48	26	47	68	83	62	20	78	35	23	29	81	19	79	38	96	99	87	56	15	25	43	16	40	33	23	57	100	29	97	66	95	96	83	32	95	70	77	97	24	89	73	39	91	67	19	59	19	96	10	36	51	97	57	20	95	11	11	29	75	60	31	50	32	26	97	45	94	28	51	16	65	36	73	71	55	52	83	48	69	93	11	95	69	81	77	90	73	80	78	36	78	58	27	89	75	51	29	76	35	66	51	35	13	22	50	49	25	53	11	50	45	66	53	87	87	89	63	66	11	82	62	87	86	41	47	49	50	56	81	61	28	89	96	39	49	59	12	94	99	43	12	33	34	78	40	75	15	23	96	54	78	34	49	29	82	48	50	93	98	29	55	25	71	88	71	65	69	81	60	40	91	72	95	84	64	27	26	54	30	86	20	97	58	70	50	49	38	34	36	23	30	33	47	95	90	12	11	94	21	40	82	73	43	39	30	58	85	62	98	69	90	86	20	48	56	74	79	21	15	68	88	38	33	63	20	46	66	62	72	53	66	85	10	30	96	48	52	77	67	39	24	64	77	79	95	39	21	35	15	41	76	46	24	55	73	53	63	33	30	42	63	69	97	98	74	65	31	30	63	75	49	36	90	13	86	72	32	61	41	51	87	26	71	73	13	63	15	88	96	45	59	76	54	68	70	20	22	83	34	82	97	68	43	91	76	94	84	40	85	34	54	17	70	88	65	16	76	25	54	44	15	35	65	97	22	33	99	12	95	95	21	48	37	90	82	20	96	73	32	81	62	38	28	92	59	44	79	83	55	56	15	20	94	31	16	61	25	96	59	51	59	97	34	17	93	48	22	77	28	45	89	79	100	39	91	31	19	46	66	60	84	87	71	15	72	43	27	83	16	61	41	40	59	36	63	23	85	54	34	43	31	28	58	18	77	45	30	56	62	84	70	54	20	16	78	64	89	61	25	82	68	29	79	65	54	62	89	99	30	66	67	87	75	26	87	85	91	56	44	17	37	53	16	72	32	64	46	48	93	33	79	76	77	28	56	40	96	91	10	98	49	83	64	63	11	18	44	26	15	55	25	75	31	74	66	76	47	37	57	70	68	27	47	80	23	29	80	72	38	100	69	56	39	59	75	57	69	62	97	79	38	89	12	40	70	16	64	63	95	29	74	22	72	28	98	65	49	21	100	93	52	99	20	87	97	49	67	83	37	96	65	15	80	87	16	47	24	86	13	40	28	65	71	30	83	44	100	19	68	74	97	49	50	63	95	18	60	18	69	82	25	19	98	54	13	80	95	40	40	61	11	45	25	60	66	88	58	12	34	24	66	41	64	12	84	91	14	66	70	75	38	72	55	32	28	56	68	47	79	81	70	64	68
26	80	34	10	19	100	33	13	51	15	16	58	10	76	78	68	91	23	73	50	32	43	13	41	92	64	61	41	55	46	81	95	37	75	73	38	68	91	68	21	52	67	42	80	87	79	48	52	56	85	48	77	27	41	13	62	19	88	90	48	92	49	18	53	88	43	14	12	44	90	18	60	46	37	58	62	18	88	63	40	96	98	85	60	75	25	48	67	84	36	42	30	59	79	54	99	27	52	28	74	55	22	14	12	13	20	83	16	98	31	68	39	58	36	76	35	11	10	26	34	79	48	11	28	73	89	17	60	71	25	48	84	95	75	55	79	17	27	65	61	51	62	49	53	54	38	26	48	73	86	66	25	28	48	85	98	62	24	82	82	10	97	33	45	62	63	40	99	14	51	58	89	22	41	88	25	29	97	30	12	84	91	38	33	67	73	63	91	35	79	37	47	16	66	30	27	61	73	86	67	78	81	26	28	32	40	22	94	86	48	94	61	32	59	16	70	71	90	82	67	95	31	16	26	31	54	22	48	73	99	13	89	79	92	75	16	82	93	94	93	72	70	40	68	39	65	16	83	25	44	53	29	27	95	28	92	80	33	12	31	76	37	59	22	90	49	98	33	91	23	58	21	81	75	87	39	33	73	93	53	88	99	45	24	78	34	67	99	21	39	97	39	61	85	48	88	21	74	21	75	73	95	75	63	38	78	87	72	69	47	86	52	89	23	31	78	19	37	82	80	12	94	83	20	91	86	18	26	52	36	77	12	24	38	45	92	67	97	57	33	37	43	93	59	69	17	95	62	26	33	65	82	97	54	96	66	33	14	20	59	23	20	66	26	59	74	78	78	15	30	55	63	18	18	48	31	45	24	91	71	32	64	80	83	18	37	72	53	34	41	68	17	91	73	77	13	97	48	54	15	85	23	22	26	72	12	37	49	20	47	89	43	44	37	93	81	61	99	88	59	20	39	24	27	17	11	84	51	14	95	36	25	14	100	13	15	43	57	56	82	63	93	14	45	23	44	88	31	31	92	91	90	66	88	53	36	37	34	94	58	66	79	31	72	47	14	61	61	76	15	35	78	61	73	66	45	14	16	11	19	14	72	28	18	99	15	20	27	20	26	42	60	88	80	16	90	57	64	28	99	37	42	83	49	40	47	35	23	98	77	91	50	97	43	14	89	22	39	62	31	62	25	48	25	38	36	90	26	67	37	41	45	76	99	52	16	95	78	19	62	57	17	21	29	64	22	58	88	58	76	38	63	98	12	58	65	18	70	86	67	38	14	48	58	55	72	100	43	39	92	80	81	63	93	80	99	29	36	58	86	56	65	28	65	70	79	12	93	12	97	23	78	67	40	45	65	42	42	63	63	54	72	20	37	32	51	33	75	62	30	60	69	62	56	23	65	41	25	32	56	74	56	98	39	28	80	87	43	92	36	81	64	13	89	76	48	58	64	69	91	14	78	68	72	33	24	67	83	44	51	48	36	43	11	45	35	49	64	68	94	60	45	78	87	62	71	18	53	54	49	53	29	38	82	91	47	19	32	29	45	92	13	93	28	46	40	21	12	96	51	100	99	42	24	16	30	64	96	14	88	47	49	92	28	98	31	81	35	15	40	58	95	27	86	46	51	87	68	17	13	92	77	50	60	49	74	11	70	81	76	94	24	30	95	47	93	24	58	25	36	89	22	27	38	94	94	94	67	13	12	70	15	57	96	93	51	69	47	50	57	93	78	39	91	77	30	70	76	60	29	44	58	17	27	73	31	31	17	93	98	35	19	80	31	63	76	61	49	13	85	62	81	32	51	35	98	48	81	95	26	83	90	85	99	46	21	35	18	41	56	43	28	85	23	39	66	86	14	48	88	24	11	71	53	71	92	52	82	77	64	89	63	27	88	66	69	53	89	48	76	93	89	17	94	65	60	29	59	34	18	41	12	42	88	75	72	14	94	72	33	14	70	84	14	76	81	98	56	96	73	78	93	33	13	20	87	78	82	90	25	60	43	38	57	95	56	65	34	34	89	89	16	35	22	89	27	26	15	49	95	66	64	48	21	84	27	16	12	15	44	67	27	55	70	97	81	52	42	93	30	98	74	16	67	88	91	64	70	73	66	90	15	19	10	33	94	90	41	96	87	98	11	72	20	23	44	69	27	17	99	19	75	55	90	25	34	35	45	31	15	44	63	10	53	22	71	12	81	96	56	67	35	96	11	97	91	16	53	99	23	71	55	26	40	96	47	64	42	94	84	68	96	10	47	49	42	26	86	91	63
42	75	39	34	25	72	48	91	42	84	73	88	72	84	14	65	74	90	60	30	18	82	42	74	91	32	12	20	91	45	48	16	67	21	55	44	58	81	67	25	39	36	93	62	97	60	39	49	91	96	97	54	24	19	70	56	79	88	63	42	35	64	55	82	71	41	72	53	59	93	84	70	53	81	70	68	63	21	51	11	29	20	61	54	36	84	31	85	71	26	44	47	27	16	55	78	93	95	63	59	85	56	79	17	31	35	46	20	41	58	94	86	100	50	56	31	27	11	49	92	30	87	79	31	80	63	68	70	77	17	50	76	88	54	31	17	94	26	32	30	83	69	18	65	85	63	22	84	10	12	40	79	52	61	91	88	20	46	94	72	68	70	79	35	72	96	52	81	52	64	85	40	89	10	67	67	74	54	95	24	96	38	58	29	45	35	74	89	69	54	87	15	86	73	69	97	25	35	76	22	80	25	72	96	44	32	65	76	34	18	84	69	66	74	27	52	98	46	51	52	90	76	85	74	41	70	24	81	71	43	89	76	42	25	93	66	31	85	95	39	80	62	97	91	62	80	61	43	42	74	73	11	82	40	33	36	78	82	90	40	24	100	72	92	15	86	13	42	14	91	87	36	11	28	79	95	55	28	82	85	30	84	15	92	42	37	70	16	38	91	76	39	91	77	53	59	24	80	20	55	51	84	63	44	30	30	60	59	69	71	41	19	34	42	57	57	59	96	16	89	35	39	58	72	91	37	89	92	35	49	71	70	77	47	29	30	95	96	79	89	93	26	13	31	73	35	13	78	55	58	78	67	27	51	56	14	68	61	46	84	55	72	44	42	56	24	70	78	21	61	15	53	71	68	32	73	18	38	32	42	19	48	41	45	83	50	40	48	18	17	55	14	42	28	80	95	25	76	50	77	16	84	36	85	39	89	46	89	35	17	54	33	74	98	76	54	70	57	29	43	53	13	54	23	40	24	37	68	49	18	49	73	84	51	77	87	33	11	32	23	96	34	64	50	31	19	33	97	46	41	18	38	53	11	77	73	27	65	79	49	37	73	14	35	81	27	16	30	81	51	74	30	84	70	62	70	23	45	56	68	25	66	73	90	81	46	16	44	92	90	51	24	20	27	51	19	56	10	46	47	99	51	70	78	16	44	26	88	39	50	60	74	96	79	65	93	27	25	88	58	59	26	94	39	77	53	87	11	94	94	73	56	35	46	98	60	84	13	35	98	27	52	14	18	44	23	65	75	77	61	48	37	92	29	94	18	16	94	21	68	30	31	74	97	57	56	18	52	94	54	24	33	99	34	54	68	55	11	29	80	45	96	19	31	88	73	11	18	93	63	43	96	80	57	75	57	43	39	59	46	14	81	33	65	12	27	50	100	67	78	61	35	66	13	25	60	29	36	46	90	43	91	51	97	21	71	75	28	28	43	36	94	50	65	36	61	87	96	18	94	83	34	52	95	78	75	90	60	83	80	99	79	86	60	83	23	54	63	24	58	48	69	23	57	32	55	19	54	75	47	57	32	66	12	19	53	87	23	55	26	74	93	46	83	75	88	24	32	66	93	82	10	64	11	84	30	98	55	23	37	37	36	79	50	47	52	14	54	54	45	29	61	92	79	90	59	24	60	39	27	73	74	70	28	41	22	70	17	93	77	73	81	76	31	15	43	84	38	25	76	81	77	14	50	28	45	12	25	97	93	19	74	66	14	48	67	19	41	32	96	28	11	37	51	66	61	92	23	43	45	54	42	95	61	25	26	65	12	84	50	98	61	67	85	72	91	56	59	46	31	51	88	43	31	25	46	63	18	92	52	22	19	40	45	70	26	31	18	34	45	16	49	11	37	29	93	15	54	82	17	76	88	66	55	49	49	87	79	93	64	28	39	93	14	19	23	27	63	37	26	84	74	96	67	56	95	43	19	13	83	53	26	92	87	96	100	90	23	20	77	42	45	93	83	11	80	34	89	49	62	29	19	52	22	63	58	26	73	26	15	60	93	70	62	15	74	19	80	43	21	34	57	23	78	79	90	59	11	30	76	36	23	43	90	71	65	69	33	88	92	33	44	33	30	76	57	78	91	67	54	29	52	71	80	87	82	22	58	91	21	29	73	41	74	64	46	71	23	46	74	18	11	28	32	33	25	15	97	70	58	93	66	92	86	87	29	32	75	53	73	98	87	32	86	58	17	67	51	67	90	22	94	37	50	92	15	45	23	23	57	36	59	56	25	67	86	17	67	92	47	34	84	85	54	98	94	31	52	12	80
63	52	59	55	64	16	62	98	97	96	54	65	80	18	82	93	12	85	68	29	90	50	79	41	31	77	66	67	79	53	94	36	54	75	67	65	49	88	38	93	81	59	62	40	62	28	52	69	60	75	66	85	18	18	38	82	17	50	65	45	33	23	15	83	24	47	91	43	83	45	11	91	35	63	85	37	80	37	73	91	40	94	43	98	97	78	12	43	31	82	94	86	35	24	41	84	88	92	88	33	20	13	38	23	65	68	90	27	60	82	21	58	37	20	29	34	32	94	43	70	92	95	98	13	13	53	39	25	83	99	13	49	33	85	64	64	56	18	98	73	42	58	76	70	81	100	92	27	18	87	68	54	68	59	20	91	61	98	100	16	92	85	43	70	19	27	70	76	65	81	36	47	34	53	93	34	12	44	59	53	59	92	58	13	12	20	75	70	14	96	42	11	15	57	86	42	83	29	74	54	33	90	62	25	86	85	20	28	81	61	63	20	20	58	69	70	61	20	32	57	70	58	23	49	46	63	39	45	87	39	77	48	68	30	28	21	82	68	89	62	77	41	68	70	46	33	21	97	98	72	82	28	53	44	38	19	84	73	65	72	15	77	79	99	83	91	75	45	93	94	41	48	83	22	72	58	83	85	53	95	69	95	11	79	49	19	36	79	78	69	68	60	73	57	46	65	60	92	41	90	64	51	98	13	95	74	73	82	73	85	72	31	100	25	79	62	79	85	76	49	33	49	62	41	36	47	22	75	92	34	77	88	54	55	28	48	79	57	21	32	73	69	75	98	22	51	15	87	52	14	49	97	84	62	34	84	19	31	74	56	59	92	26	78	23	55	53	65	99	90	96	18	16	69	66	26	97	95	91	71	26	32	66	66	75	85	40	22	84	88	77	11	80	94	57	68	71	54	56	35	32	36	84	95	78	73	54	99	40	47	95	76	22	38	51	87	46	86	56	52	20	92	64	54	82	81	70	57	18	97	70	15	45	68	47	69	65	51	28	18	13	76	28	45	84	96	13	16	86	71	26	95	26	94	37	97	50	50	64	57	46	68	29	99	88	70	18	42	70	84	65	58	18	75	58	23	20	82	57	48	17	60	18	66	39	33	95	79	50	96	44	98	95	43	65	27	21	14	16	84	28	34	32	73	36	44	25	74	15	86	34	50	32	22	66	36	62	41	67	31	11	97	47	53	38	48	76	29	59	49	59	84	86	50	14	24	51	74	38	72	68	97	47	18	67	59	83	29	85	98	41	95	97	64	21	55	94	58	74	50	53	17	89	31	53	21	87	30	16	66	31	84	52	76	28	96	16	68	59	73	23	57	90	80	84	38	72	66	58	77	96	45	58	59	22	33	19	79	71	84	38	92	53	68	94	62	83	31	79	92	12	11	37	29	60	96	68	54	75	45	68	34	33	41	77	25	81	22	18	45	47	30	32	70	57	32	53	12	13	17	99	44	86	79	86	34	28	76	44	93	16	29	65	62	21	46	43	58	90	31	61	93	56	35	57	57	42	44	19	75	17	64	96	56	95	40	41	80	21	19	84	91	42	100	43	28	62	38	52	12	38	33	12	18	90	31	13	64	19	99	92	90	95	87	100	40	21	66	91	46	32	47	31	79	69	99	26	23	49	38	74	72	11	76	19	72	86	83	46	29	88	86	29	32	47	23	80	54	61	27	73	38	64	49	22	54	22	96	40	64	92	75	94	20	80	82	49	56	51	66	71	20	23	15	95	51	11	91	65	94	73	53	42	49	42	61	20	31	25	38	60	74	79	73	30	47	38	61	94	95	19	39	67	21	97	60	26	55	98	84	49	25	51	38	11	62	82	14	75	22	10	90	66	68	52	12	88	55	15	76	13	28	28	29	56	92	89	43	59	54	28	81	87	27	41	93	74	47	44	75	69	42	19	15	60	24	77	38	59	28	37	65	40	80	68	18	47	13	96	86	55	53	76	34	28	62	28	87	47	46	85	97	40	93	19	46	94	24	14	94	70	39	20	30	91	88	83	50	31	73	58	85	49	55	66	74	37	37	83	92	100	40	57	21	59	32	97	90	68	90	92	88	30	27	35	83	62	58	16	19	44	20	67	22	33	56	53	37	53	79	71	89	59	72	24	15	32	69	37	85	24	70	57	14	23	24	85	50	93	55	97	41	26	45	76	84	89	42	93	26	62	17	89	60	89	77	76	65	57	83	37	92	67	67	59	60	36	28	43	44	27	38	81	68	63	38	77	94	93	27	49	71	89	81	27	83	97	55	57	14
29	77	57	12	77	92	85	81	62	91	77	58	37	75	65	37	80	80	48	65	43	26	12	39	42	95	73	71	34	14	16	30	32	29	95	49	34	56	47	39	72	70	43	53	78	17	80	16	74	13	95	47	23	36	63	88	66	52	26	22	58	23	72	30	34	66	47	23	27	15	73	71	57	81	53	55	25	84	49	38	15	67	62	33	85	50	42	55	57	91	82	92	62	21	76	38	21	44	26	88	87	83	32	29	40	18	73	37	11	98	90	65	97	68	16	71	19	30	86	85	80	51	34	52	54	37	26	21	87	89	32	69	32	92	70	31	83	45	29	59	24	54	54	46	12	70	80	69	68	50	75	26	45	18	81	82	27	45	50	19	80	74	97	13	32	87	88	18	28	78	29	54	41	69	92	24	60	85	12	57	11	55	21	71	60	97	16	73	47	25	29	34	81	31	74	19	15	71	50	20	51	28	66	25	40	47	41	55	65	83	26	95	51	49	29	58	89	16	89	85	22	92	37	94	26	44	83	61	68	11	62	98	76	96	21	46	66	72	59	45	91	60	87	74	54	91	65	73	64	64	70	24	17	60	95	58	37	65	23	55	68	15	65	91	37	53	95	65	52	11	44	91	80	91	14	19	35	25	19	53	52	17	94	39	46	95	49	77	58	27	76	68	31	17	61	89	31	13	36	30	36	43	72	38	32	18	37	51	59	100	32	16	19	41	82	25	83	30	23	15	57	89	20	66	95	10	45	17	15	69	37	26	87	24	57	64	49	73	96	90	14	57	68	69	99	67	80	92	71	87	16	90	55	50	60	78	93	44	56	15	14	90	36	53	63	32	48	85	17	89	46	49	37	94	87	70	71	71	31	11	85	90	75	23	48	53	98	63	50	13	59	78	38	53	30	77	37	57	28	11	21	36	70	24	36	90	78	62	98	26	45	75	60	35	23	29	86	11	58	42	79	70	14	86	96	31	53	46	51	38	56	90	35	24	96	94	25	90	38	25	23	72	21	95	33	53	61	71	60	55	52	21	21	10	24	55	72	64	62	19	89	35	18	29	33	55	65	48	75	59	56	58	26	91	45	16	58	70	30	86	38	52	79	53	88	61	35	34	67	21	35	59	30	78	28	31	99	51	95	91	96	88	40	35	60	67	25	55	28	68	91	16	33	15	57	27	15	93	18	75	37	73	78	89	50	48	30	22	79	38	28	43	65	99	22	44	64	12	18	86	33	46	49	76	27	32	45	75	79	73	32	91	65	16	35	12	84	78	40	86	28	99	24	11	51	78	25	80	97	60	38	24	44	74	74	56	29	69	35	59	50	22	89	65	89	89	70	41	71	94	70	14	57	60	90	87	84	59	28	29	37	16	70	11	53	64	16	95	64	62	39	17	34	28	12	34	27	81	92	77	64	86	36	68	92	97	18	79	30	74	98	48	11	64	41	37	14	99	88	48	58	53	90	16	23	72	74	29	37	37	64	77	91	14	34	59	92	26	61	97	60	22	49	71	18	55	80	80	30	54	49	50	41	48	71	66	63	73	82	52	52	13	82	47	72	77	57	44	27	66	99	39	79	30	42	85	47	41	45	53	43	80	55	56	10	86	76	12	36	87	33	75	98	79	58	10	49	83	13	41	41	34	21	96	63	34	19	55	83	75	54	94	59	15	27	25	30	57	52	93	82	12	18	57	98	44	53	90	93	25	56	29	34	62	57	42	87	83	53	88	68	97	95	67	40	13	70	81	64	11	88	61	78	14	20	84	55	26	76	86	80	55	71	67	42	64	78	20	46	24	42	27	78	13	57	87	21	50	72	56	68	71	11	39	58	50	47	15	37	60	54	23	28	89	93	68	54	56	53	75	69	90	13	71	74	97	52	71	14	26	34	91	94	53	81	59	80	18	17	53	51	41	89	98	58	40	74	91	15	41	45	62	77	38	20	47	21	83	36	34	31	93	25	46	79	32	85	89	85	24	87	96	32	24	88	94	74	10	13	26	35	81	38	36	58	19	84	72	99	69	86	73	81	26	50	51	83	89	53	32	64	87	48	57	79	61	62	17	23	78	86	20	32	45	14	32	31	25	90	69	55	21	95	61	64	31	79	59	96	70	97	81	30	96	48	50	61	74	36	22	91	62	94	44	75	15	92	19	19	78	52	28	87	80	18	54	89	34	78	45	59	34	26	17	46	32	73	82	96	83	70	15	61	36	54	82	75	16	18	88	43	58	58	23	79	98	12	78	78	99	48	87	36	64	79	61	65	61	93	77
99	18	50	34	75	99	90	72	44	93	24	97	46	94	68	76	33	94	86	51	63	19	52	90	56	32	95	61	96	22	62	42	56	43	80	31	35	95	44	30	32	35	93	98	34	13	33	17	17	26	18	17	71	13	15	85	45	46	36	41	76	67	74	59	24	94	92	79	37	59	91	59	23	89	99	12	21	66	53	36	87	57	58	47	15	90	31	95	63	78	19	75	75	92	99	63	42	71	41	93	94	80	16	19	22	82	72	80	59	59	13	15	41	84	81	74	60	68	54	56	44	39	82	55	50	24	98	51	92	94	74	82	19	48	43	60	28	69	42	75	44	52	65	93	48	23	55	69	44	78	43	96	97	98	82	67	12	20	15	32	11	76	20	86	13	88	19	90	83	97	19	77	90	63	62	38	76	69	96	31	45	29	94	65	70	18	48	76	42	37	71	47	20	64	73	21	70	53	59	81	90	63	83	61	35	44	82	55	60	23	88	85	20	93	83	69	65	64	82	52	34	33	10	71	18	90	22	43	29	86	73	66	24	45	51	84	63	81	27	46	20	51	37	95	39	43	41	89	76	70	32	47	24	73	14	27	83	67	21	69	58	25	31	65	51	58	73	76	89	52	84	78	45	26	47	91	46	44	34	51	88	41	100	64	40	18	42	88	36	12	81	76	23	95	79	49	15	24	16	45	12	54	68	66	30	61	89	63	74	46	49	18	22	31	47	29	57	91	58	52	86	24	64	21	92	40	19	56	74	72	77	96	91	79	83	22	47	79	96	15	65	19	68	74	26	27	34	11	37	36	87	25	60	62	47	32	20	96	94	48	19	44	78	96	21	69	93	84	96	48	95	77	66	58	88	63	100	86	71	91	37	48	18	72	23	65	84	63	72	11	58	25	91	24	74	23	48	56	68	81	75	26	33	58	69	77	15	72	97	10	89	81	67	23	65	79	32	65	83	52	54	67	63	90	94	35	91	98	14	18	48	11	99	17	23	75	39	85	69	24	48	24	95	17	11	63	93	92	53	72	71	20	69	40	29	50	100	59	26	20	21	31	34	89	57	80	16	39	87	12	71	89	28	63	34	98	20	62	59	20	76	32	60	64	93	20	96	52	61	23	64	30	66	71	62	82	70	67	98	11	57	73	19	17	86	96	91	69	16	12	44	33	89	42	85	66	65	95	26	19	26	88	38	38	61	35	84	68	23	71	11	23	87	27	12	23	49	45	76	95	58	99	23	33	53	59	61	99	52	99	12	92	56	53	84	83	72	96	31	61	78	24	12	21	97	76	38	49	70	62	15	69	63	72	50	36	25	71	79	47	98	60	58	90	34	59	45	37	94	64	68	97	87	78	85	50	36	92	40	14	91	53	77	69	85	61	95	93	26	72	37	34	94	47	61	62	55	66	95	81	79	64	35	89	31	68	100	28	34	38	63	72	85	24	73	63	80	14	51	73	28	43	53	66	28	97	58	54	86	25	79	37	11	53	93	20	70	48	79	10	91	81	13	93	62	61	63	74	32	56	25	96	45	11	33	69	75	59	100	35	28	86	78	92	47	58	73	34	83	57	61	69	16	52	43	40	38	47	52	35	57	38	60	78	58	53	10	19	87	89	60	39	28	58	83	30	21	52	27	99	18	16	60	23	80	81	25	92	66	79	27	24	41	87	98	72	64	31	85	77	45	66	60	83	36	13	69	68	66	86	50	15	59	41	77	84	41	51	16	11	17	66	56	48	16	26	47	28	71	95	20	14	39	61	91	63	57	46	88	91	64	97	39	55	63	77	76	38	80	86	33	45	27	48	19	58	64	46	92	23	32	82	27	81	20	59	32	71	89	21	28	78	56	75	41	93	44	63	42	18	23	47	12	28	58	34	47	75	60	23	69	43	20	63	71	88	84	53	21	89	44	54	42	40	41	47	44	18	87	15	92	54	35	80	41	64	37	54	97	81	33	22	79	53	67	80	72	68	54	76	51	92	87	49	76	55	95	43	68	32	81	23	92	85	27	71	37	97	86	97	98	69	90	25	95	100	50	78	76	50	92	41	82	42	19	14	99	55	28	58	60	70	72	63	81	22	97	69	78	59	74	50	89	27	45	72	95	56	52	31	40	82	96	74	94	81	58	84	39	84	85	93	10	56	85	88	35	31	63	44	80	53	95	65	43	69	43	96	74	78	92	11	23	80	39	91	55	17	68	69	78	10	64	53	76	87	31	29	45	88	100	60	33	74	30	25	91	57	46	81	45	53	69	50	90	48	63	54	67	18
16	91	94	38	44	39	21	92	42	71	20	84	18	52	84	92	95	12	72	33	75	46	40	70	11	48	62	42	42	41	62	63	100	52	19	43	71	64	87	82	93	11	80	46	63	41	77	30	18	95	86	85	59	84	93	49	86	87	70	29	14	51	39	61	92	41	33	67	83	75	61	49	57	89	57	65	47	21	42	63	12	79	48	26	61	66	10	15	42	35	91	70	28	75	33	58	19	39	38	59	71	86	77	41	26	48	15	16	77	81	18	13	92	39	47	17	77	47	20	53	47	18	98	50	34	60	69	94	75	26	44	72	87	23	25	70	78	51	34	52	42	17	73	34	87	76	51	60	65	79	41	41	63	44	31	29	80	37	50	86	40	85	12	33	37	35	29	34	46	90	13	53	94	47	83	12	81	78	52	100	42	86	67	62	62	42	17	54	99	77	23	22	75	90	86	70	15	45	34	98	94	27	12	98	21	24	47	44	24	24	97	57	49	51	86	68	10	19	18	72	90	82	60	31	60	93	98	84	93	83	51	16	87	89	79	48	28	83	96	84	31	21	20	81	66	79	93	91	46	20	98	50	54	42	18	76	37	58	98	33	97	43	72	77	74	46	93	80	96	38	78	40	28	55	56	55	44	33	88	50	98	72	81	22	43	92	31	80	39	13	88	80	84	29	39	54	27	46	54	56	39	49	45	69	76	80	77	57	15	54	19	83	41	92	49	75	81	66	66	21	64	23	31	74	43	92	30	69	42	10	59	81	67	22	29	86	50	60	11	49	61	93	30	30	16	66	55	11	54	71	20	99	13	41	66	30	52	49	78	17	30	98	81	22	79	64	84	24	14	21	51	56	41	59	87	65	27	76	38	57	70	53	82	87	75	41	89	39	92	92	18	71	28	40	53	39	68	65	17	28	79	92	55	69	71	35	80	59	17	40	86	81	46	25	37	87	78	61	91	77	38	11	24	72	19	99	89	56	17	85	100	19	54	87	48	55	16	51	57	72	30	16	81	98	30	30	80	79	20	30	59	83	97	42	89	71	96	50	70	12	66	98	34	41	89	61	97	62	80	94	46	47	24	84	70	63	36	64	97	40	59	16	72	63	95	95	100	36	62	99	46	83	37	66	93	47	60	12	81	93	55	53	67	79	19	40	81	31	65	66	16	21	45	61	17	37	20	34	47	59	17	19	30	13	56	16	26	59	95	51	82	34	52	76	42	35	25	29	49	31	76	59	49	53	89	56	96	35	18	25	67	30	30	86	66	69	13	54	26	12	16	91	51	47	58	73	89	16	19	75	14	98	49	42	70	58	47	92	90	88	73	79	43	64	95	70	72	93	95	74	97	73	14	49	17	70	48	50	40	49	18	74	77	68	56	83	82	14	89	41	90	55	36	64	95	43	61	24	17	60	13	92	30	75	100	52	15	31	29	59	55	42	66	30	36	35	91	30	46	79	68	37	73	68	23	68	40	21	44	92	22	36	83	41	15	39	78	52	67	34	60	35	31	27	20	65	25	36	54	66	95	66	93	86	50	41	65	33	63	59	34	12	80	46	80	58	72	30	90	83	12	23	51	90	71	36	41	31	94	16	92	48	14	81	48	13	79	89	63	27	24	36	46	76	48	81	30	67	55	43	99	99	29	10	84	60	77	62	70	91	32	93	37	81	70	14	54	77	92	92	22	84	79	69	61	84	75	80	29	10	49	20	55	90	61	69	76	43	51	85	92	13	22	32	57	92	32	49	67	48	15	26	69	75	97	88	77	92	17	34	15	53	79	79	10	67	82	99	94	80	28	17	22	18	85	79	89	23	60	15	66	32	82	17	82	47	67	69	50	83	96	73	55	90	26	17	63	63	29	58	58	98	79	45	75	74	43	42	34	23	64	10	43	63	57	61	52	41	87	79	75	70	31	27	17	22	88	44	33	79	37	87	33	42	35	62	79	19	67	52	94	49	43	86	71	78	80	65	23	31	39	88	25	72	21	61	62	89	51	47	33	92	40	38	96	83	37	87	32	95	53	16	98	57	13	14	75	30	59	13	90	66	76	99	29	16	39	77	95	85	25	13	23	54	41	74	14	87	83	16	17	52	54	74	44	82	78	91	13	80	24	54	16	71	92	35	79	84	86	95	56	99	39	63	23	35	21	86	71	82	39	53	77	72	26	48	19	64	31	20	72	77	37	24	57	70	86	35	66	39	35	28	42	85	20	40	19	26	12	56	69	45	21	78	91	54	18	32	26	100	40	45	56	93	12	39	52	33	96	83
96	24	64	80	16	83	57	93	47	99	58	34	15	89	25	35	24	58	72	32	40	60	17	38	41	49	68	44	46	62	74	61	57	90	53	22	72	12	19	93	73	89	74	96	32	89	45	26	82	35	58	37	16	45	95	56	99	82	28	98	66	12	86	71	24	54	82	42	69	70	86	54	31	61	64	39	21	92	82	99	51	64	67	11	70	39	35	85	93	81	87	21	63	83	45	70	36	72	52	58	73	54	100	30	21	13	38	85	80	38	62	34	25	85	77	50	96	48	72	49	19	51	68	90	90	42	25	39	61	21	16	89	92	24	72	57	46	14	61	53	44	48	13	63	49	50	21	45	41	82	54	45	14	56	19	95	88	30	99	83	64	85	17	77	73	70	87	86	67	36	93	99	42	72	19	39	27	53	50	40	57	84	45	74	33	47	49	29	65	62	25	13	66	14	48	18	81	60	99	39	78	80	55	42	11	49	69	12	39	35	92	41	49	46	44	50	60	16	50	49	33	28	76	94	38	85	70	70	32	75	19	28	30	36	76	92	27	93	79	40	72	62	82	69	11	27	82	75	50	74	51	28	47	90	72	74	55	91	29	69	39	39	46	90	68	22	79	55	26	74	90	97	63	68	47	73	94	99	54	58	59	86	46	100	71	20	62	59	14	39	63	84	11	17	70	31	41	49	36	80	47	50	40	88	52	40	19	22	93	41	42	15	52	11	35	65	33	42	33	43	52	20	73	44	55	56	10	36	82	56	81	61	40	14	97	54	27	35	80	49	85	96	11	70	78	59	90	77	61	55	90	27	27	39	98	59	71	72	79	71	98	30	71	84	99	95	86	12	78	39	42	29	66	37	11	78	35	56	90	88	13	74	65	62	58	86	56	82	31	71	70	78	60	25	94	20	89	21	84	47	30	66	39	94	20	41	73	88	30	21	90	86	75	90	38	13	33	66	57	19	30	92	55	79	35	60	66	72	41	51	56	82	20	92	36	50	85	79	79	67	27	22	78	16	72	64	87	28	14	23	70	57	32	32	99	51	37	41	27	84	82	98	41	59	33	58	63	43	81	78	46	92	58	88	15	90	72	21	30	94	50	34	63	68	81	22	41	80	35	59	70	85	10	82	74	71	74	23	58	25	55	76	12	49	86	29	58	95	43	17	95	26	72	86	39	93	55	15	24	13	24	12	40	29	18	35	64	11	14	61	29	89	65	12	19	74	45	99	96	96	76	46	55	31	25	38	62	27	69	79	95	17	85	92	38	26	15	67	77	96	62	93	96	51	74	79	32	37	63	89	71	98	84	20	91	36	84	16	62	29	90	26	45	93	89	79	93	49	100	99	24	16	31	78	45	57	55	86	90	76	66	87	91	67	11	76	86	73	52	67	35	91	29	89	76	18	71	25	47	31	97	34	86	48	90	41	35	89	13	17	89	26	29	34	54	86	53	97	65	76	41	18	20	13	25	31	56	87	45	48	57	98	43	25	10	19	54	15	82	48	45	12	38	22	32	23	88	12	85	62	51	94	96	71	87	20	37	80	82	21	65	64	57	52	26	96	56	62	70	69	94	44	46	48	38	31	25	22	45	23	54	72	26	55	52	38	27	84	28	93	36	36	50	65	24	54	62	60	67	59	92	25	55	92	88	27	21	32	11	73	97	16	42	96	38	50	11	25	44	65	30	65	99	61	63	54	44	53	58	11	91	59	76	10	41	55	81	24	52	31	98	96	16	51	41	19	23	19	58	87	68	75	99	71	76	90	31	88	51	35	36	57	63	65	38	71	74	34	19	39	59	22	52	40	75	66	57	99	72	71	44	81	24	61	30	81	14	58	76	49	82	67	25	21	29	44	49	80	43	19	61	86	35	56	65	97	50	56	98	52	34	13	66	77	25	89	41	38	47	37	17	46	23	93	47	19	92	98	95	15	27	84	39	91	45	80	64	18	54	64	77	83	49	72	74	50	56	12	47	15	23	60	24	82	29	57	58	84	47	90	95	77	73	58	42	93	100	96	78	62	20	60	38	13	95	60	52	20	33	78	33	42	38	83	96	67	83	53	51	48	71	49	18	67	78	31	33	36	86	51	65	95	89	86	36	34	26	31	74	55	75	49	83	22	29	61	82	42	39	83	33	83	68	40	34	48	69	44	30	41	60	99	80	59	25	26	22	38	63	21	60	22	28	97	31	34	83	16	47	20	39	94	65	12	60	29	11	13	65	59	97	67	35	77	89	98	29	54	12	43	35	94	26	21	15	63	55	19	14	76
17	65	51	85	62	47	82	55	59	33	84	17	45	53	99	66	81	73	75	38	40	17	76	51	63	78	36	29	88	58	16	38	31	47	52	10	36	60	40	43	74	67	16	23	79	78	68	52	50	79	71	49	73	69	23	86	46	90	54	85	45	54	11	28	96	79	42	83	67	22	65	30	94	41	25	57	64	68	42	32	52	78	64	86	52	65	99	81	33	52	92	54	49	30	57	50	88	28	16	85	90	44	87	36	97	37	95	39	63	78	98	78	30	71	80	26	97	65	83	12	60	57	90	82	50	21	85	86	38	88	15	53	96	90	11	47	40	68	18	76	44	71	53	17	100	76	50	46	91	92	25	31	10	58	86	75	40	90	55	34	61	48	58	98	17	27	26	14	92	33	97	71	99	71	67	29	86	19	93	24	43	71	97	90	79	13	94	75	18	42	14	50	17	73	55	79	95	15	42	94	61	94	49	23	64	38	49	12	56	81	53	68	23	84	77	18	75	60	38	15	89	15	88	58	77	66	62	85	69	26	33	48	80	46	11	20	100	66	42	32	14	29	29	35	96	84	49	65	46	32	22	41	16	13	75	90	32	38	27	100	60	24	21	58	99	65	97	28	18	81	41	24	90	14	89	46	98	46	13	63	17	31	71	23	44	23	50	58	88	43	82	47	92	95	49	13	62	43	41	38	58	85	61	78	92	53	56	17	76	22	43	28	31	17	69	35	64	99	44	32	29	19	44	81	35	85	76	40	84	46	47	53	49	91	64	28	70	42	99	23	17	100	93	11	60	23	81	69	56	87	74	46	11	45	41	41	72	40	88	63	60	81	18	87	24	35	65	33	62	55	16	40	33	86	85	43	24	58	57	99	48	26	59	52	88	85	66	25	99	15	84	23	63	57	53	98	61	92	36	80	89	30	14	25	69	12	48	22	73	34	76	20	92	94	17	14	76	97	37	78	37	80	15	18	13	92	42	66	56	58	34	57	84	90	69	31	41	31	65	11	27	87	46	37	40	20	19	49	41	74	37	99	26	50	15	82	27	65	45	22	63	89	75	67	11	95	56	70	45	16	18	12	16	84	65	71	42	78	28	42	57	47	58	86	19	84	32	44	40	11	14	23	68	23	53	63	79	94	60	56	53	85	85	28	68	17	28	34	46	69	89	24	46	35	55	32	82	66	73	90	25	25	90	32	88	86	84	27	26	50	85	72	28	78	14	64	34	82	41	81	44	49	45	20	72	23	82	36	68	40	19	46	90	58	28	63	41	61	84	21	58	28	85	17	13	62	75	66	66	36	91	73	17	84	99	60	93	94	89	79	28	39	40	34	91	73	57	94	93	79	53	72	47	92	100	69	34	90	100	94	76	42	72	24	12	78	56	26	28	77	86	64	72	47	65	88	49	31	56	55	93	69	47	15	33	48	34	57	89	79	41	20	81	75	16	17	88	26	42	21	85	27	71	75	83	67	94	64	82	56	95	58	85	98	18	36	89	40	80	47	16	14	71	63	83	27	40	42	39	62	35	61	96	72	83	63	49	60	42	28	49	41	90	46	38	46	41	90	90	44	57	24	57	44	64	66	92	92	64	18	92	17	52	20	51	15	29	88	56	13	54	69	60	90	70	58	95	93	100	31	47	38	87	68	98	64	22	82	48	93	15	88	29	66	30	97	42	42	18	46	17	23	60	95	20	63	28	94	96	36	16	69	44	37	10	31	55	37	51	82	51	87	54	89	81	19	78	89	96	63	61	88	83	59	47	91	48	52	73	31	77	68	24	99	40	61	84	14	56	93	82	57	92	42	32	93	58	60	64	31	16	81	88	87	29	90	23	23	97	49	54	81	96	33	82	60	75	36	20	43	91	17	68	77	93	70	87	70	24	82	33	12	24	62	61	57	90	38	37	29	55	80	40	96	82	73	51	29	11	62	80	43	93	38	25	56	63	92	86	13	92	14	42	33	11	46	13	10	68	97	41	40	39	43	93	60	23	74	68	28	55	95	20	16	96	63	34	83	70	65	79	27	60	48	13	29	62	86	37	24	68	24	62	51	61	96	83	76	28	68	50	83	50	35	73	16	70	32	95	46	27	30	33	73	96	49	43	91	89	41	60	72	48	49	32	91	83	29	66	92	11	77	68	91	31	91	85	46	38	33	74	17	50	16	80	69	34	47	73	70	36	54	46	50	99	59	74	41	96	37	21	21	66	29	81	21	41	75	60	88	75	62	37	11	55	66	69	23	77	78	75	74	27	39	14	59	52	51	56	90
88	67	15	68	27	82	84	14	23	72	10	82	97	70	91	85	25	76	17	56	46	34	39	82	95	35	22	67	95	52	12	76	55	38	98	35	15	38	94	52	74	60	40	15	16	83	93	50	31	80	15	74	58	38	36	55	37	77	90	20	80	12	73	13	90	22	11	54	69	69	16	32	63	99	73	86	51	47	57	53	72	52	30	94	53	97	54	50	62	79	95	60	73	99	91	25	25	60	67	13	13	99	76	11	77	11	98	78	95	63	56	26	55	41	28	97	62	94	71	70	68	35	18	56	82	90	65	34	24	25	61	79	77	44	13	23	92	64	55	80	95	50	97	25	11	51	39	84	46	83	23	47	94	18	76	64	73	87	29	79	55	89	40	67	79	19	49	18	54	84	28	75	16	22	100	87	65	26	59	13	97	21	61	20	37	54	69	33	58	84	31	58	61	95	33	24	17	58	80	64	52	76	60	63	83	36	20	61	54	84	18	76	97	96	93	45	90	93	49	41	94	20	32	52	34	38	52	58	18	85	55	97	71	53	26	74	17	58	99	48	80	44	22	12	14	27	79	33	92	61	60	99	78	56	56	97	71	26	67	73	16	82	94	35	93	38	71	95	80	26	48	24	12	52	70	68	18	94	10	18	60	52	38	99	95	56	52	19	27	28	93	99	45	14	23	22	67	70	49	15	13	55	78	81	36	79	89	78	12	20	32	37	24	27	88	14	30	92	72	15	61	76	65	31	44	46	98	44	96	33	23	99	75	13	37	25	87	42	50	47	14	19	12	66	67	86	78	81	14	49	74	35	70	76	12	93	37	18	48	66	79	30	94	60	30	44	51	31	52	26	23	70	17	43	32	48	90	39	68	57	40	87	78	98	46	77	19	16	63	29	46	22	94	85	70	77	28	94	56	80	40	34	76	50	23	28	37	95	40	93	61	74	14	65	60	28	73	51	94	79	16	24	39	79	46	52	74	66	78	48	93	38	90	76	48	63	15	50	78	72	28	34	90	16	59	39	54	82	55	60	91	82	88	14	96	17	53	73	70	87	53	69	50	13	64	85	97	97	25	46	39	94	92	90	68	73	34	60	32	79	83	34	79	25	35	48	89	62	86	98	30	95	51	33	69	17	68	52	87	52	21	54	71	74	26	16	86	27	77	37	59	73	87	50	53	37	40	23	73	43	47	43	31	20	25	22	37	97	82	13	35	82	67	51	19	79	91	28	37	98	85	13	72	79	91	49	65	48	24	68	81	66	21	41	33	68	93	74	32	34	44	74	99	78	91	62	11	54	22	31	60	78	42	95	38	21	43	91	94	57	76	82	61	27	58	35	42	65	20	31	20	76	66	56	38	17	58	31	26	37	34	58	76	24	85	56	95	21	35	10	49	57	24	10	62	31	63	33	28	20	32	26	82	31	97	96	89	40	32	78	87	93	95	76	25	93	100	12	18	63	30	93	93	56	47	14	84	23	62	31	15	58	11	52	40	84	52	77	37	14	95	29	69	99	96	88	100	75	41	67	71	75	33	82	40	21	14	72	86	38	53	77	19	80	59	93	26	31	87	29	39	20	57	20	82	42	95	70	52	16	35	51	49	66	36	40	31	35	84	88	70	25	63	22	47	36	46	43	65	97	88	78	30	37	31	37	82	46	67	71	45	16	12	96	77	57	59	79	88	71	13	63	49	92	65	37	94	37	46	20	94	85	94	51	70	92	83	69	14	64	89	69	24	18	37	79	21	18	70	88	58	84	92	67	84	70	99	15	62	26	15	57	54	94	86	100	26	69	45	48	49	41	44	87	12	57	15	58	57	14	34	47	59	17	86	68	63	13	39	24	55	50	86	38	36	30	97	47	66	33	14	83	86	89	38	30	47	66	90	32	97	18	77	38	28	17	52	11	58	29	67	95	87	90	97	26	76	35	11	40	62	48	25	36	59	33	30	85	58	75	80	22	42	36	45	96	82	18	42	44	47	60	26	37	95	72	80	14	63	17	55	54	32	72	66	98	30	74	41	63	57	27	33	84	89	52	30	95	33	88	18	93	59	74	35	89	33	24	44	77	22	38	51	93	23	12	16	49	63	59	74	31	93	97	100	20	98	92	80	20	67	26	46	53	61	83	73	51	21	20	59	27	63	28	24	31	19	19	60	44	30	42	52	98	60	50	98	30	83	93	34	88	66	42	30	46	31	58	61	82	55	53	23	32	51	27	61	53	71	66	83	48	19	56	16	90	24	13	93	94	43	50	98	17	73	25	42	72	46	55
89	31	79	77	76	58	29	47	59	60	76	62	99	80	29	44	81	95	100	14	32	94	87	41	45	48	55	80	37	18	89	78	74	29	61	33	67	86	95	76	74	65	68	43	69	81	62	39	30	47	49	91	58	44	57	19	29	38	32	27	56	67	24	44	45	77	62	42	87	55	56	38	64	27	46	14	12	90	21	44	26	44	76	47	77	26	45	85	64	53	53	95	51	97	59	80	42	86	57	82	73	16	64	48	59	10	39	84	26	85	31	17	51	22	46	80	68	79	27	68	29	80	61	24	37	83	61	94	73	10	90	84	28	22	85	13	38	81	28	70	33	12	87	60	85	22	14	81	51	66	58	27	57	89	70	52	67	81	51	88	20	32	89	23	84	64	95	59	92	91	41	71	47	59	20	92	59	95	81	45	63	14	83	42	67	31	16	54	52	15	31	60	33	77	66	14	13	24	81	78	35	56	55	87	99	33	41	67	35	26	53	13	19	62	93	53	28	85	49	81	19	12	21	41	92	29	46	13	19	36	36	71	50	81	97	25	97	66	59	51	33	24	71	50	26	71	16	92	70	91	74	52	25	90	69	30	72	86	57	53	79	14	24	50	97	40	65	33	39	28	13	73	81	72	15	58	89	37	63	78	81	56	34	89	61	10	22	99	59	94	25	97	43	82	14	81	75	96	74	56	60	27	67	70	89	64	40	74	49	23	64	79	40	97	93	55	54	18	27	50	22	100	89	70	67	39	36	64	39	97	70	68	79	54	66	57	54	16	56	93	99	20	51	56	47	40	83	29	90	81	75	72	83	87	18	81	29	70	61	90	86	56	12	35	18	57	71	24	39	50	88	35	93	69	41	78	32	45	27	17	96	91	56	35	50	90	42	25	56	57	69	43	18	40	16	34	46	42	60	33	34	76	21	53	71	75	83	79	100	12	85	19	46	43	72	74	70	94	82	27	43	36	56	46	60	29	53	80	42	71	47	36	60	93	70	58	31	44	54	61	74	40	59	26	19	74	57	89	66	37	33	71	61	39	87	31	22	32	89	88	81	87	84	78	51	81	88	20	21	78	43	35	16	36	88	21	97	58	27	24	69	97	27	30	11	24	53	83	97	61	61	49	31	52	66	20	15	82	57	28	58	12	55	70	66	21	81	47	84	68	97	42	32	12	73	29	64	35	26	22	82	96	64	47	96	44	60	19	96	42	75	13	50	90	36	34	53	39	39	46	15	73	40	89	73	23	32	79	22	24	70	96	48	27	56	82	58	35	93	91	81	85	70	41	68	31	65	76	76	11	92	80	40	63	13	39	73	27	51	86	51	41	60	45	35	51	24	39	51	66	86	84	13	19	20	60	12	42	85	48	12	87	85	21	80	18	90	91	41	94	60	33	74	51	45	72	87	34	68	27	38	93	15	14	68	97	65	56	97	65	89	69	21	39	17	57	12	72	79	51	25	52	39	84	63	24	39	23	92	73	76	67	48	26	77	78	28	18	60	37	44	13	97	23	62	40	57	71	61	44	29	77	46	24	19	59	51	28	91	62	59	18	73	65	68	34	90	60	19	35	17	70	11	62	18	27	44	98	30	66	22	71	70	41	74	29	56	73	53	27	51	70	68	42	21	85	63	79	54	34	96	55	65	77	20	30	11	82	47	64	89	59	66	17	99	65	96	80	34	36	45	18	85	92	23	40	58	88	61	28	41	32	72	21	23	88	60	85	52	50	47	11	33	79	76	30	59	44	24	61	76	49	80	17	15	36	80	23	90	56	12	13	64	92	77	77	13	30	92	23	34	27	86	25	79	79	83	98	89	60	54	26	44	40	20	75	18	44	98	41	23	16	85	61	38	48	26	56	27	24	15	88	94	47	41	90	86	50	99	23	16	80	65	94	73	48	93	75	19	81	38	100	87	97	63	95	12	23	18	84	12	37	46	25	15	23	61	89	39	86	75	43	58	18	69	39	83	69	88	59	32	61	71	40	65	31	69	72	58	54	25	71	64	93	66	66	98	97	63	98	59	67	75	39	12	47	25	55	66	60	71	53	36	65	57	58	45	20	46	93	82	19	82	36	62	58	10	18	51	95	47	74	60	60	28	75	35	16	64	59	73	44	19	39	33	45	36	28	76	69	91	16	14	54	27	14	80	37	41	44	28	25	46	59	57	26	55	77	29	26	20	56	24	31	19	59	19	93	60	34	35	58	61	92	81	87	98	84	80	85	59	99	34	98	88	89	60	54	49	29	46	65	23	95	39	96	100	70	11	79
52	27	81	50	61	67	52	96	24	31	20	87	56	13	33	24	66	20	50	76	82	83	16	46	88	55	46	58	92	57	22	88	44	62	58	82	55	86	54	24	36	32	93	72	62	90	24	47	47	22	16	56	50	92	57	84	50	38	25	96	72	17	85	33	30	99	45	61	91	50	17	64	95	74	85	16	96	68	33	82	88	90	26	75	11	27	49	74	37	12	96	48	74	71	46	29	25	21	85	22	40	59	44	35	51	89	18	81	38	45	16	65	29	94	60	43	53	57	62	39	96	29	84	70	42	97	41	28	76	55	66	37	94	84	42	96	33	23	16	16	52	42	81	84	21	36	29	27	37	80	50	78	91	73	97	77	32	76	53	30	31	67	90	66	80	32	12	47	51	88	51	33	78	45	96	42	100	77	58	99	80	46	42	44	38	46	16	84	27	83	33	76	45	60	74	45	96	86	35	23	92	76	41	37	53	53	54	28	82	28	85	96	30	44	14	14	82	100	49	25	58	74	22	64	98	32	64	34	18	76	53	68	35	87	43	63	59	68	57	68	79	43	29	21	71	88	39	66	19	69	91	54	37	96	49	23	17	37	24	68	95	57	53	34	26	89	84	29	99	14	57	61	71	16	98	14	89	76	13	40	24	49	19	36	37	82	74	50	72	75	17	57	42	94	94	42	74	61	45	13	68	94	64	42	30	97	55	63	26	42	51	48	73	76	44	89	24	57	70	89	48	24	54	18	14	91	56	20	32	38	21	69	74	65	77	56	16	58	76	74	35	34	26	66	78	68	88	69	69	95	33	84	30	66	51	70	35	36	83	50	42	32	18	91	79	27	69	80	54	45	70	99	72	49	87	92	40	69	11	57	41	99	51	36	86	67	73	77	31	58	84	61	66	79	34	88	68	53	48	52	39	12	100	50	17	14	48	73	61	64	25	17	39	59	20	97	35	89	47	56	37	60	63	25	81	82	68	42	70	66	19	91	86	25	82	70	22	91	44	22	61	65	52	22	43	43	43	40	55	55	78	25	48	85	50	54	39	23	22	66	16	95	72	60	92	58	41	33	23	42	52	28	93	51	34	64	30	64	85	12	58	31	46	10	99	62	100	98	98	50	48	56	52	60	97	59	90	14	95	11	28	67	48	77	40	73	56	92	71	30	90	38	10	81	68	14	60	38	21	98	93	33	12	75	91	25	37	32	53	60	32	14	69	40	68	39	25	31	82	14	47	73	53	26	30	87	90	64	61	97	20	76	40	62	83	73	78	70	61	31	85	70	13	59	88	74	62	78	49	24	83	68	14	90	62	78	66	43	95	26	62	52	47	61	32	68	16	82	25	78	25	18	48	35	25	77	25	23	95	91	87	93	90	54	90	12	96	22	16	88	36	97	41	70	89	42	31	48	34	12	84	36	53	39	32	100	46	46	11	30	73	23	79	91	37	87	70	66	20	16	83	93	37	80	13	19	68	57	78	49	43	71	12	86	85	67	85	99	46	62	17	57	78	36	95	93	47	88	61	22	96	40	30	81	40	51	81	62	18	21	87	41	43	18	70	98	91	79	28	45	83	82	22	65	90	33	65	44	30	45	62	90	57	97	26	18	18	32	46	86	10	33	30	95	16	74	18	31	29	55	74	90	79	76	52	58	42	40	85	22	99	90	50	82	72	24	25	25	38	41	94	33	99	93	42	76	73	80	95	75	74	36	36	97	28	87	44	46	82	87	28	67	34	21	85	60	35	60	31	29	38	15	49	28	32	98	10	35	56	50	55	24	84	26	41	13	92	74	56	23	68	64	28	13	52	45	35	38	19	30	73	24	75	78	90	89	39	18	39	29	43	26	57	25	49	74	16	47	60	77	63	12	32	41	21	29	77	31	54	54	69	19	91	52	61	68	65	99	18	22	58	12	82	51	19	44	26	17	40	58	42	29	61	38	78	25	38	59	52	91	56	50	39	29	13	45	94	80	18	21	52	23	55	53	35	39	11	21	47	83	56	71	50	64	74	16	86	82	41	52	100	49	76	47	46	89	83	65	76	56	65	59	33	62	88	39	87	81	13	25	18	12	52	55	97	61	17	94	16	55	85	50	63	52	37	90	60	24	79	47	28	51	97	38	94	74	47	11	99	56	100	89	41	73	95	90	14	94	48	60	78	69	40	11	97	26	49	93	39	61	84	78	45	67	71	49	61	47	14	12	73	84	44	36	81	19	100	50	97	81	14	59	89	35	13	94	31	76	16	98	99	68	55	61	68	44	15	61	58	84
87	75	97	67	38	66	57	85	76	52	94	47	64	41	81	24	71	11	15	36	74	72	52	69	64	68	30	36	95	32	61	83	67	26	69	23	23	64	65	42	16	78	94	28	69	53	98	36	88	83	59	84	19	40	90	40	70	98	34	88	75	53	36	59	27	47	71	48	80	62	36	63	56	72	68	78	13	92	39	13	92	38	75	46	29	94	99	66	10	55	45	44	49	96	78	72	44	35	82	14	40	55	24	72	92	68	62	94	71	86	62	60	98	47	43	70	87	85	61	59	83	59	42	60	20	50	11	48	42	93	91	61	40	42	53	48	46	11	38	27	77	58	48	38	17	31	14	94	55	97	50	89	85	53	96	11	68	12	29	36	67	42	18	19	16	66	73	64	40	21	88	30	58	11	18	92	17	68	28	17	50	17	96	28	98	50	82	37	60	61	28	11	16	44	65	59	67	71	33	37	47	66	76	57	54	63	52	66	52	68	76	100	100	13	65	23	26	70	22	73	73	17	69	92	64	29	28	33	98	91	66	84	48	26	81	41	23	66	14	55	98	25	20	86	86	25	93	63	18	64	62	16	65	22	61	80	52	49	83	14	99	35	63	67	32	59	48	91	36	39	67	12	97	38	31	65	34	61	13	57	93	59	16	33	95	30	10	21	77	59	53	65	71	13	34	31	14	67	34	32	53	17	36	14	23	38	54	24	21	92	71	64	47	65	90	89	94	59	99	27	49	17	48	73	15	78	25	58	89	40	91	99	63	84	49	40	81	86	34	45	64	90	49	17	10	79	80	72	21	57	29	95	68	79	66	35	93	89	18	11	39	94	72	68	18	97	32	27	13	55	90	21	40	67	40	21	73	22	61	86	99	49	74	13	20	75	86	25	28	32	98	14	78	41	41	45	81	43	22	50	38	66	69	55	92	67	30	62	27	60	26	36	24	56	84	55	27	50	82	63	55	69	62	57	83	74	25	86	53	12	33	42	89	41	89	18	54	73	50	79	42	75	74	19	99	73	47	73	21	25	62	26	65	74	30	95	21	53	93	49	22	17	37	95	34	59	49	72	70	25	59	63	14	15	45	23	95	33	60	54	59	70	73	78	20	68	15	46	29	30	86	29	31	25	47	99	43	47	86	94	23	56	14	97	92	23	44	81	59	30	15	24	72	27	75	41	53	28	94	50	75	41	45	41	23	64	66	74	33	71	65	50	11	30	16	100	66	97	27	33	82	20	88	30	13	29	43	70	94	40	72	89	98	11	84	98	33	62	31	92	70	21	36	54	22	60	47	45	26	82	78	87	89	47	36	76	58	87	82	24	87	50	89	20	75	71	28	30	32	92	24	88	98	79	67	24	10	63	85	50	74	87	57	67	98	93	88	39	15	26	22	73	46	57	38	86	25	22	32	34	62	97	26	87	23	49	46	79	30	52	29	61	11	40	13	44	56	34	74	97	93	51	13	87	97	90	48	93	21	93	86	19	65	75	38	89	99	40	21	71	61	87	19	42	85	46	63	79	70	62	12	78	87	63	48	76	54	85	82	40	99	92	13	45	84	89	34	28	81	87	29	91	27	87	18	44	96	45	75	44	72	78	65	13	46	73	80	92	20	55	93	87	88	82	30	50	55	80	14	20	18	12	99	42	26	75	74	71	33	93	64	15	89	43	58	92	36	56	19	51	57	64	96	86	75	100	17	11	100	49	65	39	64	12	16	46	34	73	47	10	75	76	15	84	86	39	93	69	91	69	61	19	70	36	10	27	52	85	44	76	69	62	94	42	26	43	24	57	39	85	69	26	85	18	72	68	78	80	68	24	49	61	31	68	12	13	24	74	77	81	79	16	77	95	18	46	86	61	86	36	81	23	34	60	86	79	39	58	68	76	84	55	53	84	96	12	72	18	48	14	58	36	68	43	34	97	59	88	69	17	78	18	20	10	38	22	18	91	14	81	95	77	40	70	44	90	11	38	55	21	50	91	70	45	68	78	55	78	49	74	66	41	17	71	63	11	95	26	67	99	71	56	16	70	35	34	29	24	27	91	49	93	94	92	93	19	29	47	95	19	54	86	64	52	66	54	44	81	43	61	95	22	69	19	84	73	77	19	69	50	15	64	81	30	34	94	59	73	34	13	53	77	99	34	58	23	22	82	34	44	71	92	100	10	19	37	39	19	57	56	39	89	87	41	76	18	41	12	50	70	49	16	82	30	78	84	43	12	67	16	34	78	47	95	59	40	88	64	72	23	95	21	17	83	69	50	56	96	14	53
95	91	54	76	32	80	33	51	41	56	50	24	11	84	38	33	58	43	95	96	13	21	13	28	56	93	46	67	95	80	59	40	70	44	55	84	37	50	28	25	31	45	91	46	55	60	86	58	52	17	68	62	47	36	18	40	22	29	79	73	21	45	36	40	37	59	32	50	76	40	98	82	33	14	63	63	94	78	75	82	54	27	54	42	31	65	17	83	48	43	16	24	79	66	43	96	53	99	51	18	68	91	81	88	64	25	63	39	24	56	70	39	51	36	13	96	40	72	66	90	37	96	66	93	27	61	14	17	89	46	83	84	13	49	95	21	31	63	89	63	58	78	20	36	27	74	65	30	14	44	56	36	42	42	100	81	16	96	68	62	92	42	60	82	18	67	46	70	17	83	93	41	14	45	10	64	74	64	27	21	72	29	100	49	34	59	28	15	75	97	97	34	98	75	90	66	21	100	86	32	28	58	74	87	98	81	31	56	38	24	72	77	66	56	56	33	74	83	75	82	87	28	85	89	44	26	75	53	38	70	28	32	54	41	95	93	24	64	40	62	81	23	48	96	72	40	39	83	89	16	32	65	47	77	72	59	53	39	96	42	82	54	63	61	44	91	68	60	84	86	94	37	25	10	68	65	37	59	76	14	68	98	24	77	11	67	91	100	38	79	96	100	16	30	17	70	79	21	98	21	33	34	31	70	94	41	65	99	17	11	17	75	18	36	21	24	48	20	26	36	18	16	49	64	73	85	94	26	80	80	16	69	34	79	54	86	45	34	63	43	36	23	10	63	61	39	68	83	59	68	45	84	95	36	68	55	64	90	82	26	26	83	96	61	32	82	88	79	51	45	52	49	90	76	53	12	34	77	29	50	28	20	92	63	82	34	11	44	75	86	16	24	49	77	86	29	41	45	88	71	12	42	20	85	91	53	70	77	22	81	33	44	78	33	62	15	61	60	83	13	61	60	94	26	38	12	17	53	18	43	77	60	68	60	35	22	14	48	54	61	79	82	30	93	50	71	11	33	23	60	36	67	62	73	31	61	93	55	40	55	44	45	13	63	17	36	94	60	73	25	100	81	85	12	24	86	34	17	44	31	81	12	50	84	11	58	69	50	53	84	97	62	96	61	52	60	28	27	54	24	14	62	48	80	65	51	67	99	16	96	71	86	56	38	93	63	51	66	63	27	83	58	87	38	26	43	21	19	22	21	58	19	14	30	25	43	57	41	62	41	30	45	23	81	23	36	71	16	73	62	77	55	27	79	23	51	16	54	35	15	38	56	45	46	68	32	42	70	92	18	27	66	29	59	29	46	76	61	36	59	73	57	75	24	97	70	47	98	23	47	78	84	73	55	35	78	29	72	86	61	33	52	62	26	89	10	52	98	17	92	88	90	70	89	12	28	56	82	52	37	20	14	79	47	87	43	58	70	57	84	21	67	63	49	13	75	79	89	75	28	67	39	37	80	52	33	18	72	67	64	63	77	96	21	47	59	21	19	38	64	22	79	37	47	39	16	67	81	54	28	29	76	31	58	87	78	36	23	90	18	42	79	83	41	78	74	30	98	94	30	23	34	12	18	26	92	42	97	53	27	43	82	72	78	42	12	62	73	87	45	85	90	85	21	64	59	46	13	65	79	17	63	30	64	91	80	78	43	18	14	19	96	97	18	12	48	22	68	79	58	59	84	44	56	89	78	78	80	38	12	56	23	89	17	90	83	17	43	79	51	93	10	54	30	48	38	59	56	87	53	67	54	68	95	64	39	23	39	22	94	46	28	40	72	29	72	82	99	69	94	90	50	82	72	73	12	56	90	22	44	94	43	25	36	87	47	25	99	65	21	94	39	55	64	94	82	25	12	89	11	89	90	14	94	72	97	57	29	34	22	79	11	72	82	66	18	64	44	51	62	42	72	30	85	12	37	54	96	73	82	21	79	65	61	48	33	13	55	47	32	95	27	85	95	22	99	47	56	64	45	74	57	49	90	19	68	81	36	96	85	87	89	59	96	89	34	56	72	80	11	12	51	65	58	58	52	25	31	49	40	38	83	12	31	76	84	97	87	91	94	57	18	70	37	78	66	30	45	30	92	91	89	82	60	23	13	81	97	45	44	33	63	31	57	62	46	96	11	24	76	47	46	62	14	33	88	86	41	84	71	23	43	80	62	59	37	26	75	47	92	77	94	14	55	15	96	29	94	27	29	12	75	28	96	79	91	23	65	65	32	68	51	34	55	54	44	15	90	66	25	78	35	90	40	70	98	16	99	59	15
12	23	69	27	14	75	96	16	37	75	98	29	76	85	32	25	88	34	81	44	44	41	55	43	46	70	91	95	54	82	63	17	35	63	76	57	84	99	71	14	67	63	87	48	87	74	66	74	59	60	56	45	84	57	26	30	66	76	70	31	36	42	98	37	12	63	98	21	60	41	95	58	19	57	53	20	87	80	40	64	52	17	31	24	23	51	87	78	50	94	70	72	90	28	27	80	59	68	80	97	65	39	97	40	50	51	63	22	57	63	87	58	92	63	65	50	100	37	67	69	34	67	71	49	79	13	12	86	44	38	47	87	51	36	33	39	82	91	17	22	45	59	60	57	33	98	62	90	50	23	50	69	19	65	41	55	86	16	46	85	62	91	30	37	80	33	41	53	65	93	73	86	58	94	36	65	60	58	80	63	89	40	80	90	87	99	46	59	30	83	78	15	83	64	33	92	40	78	78	72	30	81	24	53	21	79	50	36	70	73	99	63	67	73	13	75	51	19	23	80	71	81	99	38	88	19	51	68	64	86	17	70	59	98	10	50	35	58	81	92	33	17	79	15	88	37	47	95	23	37	82	86	59	73	90	15	19	70	41	18	96	95	88	84	58	16	64	77	60	32	80	65	18	87	20	85	56	49	87	69	45	49	34	65	73	52	40	79	79	65	15	49	59	53	69	55	40	36	51	17	27	87	66	49	35	69	53	88	57	64	56	26	24	23	31	53	78	92	32	37	11	100	44	26	41	21	88	68	12	53	51	73	97	14	32	68	41	85	30	22	41	11	85	94	36	42	64	22	21	52	72	34	46	87	94	21	28	21	15	40	27	48	22	81	78	14	100	34	96	35	13	70	76	92	52	79	93	80	61	83	43	13	49	76	61	24	15	84	89	47	38	49	59	82	80	69	46	86	51	33	39	62	63	11	41	87	71	65	39	85	18	76	64	29	61	46	84	39	64	52	31	44	55	39	62	36	26	60	76	72	37	65	78	61	86	45	66	98	75	26	73	23	87	42	66	34	35	24	36	88	58	17	41	95	75	47	71	16	25	12	30	93	76	59	89	68	22	27	71	56	27	78	68	16	92	47	63	87	54	68	100	97	94	49	73	68	73	81	67	85	66	88	25	94	77	34	16	58	87	98	93	13	67	77	58	94	85	93	47	12	26	90	26	17	92	15	47	43	93	12	90	26	95	84	63	30	62	53	77	80	59	31	29	11	15	81	87	97	77	14	22	35	17	14	49	91	38	41	92	31	81	54	89	56	50	76	78	15	56	30	88	79	74	44	99	59	82	98	40	50	17	79	23	33	25	47	12	52	100	72	11	29	65	53	98	10	27	75	43	64	71	39	68	35	32	12	21	54	43	54	59	52	77	45	57	85	18	86	29	13	81	30	90	14	53	63	40	12	71	44	55	51	66	87	60	34	18	97	11	16	45	58	47	13	22	18	87	73	77	70	80	11	76	57	38	13	81	78	19	28	31	63	50	44	91	68	66	85	98	10	96	78	74	65	94	33	98	63	79	19	53	11	46	63	34	77	27	49	12	66	63	31	58	44	71	58	76	17	16	28	38	63	36	66	44	58	53	80	64	31	35	34	11	29	52	45	94	40	57	37	39	49	86	72	45	88	41	77	55	88	68	35	81	19	42	61	39	77	92	53	99	38	91	80	55	29	10	69	98	59	27	23	68	100	68	91	81	53	46	15	38	16	96	13	24	43	22	15	80	38	63	17	44	23	94	35	34	37	29	21	33	36	23	47	95	74	43	63	12	66	64	75	41	36	61	56	67	36	66	12	17	40	71	69	44	93	31	16	25	79	64	73	44	86	19	92	80	36	62	40	38	54	24	21	20	89	11	84	33	22	53	64	53	61	46	28	52	15	40	37	22	20	55	34	14	30	60	51	57	22	37	43	31	69	99	43	100	87	36	80	12	75	32	11	25	11	38	33	51	40	98	91	68	43	98	47	39	83	55	91	97	66	46	56	68	35	55	36	30	31	11	29	61	49	28	50	86	50	75	86	85	32	92	32	41	97	28	81	80	61	71	44	50	24	46	30	45	27	30	30	99	51	53	18	12	79	92	13	55	29	85	17	23	37	84	32	87	36	16	23	61	77	48	12	46	20	92	82	18	53	21	95	40	93	34	26	34	80	28	17	71	97	70	42	71	85	58	79	72	38	27	31	73	59	19	17	12	11	23	76	31	84	71	59	15	69	54	94	72	29	57	89	84	17	75	47	81	29	36	31	47	63	92	77	87	17	36	82	37	95
47	82	44	27	79	28	75	57	44	99	20	14	15	88	39	73	29	11	66	58	44	79	50	28	59	13	26	94	41	91	20	74	88	81	43	86	98	76	63	86	36	66	25	57	72	49	76	24	78	18	14	32	19	25	14	86	87	83	75	91	16	61	14	13	23	34	79	16	90	80	34	44	43	76	49	52	18	90	58	92	63	89	64	27	22	73	81	79	67	18	48	34	19	63	56	47	13	82	37	27	67	25	22	94	70	82	93	87	24	73	17	92	27	31	63	73	29	68	52	26	23	67	17	53	69	92	42	26	19	56	79	29	19	30	66	82	33	25	39	73	52	40	66	54	45	46	39	25	60	67	54	67	74	13	57	65	72	86	53	19	83	69	38	66	96	21	27	100	42	35	30	53	29	94	27	36	54	24	98	12	44	86	56	76	18	88	70	63	75	100	82	82	93	18	51	62	40	75	82	94	92	13	92	30	84	47	13	43	60	91	32	84	99	78	88	73	21	79	39	100	22	89	41	23	37	87	48	81	23	62	78	89	29	90	26	70	98	54	88	38	87	31	41	68	28	87	24	99	60	71	52	57	88	35	95	29	87	76	74	43	58	75	24	40	52	16	97	29	79	15	78	33	27	98	71	19	17	37	39	98	44	59	79	34	29	94	74	71	98	54	34	98	14	14	90	93	39	69	16	36	78	70	82	50	97	86	16	99	43	90	83	26	69	97	74	75	80	69	92	74	25	38	14	35	82	40	45	83	54	88	40	40	38	57	37	39	43	47	22	19	98	87	14	55	15	79	74	85	99	10	21	82	15	94	49	99	85	32	91	41	20	32	51	48	15	54	97	38	53	54	68	50	14	26	26	49	41	95	11	70	94	78	52	27	74	53	69	76	48	82	16	16	89	79	65	20	65	29	43	32	58	54	86	16	39	83	62	51	53	73	13	26	21	64	62	24	95	76	50	44	54	16	71	72	27	83	29	85	54	97	58	84	90	69	76	77	30	44	82	31	55	60	62	99	84	69	90	85	20	69	53	48	91	99	73	19	84	37	90	87	89	24	37	24	16	38	76	10	48	95	78	37	57	46	68	76	96	85	54	44	65	100	87	66	90	42	45	98	36	95	54	66	83	69	62	15	34	29	81	49	83	60	63	56	75	24	21	58	14	68	70	99	36	77	84	14	25	77	10	49	28	91	78	99	51	76	17	39	70	82	85	67	59	46	68	26	67	52	58	77	68	10	93	20	61	46	23	84	49	76	22	30	51	95	32	22	80	66	26	54	38	54	55	86	64	75	59	80	96	79	29	82	67	41	39	90	100	63	24	41	57	42	23	80	57	58	77	90	32	42	55	32	34	59	86	23	30	64	75	63	27	13	68	56	55	62	29	26	35	79	56	85	30	49	84	77	30	13	39	55	47	39	19	32	45	63	72	59	26	34	35	36	85	59	46	32	70	95	29	70	87	46	71	57	69	27	90	27	65	85	88	12	19	72	51	91	16	53	14	39	61	88	32	82	47	59	35	64	52	70	32	47	84	19	50	19	92	23	99	37	12	25	57	60	17	88	87	58	11	22	57	16	46	81	38	40	23	36	38	26	19	84	33	14	20	16	42	62	96	57	43	96	58	60	26	99	48	28	83	79	71	98	15	87	76	30	21	22	53	71	81	67	54	71	94	83	90	72	31	61	63	39	36	13	66	48	71	92	67	96	20	97	41	31	88	29	44	16	39	15	32	84	10	84	57	13	66	76	13	21	94	16	48	63	21	61	97	99	16	56	38	60	12	17	96	88	15	57	30	18	20	11	50	53	97	80	87	53	26	11	72	30	67	35	71	95	37	89	25	58	55	27	67	29	31	30	25	99	82	18	41	13	39	92	17	83	75	87	76	95	85	96	23	19	42	76	18	35	82	55	27	27	21	98	75	71	90	36	83	54	34	68	23	30	97	33	97	50	17	66	44	58	22	63	95	30	58	78	57	26	94	46	24	10	52	61	28	15	28	62	20	76	37	34	87	55	50	99	82	39	96	29	58	53	36	71	93	98	91	20	51	79	76	40	37	71	97	41	77	11	39	90	56	91	91	84	70	94	92	28	34	64	58	92	84	27	31	74	88	88	36	49	97	68	31	20	71	89	58	11	63	90	60	27	18	84	79	88	46	86	12	45	90	48	24	12	100	61	92	66	56	78	32	68	52	11	15	48	41	16	95	26	66	48	27	22	12	52	11	85	35	57	33	88	33	63	33	28	87	76	78	53	51	33	55	67	35	27	67	82
99	23	47	60	16	53	12	24	48	73	83	97	39	34	62	91	95	92	20	17	43	90	51	35	61	20	35	94	36	71	79	92	33	81	83	58	55	51	72	62	94	16	12	83	71	46	30	62	98	40	20	45	38	91	65	96	52	64	42	51	97	18	75	19	32	86	31	47	35	63	33	36	16	77	68	21	18	69	33	77	80	46	72	68	61	92	94	28	55	53	68	73	56	32	70	79	15	65	80	71	26	49	59	100	86	52	79	61	73	99	31	78	86	27	60	29	24	17	99	58	56	67	64	61	97	33	69	44	64	19	14	47	64	34	18	78	62	13	28	65	40	52	17	25	21	64	54	21	59	34	25	31	68	43	78	49	44	74	38	20	93	12	26	67	57	71	83	69	22	86	70	84	90	29	68	71	84	57	47	27	69	60	86	64	79	66	37	44	33	43	47	85	99	68	45	13	21	13	37	84	36	21	37	99	21	44	72	51	33	34	11	30	13	59	42	74	73	48	76	44	70	86	39	47	65	69	31	37	12	37	85	79	68	98	27	55	11	88	90	42	46	68	65	85	42	100	86	90	76	37	94	38	85	84	49	36	14	55	21	89	61	54	36	92	94	93	50	43	38	85	16	18	16	84	12	94	20	52	61	51	13	48	90	27	61	33	54	11	74	43	70	81	29	91	59	40	43	63	79	16	46	77	13	37	100	76	68	68	78	38	90	81	97	34	74	40	27	15	80	59	35	76	61	29	38	97	35	74	23	37	49	10	87	33	54	25	63	40	84	22	89	60	42	64	74	72	70	93	33	53	80	74	35	86	65	21	16	62	10	94	20	60	37	19	41	60	23	57	23	91	83	75	68	68	15	37	61	43	43	81	90	94	53	31	33	14	66	40	42	13	53	77	82	65	88	31	59	42	59	38	71	16	69	94	43	85	32	48	15	24	71	66	74	49	98	93	21	97	66	14	70	38	88	38	42	64	10	23	89	50	22	48	14	87	51	49	35	13	36	16	35	27	15	32	39	36	77	38	85	58	51	47	90	41	13	53	80	33	96	59	76	35	98	99	39	33	10	56	64	17	80	52	34	100	15	51	88	51	63	11	10	98	64	56	76	85	39	62	24	38	62	46	94	18	20	93	53	95	90	54	67	61	46	93	100	33	29	68	19	23	55	53	96	100	91	40	38	88	71	84	45	42	46	93	43	40	28	69	80	55	25	79	36	75	37	74	54	28	81	29	80	19	27	65	78	45	92	85	79	73	43	99	71	67	31	98	96	40	13	11	64	25	16	39	82	48	46	52	99	51	61	81	34	27	26	34	57	71	93	80	76	23	41	13	97	79	42	47	87	44	65	62	97	99	24	17	90	19	51	84	82	49	30	42	35	30	39	23	85	31	80	31	17	43	49	72	53	51	92	87	25	54	82	87	98	82	86	17	24	63	67	19	15	37	65	81	14	37	72	80	85	63	39	26	36	84	90	36	11	45	14	98	99	31	28	39	80	80	85	18	47	18	71	61	30	75	40	96	66	15	66	54	25	65	58	82	57	85	13	25	94	37	87	63	86	76	67	77	83	97	42	85	33	91	34	84	43	47	82	66	84	40	94	25	68	45	46	82	77	24	12	14	100	88	61	28	84	12	73	51	78	77	97	17	13	74	59	56	94	82	51	24	88	99	69	73	71	96	94	64	45	100	97	22	74	53	19	97	27	38	42	17	41	51	48	39	20	24	36	64	13	35	81	92	53	96	52	95	20	23	82	62	65	32	64	71	66	11	91	82	27	53	100	89	19	21	33	61	54	93	59	69	87	54	75	68	35	74	12	75	48	23	31	47	94	89	55	67	80	16	53	78	49	94	36	94	48	27	90	31	66	12	10	84	78	77	76	75	44	13	98	46	50	56	26	93	60	91	90	47	12	51	96	37	27	45	61	87	83	20	92	68	48	85	83	58	19	92	94	20	44	79	61	99	71	48	34	50	46	72	33	97	55	92	93	95	39	78	29	27	83	28	89	39	50	35	43	88	36	40	20	16	50	100	14	72	70	53	90	79	71	64	75	15	65	34	92	60	56	87	54	45	54	78	23	85	83	44	96	92	76	56	41	79	71	38	20	82	42	73	99	74	81	93	48	92	96	21	20	100	97	56	87	38	37	12	35	39	58	34	68	45	25	48	44	28	74	27	65	60	99	40	16	48	22	18	31	47	89	75	20	55	40	55	75	50	92	51	43	60	97	52	24	95	67	61	58	96	80	86	40	94	33	12	28	63	30	76	59	66
45	59	75	84	21	89	34	37	55	93	89	64	77	33	32	95	57	59	87	72	64	47	48	15	87	93	95	34	37	47	64	56	55	14	51	22	32	56	12	21	29	62	66	26	29	26	65	59	35	51	51	77	44	49	25	35	68	27	41	61	11	55	46	66	61	43	57	46	71	13	12	90	72	16	25	91	49	80	81	91	28	77	91	99	30	38	94	68	31	96	76	54	25	21	98	80	31	76	21	23	52	95	64	58	36	40	16	75	59	31	59	93	18	77	84	34	64	59	90	65	95	79	86	80	15	38	100	96	86	68	56	60	37	94	78	24	42	23	65	66	69	86	25	10	63	39	19	93	63	84	23	39	11	70	89	24	84	85	91	38	87	77	85	94	40	65	74	62	20	95	83	34	72	26	19	87	46	65	37	32	73	40	78	73	88	66	98	48	58	19	35	25	21	77	13	50	82	91	80	22	92	37	95	64	28	87	26	34	89	58	48	17	72	39	69	97	97	27	74	88	88	54	57	86	47	16	44	27	79	49	79	47	73	44	57	35	33	31	84	99	47	43	58	42	36	42	20	87	75	10	96	21	62	34	41	10	78	19	56	90	50	57	44	82	94	61	88	63	48	12	29	54	74	30	44	27	12	70	75	38	100	32	61	89	57	19	76	94	67	24	95	31	20	38	62	20	40	23	31	55	38	65	22	47	16	26	99	69	73	56	24	68	87	84	51	11	31	28	39	34	15	42	59	85	17	31	63	28	43	92	38	65	70	87	26	48	86	35	75	71	77	34	38	17	53	70	52	47	69	69	53	69	72	70	13	28	90	15	93	37	84	17	19	80	82	98	63	26	22	78	73	75	15	44	96	93	26	71	39	37	18	82	61	59	30	89	14	64	12	58	61	87	50	90	75	84	44	15	80	43	18	56	89	14	60	35	60	54	97	90	54	33	14	66	15	88	29	87	88	43	58	60	39	69	36	65	31	12	48	31	26	13	29	32	52	63	54	39	60	43	71	83	52	25	55	77	26	61	16	60	45	23	44	76	41	37	36	83	41	82	43	29	95	40	23	71	87	41	24	54	69	81	81	44	17	12	60	43	39	57	56	77	15	25	18	48	68	18	36	85	41	80	79	71	52	52	26	69	13	85	57	73	63	32	83	62	37	80	94	71	91	80	31	69	54	98	73	52	17	81	94	53	34	36	64	85	49	32	82	83	81	54	40	23	22	25	56	58	46	99	40	75	25	21	90	13	60	47	85	79	33	68	51	65	33	70	45	87	68	22	53	74	61	98	64	86	16	67	53	34	66	97	47	46	37	10	43	18	52	49	59	88	12	93	13	78	58	60	70	99	34	99	48	68	35	68	93	85	32	86	47	37	97	93	30	78	92	11	54	59	15	48	78	52	90	71	15	86	36	28	72	95	74	73	35	29	79	51	92	25	61	81	25	45	16	59	99	42	55	97	36	57	37	77	85	73	37	87	81	77	27	46	60	15	63	65	66	63	27	26	87	99	88	52	55	73	50	64	21	68	64	29	84	32	67	12	41	20	91	61	50	91	62	47	40	73	42	60	45	99	16	52	39	68	87	94	20	90	97	61	41	91	51	75	40	84	59	28	26	77	82	75	65	37	40	65	51	75	73	11	57	93	18	35	47	42	79	37	66	79	68	20	44	49	10	40	11	33	37	94	11	31	88	57	73	55	19	26	17	87	27	34	35	25	44	93	73	30	98	81	98	54	95	94	80	28	90	96	85	22	69	79	86	54	25	41	42	73	49	63	77	11	93	76	45	79	22	77	71	38	97	65	69	90	95	60	63	39	54	90	66	58	96	93	29	42	60	55	63	37	85	84	98	13	80	14	43	31	81	82	26	11	78	55	49	91	89	34	44	29	29	49	22	25	40	77	74	14	61	83	92	23	16	46	63	71	87	25	39	44	95	57	71	82	64	26	77	38	12	15	26	49	51	78	97	52	13	67	34	78	69	20	89	51	41	87	48	54	87	69	73	17	72	17	43	39	11	21	85	32	13	31	21	81	53	61	83	55	53	81	92	48	24	96	81	88	16	60	46	30	34	84	38	28	45	19	20	69	55	39	26	87	39	55	71	83	57	24	81	42	18	86	68	22	43	26	73	78	95	47	25	16	11	90	20	28	51	90	74	18	49	38	35	68	100	43	65	81	93	12	21	17	75	11	37	27	31	37	53	62	98	63	66	61	26	77	94	91	75	32	31	97	43	36	48	91	53	85	15	73	83	17	36	25	33	48	68	88	64	94
65	52	21	61	56	78	68	24	65	67	42	12	80	12	18	81	84	69	51	20	88	26	14	51	86	66	76	86	18	43	28	97	20	42	66	13	89	30	61	84	73	29	60	63	40	57	69	90	22	92	96	96	95	53	99	16	12	73	15	65	15	55	27	90	31	50	69	84	23	65	66	18	67	83	27	28	97	85	19	50	24	44	94	56	74	70	25	55	15	37	62	14	49	40	32	16	22	31	70	82	31	89	60	66	37	65	75	32	26	68	71	94	37	32	43	36	80	98	52	14	22	11	53	56	47	67	79	30	74	86	100	98	47	50	55	39	19	56	43	78	47	46	51	61	38	75	92	64	86	61	82	28	44	61	60	31	31	30	13	90	82	74	65	96	26	29	69	52	16	27	70	99	15	85	87	48	67	89	93	96	41	28	53	82	83	40	17	39	85	76	38	66	44	70	15	87	51	59	41	42	83	55	90	34	76	73	100	25	53	34	23	94	17	80	25	24	91	59	36	75	66	81	54	14	41	81	80	54	94	38	21	69	33	89	79	34	35	39	65	64	23	37	15	65	76	63	89	47	65	24	81	72	57	38	90	97	28	85	60	78	27	46	63	13	85	95	40	26	20	43	42	91	43	97	59	86	49	40	42	72	66	64	36	85	95	66	35	80	12	72	47	84	96	37	20	65	86	32	86	16	72	51	79	33	88	17	62	90	14	13	14	42	58	78	38	23	93	15	95	39	41	41	28	97	53	14	57	60	98	23	32	78	60	67	11	88	99	69	66	41	15	31	45	10	88	17	53	16	87	32	11	12	58	48	25	45	93	35	20	96	60	67	16	73	97	97	69	91	19	77	50	41	74	100	46	52	72	64	51	74	91	36	84	96	50	45	76	42	91	71	78	60	89	51	86	78	52	68	34	100	71	65	44	30	39	42	70	30	77	46	34	73	24	18	19	28	23	60	22	83	20	86	84	49	23	40	66	20	49	10	17	76	38	76	81	16	73	46	37	90	64	79	48	26	81	58	100	27	41	81	48	24	85	80	49	69	91	60	77	91	37	74	52	61	56	30	91	43	99	21	61	29	57	98	90	65	17	36	26	30	41	49	29	47	33	44	10	69	33	67	46	55	98	77	59	26	85	41	16	82	64	40	38	32	72	77	63	50	95	48	50	78	24	27	23	63	86	92	35	87	33	72	31	23	99	36	98	16	27	50	18	94	81	25	19	35	60	68	58	92	94	88	35	86	58	88	25	78	75	59	39	93	13	64	36	78	22	18	83	94	33	52	53	15	56	73	19	20	69	72	77	80	32	62	32	83	58	64	27	15	80	63	67	18	94	78	65	51	93	58	43	86	47	22	76	23	45	94	61	85	20	57	42	48	65	35	55	54	16	89	46	97	52	56	94	26	58	43	54	87	65	71	29	14	62	49	41	60	39	28	28	69	56	93	99	33	46	29	55	19	52	21	12	94	97	80	11	30	15	29	25	69	92	51	62	15	93	96	22	79	79	27	25	89	37	41	51	61	45	80	36	36	29	16	49	12	22	55	21	52	18	14	73	87	88	39	25	18	88	57	98	47	53	97	69	67	42	72	33	31	79	72	91	43	36	52	13	97	33	69	82	50	70	98	49	57	16	43	41	45	94	40	73	74	24	48	25	66	59	99	27	18	86	84	62	41	70	85	14	82	39	66	54	53	65	90	16	53	38	63	47	48	47	29	99	37	16	83	44	39	88	35	30	87	45	77	67	86	78	12	86	88	85	14	60	60	46	29	69	20	86	85	28	72	24	93	89	48	27	94	82	40	91	25	26	58	59	10	95	81	82	96	29	66	75	91	64	99	12	76	58	62	83	18	58	81	53	19	87	94	82	83	80	77	86	83	71	79	38	15	23	16	13	90	69	60	82	98	27	59	44	32	28	39	10	96	34	20	94	12	41	57	59	35	82	44	82	13	58	42	57	11	78	50	29	17	31	90	22	53	22	55	55	75	76	84	92	20	75	72	26	75	30	88	67	85	56	33	64	16	18	77	73	69	69	39	28	42	25	43	15	74	97	66	17	44	79	37	54	67	45	73	21	59	48	21	65	64	26	47	65	57	41	17	50	97	14	75	28	36	65	44	15	32	57	34	31	50	26	70	37	57	23	19	22	35	49	77	90	69	26	18	34	99	42	41	44	11	29	89	68	15	36	79	84	40	98	40	37	95	32	35	15	85	85	83	42	58	27	88	15	81	69	57	78	95	34	66	49	35	29	93	99	91	51	62	40	48	18	37
44	58	15	95	32	55	98	40	26	25	87	79	87	50	49	21	57	22	62	64	14	97	18	15	94	40	66	68	87	39	97	26	86	60	72	59	31	63	25	35	80	75	67	89	89	62	87	97	43	77	52	79	10	58	95	23	98	92	39	47	75	19	99	37	96	99	76	21	70	92	91	94	46	65	69	46	10	58	50	49	53	89	15	83	66	77	55	74	99	56	12	89	34	79	11	24	80	66	76	77	78	26	22	74	40	67	81	81	77	96	18	78	24	46	49	79	98	54	72	29	61	76	56	77	79	70	95	70	13	72	66	72	68	16	35	33	18	99	11	93	90	37	41	74	59	27	17	29	54	55	83	79	56	24	89	55	33	61	58	30	71	34	52	14	17	53	42	18	26	95	36	99	83	43	72	97	41	84	18	77	74	40	40	85	62	75	59	94	27	23	85	91	55	46	78	40	24	31	63	42	59	41	45	34	20	99	42	63	27	87	94	79	69	45	48	89	46	60	75	94	84	57	25	21	40	100	83	38	31	23	70	56	47	68	46	62	97	22	19	54	29	68	27	43	40	56	70	55	11	61	48	94	31	16	57	75	29	56	79	46	54	94	88	32	33	12	39	100	34	18	54	26	58	35	97	11	13	36	94	26	51	89	21	76	100	89	48	19	85	73	20	87	66	31	16	98	75	29	29	57	61	40	26	24	80	45	45	55	78	77	85	35	78	52	87	61	73	73	47	80	71	12	20	86	34	42	32	22	12	93	73	30	61	53	87	37	43	17	92	33	67	88	65	15	97	15	32	58	59	47	86	79	17	71	95	14	71	15	13	21	84	24	34	100	29	88	40	89	62	93	76	89	65	20	76	94	12	82	51	35	35	96	15	18	70	45	35	61	17	59	49	65	92	31	55	55	84	69	28	91	75	63	44	93	99	62	81	96	55	94	93	75	76	30	50	56	69	41	91	57	61	55	81	18	30	51	61	32	90	30	50	23	79	39	82	99	15	48	54	100	78	100	39	32	57	19	68	58	84	78	51	61	68	86	90	34	23	61	49	20	83	51	12	21	78	65	72	68	60	40	42	24	60	61	65	23	85	11	12	99	74	81	29	66	95	97	35	27	43	12	70	42	14	43	31	45	98	95	88	26	91	29	13	18	92	35	47	15	59	29	80	64	13	30	57	60	89	56	32	55	25	31	72	23	71	65	32	40	11	11	34	68	81	70	96	22	20	83	68	25	49	23	30	26	99	46	35	76	58	42	18	72	18	31	88	98	75	16	64	28	71	19	59	91	14	83	28	17	55	93	85	16	34	53	35	13	76	41	21	24	42	28	84	76	93	90	63	54	33	92	80	33	96	26	96	24	32	46	43	54	87	76	42	31	96	24	94	21	27	95	99	48	37	89	41	61	75	60	44	14	32	28	43	58	51	67	100	94	35	57	42	93	90	85	44	76	12	79	56	84	89	28	49	67	79	16	65	37	79	82	14	35	87	21	98	18	30	46	36	45	12	88	60	24	29	64	78	52	65	65	92	20	16	94	74	69	45	20	46	64	21	83	22	75	26	61	86	17	50	99	29	77	42	18	96	19	18	45	88	10	65	97	89	94	10	76	91	42	64	53	57	27	72	67	24	66	92	78	60	11	68	44	69	91	59	51	74	83	12	87	41	29	38	88	52	25	20	20	36	29	44	94	63	94	88	84	88	93	55	47	80	91	52	100	61	63	67	78	58	50	88	80	94	69	98	67	69	11	20	91	83	20	12	73	29	65	84	26	82	77	82	83	93	92	33	52	27	51	46	81	94	96	37	28	93	46	86	97	92	17	45	99	85	54	19	16	73	81	93	35	67	15	32	46	52	16	53	98	69	40	23	29	44	57	24	36	38	90	60	61	41	43	42	34	26	11	38	40	17	15	95	91	30	42	90	82	59	98	25	73	50	74	35	80	89	45	36	27	67	65	54	32	48	43	31	42	42	19	54	68	37	61	86	73	95	83	16	22	24	59	63	94	49	46	12	91	47	90	70	70	63	17	70	15	99	83	68	15	63	50	23	24	19	72	10	31	72	34	68	78	75	13	84	22	91	52	98	32	12	13	21	96	20	52	85	86	27	90	61	91	31	77	61	76	39	23	14	83	85	72	26	56	28	11	91	47	92	77	50	56	36	55	50	42	39	96	29	16	87	11	65	29	58	23	28	56	81	86	66	18	30	23	48	54	77	23	44	47	64	91	46	35	81	58	34	84	77	98	42	16	93	38	87	78	87	89	95	88	33	78
54	42	55	19	94	72	34	29	11	65	43	82	87	74	47	10	95	79	70	23	22	59	56	40	18	76	71	81	65	39	40	28	70	14	64	83	26	60	34	19	24	69	84	91	16	89	12	46	36	52	33	43	98	85	42	49	84	42	84	26	79	46	97	45	92	89	93	82	28	11	75	38	22	49	24	28	63	54	57	22	28	54	88	67	13	87	79	56	27	80	24	68	73	60	93	62	19	45	49	65	25	99	36	18	79	83	44	49	31	16	59	13	72	30	37	50	57	87	54	66	65	84	32	88	31	40	39	79	50	54	12	91	34	13	53	42	36	58	19	26	47	35	72	53	38	53	12	35	15	46	15	83	70	35	74	13	64	29	74	77	75	21	39	35	74	28	65	96	57	14	50	48	51	36	47	83	88	52	55	31	58	21	66	28	19	52	47	38	70	27	89	63	67	32	60	55	31	64	20	64	38	67	54	17	90	48	31	53	18	98	69	11	66	68	16	66	60	76	19	98	44	17	18	44	11	26	97	83	28	92	50	62	71	86	72	50	27	88	30	93	90	79	97	53	26	40	52	78	81	38	25	86	81	20	40	71	92	40	58	69	70	49	15	73	70	90	85	85	39	52	88	62	87	98	87	79	24	30	81	68	10	21	78	68	60	99	44	56	67	82	42	59	28	22	45	59	68	28	94	78	93	32	25	43	36	50	52	45	99	94	83	11	61	78	12	53	51	39	85	14	13	65	88	99	24	61	67	92	89	92	68	32	50	29	67	31	74	30	22	22	17	65	25	68	65	88	98	64	75	11	24	77	20	17	46	47	14	63	65	75	30	17	22	23	76	49	26	72	95	28	95	68	15	62	25	93	81	20	18	66	52	19	91	16	77	30	88	55	80	27	65	59	17	53	41	99	59	56	55	89	59	85	34	44	18	62	61	94	73	61	16	17	33	69	44	86	42	30	29	67	87	77	46	95	83	29	34	91	85	13	81	12	21	36	78	33	46	76	41	53	33	67	91	18	93	40	59	20	19	58	37	81	64	96	36	61	91	94	74	31	40	98	80	55	78	37	50	82	50	29	51	90	55	58	20	43	32	92	59	79	51	32	99	67	47	33	11	65	34	91	97	80	24	32	34	63	87	68	81	26	59	65	17	73	11	43	73	34	34	65	66	53	18	92	43	10	26	70	90	99	22	69	48	18	25	20	96	78	81	24	45	26	46	22	34	41	82	65	92	91	57	88	72	88	20	64	67	30	88	59	53	69	94	33	89	82	33	60	98	37	80	93	55	30	23	73	62	80	66	69	43	18	24	91	49	51	40	78	68	93	59	53	41	87	28	49	92	97	24	44	83	86	14	59	61	50	45	88	71	93	22	19	73	43	98	53	49	78	17	24	88	40	24	58	34	16	47	71	68	51	100	33	65	85	56	23	89	65	34	42	68	48	39	21	65	77	14	94	94	65	19	96	42	20	38	69	11	94	76	98	80	95	43	87	94	78	66	46	98	40	35	11	26	71	94	56	37	82	100	98	70	38	14	62	82	57	21	31	89	29	89	50	63	100	81	95	97	34	22	73	11	32	29	89	66	89	54	36	23	68	83	49	51	11	48	85	53	30	32	91	78	72	45	58	77	38	86	89	86	76	74	53	53	54	29	51	25	54	69	57	14	46	17	57	74	82	91	66	46	58	67	94	35	55	17	59	43	71	41	29	68	76	52	15	88	34	40	11	68	53	89	50	42	47	72	64	99	64	83	59	62	74	63	49	84	85	20	41	64	11	58	28	51	85	76	57	47	83	34	99	14	68	60	67	29	36	49	25	42	43	26	79	65	42	57	23	71	43	80	35	31	83	51	71	75	85	22	67	68	71	24	85	61	48	64	88	16	68	82	20	34	29	78	80	84	82	58	41	36	25	57	61	45	100	35	35	13	11	88	50	91	47	92	41	38	56	90	77	28	53	89	84	41	12	14	90	43	97	70	65	82	30	45	66	99	31	93	41	57	86	62	81	23	23	12	35	51	14	92	76	48	79	56	48	40	96	41	37	72	89	91	91	32	12	78	64	86	36	70	31	50	60	51	91	90	88	98	39	97	56	47	82	19	67	49	99	13	39	38	53	55	16	69	18	81	25	42	54	22	26	75	55	57	50	98	54	68	11	56	32	60	53	37	83	84	54	26	33	87	26	75	67	51	69	63	65	50	71	16	37	31	85	95	23	85	90	58	63	28	58	48	22	23	11	63	89	13	49	39	97	56	92	75	21	87	49	88	66	21	50
33	56	52	13	55	34	32	75	74	62	11	95	87	80	19	100	79	46	47	48	79	20	88	36	24	64	82	45	68	24	56	100	34	55	95	49	32	68	72	58	78	73	47	70	96	76	66	65	84	30	95	41	58	28	99	50	21	17	63	52	17	49	27	57	93	94	68	16	90	83	12	63	13	25	84	94	29	59	80	32	37	57	71	23	83	86	71	26	100	38	65	83	71	59	64	34	97	95	84	61	50	30	92	30	12	47	32	33	31	100	42	76	92	49	22	27	78	10	63	21	61	72	60	62	50	79	58	42	73	21	47	68	79	78	91	34	75	26	71	63	72	13	69	39	81	100	52	29	88	61	51	83	80	55	99	63	36	83	44	35	45	56	65	55	39	88	58	55	36	35	21	54	54	58	48	79	48	42	35	39	81	67	69	51	34	95	69	93	48	42	34	68	19	41	27	47	64	99	32	32	42	81	35	80	53	26	94	74	15	81	28	19	34	26	33	23	98	38	85	44	93	18	18	70	84	68	25	92	74	75	69	81	34	65	82	91	46	48	79	34	34	20	57	48	61	93	12	50	40	48	31	41	78	94	12	62	47	88	24	59	73	89	31	43	82	32	74	57	74	65	17	97	59	16	36	70	100	49	76	34	26	63	11	54	19	17	81	20	13	39	49	15	86	54	30	44	61	56	98	42	44	56	89	28	10	66	21	36	53	35	95	88	97	86	79	63	58	15	62	67	53	61	15	79	98	19	28	86	87	26	20	45	73	24	75	69	42	10	19	56	42	37	77	92	43	20	37	14	84	11	14	54	13	45	96	17	98	29	26	15	95	66	80	11	50	24	71	26	28	18	90	31	56	65	89	52	16	23	70	90	75	51	36	54	93	44	50	41	64	22	60	15	33	34	67	88	62	76	30	59	13	39	82	94	24	69	73	95	54	67	91	19	71	92	16	39	64	67	16	36	94	88	64	72	26	33	51	10	51	94	48	30	76	89	99	89	80	76	28	50	46	21	66	81	81	66	69	34	18	97	52	87	76	85	23	38	43	27	89	65	22	92	65	80	18	25	16	78	32	37	63	80	97	93	52	56	19	72	66	32	84	46	19	98	40	12	61	72	85	44	65	78	15	27	14	97	46	93	41	90	45	83	38	65	98	40	12	55	27	72	90	98	50	66	84	79	31	99	52	31	25	82	84	25	82	61	54	99	52	27	56	66	29	44	39	21	63	76	81	21	17	70	33	48	13	54	28	96	26	98	75	17	10	79	62	47	45	56	35	57	49	99	54	69	26	49	13	13	97	21	32	59	70	35	41	83	84	11	45	20	96	28	72	64	69	66	27	75	15	67	90	92	86	28	52	73	72	48	58	36	22	12	22	30	41	28	41	76	68	33	30	72	62	42	20	57	51	45	51	48	59	74	37	72	61	69	31	11	63	85	84	51	11	54	56	97	65	13	15	16	31	23	56	45	43	100	90	59	79	61	51	56	40	41	20	97	58	24	91	53	41	38	41	30	67	34	92	73	70	74	60	81	46	30	31	50	54	23	11	42	78	16	40	20	47	45	97	98	50	75	93	93	97	56	27	50	91	22	74	21	66	29	81	88	77	74	59	45	98	61	61	86	94	41	17	72	75	39	62	25	12	63	31	56	79	99	82	85	38	79	58	49	47	62	83	82	19	30	13	37	10	81	88	34	47	44	86	10	69	40	54	71	83	100	98	43	34	24	82	84	41	96	21	62	17	36	82	27	53	27	42	66	97	40	69	91	33	95	93	41	52	78	95	41	51	69	95	51	81	47	90	11	37	38	48	15	98	98	31	66	95	52	75	64	46	82	56	97	88	31	41	26	87	63	70	71	87	46	74	28	79	33	92	93	33	37	68	29	48	74	75	98	92	42	40	71	75	22	86	30	13	87	89	22	33	73	35	37	77	13	95	29	57	43	24	35	11	68	64	25	26	80	79	47	17	33	52	12	38	20	82	43	84	62	84	38	96	41	29	99	15	46	94	77	100	80	74	58	28	63	22	56	71	48	63	21	80	58	48	83	88	68	84	31	80	33	98	64	81	79	72	26	73	69	65	98	81	82	35	83	78	91	70	88	76	44	69	14	62	65	58	92	21	33	70	22	98	83	62	83	43	79	95	72	43	28	33	28	24	48	42	84	95	13	42	73	12	43	58	99	60	67	84	48	66	68	87	85	29	83	93	18	14	13	40	48	67	13	94	24	99	33	32	10	82	44	82	15	43	52	42	30	49	40	17	91	47	83	84	67
91	85	22	57	22	42	40	45	70	96	85	54	36	67	72	19	11	87	76	68	52	84	91	58	39	68	84	14	45	44	75	67	85	29	52	96	25	26	95	44	22	33	27	25	12	97	71	63	17	16	55	84	35	90	53	69	28	18	29	47	76	16	97	52	15	53	93	60	27	67	23	15	23	73	70	25	38	33	22	70	67	38	71	51	71	24	78	86	57	91	82	69	62	76	28	23	77	44	47	87	41	58	53	10	76	17	52	41	17	64	41	53	86	98	25	60	61	27	57	38	45	78	30	45	90	18	40	38	16	72	28	47	35	94	58	94	17	75	23	67	41	61	42	53	91	22	20	82	74	18	56	80	41	14	78	20	71	65	34	50	16	50	11	19	69	39	78	99	36	80	48	60	96	80	36	73	60	33	30	93	43	65	86	96	92	18	91	71	15	79	69	47	75	50	75	51	45	48	85	19	24	24	36	95	91	11	54	45	93	74	35	64	41	13	59	47	48	64	44	16	51	23	82	37	36	15	59	18	51	16	13	31	79	19	57	35	73	43	79	38	69	18	33	64	84	78	79	20	45	54	84	20	42	58	54	45	59	29	45	82	19	79	86	87	56	35	22	80	100	21	60	18	65	65	67	78	48	13	70	77	38	54	40	99	80	46	10	86	20	50	47	31	69	65	87	67	79	49	74	45	44	59	68	51	52	56	64	29	19	66	58	65	46	72	24	48	15	18	67	63	41	75	23	94	34	94	14	39	19	73	26	66	70	94	37	57	28	99	43	84	51	36	65	12	43	60	25	36	30	26	99	83	13	72	44	74	77	92	55	88	46	47	25	33	20	73	15	94	69	43	69	27	41	31	46	12	79	93	44	42	96	56	86	98	36	14	54	84	97	65	81	70	51	48	42	79	42	64	23	76	18	20	79	79	46	83	26	17	82	47	13	42	33	58	91	30	40	50	85	90	25	51	35	16	48	23	14	81	36	37	23	87	74	63	14	80	38	37	30	18	61	18	40	59	49	55	68	63	34	71	55	55	79	16	37	96	35	68	90	17	44	27	46	40	43	78	41	70	84	53	82	99	57	72	63	70	68	46	32	69	52	11	30	19	70	62	51	61	55	22	70	84	76	52	37	58	77	37	54	78	84	11	72	42	59	69	26	83	12	92	66	61	65	22	61	26	96	58	71	33	100	38	68	44	32	80	68	24	89	58	24	50	54	57	70	89	61	10	19	34	70	12	97	14	68	34	41	47	52	12	42	88	38	37	33	38	56	99	42	76	88	40	25	82	70	38	35	94	47	69	27	65	15	39	98	69	73	59	10	82	53	64	98	38	86	80	37	61	85	31	84	50	73	82	49	83	72	96	13	96	17	98	15	64	93	81	17	60	34	66	46	53	39	10	64	38	51	42	37	66	95	32	39	60	12	38	85	42	72	24	95	29	39	52	97	27	45	40	37	52	19	30	20	20	90	42	68	64	37	10	86	56	96	77	23	59	37	89	29	24	15	43	18	92	59	10	34	87	19	16	80	40	71	80	30	23	31	45	47	31	12	68	53	56	95	77	90	54	11	48	87	26	48	43	53	58	87	25	93	92	35	100	58	83	30	72	90	76	34	53	77	16	49	64	93	96	85	79	65	41	79	84	19	53	100	47	18	58	80	41	50	90	96	37	77	48	32	29	65	78	86	96	38	57	80	82	91	99	56	58	40	39	19	68	71	93	67	37	14	51	64	61	86	59	78	22	56	81	56	25	17	21	99	20	64	10	23	81	25	15	36	60	85	97	35	19	80	31	41	32	36	73	62	71	66	89	62	75	76	26	93	12	36	10	32	15	77	100	16	58	79	99	14	62	80	86	82	63	61	33	34	74	39	78	97	67	74	70	36	65	83	98	92	47	91	33	45	23	61	51	19	81	48	34	35	43	33	57	36	95	26	64	10	56	15	96	67	49	68	97	98	35	93	40	16	91	25	61	32	13	34	38	22	67	45	65	23	38	63	81	93	42	26	65	28	96	37	29	98	34	73	12	60	43	69	17	72	11	39	49	36	32	71	51	24	54	21	26	95	52	41	44	93	61	27	22	87	33	71	86	20	13	29	11	41	44	43	11	13	29	38	48	12	65	39	36	45	39	69	11	46	52	88	68	51	96	58	61	97	61	21	41	79	74	87	33	70	65	52	78	71	97	34	73	62	96	26	25	70	55	55	76	97	85	92	62	31	86	31	36	59	59	20	43	65	21	91	21	94	62	33	15	14	53	51	19	37	45	42	38
89	74	61	73	41	32	66	21	52	86	56	36	16	64	11	34	37	15	46	39	52	93	11	74	56	43	51	83	33	12	91	63	17	38	34	25	13	74	58	11	74	81	22	43	88	81	27	98	11	48	73	100	56	64	18	71	65	60	45	71	93	50	61	38	17	72	30	41	44	56	13	33	51	50	80	53	94	35	67	90	47	34	55	20	64	14	20	94	20	26	28	78	61	43	91	65	27	76	80	77	97	65	83	70	17	91	74	74	46	10	95	80	16	57	51	48	85	70	14	36	91	69	79	70	35	22	51	41	19	11	31	93	13	84	65	45	40	75	62	71	96	60	16	96	22	78	48	57	95	26	64	93	41	99	13	51	89	50	92	78	70	35	56	28	98	95	36	31	36	95	29	47	32	40	50	46	35	85	20	91	99	30	50	18	57	89	69	99	12	30	61	87	49	53	34	73	99	59	24	81	14	99	29	96	15	58	65	46	83	37	67	19	77	48	72	56	83	11	74	88	95	29	92	94	51	96	22	73	55	98	80	34	52	92	82	24	11	39	73	77	29	72	39	82	77	15	17	14	20	69	62	95	82	56	10	69	70	62	51	90	19	64	16	24	48	75	63	49	84	90	52	85	34	48	82	73	41	42	32	38	41	17	74	54	55	30	91	24	92	75	48	74	83	35	84	81	85	46	48	82	58	44	76	40	93	52	89	49	46	59	10	39	94	64	26	38	22	95	15	59	71	100	36	87	68	20	94	45	62	94	56	23	36	93	21	25	57	57	78	59	28	24	48	18	72	61	65	83	63	41	26	25	54	30	51	77	28	16	45	15	40	69	19	33	91	30	22	58	11	56	19	60	15	66	37	52	96	36	35	40	11	29	69	31	24	75	46	73	21	40	66	66	92	69	18	19	22	30	39	86	49	85	97	66	14	31	61	73	54	99	55	47	83	36	13	97	63	71	53	87	44	98	82	50	76	42	49	25	31	87	78	52	85	54	53	46	91	67	21	78	20	34	95	61	37	79	91	94	65	22	29	33	22	55	69	56	96	99	27	67	35	78	84	40	97	31	43	94	97	38	35	60	67	59	81	47	29	89	55	44	62	56	40	80	97	21	84	97	61	20	38	95	31	87	86	45	47	43	33	46	52	16	95	85	83	26	87	55	44	77	65	38	89	50	12	84	14	54	67	76	49	25	95	63	46	45	51	23	75	55	29	55	34	92	68	30	69	89	15	40	79	58	27	20	81	91	82	65	53	13	21	44	81	76	11	99	57	78	19	12	81	64	93	90	94	42	63	14	59	54	14	55	13	18	26	75	37	90	66	72	69	12	62	15	14	19	50	53	83	94	15	19	96	49	95	45	53	57	45	29	68	26	35	19	25	43	54	48	78	22	100	67	57	44	84	23	32	91	51	38	75	86	15	80	68	56	81	74	80	19	81	81	25	71	99	86	38	86	54	45	90	54	38	74	98	88	94	36	16	96	81	57	45	79	46	69	25	98	78	66	62	12	29	60	66	56	79	94	68	55	51	72	65	78	49	98	24	40	63	33	49	71	42	86	79	62	45	54	59	34	95	48	35	96	26	61	38	77	63	68	95	40	81	11	53	30	37	89	78	28	12	40	35	37	88	32	56	29	46	77	95	43	71	51	78	55	63	59	64	76	25	67	85	80	76	12	96	87	64	92	78	94	52	75	70	61	89	36	82	58	52	34	53	76	18	36	54	43	91	90	50	33	19	68	80	97	46	38	88	27	47	19	73	54	51	39	35	70	43	96	26	22	20	76	52	57	92	23	76	53	33	20	76	52	94	74	86	73	10	18	100	45	83	37	99	55	27	40	41	87	39	32	95	68	97	27	24	88	70	84	54	37	85	62	34	30	45	81	89	59	91	97	67	86	25	65	56	28	11	86	13	84	96	33	95	74	36	12	25	92	94	37	74	19	31	45	85	69	83	39	18	63	98	46	42	60	67	24	67	14	40	38	39	47	76	56	43	16	67	75	17	13	25	73	72	43	59	13	59	50	65	26	35	29	38	95	76	48	77	72	92	40	93	86	99	77	23	82	85	78	23	94	67	78	42	57	30	76	41	56	37	71	27	12	56	56	78	11	82	67	35	19	74	69	20	55	70	59	75	53	26	83	14	22	41	35	52	64	29	92	68	60	59	72	98	53	28	20	45	14	31	90	78	25	75	86	81	31	29	63	69	83	28	98	67	15	63	81	27	92	87	30	95	83	57	80	41	40	21	76	100	32	47	53	53	73	61	63	100	83
89	39	63	55	66	58	17	61	27	36	100	87	33	11	89	57	86	94	76	49	32	23	27	24	94	70	56	89	17	28	62	79	54	41	53	53	61	16	31	49	60	78	43	42	30	30	45	37	35	28	41	34	40	52	15	22	39	26	52	15	19	91	16	49	28	94	30	76	90	95	82	53	93	29	83	56	47	35	97	80	86	27	79	19	78	71	91	36	68	87	28	73	92	59	41	72	53	94	29	64	66	46	76	50	74	50	14	97	98	15	97	14	71	99	57	90	78	98	70	56	82	34	72	16	52	79	81	64	16	54	73	14	12	38	79	43	34	88	91	73	64	54	81	52	86	30	58	67	23	52	53	11	13	69	30	94	55	39	87	38	73	34	42	66	54	48	29	15	71	45	96	92	69	72	94	54	72	69	72	64	38	11	23	29	77	72	49	42	92	89	83	91	76	23	86	28	42	94	45	19	74	11	18	55	52	66	22	52	21	57	66	31	35	31	90	78	95	97	43	73	42	68	99	68	45	68	86	86	23	35	40	37	39	88	38	50	79	74	32	23	28	41	77	55	13	33	82	75	48	52	51	30	52	31	98	54	11	72	61	60	57	70	62	69	92	28	59	35	68	90	28	84	14	93	38	24	58	79	77	50	85	40	90	87	33	71	96	66	60	68	76	42	22	76	86	85	91	50	83	74	98	68	67	74	57	49	49	13	48	96	60	50	76	18	61	17	62	77	41	33	67	48	18	55	75	96	42	21	58	85	39	45	60	24	98	59	53	73	62	78	46	50	66	66	35	94	13	65	77	29	63	96	58	47	45	70	13	71	15	26	83	40	57	11	47	57	67	67	47	86	73	75	16	34	77	74	29	45	26	24	82	84	40	59	15	78	16	45	57	67	91	58	38	71	76	88	21	20	33	22	79	86	57	21	40	45	79	80	92	12	22	31	57	98	89	78	80	19	91	70	47	90	100	98	56	100	19	97	78	22	93	37	91	45	52	27	74	31	85	74	59	55	39	43	27	17	82	87	37	42	27	33	27	93	42	60	29	91	59	44	81	96	47	60	45	72	40	61	96	35	79	54	78	14	29	96	68	98	48	99	42	51	14	24	22	96	26	67	32	55	95	24	58	16	72	65	77	19	73	54	38	52	30	27	27	86	79	69	54	16	18	70	93	41	74	44	14	11	50	95	96	24	40	83	50	58	86	100	36	13	60	64	63	70	37	18	26	14	85	63	61	83	66	32	15	95	95	52	87	14	11	67	77	47	92	45	62	75	57	23	14	67	40	63	95	45	48	55	27	76	40	23	14	93	97	85	99	41	57	87	14	50	42	35	58	63	80	47	68	19	21	59	51	69	48	13	49	36	67	51	30	22	20	46	43	30	55	89	86	49	42	51	94	19	42	67	44	66	20	46	47	50	52	90	57	55	73	80	88	93	71	93	78	65	63	69	14	33	36	25	40	24	56	70	27	79	17	55	67	43	36	92	46	37	15	82	40	37	44	55	50	52	47	82	71	40	41	80	36	85	13	40	55	45	97	56	67	95	36	83	99	26	83	92	97	25	51	97	70	42	14	19	62	81	28	94	49	55	65	49	60	91	52	45	24	10	20	59	82	28	46	38	83	75	28	47	70	57	23	65	29	99	13	79	40	87	61	38	56	85	46	67	68	54	96	17	65	67	65	78	76	50	59	32	28	11	16	67	72	90	93	77	64	77	12	38	48	58	51	98	81	51	50	45	31	14	27	84	73	85	37	65	40	43	72	65	34	46	39	47	23	40	54	60	43	52	57	13	94	68	81	75	20	15	12	40	23	59	68	86	48	90	70	93	13	28	84	60	38	89	17	55	25	87	45	92	55	89	70	72	53	30	80	16	93	13	45	33	42	12	43	71	92	87	29	66	13	45	45	61	17	24	66	33	38	80	74	78	37	30	21	73	97	85	93	61	73	17	94	56	92	58	12	98	10	62	67	11	64	14	79	29	77	46	73	57	71	13	86	63	52	53	87	32	79	37	34	60	79	51	19	32	47	19	68	92	33	39	82	32	93	76	37	21	49	60	62	47	56	94	40	32	63	94	66	13	73	76	99	25	75	18	74	69	87	51	76	28	34	25	38	80	14	88	67	27	51	46	32	69	39	47	46	78	97	86	61	89	32	19	66	11	67	46	35	91	50	53	29	59	11	50	40	38	39	27	19	13	63	15	48	87	26	42	71	35	47	66	12	16	11	69	45	27	56	20	43	18	76	52	16	92	30	31	85	92	94	17	27	56
wj																																																																																																																																																																																																																																																																																																																																																																																																																																																																																																																																																																																																																																																																																																																																																																																																																																																																																																																																																																																																																																							
41	37	36	15	37	75	79	34	42	43	72	32	25	51	55	6	79	3	4	46	13	64	96	100	89	40	18	53	46	12	78	57	77	37	17	97	27	97	86	48	10	3	71	75	39	33	9	43	82	50	60	55	16	69	64	29	98	98	50	63	81	70	92	51	7	79	30	93	12	53	76	93	83	85	22	81	83	34	97	55	61	50	56	56	39	43	29	70	84	75	48	94	38	12	35	58	73	53	41	93	48	96	92	33	4	63	11	59	99	73	83	50	98	33	87	23	20	86	66	90	9	52	82	3	7	50	65	74	46	8	17	64	75	48	50	19	29	18	14	60	79	34	94	67	42	68	70	96	56	64	27	65	32	39	35	52	78	92	77	49	42	96	23	64	13	49	79	39	40	83	74	54	6	53	97	48	88	11	7	56	44	42	54	63	9	15	98	28	21	18	91	43	9	81	97	31	96	36	38	58	66	25	16	45	92	72	25	96	71	26	33	32	63	86	89	45	55	67	35	7	51	18	58	5	29	94	57	69	50	55	73	79	64	72	25	99	26	18	42	9	86	57	72	20	68	73	80	55	79	24	7	10	50	23	67	53	71	34	20	36	5	65	38	70	66	81	37	11	8	76	95	92	47	7	39	91	79	79	94	51	20	91	76	50	80	99	10	30	69	16	19	45	21	3	32	42	35	36	10	68	84	5	77	45	40	45	53	45	50	13	61	90	20	66	39	49	96	32	45	14	27	77	69	35	43	49	41	91	95	79	80	92	47	59	26	21	85	83	34	43	13	71	5	73	92	33	85	90	95	32	30	62	26	15	36	89	7	82	6	48	75	31	48	67	29	13	68	98	20	34	10	92	84	27	94	80	96	21	58	73	7	9	54	79	75	26	97	28	42	62	15	73	97	59	49	31	21	63	91	26	88	32	78	50	16	5	6	44	28	87	14	97	41	7	55	3	39	24	52	65	51	15	12	5	48	93	43	56	70	52	29	33	81	87	3	4	63	85	44	6	87	72	7	35	44	5	52	17	19	33	69	49	21	27	51	38	71	16	98	73	4	18	99	90	48	50	51	2	42	46	64	45	13	30	14	63	40	90	19	75	61	34	2	68	39	40	41	19	32	93	74	2	47	50	63	70	66	13	43	89	45	56	67	58	11	13	23	35	40	36	78	7	38	27	42	48	60	17	99	35	46	10	81	34	83	21	44	81	27	40	84	30	55	10	25	42	2	2	36	92	61	30	27	11	50	84	7	34	14	25	9	22	61	91	71	56	98	42	85	31	51	65	54	24	93	63	27	84	50	15	27	35	3	26	13	33	39	92	3	31	85	76	53	63	16	9	73	62	36	42	51	11	49	77	6	26	31	28	51	86	82	54	69	6	81	65	9	22	28	30	10	57	60	2	93	99	45	99	97	26	64	34	70	75	46	33	81	67	33	28	64	11	29	61	42	33	46	58	81	19	20	20	69	93	62	46	33	12	38	40	35	78	56	89	99	68	21	79	75	50	31	56	22	49	32	24	43	12	38	96	91	83	3	20	11	16	58	98	61	92	23	65	96	69	30	46	61	52	90	62	23	30	66	58	82	3	12	22	69	8	56	70	21	5	83	15	48	86	13	27	45	46	40	85	5	79	29	33	21	44	68	13	65	42	24	87	81	26	33	64	97	94	100	6	32	32	22	89	29	90	31	69	23	78	50	29	43	17	99	65	54	37	82	60	63	94	5	47	70	59	94	80	26	98	94	29	98	7	65	61	81	38	81	1	60	12	59	76	74	99	60	87	95	99	16	53	78	53	16	2	23	82	57	52	95	84	98	19	50	89	29	65	21	45	70	31	66	16	7	96	83	40	57	10	11	76	16	67	100	34	58	3	31	56	42	32	93	77	2	93	62	50	18	83	46	14	29	10	84	37	66	29	37	87	98	91	58	33	8	99	80	42	41	70	26	30	47	13	17	71	57	19	38	86	5	77	26	56	9	18	43	6	18	16	65	75	98	71	74	27	46	46	14	96	31	40	30	29	99	69	49	97	53	18	14	90	56	83	31	53	59	7	21	64	79	73	36	50	97	78	100	79	87	18	93	26	92	10	16	13	96	58	41	81	3	71	76	16	56	49	37	59	72	29	92	85	50	66	7	33	91	81	17	69	53	43	38	41	95	83	20	17	81	42	30	62	88	55	93	6	3	36	99	20	64	100	94	7	5	54	35	71	45	87	45	94	21	87	28	45	72	27	80	77	74	72	96	75	84	98	93	92	35	55	58	90	48	98	69	46
