pij																																																																																																																																																																																																																																																																																																																																																																																																																																																																																																																																																																																																																																																																																																																																																																																																																																																																																																																																																																																																																																							
36	42	42	37	37	37	39	38	38	38	40	40	41	43	35	42	39	37	35	43	37	40	38	38	43	38	36	38	36	44	36	39	37	36	35	41	40	43	35	35	34	40	35	39	42	38	43	36	44	40	43	42	34	42	41	38	41	41	38	42	38	40	36	40	36	44	42	41	36	35	35	41	41	40	37	43	36	40	37	35	34	39	37	41	36	42	39	41	39	42	41	40	40	42	39	38	36	34	44	35	36	41	38	38	35	42	35	36	34	38	37	35	41	40	38	37	44	36	40	43	36	34	43	38	36	43	39	40	41	43	42	34	44	40	40	42	40	36	40	37	39	42	43	42	36	36	42	35	41	43	38	39	42	43	37	36	43	44	43	37	38	42	35	42	43	35	41	43	35	38	38	40	37	39	40	38	42	37	35	34	43	43	38	43	38	35	35	38	42	37	36	37	42	41	34	36	39	40	40	39	37	41	36	40	39	44	40	43	35	42	36	37	36	41	44	42	35	40	40	43	39	40	43	42	41	38	38	40	41	38	35	38	34	41	36	36	39	38	40	38	43	35	39	40	38	36	43	43	35	35	39	39	38	41	42	40	37	40	37	34	38	41	34	39	41	41	38	41	37	35	40	36	41	42	38	35	38	43	40	37	38	35	38	39	41	38	39	40	35	37	38	43	40	36	35	42	38	40	39	39	44	35	37	43	43	44	39	38	38	41	35	36	40	34	36	41	42	37	42	39	44	35	38	35	38	35	35	43	41	36	36	39	44	34	36	35	38	39	39	43	34	43	37	39	37	36	35	36	36	38	37	40	43	36	38	43	39	37	39	39	35	35	35	39	34	40	38	43	42	36	42	40	40	36	43	34	42	37	35	34	42	38	41	42	43	36	39	39	42	36	35	41	38	41	35	41	35	36	40	43	40	42	42	37	41	36	42	38	35	41	42	38	40	43	40	42	43	36	42	43	38	37	35	35	38	36	42	37	43	40	43	39	41	38	43	41	38	40	35	41	42	38	39	44	34	35	43	39	40	39	37	37	37	41	42	35	40	37	43	41	39	39	36	41	41	40	35	44	38	44	41	39	34	44	34	44	42	38	37	44	40	43	40	37	39	35	36	42	42	35	41	37	37	41	41	43	35	35	41	36	39	40	35	38	35	38	40	39	42	36	39	43	36	41	44	44	40	36	35	42	43	36	37	41	44	41	40	43	39	43	42	42	36	34	42	37	38	43	36	44	38	42	37	42	36	36	37	37	38	39	39	41	41	37	39	39	42	40	35	37	44	39	40	34	40	40	36	37	42	42	37	37	44	36	35	36	40	36	41	38	37	34	41	34	40	42	41	39	36	35	42	34	37	35	41	34	39	43	35	37	40	42	35	36	40	39	36	41	37	35	37	42	40	39	40	35	43	39	41	35	36	40	43	41	39	43	40	36	37	42	41	35	39	39	36	35	38	36	41	40	37	43	35	38	44	41	38	36	35	37	39	34	35	37	44	35	44	41	40	37	43	42	39	36	37	35	42	42	43	43	36	40	36	35	35	38	39	42	41	37	37	36	40	44	36	38	35	41	36	40	38	44	37	35	41	42	40	42	37	39	39	43	38	39	36	39	37	39	42	39	43	43	42	43	37	44	37	43	36	34	43	43	38	37	39	36	38	39	39	36	37	38	36	44	36	44	35	40	35	37	42	34	43	35	37	39	37	38	43	38	40	39	36	40	43	38	42	39	35	43	38	35	34	36	42	39	36	36	35	42	41	38	37	35	42	44	41	39	39	40	37	34	43	42	41	37	35	39	39	41	35	41	35	42	43	44	42	38	34	35	38	41	41	35	36	40	39	36	38	38	40	37	36	39	44	40	40	44	37	37	36	39	42	43	40	40	44	35	42	41	35	35	36	38	39	37	34	36	36	41	38	43	39	37	42	35	41	35	39	42	35	38	42	39	37	34	38	36	42	36	35	36	40	36	42	42	37	41	42	44	35	39	43	39	37	41	37	39	39	36	42	34	37	43	41	37	44	39	37	43	37	41	41	38	36	35	43	35	36	38	35	35	42	44	39	37	41	34	42	41	35	40	37	38	34	40	39	39	43	37	39	44	37	43	35	40	42	37	42	40	42	36	43	35	39	38	38	41	36	36	40	37	43	42	44	42	40	41	35	43	35	36	36	39	37	35	40	34	38	41	44	37	43	38	42	42	41	35	36	38	37	43	40	37	41	40	38	38	42	41	38	40	37	39	40	42	42	35	40	39	43	44	39	40	35	42	43	38	37	43
51	44	44	49	45	51	50	51	47	46	49	48	43	50	43	51	50	43	50	49	48	50	48	43	49	43	44	44	43	46	48	48	43	51	47	44	49	43	44	48	51	49	45	51	43	47	43	46	44	47	43	48	44	49	45	50	48	45	47	42	46	49	50	50	47	48	48	42	46	47	52	46	42	48	47	47	44	47	47	48	45	51	50	46	50	43	50	45	48	42	46	47	49	45	52	45	47	43	48	42	49	48	51	49	43	43	43	44	45	51	44	51	47	51	49	43	47	49	47	49	42	46	49	46	45	45	50	49	44	43	45	44	49	44	43	47	48	42	49	51	43	48	46	42	45	42	45	50	49	43	50	48	49	48	52	48	44	50	45	51	50	42	48	51	43	51	43	49	45	48	45	49	49	43	52	51	49	47	45	51	43	49	48	51	43	48	42	51	46	46	43	42	48	43	51	50	46	45	44	48	49	47	47	46	46	49	47	49	48	43	42	49	48	51	42	45	46	47	47	44	43	46	44	49	49	52	44	52	46	42	51	50	51	46	44	52	47	50	44	44	52	52	46	50	50	48	44	48	50	43	47	42	49	43	42	50	49	47	48	48	46	52	47	45	44	44	50	45	45	47	50	43	49	49	47	52	43	47	49	47	49	43	46	44	42	47	47	51	49	43	51	48	51	49	46	48	51	52	48	52	45	51	45	47	46	42	47	51	44	43	50	46	46	52	51	52	49	49	44	45	43	45	52	50	49	51	51	43	43	51	44	42	45	50	47	51	43	51	50	51	46	44	45	49	49	50	50	48	46	45	47	49	47	46	44	52	45	44	46	44	51	44	48	45	44	50	47	45	46	44	50	45	43	50	45	50	42	46	46	49	48	48	48	42	43	47	51	49	47	50	52	47	49	50	42	46	51	49	46	49	50	43	48	44	43	48	51	44	49	43	47	51	43	44	49	48	48	47	49	52	51	49	42	44	48	48	43	42	49	44	45	50	51	44	46	50	49	42	46	44	43	47	45	45	43	44	49	42	49	46	45	49	47	46	49	44	46	51	43	47	46	44	42	44	50	44	44	42	46	52	47	50	47	46	48	47	43	45	47	47	50	44	47	51	47	45	47	47	51	47	43	44	45	52	51	46	48	42	47	44	44	44	52	44	49	48	48	49	46	50	50	50	46	51	49	51	45	51	47	45	51	50	48	48	45	48	52	51	48	46	43	51	49	50	43	50	47	50	42	43	44	45	43	47	47	43	51	48	43	43	45	51	50	45	46	46	44	43	48	46	50	50	43	51	45	50	49	45	43	43	42	45	51	51	44	46	44	51	50	45	46	46	48	49	44	47	42	50	48	46	47	46	49	49	44	42	50	48	42	45	50	50	46	49	49	49	52	46	51	43	45	49	48	50	46	43	44	44	50	42	43	51	44	42	49	52	44	43	44	45	43	51	42	42	51	52	48	49	43	44	44	49	48	51	44	45	43	48	51	48	44	48	47	48	49	51	48	48	51	51	47	51	44	50	49	45	52	45	45	50	47	44	44	43	49	45	51	45	50	43	52	50	47	49	52	44	45	42	46	46	47	50	46	46	45	51	44	51	45	49	43	46	45	44	48	44	51	45	43	51	47	43	46	42	43	47	49	46	46	44	43	46	42	50	47	46	48	48	51	50	52	49	42	51	46	44	49	46	46	50	47	47	50	45	46	42	48	47	49	51	42	49	47	43	47	49	43	48	50	44	52	49	51	51	48	42	52	48	43	48	51	44	42	52	45	48	43	49	45	42	47	50	50	46	43	46	50	46	47	43	49	48	52	49	49	47	50	52	47	50	52	46	51	52	49	46	48	51	46	44	52	48	49	44	47	44	49	51	44	46	48	43	42	43	51	44	45	46	51	51	45	49	43	50	45	49	43	44	48	52	47	51	49	46	49	46	43	46	46	43	44	46	51	50	48	51	48	48	48	42	51	44	52	46	43	52	49	43	48	51	43	47	47	43	49	51	49	43	45	45	48	51	50	43	42	51	45	45	51	47	51	46	42	50	51	47	51	45	49	44	43	50	48	50	49	44	48	52	51	48	47	52	44	51	45	51	49	44	49	51	51	45	42	50	46	44	50	51	44	42	44	45	42	42	47	52	46	50	43	44	50	44	51	52	42	52	44	42	46	50	49	46	46	45	46	47	49	43	47	49	46	43	44	43	42	44	42	44	43	47	49	49	44	49	44	49	46	44	45	51	43	45	45	45	52	46	48	50	51	43	43	45	51	47	49	43	50	52	43	47
58	55	57	57	62	57	59	62	65	58	63	63	59	65	57	65	58	57	57	60	63	56	58	57	58	60	60	65	61	64	56	64	59	62	65	56	59	63	64	59	60	60	57	58	63	60	56	58	64	64	65	61	56	56	63	59	62	56	56	61	63	57	63	60	57	57	64	64	64	56	62	64	60	61	63	61	63	62	55	61	59	60	57	64	60	59	64	56	61	57	64	58	56	56	56	59	57	56	56	62	62	62	56	63	61	57	56	63	55	57	62	60	56	61	55	57	65	64	58	61	61	58	62	57	61	56	60	59	55	61	62	63	62	64	61	62	59	63	57	60	60	56	58	64	61	64	59	63	55	57	56	58	57	61	63	55	59	65	56	58	61	56	61	58	57	61	59	64	59	63	60	59	62	58	56	62	56	59	58	63	64	57	64	56	65	58	56	64	60	62	56	57	64	61	64	64	59	55	61	57	63	55	60	57	59	60	56	59	58	61	61	61	60	55	62	57	59	60	64	56	64	57	57	61	64	62	63	60	58	57	63	65	58	56	61	59	59	56	58	63	58	59	60	58	57	55	57	62	61	56	58	64	57	56	59	63	56	65	63	64	59	55	59	58	63	64	63	57	57	56	61	64	57	64	57	57	62	61	61	60	57	57	56	55	56	55	61	57	60	55	61	56	61	64	60	58	62	64	62	57	64	57	57	55	61	62	62	60	64	55	56	63	59	59	59	64	65	63	61	65	58	55	60	56	59	63	57	64	61	60	64	63	55	55	64	57	60	56	58	57	58	56	58	59	62	61	64	62	61	61	55	59	62	57	56	59	57	65	61	61	62	61	61	55	61	60	55	63	56	59	55	60	57	56	56	60	58	57	61	63	62	61	62	63	59	64	57	64	56	59	65	59	59	56	56	55	64	60	64	64	55	64	58	59	58	56	58	58	55	56	63	57	63	56	63	62	57	59	56	57	60	63	61	62	62	57	64	65	60	60	62	57	64	61	58	56	64	62	64	55	58	58	64	64	61	58	64	60	65	56	58	63	59	62	59	58	56	55	61	62	57	57	56	60	57	62	57	63	64	57	59	64	58	61	64	60	58	64	59	60	64	61	57	62	57	64	59	64	59	59	63	60	64	61	56	60	57	60	60	63	63	64	56	62	59	56	56	63	59	62	62	59	58	62	56	57	61	64	58	63	55	55	59	64	55	61	56	62	63	55	57	60	65	61	60	57	58	62	56	63	62	60	63	55	59	60	58	60	61	58	56	63	56	59	60	64	60	58	64	61	57	61	64	56	55	59	64	60	64	58	59	57	55	58	65	63	56	62	58	59	62	56	59	64	59	58	60	58	59	57	64	59	59	60	56	61	65	56	59	61	63	64	60	56	59	63	57	56	56	64	63	59	61	64	58	55	64	60	64	65	61	62	63	62	59	62	61	55	58	62	59	59	56	61	56	61	64	58	57	64	64	60	55	59	63	57	55	56	57	64	64	61	65	61	64	59	55	59	63	63	55	57	59	60	65	58	58	57	65	56	59	60	61	57	63	57	63	62	64	61	56	58	63	58	57	64	60	61	65	63	62	56	60	61	61	59	63	57	64	64	60	59	59	57	58	62	58	60	58	55	61	64	56	61	64	59	61	62	60	59	59	61	61	59	61	59	65	56	64	59	60	60	64	61	59	64	61	63	59	62	61	61	57	58	59	58	57	57	57	56	57	58	61	62	60	59	58	58	62	58	61	58	57	59	62	65	55	63	63	56	56	61	63	60	60	62	59	60	60	63	57	64	62	59	59	60	59	57	57	58	62	57	58	60	56	61	56	61	55	55	59	60	56	58	64	61	56	63	61	63	56	57	58	63	60	57	59	60	64	62	56	58	56	59	60	63	60	60	62	55	56	58	60	63	59	62	56	62	56	60	63	57	64	60	59	56	57	58	58	61	63	64	61	57	64	60	63	62	64	59	60	55	60	56	60	61	64	56	57	61	62	64	60	65	58	63	62	62	57	57	61	62	60	63	58	61	62	57	58	60	60	61	65	63	63	57	58	58	58	58	63	63	58	60	60	65	58	63	59	62	58	64	55	63	56	64	61	60	64	61	62	56	58	63	60	59	59	63	59	58	57	58	59	59	56	56	60	62	56	58	59	58	59	63	61	56	58	62	57	60	57	61	61	58	60	56	60	58	63	60	55	56	64	63	59	59	57	62	63	62	59	62	55	60	56	57	62	63	61	59	59	63	62	59	61	58	59	57	59	58	57	63	56	62	63	63	57	60	64	64
29	23	21	26	22	22	24	22	23	30	30	24	23	28	27	27	24	21	27	23	26	25	20	30	22	28	27	29	28	21	26	29	22	20	20	29	28	22	24	22	29	22	22	24	21	22	21	25	25	26	22	21	28	23	23	24	30	24	29	29	29	27	23	28	25	29	29	30	24	29	27	25	29	26	26	29	23	29	29	22	24	24	24	22	29	26	21	27	22	29	22	29	29	21	24	20	21	30	23	24	21	26	24	29	25	28	30	28	26	26	23	23	26	29	29	24	20	27	29	29	28	29	21	30	25	22	27	22	21	24	27	29	24	30	23	23	25	24	30	22	22	27	22	27	29	25	24	29	27	24	30	26	25	29	24	28	24	22	22	25	22	29	23	24	20	23	23	24	24	29	26	30	23	29	22	28	25	23	23	24	23	27	27	29	24	28	29	28	28	29	29	26	28	25	27	22	22	28	25	22	28	27	26	27	25	30	29	23	29	22	29	22	22	26	21	23	23	21	29	25	26	25	29	26	23	27	27	21	29	22	24	22	29	27	26	27	29	26	20	27	21	23	22	27	20	28	28	22	21	26	25	26	23	24	21	28	29	28	20	29	21	21	23	25	25	28	27	22	26	27	21	26	29	21	24	21	21	26	26	26	29	27	29	25	21	27	23	23	27	29	20	28	21	22	30	27	27	23	28	27	22	24	28	22	25	29	29	28	28	27	27	28	27	26	28	22	25	27	26	21	29	25	21	24	20	30	24	30	20	23	21	21	24	29	24	23	21	22	29	26	23	30	22	26	26	26	20	22	25	20	26	27	21	25	26	23	22	28	28	20	24	28	22	28	28	27	28	26	28	20	30	29	27	27	24	28	29	27	21	22	24	22	23	27	25	29	29	25	30	20	25	21	22	29	23	22	29	23	23	26	29	23	30	27	22	20	29	28	21	21	29	22	24	24	22	27	21	27	28	20	28	26	22	28	29	27	22	27	21	23	25	25	25	24	27	29	25	25	29	24	28	26	27	26	29	26	28	24	28	20	22	28	26	28	27	21	21	21	20	26	22	30	24	23	21	30	21	20	28	23	28	21	20	24	27	22	27	27	20	27	23	27	29	21	24	26	21	27	26	28	29	23	27	25	22	29	25	24	23	21	26	23	27	25	26	28	28	28	26	24	23	27	24	21	22	23	24	23	21	20	27	24	22	23	28	23	23	22	27	29	28	23	24	24	27	28	26	23	27	26	21	28	20	29	21	29	25	27	30	22	20	27	29	20	21	21	26	23	27	24	22	24	24	25	24	26	22	28	23	24	28	22	27	30	23	21	22	21	22	26	29	25	27	24	26	22	21	26	24	24	22	28	26	21	26	28	29	21	26	21	23	29	29	23	26	27	29	23	23	30	20	27	29	26	23	29	30	21	26	23	29	29	27	20	29	29	28	23	22	29	22	25	25	22	24	29	25	23	22	21	21	28	26	26	24	25	25	28	22	25	24	27	30	23	21	21	20	27	23	22	21	22	25	26	21	28	26	23	26	21	27	23	23	23	28	21	27	23	21	25	24	29	26	22	27	21	25	21	21	29	25	29	21	24	24	23	29	28	28	21	29	20	20	23	24	27	23	27	22	27	22	23	26	22	30	25	21	23	20	30	24	27	23	25	20	25	21	24	20	26	24	21	24	24	27	30	25	20	22	21	27	20	28	30	24	27	23	23	28	21	22	22	22	22	24	29	22	30	21	21	22	23	26	30	30	22	28	25	27	23	27	20	30	29	27	22	23	20	22	27	28	25	27	24	27	28	21	23	22	26	24	24	21	23	21	30	24	30	21	22	23	24	27	22	24	22	24	25	20	29	29	26	23	27	26	22	24	28	28	27	28	24	30	27	28	27	23	24	29	29	24	27	23	20	22	25	27	24	21	23	22	25	25	27	29	23	23	29	21	21	22	23	25	21	25	22	28	21	21	26	30	22	27	21	22	27	26	20	28	30	21	22	30	25	26	25	21	28	23	30	20	20	26	24	23	26	21	28	25	23	24	25	30	27	21	21	27	26	24	28	27	22	25	21	25	22	26	27	26	27	22	29	21	27	27	23	24	23	29	30	23	27	27	27	28	22	28	29	21	29	28	26	30	20	28	30	21	25	21	27	20	23	26	24	20	26	21	29	22	20	25	26	24	22	27	23	25	26	21	28	25	22	20	30	30	29	28	27	24	28	28	28	21	28	20	22	28	22	24	22	27	26	26	24	27	25	30	24	24	24	22	22	20	29	23	22	23	29	21	24
8	6	13	8	11	7	8	8	13	12	8	5	6	10	10	6	8	9	12	9	14	10	5	6	12	9	13	13	13	14	11	13	11	11	6	10	14	8	5	10	12	12	10	12	6	10	12	7	14	11	8	13	12	7	11	5	9	7	11	5	8	12	11	6	12	9	5	10	13	11	9	12	4	11	10	12	6	8	11	12	5	6	9	13	5	8	12	5	9	8	7	11	8	12	13	6	12	7	8	8	4	5	5	10	11	8	9	7	5	13	7	4	7	12	13	9	10	6	11	7	14	5	6	9	5	7	8	12	14	8	8	12	11	8	14	7	12	6	6	6	10	5	11	7	6	12	11	10	12	8	13	8	6	6	11	12	9	9	5	5	10	6	10	5	12	6	6	8	4	5	6	5	11	9	7	10	11	8	7	12	11	7	7	12	5	8	7	10	10	7	4	6	5	5	4	8	6	7	12	7	12	8	7	13	13	10	7	13	7	8	14	5	5	9	13	13	12	10	5	7	9	12	5	10	14	12	7	10	8	8	14	11	12	9	6	6	9	12	12	7	6	6	7	13	4	9	11	10	10	13	8	13	9	6	5	13	6	7	10	12	4	13	13	7	8	14	14	6	5	6	12	14	13	7	13	10	13	13	6	8	10	11	12	11	13	4	10	7	12	11	10	13	5	13	7	7	10	13	7	9	6	7	6	13	14	5	7	8	11	7	5	8	13	12	8	4	11	8	7	12	14	7	14	7	9	8	7	6	11	6	5	8	6	14	13	7	9	11	11	11	4	7	14	9	8	6	9	13	14	7	9	4	5	4	10	12	7	14	5	12	12	5	5	14	8	8	6	9	8	11	13	5	13	9	10	6	4	5	11	13	4	10	12	6	9	8	12	4	13	9	12	11	9	5	13	11	8	5	12	6	7	12	5	12	10	8	9	13	12	8	4	7	10	7	9	7	11	10	8	12	6	6	4	13	8	14	10	13	11	6	4	7	12	14	13	9	11	10	14	12	13	7	5	10	5	6	7	8	10	14	10	5	6	9	12	8	5	8	8	6	10	13	10	7	5	7	9	8	13	10	7	12	12	5	11	9	13	10	9	10	9	9	7	11	13	10	8	5	13	8	11	12	14	7	14	11	11	5	11	5	9	8	13	7	5	8	9	4	14	6	5	14	8	11	11	11	7	13	10	14	12	7	7	12	7	7	6	7	13	9	5	9	11	5	14	11	10	5	13	14	10	11	10	11	5	13	12	8	14	9	12	11	8	9	11	10	13	10	6	10	5	12	13	11	9	9	14	5	5	5	10	10	9	7	6	6	10	12	7	10	13	14	9	12	7	5	5	8	4	13	14	10	9	6	6	5	11	5	9	8	14	8	9	11	6	4	6	8	4	4	14	6	7	6	12	5	11	10	11	7	7	5	13	10	4	7	6	4	10	11	12	13	7	10	8	12	12	11	5	7	12	11	12	12	12	13	6	8	9	12	13	9	10	6	12	8	11	8	12	11	9	9	11	14	4	7	6	13	13	9	10	9	6	5	7	8	13	10	14	9	10	14	11	6	7	12	6	8	9	4	8	8	4	14	8	6	5	4	9	5	8	5	6	11	13	5	12	5	13	6	10	5	8	9	9	10	5	8	7	9	8	8	6	4	7	14	6	12	12	12	12	14	8	7	14	7	8	7	8	10	8	6	6	12	12	6	5	12	11	14	14	9	8	13	4	8	6	12	7	8	12	6	8	11	6	11	13	13	14	5	6	6	6	9	11	13	12	6	9	10	13	6	12	9	13	13	11	12	10	12	14	9	13	14	8	8	11	11	9	13	14	8	10	7	14	5	5	10	8	11	8	11	10	10	7	6	12	6	6	12	6	7	9	8	11	14	11	13	4	5	7	8	8	13	12	11	11	10	4	10	12	9	12	8	9	4	7	13	11	12	8	11	10	13	12	7	7	8	11	14	9	5	7	9	4	8	5	12	5	6	7	5	12	13	5	9	14	7	13	9	8	10	12	4	8	12	12	11	7	10	4	10	13	13	13	10	11	13	6	9	8	4	5	8	13	8	7	12	6	5	7	7	4	13	12	9	12	5	14	10	6	6	14	5	11	4	8	14	5	5	13	14	9	8	11	11	10	7	11	7	6	10	9	10	13	7	12	9	14	7	6	11	6	9	13	12	14	6	5	5	6	13	14	11	13	9	8	10	5	8	6	7	7	11	12	10	8	8	10	9	10	13	7	12	8	10	8	5	9	10	7	10	4	13	9	11	12	7	10	7
34	39	39	39	39	35	39	39	34	34	35	33	32	33	40	31	39	40	40	37	31	32	36	36	32	41	39	39	34	32	41	41	36	36	40	32	38	39	35	36	39	41	35	37	40	33	35	34	36	37	32	34	33	35	37	32	32	34	36	34	39	37	39	32	32	34	40	40	33	36	35	39	34	38	37	36	41	34	39	37	40	40	35	31	33	34	32	35	41	32	33	32	37	36	33	40	39	36	34	33	34	38	34	31	37	32	37	41	34	38	35	36	33	38	32	40	34	34	34	32	35	31	36	31	35	37	31	31	34	38	37	38	34	35	36	39	36	32	35	40	41	32	39	38	32	35	40	35	35	36	33	35	40	33	33	37	36	38	32	37	32	35	38	38	40	40	35	34	32	35	36	40	39	38	37	32	40	37	41	35	41	37	36	37	35	39	39	32	39	40	36	31	39	41	39	38	37	38	34	34	38	41	35	32	37	35	35	37	37	35	33	37	40	36	39	35	39	32	40	33	35	41	41	40	32	38	38	36	35	39	37	41	32	35	31	38	38	34	33	37	39	35	40	38	35	40	31	36	35	40	34	35	36	33	39	36	36	39	39	35	38	35	38	32	33	35	31	40	38	37	33	38	41	37	38	35	40	36	40	35	32	39	32	31	35	36	33	38	39	31	35	36	35	39	35	31	32	32	36	40	36	38	40	34	34	38	33	36	40	31	36	31	38	35	40	36	38	32	31	33	40	32	36	35	39	40	33	31	33	39	37	40	32	36	37	39	32	35	32	39	33	34	34	33	33	37	32	38	32	35	34	32	36	32	36	41	37	34	32	41	40	41	41	37	41	32	40	41	37	34	37	39	36	36	37	33	34	40	34	32	34	34	40	35	33	37	38	40	31	32	35	39	37	35	40	34	40	39	34	37	35	39	37	37	39	34	34	36	31	31	32	41	38	41	40	35	40	34	32	35	34	38	36	41	35	40	37	40	36	35	33	40	33	38	32	39	31	36	37	37	36	35	38	40	37	35	36	37	39	32	41	31	32	41	32	39	32	35	31	36	40	34	36	40	40	38	32	31	36	36	35	36	39	40	40	37	34	37	33	38	35	34	38	34	39	37	40	41	35	39	37	37	35	40	39	40	36	35	33	38	38	40	33	39	35	35	32	35	35	32	31	38	34	41	37	38	37	31	36	33	31	32	38	31	39	40	37	37	38	36	41	32	39	38	36	32	32	40	36	37	39	37	36	38	37	33	36	39	32	39	34	33	34	32	39	34	33	34	39	31	34	32	40	34	34	41	40	37	35	32	33	34	33	31	35	36	40	40	37	37	37	41	35	34	40	38	36	38	36	38	38	35	36	32	32	40	37	40	39	36	38	33	37	31	35	38	34	40	36	35	35	39	37	32	37	40	32	33	41	41	36	38	40	32	36	37	32	38	40	40	33	39	36	31	33	38	38	31	37	40	31	33	31	36	38	31	33	32	36	36	35	34	35	41	35	37	35	33	40	38	34	36	36	38	39	40	37	33	33	39	33	32	39	32	41	39	35	31	39	40	32	37	34	41	39	39	37	37	38	32	38	37	35	32	34	41	34	37	36	35	31	32	34	39	32	40	36	37	41	41	40	35	36	35	35	35	38	39	34	34	40	40	37	35	37	32	38	37	33	39	31	40	34	31	39	37	39	32	40	36	34	38	33	36	35	40	36	41	39	35	38	37	39	35	34	33	37	31	34	40	32	41	41	40	40	36	35	38	35	36	33	40	36	35	33	36	34	37	33	33	36	33	37	36	40	40	39	34	41	35	33	37	32	37	39	34	41	37	41	39	32	34	38	36	38	38	35	36	39	37	32	40	33	36	35	39	39	36	35	39	34	32	39	36	38	41	40	37	33	34	34	33	36	33	34	34	37	33	41	39	39	33	32	41	36	35	36	33	38	36	33	35	31	37	35	40	41	31	40	38	33	39	38	34	34	39	35	38	37	33	36	39	36	34	33	35	34	40	36	36	31	39	38	33	35	32	32	36	35	37	34	38	34	32	35	33	35	35	37	40	35	33	36	41	38	37	37	35	38	36	31	35	39	34	37	35	38	34	33	40	39	33	32	34	32	31	38	39	33	33	39	32	39	33	40	38	34	32	33	34	37	36	34	40	38	36	31	39	35	34	33	38	33	32	33	40	39	38	39	34	39	39	39	41	38	32	40	36	37	36	34	31	40	34	32	39	37	40	39	35	34	37	38	31	34	32	40	32	40	32	33	32	34	32	39	39	31	33	41	33
26	22	21	23	24	18	22	22	19	25	26	21	21	25	24	19	19	25	17	18	19	24	22	24	24	20	21	19	17	27	24	24	25	23	26	23	26	21	24	22	18	21	26	23	23	18	20	24	24	22	20	22	20	24	27	22	24	25	18	23	20	25	25	20	19	25	22	21	25	19	19	26	19	24	22	27	26	27	23	22	25	22	27	22	18	21	22	25	27	17	19	24	22	26	23	17	26	26	19	27	19	26	24	19	21	18	24	25	26	19	26	23	25	25	22	23	24	22	22	23	23	21	20	25	22	19	19	23	18	23	25	22	25	18	19	27	20	25	24	23	18	23	25	26	27	22	18	19	21	27	26	19	22	26	19	22	19	21	24	17	25	21	22	23	25	19	25	27	17	20	19	21	23	21	20	25	25	19	24	25	22	24	19	21	23	17	24	27	23	23	19	24	26	21	21	20	24	21	19	21	24	18	18	20	25	19	18	25	25	26	27	17	20	20	22	21	17	19	18	17	19	21	25	23	23	19	23	25	21	22	20	24	18	20	24	23	22	18	19	17	25	23	25	25	24	17	23	20	26	25	21	17	17	25	26	25	24	18	20	26	26	20	18	22	21	20	22	17	23	18	26	19	20	24	18	19	26	20	18	25	26	19	22	19	27	25	27	22	24	22	19	27	25	26	17	20	20	25	20	26	17	22	19	24	22	26	24	25	19	20	25	22	24	25	18	24	24	24	19	25	19	21	25	20	19	25	27	23	24	25	21	20	21	18	21	26	19	20	21	23	18	18	27	24	18	23	25	26	22	20	23	21	26	23	24	18	24	18	18	23	24	23	19	18	18	23	21	18	25	26	23	24	19	20	23	20	21	23	21	21	25	18	19	22	21	22	23	27	23	18	22	23	23	21	24	22	24	18	27	26	19	24	24	24	18	18	25	23	18	24	22	21	24	17	25	24	20	21	26	22	18	22	26	22	25	18	21	25	18	18	22	18	21	18	19	27	18	20	21	26	21	18	23	25	24	22	27	23	23	23	25	26	21	25	18	18	21	26	26	18	19	25	25	26	19	22	27	21	19	26	25	21	17	21	26	20	25	24	22	21	24	23	20	21	20	20	21	19	22	22	22	25	23	19	18	21	20	22	26	22	20	17	26	21	24	19	21	17	26	17	24	24	25	19	17	22	20	26	20	19	26	22	24	24	17	26	20	21	22	25	17	22	25	22	22	27	19	17	21	25	24	18	20	19	20	26	25	25	22	22	27	20	23	25	24	24	18	25	19	21	21	18	23	18	18	20	22	18	20	21	19	26	17	22	26	25	18	20	24	17	22	27	19	21	24	21	24	26	18	24	25	22	26	20	18	23	20	21	24	21	22	19	23	27	19	26	22	26	18	24	17	24	24	23	23	18	17	25	19	23	19	20	19	18	25	18	25	19	17	26	22	25	20	21	21	27	20	18	23	23	18	23	24	24	20	19	24	20	27	19	23	25	23	19	27	17	25	23	18	21	26	22	18	26	20	20	26	21	18	19	17	21	20	18	22	22	23	20	24	22	19	27	22	23	23	23	22	19	23	23	23	20	21	18	25	23	23	18	18	22	25	18	24	25	22	17	18	23	22	18	20	20	20	20	21	25	22	25	25	23	25	19	19	24	22	21	20	24	22	25	23	17	26	27	22	25	25	26	22	24	26	18	24	23	22	26	24	23	27	19	19	26	25	27	24	27	22	26	26	21	18	18	19	20	23	23	25	25	19	19	20	24	17	25	18	18	21	22	22	21	18	25	22	23	24	21	21	26	19	26	23	21	23	26	25	23	24	25	26	19	20	21	17	21	20	22	20	18	25	23	23	26	25	18	21	17	25	26	24	26	21	21	22	18	18	22	19	24	26	19	19	24	21	19	27	27	18	25	17	23	18	22	24	26	23	25	20	19	23	25	27	22	24	20	27	20	22	25	19	22	22	19	19	24	26	19	24	26	20	20	19	17	25	21	24	21	25	22	19	23	25	21	19	21	24	18	23	22	20	24	23	24	22	17	27	20	26	23	19	27	24	21	19	23	22	17	25	21	25	18	19	25	20	25	25	19	27	21	23	19	18	26	24	24	24	25	24	19	21	23	23	24	20	19	18	18	20	26	23	18	17	20	20	20	21	27	24	24	19	24	20	25	21	19	26	18	24	18	21	20	25	18	17	22	18	23	26	23	17	27	18	17	26	21	17	25	24	25	25	21	26	26	22	27	18	20	26	20	26	19	19	22	21	18	23	23	24	21	20	19
72	66	71	69	74	68	74	68	71	67	73	66	66	73	75	65	66	73	71	70	69	67	68	66	67	74	74	66	75	67	74	73	73	66	69	71	69	74	72	67	74	75	73	74	67	72	67	69	69	68	73	73	68	74	66	72	69	74	68	69	73	71	67	73	70	74	67	73	71	70	69	74	74	66	65	70	71	69	72	73	74	68	74	69	68	70	69	69	67	67	71	70	65	72	69	70	69	66	74	70	69	68	73	71	68	73	69	71	67	69	71	72	75	65	66	70	75	72	73	65	72	67	67	66	73	70	69	74	72	69	68	75	75	69	66	67	66	70	72	65	71	69	72	69	68	74	75	69	69	71	73	65	67	65	74	66	67	68	71	70	74	74	69	72	69	69	70	72	67	71	69	65	67	68	69	68	67	71	69	71	73	70	66	74	69	73	68	73	66	74	71	71	66	75	68	68	71	69	72	71	70	73	70	66	65	66	70	74	72	66	67	75	71	66	67	71	74	66	65	73	71	70	75	75	73	72	72	67	74	74	73	73	67	74	70	72	72	66	65	70	68	71	70	67	72	73	66	66	71	70	71	71	67	71	71	66	68	65	72	72	74	70	71	67	68	67	74	69	72	66	70	67	66	68	69	67	69	68	67	68	71	69	75	72	71	71	69	75	68	75	71	73	67	72	69	71	66	71	70	70	75	72	75	72	68	66	70	66	68	68	68	69	68	71	67	73	75	68	71	74	71	65	67	67	67	70	66	72	75	73	68	69	69	66	69	71	74	67	67	69	69	72	66	67	71	69	69	74	74	68	70	72	73	67	68	75	72	66	67	68	71	69	74	73	67	65	72	71	70	66	68	70	71	69	67	69	74	68	67	72	67	70	70	67	71	69	66	71	71	70	66	68	73	67	65	71	67	69	69	75	70	72	70	71	66	68	67	67	70	66	71	68	68	73	73	74	73	75	70	66	75	70	73	65	70	74	75	71	68	75	69	69	68	73	69	74	71	70	74	70	71	73	72	72	71	74	67	68	71	68	71	73	66	74	70	74	73	65	67	66	66	68	72	71	70	73	66	72	66	66	67	75	67	65	71	73	67	72	74	74	68	73	72	74	73	73	65	73	66	73	70	67	66	72	73	71	73	66	69	73	67	74	74	70	70	75	71	70	70	74	68	73	67	65	70	73	68	68	70	74	67	74	69	72	74	71	74	69	67	73	73	68	67	70	66	73	72	72	73	74	74	65	70	72	69	72	68	72	65	68	74	67	72	73	74	71	68	74	74	75	70	69	72	67	73	74	73	72	72	67	70	75	73	66	72	67	74	71	68	68	70	69	66	73	73	67	65	72	68	73	72	67	67	75	67	67	73	73	73	73	68	70	74	67	74	66	68	74	73	71	68	74	75	71	72	65	68	67	71	72	73	69	71	68	72	75	74	72	71	68	72	75	73	70	70	73	67	73	71	73	66	66	73	72	67	73	75	71	74	70	73	74	69	74	74	67	66	69	69	74	73	74	74	66	69	70	72	67	69	66	70	70	72	68	67	66	66	69	72	73	70	73	73	73	67	73	72	65	72	70	71	72	72	72	74	67	65	74	72	68	68	73	66	69	68	66	73	67	72	69	70	69	73	69	71	70	73	74	74	69	74	65	73	70	71	75	66	71	75	70	73	65	74	67	74	69	66	70	66	66	65	69	72	67	67	66	75	68	67	65	74	70	71	73	70	73	70	67	72	68	66	66	66	70	72	65	73	70	73	75	66	75	70	71	71	69	70	75	70	73	73	69	70	68	69	71	65	73	71	72	70	69	65	69	68	69	67	68	71	66	68	68	68	65	67	66	74	70	71	68	72	65	69	69	75	67	72	70	68	66	71	73	70	73	72	70	70	70	65	67	67	70	68	67	69	72	73	72	67	74	71	75	68	75	72	74	72	70	71	66	73	67	67	71	74	74	71	69	73	73	71	70	71	71	67	72	68	66	71	68	66	66	73	66	75	68	72	73	67	69	65	68	72	69	74	67	65	73	69	73	68	71	66	67	65	68	70	74	67	69	68	74	69	68	70	75	72	71	70	66	68	73	74	70	70	67	70	66	72	66	70	72	68	73	75	69	71	74	67	65	73	69	66	69	67	72	68	69	71	66	67	69	72	72	72	73	66	67	72	75	71	72	73	74	69	66	71	67	68	67	70	71	71	70	65	68	65	66	73	75	69	74	65	72	74	72	66	73	73	67	68	70	69	66	68	66	75	70	69	67	71	67	68	74	65	69	65	68	70	73
97	100	102	99	103	96	97	101	100	100	97	103	101	96	99	100	99	103	103	104	102	100	100	104	96	98	99	103	101	101	95	97	95	103	99	101	97	96	95	98	97	98	101	98	99	95	98	100	102	100	98	100	103	95	102	98	100	101	100	95	97	101	101	94	97	101	102	102	97	96	96	100	103	96	103	95	96	97	97	101	99	100	99	98	94	103	103	100	100	95	103	94	94	96	100	100	97	102	103	95	101	102	99	103	95	101	100	95	101	102	100	94	101	101	102	102	97	103	102	99	103	94	95	94	100	99	98	96	103	102	97	96	94	99	99	102	101	95	95	101	99	98	96	103	94	97	102	100	97	95	97	94	102	97	104	99	95	96	96	97	101	96	99	97	103	95	97	98	96	98	99	97	102	96	103	95	98	96	95	95	95	96	104	99	97	98	98	101	100	99	100	97	103	101	98	97	104	100	95	101	94	96	103	101	100	104	96	101	102	101	102	103	94	101	96	96	99	102	103	103	97	103	99	96	101	94	103	98	98	101	96	97	98	98	97	96	101	100	99	94	97	96	97	97	96	104	99	98	102	99	95	95	95	96	97	102	99	95	94	99	103	96	98	95	96	104	104	95	96	102	101	102	95	100	100	104	98	102	98	101	97	97	98	100	99	94	103	98	99	95	95	96	97	97	95	101	100	98	94	100	103	102	102	96	104	102	95	100	95	101	95	101	95	97	103	97	104	99	97	103	98	98	101	102	95	96	100	101	101	101	96	94	94	101	95	100	95	94	96	95	98	95	103	97	99	99	101	99	97	104	94	98	100	101	100	95	103	102	98	95	97	100	100	104	102	96	101	97	102	97	95	100	104	95	95	98	102	101	104	102	103	96	100	103	95	96	98	95	101	103	95	99	97	97	94	96	94	100	103	104	99	100	94	103	96	97	98	95	98	102	98	98	94	103	103	98	104	94	97	102	95	95	95	101	100	103	99	103	95	104	96	101	103	102	95	97	100	99	103	97	95	94	102	98	97	103	100	95	96	96	102	99	94	102	102	104	96	103	100	95	103	103	104	104	99	99	101	97	103	102	96	101	104	98	101	96	95	98	97	97	103	98	101	99	95	99	100	98	95	100	100	97	95	96	103	102	96	94	96	98	95	101	101	97	100	99	98	101	98	104	99	102	97	96	101	94	98	98	103	96	104	97	94	97	94	99	102	102	98	98	102	99	94	101	94	100	102	98	95	103	94	98	94	99	103	99	99	97	103	97	96	100	97	96	96	103	96	99	96	101	98	94	99	95	98	98	103	95	94	102	96	98	95	97	100	94	98	96	99	96	96	103	101	94	103	101	102	101	98	95	98	103	96	101	97	97	98	104	95	96	97	94	96	97	94	104	96	97	98	99	99	102	95	99	101	98	96	95	99	102	98	98	101	95	102	103	95	103	103	102	103	100	97	102	101	101	100	97	101	98	94	100	103	97	97	96	102	97	98	95	102	101	100	100	102	98	96	101	98	97	101	99	102	96	102	95	102	101	104	102	97	104	100	97	99	100	99	97	94	103	95	102	98	99	96	97	98	99	95	94	97	99	99	103	98	94	101	94	95	96	98	103	97	103	100	101	96	101	100	99	103	95	100	95	101	96	98	102	99	96	103	95	97	98	101	95	101	97	100	101	103	96	98	97	101	103	99	102	95	97	95	101	101	103	96	100	103	103	101	95	97	96	99	99	103	102	101	98	97	98	102	97	98	99	96	96	95	102	95	95	95	98	95	100	97	99	104	94	100	94	102	101	96	95	96	96	102	97	98	104	98	95	100	97	101	97	95	102	98	99	99	101	101	104	103	102	98	94	104	95	97	97	103	101	103	97	95	104	96	101	96	102	103	96	104	100	98	97	98	95	96	98	94	98	101	95	101	101	99	101	103	97	97	98	95	100	97	103	101	95	97	99	95	97	97	100	101	97	97	97	98	94	98	95	96	100	103	104	103	103	97	95	101	98	102	102	100	100	102	100	102	103	97	97	96	98	103	94	97	101	94	102	98	104	103	104	99	95	96	103	96	95	103	102	96	103	100	95	102	101	96	96	104	101	96	98	95	101	97	103	97	101	98	100	96	97	101	101	98	103	95	100	101	103	96	101	101	101	100	96	102	97	102	100	97	102	100	102	102	94	96	102	103	100	102	102	94	102	99	103	95	100	98	100	94	101	103	97	102	104	101	98	100	102	96	103	98	102	103	97	99	103	96	96	94	95	103	103	98	97	101	102	102	101	97	95	96	95	100	100
67	69	72	64	65	73	70	70	67	68	69	65	68	64	73	70	65	72	70	68	71	73	67	68	64	73	66	68	64	70	69	69	64	66	63	63	71	72	73	64	63	64	72	72	71	65	70	65	69	70	65	70	68	65	65	67	67	72	70	67	67	70	69	70	66	73	67	66	73	69	72	73	64	70	65	71	64	66	67	73	64	69	63	64	65	65	68	68	73	65	68	69	66	73	69	63	64	67	65	63	66	71	73	69	67	70	65	68	66	71	70	72	67	66	64	64	70	70	71	68	64	64	70	72	65	68	68	67	70	65	70	67	63	65	66	66	69	67	65	66	69	64	66	65	73	67	64	69	67	72	64	72	72	67	65	64	70	69	70	69	72	67	72	64	66	69	69	72	67	64	68	66	66	66	67	70	73	72	68	67	70	63	67	69	69	71	72	65	67	73	69	63	70	67	69	69	73	68	68	68	71	69	67	68	71	68	63	73	73	65	67	66	70	68	69	64	72	70	68	65	64	67	68	67	72	68	72	66	66	64	69	64	68	70	71	70	71	69	65	71	66	72	66	71	64	66	65	72	71	73	72	71	68	67	69	69	69	67	70	67	65	70	66	66	70	68	66	69	68	71	64	70	72	70	68	67	71	64	64	65	64	67	64	72	68	63	63	72	66	72	71	72	69	65	73	71	67	66	69	67	66	63	70	70	63	68	71	68	63	73	71	72	65	64	68	66	70	71	64	71	73	66	64	66	67	73	64	70	64	68	72	64	65	63	70	65	63	71	64	71	68	71	64	72	66	67	65	66	70	65	72	70	70	72	66	67	72	72	69	67	66	71	68	64	69	71	65	64	64	64	67	72	70	64	70	71	65	71	66	68	73	70	71	73	72	71	66	68	67	70	71	65	65	69	67	69	70	68	66	64	67	68	70	70	70	65	65	67	64	65	67	69	70	66	69	65	64	67	68	69	69	73	70	63	66	65	70	72	72	70	63	73	66	72	64	65	64	65	64	65	72	70	72	70	69	64	68	68	70	69	64	69	70	71	69	67	73	71	69	69	63	66	67	72	67	70	68	65	66	63	70	65	66	68	68	73	66	72	64	72	72	64	63	66	69	69	66	72	71	72	72	63	70	67	67	69	65	69	66	65	68	64	72	65	67	71	65	65	64	67	71	71	72	69	65	68	71	67	71	70	68	66	72	68	66	67	70	66	73	72	65	63	71	70	70	68	71	67	64	71	70	68	72	68	72	71	67	70	71	68	68	67	69	68	66	69	72	72	72	64	68	69	69	69	66	69	64	73	65	65	64	68	72	64	63	65	72	69	70	64	68	67	70	72	70	68	67	65	70	68	73	72	68	67	64	69	65	69	71	65	68	68	72	72	72	67	65	70	72	63	72	69	67	66	67	64	70	72	64	69	73	66	66	72	65	64	72	68	73	70	72	65	69	64	63	67	73	69	68	66	70	72	67	72	68	64	66	70	64	65	70	67	68	64	71	70	65	68	70	71	65	67	63	64	66	69	71	65	65	67	68	72	66	72	70	70	65	70	66	66	67	64	67	70	69	66	66	68	65	69	66	65	70	64	64	73	68	72	63	71	64	69	72	66	67	64	71	64	67	68	66	65	66	65	67	73	69	71	72	67	65	66	69	67	72	71	64	63	65	65	72	64	69	69	67	71	71	68	63	72	65	64	64	66	72	64	69	67	66	65	65	70	69	68	72	67	72	69	65	71	70	68	72	64	69	67	71	68	71	71	64	65	73	73	71	72	72	69	70	63	65	67	64	73	68	70	67	64	71	72	70	72	63	64	69	65	69	66	64	67	66	71	70	73	69	64	69	64	65	65	71	73	69	65	63	65	70	66	67	70	67	66	72	64	70	65	69	66	67	64	64	66	63	65	63	71	72	71	72	72	73	67	72	67	67	69	64	71	72	65	64	64	66	70	68	69	73	63	64	73	69	66	65	70	64	66	71	64	64	63	67	66	70	70	64	73	63	70	67	66	70	66	70	69	73	70	71	66	66	72	64	67	63	70	64	71	71	72	66	72	67	64	71	69	66	67	72	72	64	67	70	67	66	68	68	71	64	72	67	66	73	71	64	73	65	70	65	64	68	72	68	67	64	63	72	72	72	73	69	72	70	69	69	72	64	70	66	66	72	71	70	69	66	68	63	66	72	68	64	70	73	67	63	69	66	67	66	64	65	64	67	68	68	65	66	70	69	69	73	67	72	70	71	70	66	70	67	70	70	69	66	64	71	72	73	70	73	70	72	73
25	27	31	33	29	25	33	31	28	31	24	26	29	32	27	33	25	30	24	27	30	30	30	29	33	30	29	27	26	26	25	32	26	27	34	32	24	24	27	32	27	31	29	34	26	30	28	28	32	33	25	32	29	30	24	25	29	33	26	33	32	28	29	34	27	34	25	27	27	34	28	27	29	25	25	29	32	33	25	33	33	34	32	29	34	28	32	31	27	34	24	31	34	34	32	28	31	30	25	24	25	30	28	26	24	26	30	31	31	27	29	29	26	29	31	28	32	31	26	32	33	25	28	25	33	24	26	33	30	27	33	34	28	31	30	30	26	32	29	28	33	26	28	28	33	25	26	34	26	28	32	27	32	25	27	33	32	26	33	27	28	31	28	26	24	26	28	28	31	29	33	33	24	33	34	34	25	26	31	30	30	28	25	27	27	27	25	26	25	28	34	27	32	29	29	26	27	29	32	31	26	29	29	32	27	34	33	32	31	26	32	28	31	33	25	30	28	26	25	31	28	30	28	25	31	26	26	32	30	34	29	27	32	32	33	25	27	25	28	29	28	25	28	26	33	32	25	29	33	25	27	33	24	25	25	27	29	31	32	27	31	25	32	27	27	31	27	29	28	29	29	32	32	32	34	25	28	33	29	26	31	25	27	34	27	27	24	25	26	34	28	30	33	32	31	34	28	25	26	24	25	28	28	33	25	24	33	24	32	33	29	25	25	33	27	30	30	33	33	29	24	25	33	33	31	26	26	31	29	34	32	32	31	27	32	30	32	28	27	25	29	28	27	33	32	32	29	32	30	26	31	31	34	31	30	32	25	29	24	26	29	34	32	33	28	31	27	30	26	34	25	31	27	24	28	26	30	29	24	28	30	26	25	32	31	29	25	32	27	32	26	33	24	26	32	29	28	34	34	30	26	29	33	33	33	32	32	25	33	27	28	27	30	29	28	30	30	28	31	31	30	26	27	28	29	26	33	27	29	28	27	28	32	27	31	26	30	28	26	32	27	25	34	26	27	32	33	29	30	31	32	31	29	31	29	26	28	25	33	33	32	29	30	33	26	31	30	28	28	34	28	25	25	28	27	27	25	32	29	27	26	26	26	33	28	26	27	27	25	28	28	33	28	32	30	32	33	31	29	27	29	28	24	29	26	25	28	33	32	27	29	29	24	30	31	31	30	25	28	31	33	27	33	31	27	25	32	31	33	29	27	30	30	32	30	29	30	30	33	28	27	33	30	31	29	31	33	27	31	30	32	25	33	28	28	27	24	33	30	25	32	28	24	28	26	30	29	29	32	30	25	30	29	33	29	29	27	25	27	31	32	31	33	29	27	33	34	28	29	33	34	33	25	32	29	31	29	29	30	34	25	25	25	31	28	31	26	28	34	32	26	29	25	28	33	32	32	24	34	31	26	24	25	27	32	26	26	33	31	29	28	24	34	25	34	30	30	26	25	32	33	24	28	30	29	34	25	25	24	31	28	24	27	33	27	24	33	33	26	30	25	26	29	27	31	29	30	26	34	29	30	31	32	33	29	24	29	29	31	33	29	25	33	31	28	29	33	29	27	29	34	26	33	30	30	29	27	34	28	29	33	28	27	29	28	27	25	32	29	33	30	30	26	30	33	33	31	26	32	33	30	34	27	31	31	27	32	25	27	33	26	25	25	29	28	24	27	29	27	29	31	24	29	34	26	25	27	32	32	28	28	31	32	29	30	26	31	32	27	26	26	29	30	33	33	28	29	32	24	31	25	24	32	31	29	32	26	27	32	28	28	30	30	27	32	24	27	25	34	28	34	33	31	26	33	27	29	25	25	25	29	29	28	24	30	32	26	26	29	32	31	29	34	30	33	25	28	34	31	29	30	25	33	24	31	28	28	27	28	28	30	27	28	28	26	32	30	27	26	26	27	25	25	27	28	32	33	27	33	25	28	32	27	30	28	29	28	27	29	30	28	29	34	27	31	31	26	27	30	29	26	27	29	34	27	27	32	25	28	29	29	32	28	28	32	31	26	31	24	25	31	25	28	30	25	27	29	27	26	34	25	30	29	27	27	33	33	33	26	31	30	24	26	34	25	27	29	33	32	32	26	26	27	29	30	30	32	34	30	28	31	24	29	31	27	28	24	26	33	27	34	27	29	29	27	25	32	27	27	26	29	31	28	27	34	31	28	28	24	24	27	27	33	33	24	26	33	28	28	28	32	26	27	29	29	28	26	24	30	25	29	26	25	32	31	27	26	30	34	26	28	29	26	25	25	24	24	33	33	33
39	38	35	39	38	37	31	30	32	40	34	34	33	32	32	32	34	33	38	37	37	36	37	36	33	34	34	36	40	30	37	36	34	39	40	35	33	35	34	35	35	39	38	38	37	39	33	34	32	35	37	32	34	36	31	38	37	35	33	38	38	36	39	38	37	38	33	39	39	39	40	34	30	33	35	40	38	32	39	36	35	31	34	40	40	38	38	31	35	40	38	32	31	34	34	33	36	31	38	35	31	37	35	32	34	37	36	33	38	33	35	38	31	39	30	38	39	37	32	36	31	30	38	40	38	33	37	32	31	37	31	35	31	32	34	31	37	36	33	36	35	34	37	34	39	38	39	40	32	39	34	37	37	34	38	35	37	39	33	34	31	39	37	30	32	34	33	36	39	39	31	38	32	38	33	30	31	31	40	36	36	34	31	32	38	38	36	36	32	39	33	35	31	31	36	37	37	37	33	39	38	32	37	31	31	37	32	30	39	33	39	31	36	39	35	34	35	37	39	35	33	36	37	37	39	40	39	39	31	40	32	37	36	38	39	32	36	39	38	37	32	31	35	35	39	34	35	37	36	34	37	31	40	38	32	33	39	33	34	36	37	30	36	33	39	38	38	37	40	34	36	34	33	36	33	37	36	30	31	40	37	31	30	35	33	31	31	34	37	40	34	32	30	32	40	36	31	31	35	31	37	36	39	30	39	34	39	34	33	31	31	38	34	36	37	36	32	34	33	35	33	35	39	33	38	37	31	32	37	31	32	38	37	33	35	31	31	39	34	32	30	32	32	30	33	34	32	34	35	33	37	31	39	36	36	33	39	32	35	32	31	33	37	34	37	40	39	30	31	40	31	36	34	36	36	37	31	35	36	35	31	35	35	35	31	35	40	35	37	33	34	34	36	32	34	32	32	30	38	32	37	32	37	37	35	34	39	32	31	37	34	35	34	31	37	37	39	38	37	34	38	34	30	38	34	35	36	33	34	39	39	38	38	37	35	39	37	40	31	30	37	39	37	37	33	31	34	36	34	30	30	31	34	36	39	36	36	31	34	39	39	39	33	35	35	35	33	39	35	36	36	39	35	34	34	30	32	40	40	31	33	33	32	35	34	35	31	36	38	31	35	35	37	32	39	36	36	35	34	40	33	36	36	33	31	31	39	36	36	34	39	39	30	32	38	37	31	35	35	39	36	39	38	34	37	31	38	40	37	30	36	31	38	33	34	37	36	34	32	34	35	33	32	34	35	36	35	34	32	36	32	36	31	37	38	30	33	32	35	37	38	38	37	33	39	31	31	32	32	36	33	31	32	33	35	33	34	32	35	34	31	34	38	35	36	37	38	40	38	30	39	34	31	32	31	31	39	40	35	31	32	33	36	35	38	38	32	32	31	38	31	30	36	35	38	34	34	31	34	37	39	36	32	38	33	31	34	32	32	36	37	39	37	32	30	35	38	36	33	37	34	37	34	38	40	32	31	31	38	34	34	32	33	40	32	37	31	39	35	33	40	34	39	35	33	36	38	40	31	34	35	33	39	36	32	37	31	39	34	39	34	31	30	39	35	36	33	36	37	36	34	31	34	38	33	38	34	38	37	36	36	40	33	35	37	37	36	37	33	38	35	36	32	31	34	39	34	38	35	38	39	32	32	31	40	34	31	39	32	32	31	35	33	35	36	30	37	39	37	33	35	36	39	39	33	38	31	31	31	39	31	32	37	33	32	34	32	32	36	36	30	36	36	36	33	38	38	35	32	39	38	33	32	39	36	40	36	38	32	32	38	31	33	31	39	38	32	37	33	33	38	34	35	31	37	37	30	39	36	33	37	32	35	37	35	39	33	32	31	33	36	34	35	40	37	35	32	39	32	36	37	34	35	39	37	36	40	36	39	39	36	39	35	35	36	33	36	31	40	35	36	38	35	36	33	37	32	38	33	39	36	34	33	36	39	40	32	34	35	33	34	35	33	33	32	31	35	30	35	37	39	40	35	36	37	32	39	31	38	35	36	31	38	32	39	37	32	31	36	38	33	34	30	38	37	40	32	37	31	37	37	33	39	32	36	38	39	32	39	37	33	38	39	35	38	31	36	35	30	35	34	38	31	34	38	34	35	33	31	39	30	39	37	32	32	36	34	36	39	32	36	34	34	33	34	38	30	39	32	35	39	33	37	33	36	36	37	37	39	39	31	37	32	34	32	35	37	31	40	35	36	38	33	33	31	40	38	31	35	38	32	32	35	40	35	40	40	34	38	30	30	33	40	31	31	37	39	38	34	31
50	53	50	55	56	52	51	56	51	50	56	54	52	54	53	53	48	48	51	55	55	54	52	53	48	50	57	48	55	51	51	51	55	48	52	56	56	50	55	52	54	50	52	50	55	55	48	56	57	52	57	50	52	54	49	56	50	52	47	49	56	51	49	50	49	48	55	50	49	55	49	55	53	50	56	49	51	54	57	57	53	54	54	54	56	54	56	47	52	53	55	54	52	47	50	48	55	54	48	56	55	53	53	51	48	54	52	50	48	52	54	50	51	51	50	55	48	53	48	57	48	50	53	54	52	50	55	54	54	55	53	55	51	57	54	56	56	57	54	53	48	48	47	47	49	51	56	49	50	53	48	56	56	53	53	50	53	49	52	56	49	52	51	54	47	50	50	55	55	54	47	50	50	53	56	57	51	55	48	49	55	55	52	53	53	56	56	53	55	55	48	57	57	53	51	54	54	56	51	50	50	53	54	48	50	53	47	53	48	56	48	51	53	52	54	48	50	56	47	52	49	55	56	53	55	51	56	51	53	56	53	49	52	53	56	51	54	53	47	51	57	47	57	56	52	52	52	56	48	52	54	50	56	56	55	49	54	49	55	49	51	56	57	54	51	50	56	56	54	52	54	48	47	49	55	51	54	51	49	51	56	49	54	52	50	57	56	55	52	55	54	51	53	55	51	55	54	53	53	55	51	51	54	50	54	47	48	55	52	48	50	53	52	47	56	49	55	48	47	55	57	56	54	51	53	49	56	49	57	52	49	48	53	52	54	48	49	50	54	48	53	55	48	55	52	49	54	55	53	56	50	50	55	56	52	49	48	49	56	49	51	52	51	49	48	50	52	53	53	48	51	57	56	48	52	53	56	53	54	53	53	54	48	54	49	49	55	56	53	50	51	48	53	48	52	55	52	48	54	54	49	49	51	48	56	50	49	53	47	50	52	55	51	53	53	49	51	47	54	52	57	49	56	51	55	52	51	48	56	55	49	54	53	49	57	55	54	49	53	55	50	55	52	51	48	56	52	48	54	48	48	48	50	50	52	54	55	49	53	52	51	57	53	56	50	49	53	53	48	55	49	49	57	50	53	49	57	49	56	53	54	47	56	52	49	49	49	50	55	51	51	49	50	49	56	55	53	57	52	51	50	48	56	54	54	49	48	51	55	55	54	52	54	54	50	48	54	53	56	49	48	54	53	49	52	48	50	51	49	48	55	47	49	51	53	55	48	55	55	49	51	53	55	53	51	51	50	48	49	56	49	56	51	55	52	56	55	51	50	54	56	51	47	51	51	55	56	51	54	50	53	54	54	47	57	49	52	56	52	52	53	48	50	51	51	52	51	52	52	55	50	50	55	56	55	53	55	56	48	54	54	49	49	51	49	55	49	51	55	49	53	53	52	48	49	51	57	54	55	57	51	48	49	56	52	56	55	50	51	48	56	49	53	55	56	49	48	50	56	52	48	56	50	57	51	48	48	51	49	53	55	51	48	52	55	49	56	53	54	55	50	50	50	53	54	54	57	57	54	52	48	47	49	48	55	57	53	56	48	52	48	49	52	50	48	56	48	50	54	55	50	52	49	55	48	56	49	54	53	54	56	49	55	52	48	54	47	54	57	53	57	51	49	54	49	53	48	54	50	57	53	50	48	54	54	50	55	50	56	48	55	49	55	49	51	51	49	55	56	52	52	53	54	50	50	52	48	54	50	54	48	48	53	56	52	54	50	56	55	54	49	51	53	51	57	48	51	50	49	57	51	48	53	55	50	51	51	48	55	47	57	52	51	47	52	54	55	56	56	48	57	54	53	48	53	57	57	51	51	49	53	52	49	49	55	47	52	53	47	53	51	56	54	49	56	50	56	50	53	50	52	55	56	53	51	51	52	48	48	48	50	54	50	55	56	51	50	52	55	57	56	57	51	56	51	49	54	50	51	57	56	49	49	55	54	49	50	48	54	52	52	55	54	53	54	56	49	49	55	49	50	48	52	47	54	53	50	51	50	47	55	55	47	49	56	49	51	53	53	48	57	52	53	48	49	55	50	52	52	49	55	49	52	52	53	55	55	57	51	52	49	54	55	52	49	52	53	54	48	51	49	51	54	54	52	48	51	50	52	55	53	54	54	53	56	51	57	55	56	49	48	51	50	51	53	52	49	54	55	48	55	51	55	51	50	50	53	47	52	50	51	50	52	57	54	50	51	53	52	50	48	56	47	53	50	48	54	49	54	52	55	54	55	54	51	50	48	56	50	47	47	52	51	54	47	56	57	51	52	52
32	41	33	37	33	38	36	38	35	33	38	34	34	39	32	37	39	37	37	39	40	33	37	34	40	37	37	32	32	36	40	37	37	32	35	39	33	31	40	39	40	36	35	35	35	40	33	39	36	34	35	34	36	38	38	41	36	34	34	38	32	34	33	37	33	41	40	40	33	37	33	41	34	39	35	40	34	38	36	37	41	35	31	37	37	34	32	40	36	34	36	36	35	31	35	37	36	35	40	35	39	40	34	41	40	33	39	37	31	36	38	36	38	35	40	38	32	35	33	35	38	39	40	39	33	38	38	37	39	36	33	38	32	40	41	37	38	34	38	39	40	33	32	34	33	38	37	37	31	32	32	31	37	31	37	40	32	33	34	37	38	39	34	39	37	36	34	33	40	41	41	39	32	32	40	41	32	39	34	33	40	38	37	36	35	33	36	40	38	31	33	33	39	34	36	34	32	38	34	37	37	37	33	39	39	37	36	40	33	40	36	39	34	37	36	40	37	35	31	34	34	36	35	40	32	40	37	40	34	34	36	39	33	37	35	41	40	32	38	39	35	32	36	41	33	38	39	31	36	38	40	34	36	39	34	32	31	36	33	38	33	34	38	32	34	38	35	37	40	33	34	31	33	39	41	36	33	37	38	38	41	38	31	34	38	32	38	40	35	38	35	36	39	33	40	36	37	39	33	33	37	33	32	32	34	33	37	33	35	36	32	35	39	41	33	40	34	32	39	40	38	32	40	32	40	35	34	41	34	40	36	31	38	35	34	40	40	41	33	32	37	34	34	37	33	37	39	32	37	38	35	36	38	35	37	34	35	40	36	39	40	32	37	32	36	36	40	35	39	35	37	34	38	31	35	39	32	35	39	38	39	39	39	39	39	38	34	39	33	34	38	37	41	33	38	38	39	37	33	31	35	35	39	31	32	33	38	40	40	32	35	39	38	34	35	35	33	38	35	35	32	36	34	34	39	33	31	31	36	37	34	41	32	34	33	38	33	34	34	35	38	33	33	37	36	32	40	40	36	34	36	40	35	32	38	35	37	37	34	40	37	31	33	31	34	37	40	37	40	36	40	32	32	40	40	33	32	33	38	39	37	32	32	32	32	37	36	41	35	34	33	36	33	31	35	38	40	40	33	35	33	32	34	41	39	39	35	39	41	36	37	38	34	37	36	39	40	38	35	36	35	38	31	32	33	37	35	38	32	38	36	35	38	37	36	35	33	35	40	39	33	35	40	32	39	37	36	40	32	38	34	32	33	35	35	38	36	33	34	37	32	36	37	37	33	40	32	32	39	38	34	36	32	31	38	36	34	39	39	39	40	37	36	41	33	32	40	41	36	35	35	36	40	39	41	39	40	36	33	33	35	33	40	34	40	38	39	38	37	38	33	39	36	38	34	39	39	34	35	40	34	37	32	40	40	39	32	34	37	38	36	34	39	39	40	37	31	39	32	36	31	31	33	40	36	41	34	39	41	36	38	40	40	39	36	36	38	40	32	37	38	40	35	32	35	33	32	33	31	37	38	36	33	33	34	39	37	35	35	38	34	33	31	36	34	38	40	39	34	40	33	32	41	41	39	32	31	34	36	39	36	40	32	37	41	32	32	31	35	33	39	35	37	34	36	39	34	40	39	33	33	33	33	38	37	40	39	34	34	35	38	40	40	33	36	40	32	34	37	34	40	37	38	37	40	39	32	34	34	32	33	41	31	38	34	37	41	40	32	32	36	39	35	40	33	36	31	38	36	33	31	34	38	39	36	38	38	35	41	36	40	35	31	32	40	37	36	40	32	36	36	38	34	39	34	40	34	36	38	39	33	36	33	37	38	37	37	37	31	31	35	39	39	31	34	38	32	33	34	40	39	31	38	38	31	39	32	39	37	40	38	32	35	40	38	31	33	33	33	40	38	40	35	34	39	37	39	40	40	34	34	34	40	37	36	41	36	36	37	33	36	33	35	34	38	33	36	37	34	33	36	38	32	32	40	32	34	34	34	38	38	33	34	39	32	31	40	40	39	33	39	33	34	40	35	37	37	41	31	37	38	31	39	36	40	37	36	37	38	37	38	37	37	32	37	37	36	33	39	37	36	34	38	33	39	34	38	37	40	41	37	33	40	36	37	36	38	40	39	33	32	37	37	39	40	39	38	36	38	32	38	41	40	34	32	34	31	40	35	38	40	38	33	38	38	33	37	33	36	35	35	34	41	40	35	36	41	31	34	39	41	41	39	31	39	39	34	38	35	31	32	31	36	39	41	32	31	41	37	32
18	17	20	19	15	12	12	18	19	19	17	19	20	17	12	18	18	15	16	11	13	19	21	17	21	20	16	20	17	15	17	18	17	19	18	17	11	20	13	13	19	19	16	16	19	14	18	20	17	14	14	13	17	17	18	14	20	15	19	18	19	16	20	11	17	12	18	18	12	12	21	13	19	17	19	16	15	14	16	18	17	21	20	15	19	11	14	20	21	19	15	15	17	19	20	18	15	19	14	12	20	14	12	14	21	18	19	12	19	14	14	12	16	12	18	18	20	17	16	18	13	15	16	17	11	17	19	17	18	20	17	17	18	13	19	19	13	12	16	18	14	14	20	18	15	19	17	21	17	16	19	13	13	16	16	18	15	20	11	16	17	19	16	16	16	20	20	12	15	19	19	13	12	15	21	19	15	19	16	11	12	17	15	11	13	18	18	19	20	14	20	20	19	16	11	12	15	17	16	16	11	14	15	15	18	18	14	12	14	13	20	12	13	20	18	15	13	13	13	18	19	16	18	19	15	15	20	20	17	16	21	16	11	20	15	12	14	13	15	21	12	13	20	14	19	15	20	16	20	18	19	20	21	18	16	19	14	13	19	13	16	15	16	15	15	14	15	18	16	19	14	20	16	11	19	12	15	17	21	18	16	17	17	21	18	13	18	18	11	15	15	20	12	15	14	13	16	15	12	16	16	13	13	20	20	13	15	20	14	18	20	13	14	11	14	18	14	20	16	13	16	15	11	13	11	15	14	17	13	18	21	20	15	17	18	15	12	21	14	20	16	12	12	21	14	16	17	20	20	13	15	13	17	17	13	21	13	19	12	13	12	20	19	18	20	15	13	12	21	16	13	19	17	18	19	17	16	19	14	21	21	18	18	18	16	20	16	12	13	19	18	19	19	16	20	14	21	19	20	14	19	19	17	11	16	20	21	13	19	17	15	14	15	20	19	19	16	15	14	13	17	20	13	19	17	11	19	11	12	14	18	17	12	18	20	20	17	11	15	12	16	13	19	20	19	15	13	21	14	13	15	17	12	16	19	14	14	13	14	12	12	20	18	14	15	15	18	12	21	16	13	13	13	15	20	17	17	18	13	11	13	19	14	20	13	15	12	16	12	18	17	12	19	21	18	15	11	19	13	13	15	20	13	13	21	17	15	16	15	15	21	20	13	15	19	12	18	13	15	20	21	17	13	21	16	13	20	12	17	17	13	19	18	11	16	12	16	19	20	14	19	17	13	16	13	15	19	13	12	18	17	17	20	19	15	14	12	16	19	18	19	19	20	21	11	13	16	17	17	18	13	18	18	20	12	18	13	17	20	15	20	14	20	13	18	18	21	15	14	12	12	12	21	15	12	18	16	21	11	13	13	17	12	21	12	13	18	21	12	16	17	13	18	16	19	16	15	14	13	17	16	15	12	19	20	14	16	17	15	21	11	12	20	12	19	16	14	18	14	14	20	17	12	21	18	18	20	18	15	12	15	20	16	18	12	21	13	12	12	15	15	11	19	12	18	12	13	16	15	18	21	18	15	17	12	16	19	11	13	20	15	18	11	16	15	12	12	20	21	18	17	12	18	14	20	18	15	13	12	13	17	12	13	18	17	13	12	11	18	13	14	18	16	21	16	13	15	15	13	19	11	19	20	17	11	19	20	11	17	20	21	15	15	21	16	16	19	16	12	20	13	15	16	16	18	19	18	18	21	19	18	18	16	19	13	18	20	11	14	16	13	14	14	21	20	11	15	17	15	15	17	17	12	18	17	18	16	21	21	17	17	13	13	15	11	18	17	18	12	19	12	17	18	15	14	14	16	17	14	18	12	12	19	12	19	19	12	13	19	19	18	16	20	21	13	12	15	15	13	18	14	17	13	21	13	15	16	17	16	20	18	18	16	11	12	19	16	16	18	12	18	11	15	13	17	15	19	19	18	16	19	21	20	20	13	17	13	17	16	20	20	16	21	21	16	15	17	12	20	15	15	11	17	16	21	12	11	14	17	17	18	14	21	16	16	17	20	19	11	17	21	15	12	18	12	20	20	13	12	13	17	12	15	20	21	18	14	17	20	13	16	18	12	18	21	20	11	18	15	14	15	11	16	14	21	19	15	19	13	16	12	21	19	19	14	16	21	18	17	12	14	17	13	19	18	21	15	14	12	13	21	13	13	20	19	17	12	20	12	16	16	12	12	20	20	13	14	14	18	12	13	18	17	18	19	17	19	14	13	16	20	15	20	13	16	15	13	16	17	12	11	21	19	16	14	17	13	15	16	15
51	56	58	52	55	58	55	58	51	52	52	59	53	58	55	56	57	55	51	56	56	57	55	53	59	50	54	53	52	57	59	56	52	58	53	52	55	58	57	54	52	55	55	54	54	50	59	55	53	51	58	56	53	54	57	56	55	50	54	52	52	54	58	53	56	59	50	54	54	54	51	58	53	51	58	52	59	54	58	53	56	53	60	54	52	55	54	53	52	58	59	58	59	53	58	53	54	57	55	58	57	52	58	58	53	52	55	52	58	53	59	52	52	59	53	54	59	60	58	51	60	56	56	57	58	52	54	52	57	58	51	57	60	56	56	50	53	51	55	55	52	50	54	50	59	56	53	57	50	53	51	57	54	58	52	55	60	59	52	52	57	54	55	51	59	60	59	58	55	50	59	59	56	53	52	51	57	53	50	58	55	59	51	57	58	50	55	56	51	52	56	60	53	54	57	51	54	56	56	54	55	59	56	53	59	57	53	58	56	51	52	60	57	50	50	55	51	56	58	59	50	58	57	52	55	54	53	58	50	58	59	53	52	57	53	54	51	53	54	55	52	51	54	55	55	54	52	53	52	51	57	54	56	54	51	59	54	55	58	55	58	50	57	54	57	55	58	57	52	51	58	52	52	50	57	57	55	56	50	51	53	58	58	58	51	55	58	60	59	57	59	53	58	59	53	50	58	52	53	54	53	53	55	51	54	55	56	55	52	58	54	55	55	52	59	54	54	52	51	56	57	54	54	55	56	56	55	60	52	52	51	58	53	59	59	50	53	56	56	58	57	59	53	56	60	59	60	50	59	60	52	59	52	56	58	52	52	57	57	60	59	59	59	59	55	56	53	58	56	52	51	59	53	54	51	53	58	55	54	53	51	56	57	58	54	54	53	53	57	50	55	57	57	59	60	58	60	53	59	51	52	55	55	52	56	57	54	60	51	59	60	53	54	58	55	54	51	57	51	57	50	54	55	56	54	51	50	54	56	59	59	52	52	59	59	58	53	59	51	59	52	56	59	53	53	52	54	55	59	52	55	59	57	59	55	58	60	53	55	57	55	55	55	57	54	53	55	54	51	58	56	54	59	56	52	57	55	52	52	56	51	54	52	51	55	51	54	55	53	56	53	56	53	54	57	51	59	55	50	58	57	55	52	60	57	56	59	53	56	56	51	59	51	53	59	56	51	56	59	59	54	58	52	59	50	55	59	59	52	51	52	54	51	59	56	55	52	51	52	57	55	54	51	51	52	52	52	57	53	59	57	57	52	58	50	51	59	51	58	59	55	52	59	51	52	52	51	53	50	51	53	52	51	56	57	52	56	52	52	53	59	57	60	56	54	58	56	57	51	60	57	59	52	53	56	57	59	57	53	58	60	51	55	56	55	52	59	55	52	51	56	54	50	58	57	58	52	56	53	59	51	55	55	57	52	56	50	57	54	59	51	59	54	51	57	57	57	51	54	59	54	58	55	52	56	57	51	57	56	53	52	53	57	53	55	51	59	53	58	55	52	56	50	52	54	59	50	53	55	58	54	55	57	56	56	58	51	54	56	59	57	60	58	54	54	59	56	53	53	59	55	58	56	57	52	51	57	56	51	50	54	53	53	59	51	54	59	52	59	55	60	57	52	53	51	58	57	55	52	54	59	56	53	52	59	60	55	51	51	57	51	54	57	58	59	56	52	59	57	54	54	56	51	53	50	52	52	59	56	55	59	59	58	51	53	55	56	50	58	52	53	58	52	55	56	56	56	53	60	56	57	56	50	60	50	52	53	54	54	54	54	51	56	52	51	58	52	51	60	51	54	59	57	59	53	55	57	53	52	53	55	56	50	56	54	57	58	60	51	52	60	53	56	56	51	57	55	56	52	53	57	50	53	56	53	60	59	56	59	54	56	60	52	53	55	51	51	59	59	50	52	55	52	58	55	55	56	58	59	51	60	54	56	56	55	57	55	57	53	54	51	50	50	51	53	58	53	53	52	58	59	52	59	56	54	60	56	58	52	52	52	51	54	53	52	58	55	60	56	52	57	53	57	59	54	52	50	50	56	56	54	56	51	55	56	60	51	52	58	57	51	57	55	56	58	58	51	60	60	53	59	54	55	56	53	56	55	55	57	55	59	55	53	50	60	58	51	55	58	56	55	56	51	51	53	50	56	51	52	58	55	58	51	57	53	52	54	55	51	58	50	57	58	51	52	55	58	59	53	50	60	55	55	55	58	51	56	51	57	59	50	59	57	52	57	51	51	59	52	58	56	56	58	53	57	51	57	56	52	54
95	95	103	95	99	99	98	101	94	97	103	96	98	104	103	101	97	95	97	102	102	98	95	95	103	95	97	95	95	95	101	104	101	98	97	96	95	95	99	99	100	97	103	98	103	98	97	97	101	100	96	100	98	102	98	101	101	99	103	96	101	102	97	100	95	99	104	103	97	97	102	94	98	96	98	101	102	99	97	98	101	102	98	97	96	103	100	103	98	96	98	96	96	98	97	95	99	99	96	100	100	97	100	103	96	100	97	98	101	100	95	99	97	103	100	99	95	101	100	98	95	102	100	101	101	101	101	102	98	95	101	94	102	102	98	101	98	103	99	102	101	100	101	101	98	102	97	97	98	95	98	96	95	95	104	98	103	102	94	104	100	101	102	96	99	103	101	104	95	102	95	101	95	101	101	99	103	100	101	95	95	103	99	102	99	100	102	98	103	97	99	100	104	98	101	103	103	98	96	99	102	97	95	95	94	98	98	95	96	100	100	99	97	100	100	95	102	102	97	97	101	102	104	95	104	97	103	98	95	102	103	100	94	95	103	95	97	104	104	101	101	100	94	99	100	103	103	97	96	96	104	98	96	102	98	101	97	100	96	96	95	101	102	96	96	102	97	99	98	96	98	97	97	96	101	101	101	96	96	100	100	96	99	99	102	94	101	98	97	103	95	96	95	95	99	97	95	94	102	102	102	101	98	103	103	101	104	98	99	101	98	103	97	98	96	101	103	95	98	101	102	98	97	100	103	100	97	95	98	96	95	103	97	97	103	95	101	101	98	99	95	102	101	101	96	101	100	102	94	96	103	96	102	97	104	98	101	96	97	102	97	94	95	95	95	98	102	96	100	101	103	97	101	102	95	96	96	103	98	97	104	96	104	102	103	104	94	103	99	99	98	96	103	102	94	97	94	98	104	96	100	98	100	97	102	98	95	100	98	94	102	100	96	99	99	102	100	95	97	104	100	101	100	103	103	94	95	103	103	96	103	95	101	101	98	95	103	96	100	96	101	94	96	95	103	99	96	100	99	102	103	100	101	94	94	100	103	99	99	98	99	96	103	102	99	103	100	101	103	99	103	94	98	103	95	102	102	103	103	97	99	97	102	98	100	95	100	97	103	96	95	101	101	100	97	97	99	98	98	99	100	96	98	99	103	96	98	103	95	95	94	103	94	101	102	99	99	95	95	100	100	102	95	95	95	100	99	101	99	104	101	103	97	101	101	99	99	102	102	100	98	101	96	97	102	101	97	97	102	101	99	102	95	96	103	97	103	100	101	96	100	98	98	103	101	95	96	98	95	101	96	102	95	100	102	101	100	95	95	94	96	94	103	103	101	102	96	95	103	103	100	104	98	98	102	96	104	100	103	102	102	98	104	102	101	96	104	103	103	100	102	96	96	98	99	103	94	103	96	100	95	95	98	101	99	104	103	99	98	95	98	102	102	97	102	97	104	98	101	96	102	95	98	103	103	101	98	102	95	95	103	94	102	102	97	104	102	102	101	103	101	97	96	99	101	103	101	101	96	103	100	95	97	100	103	99	96	99	101	99	99	101	101	95	102	96	100	96	102	95	103	101	97	96	103	97	101	99	95	102	102	102	99	100	99	95	101	103	96	100	100	99	94	95	99	98	94	96	96	102	96	101	99	95	101	102	97	95	97	95	95	98	104	97	100	98	94	98	99	95	100	102	102	98	95	102	104	96	95	104	96	104	101	96	97	97	100	96	99	99	99	100	103	100	102	104	99	102	96	98	96	102	97	95	104	103	101	104	101	99	104	103	102	104	100	97	100	99	95	98	99	102	104	102	97	97	102	96	100	97	99	94	94	103	96	97	103	97	96	101	103	104	102	97	96	103	97	95	98	100	98	95	99	99	103	102	95	99	103	99	99	94	95	95	98	95	104	97	96	101	94	103	101	96	96	97	98	101	100	103	98	100	95	95	95	103	94	95	102	101	100	96	96	96	98	96	98	99	95	98	100	103	96	95	101	101	101	101	99	94	98	102	98	98	101	94	98	97	104	103	102	101	98	100	96	95	95	98	101	100	97	95	103	100	94	95	104	94	95	96	103	99	99	98	103	96	98	101	98	95	95	94	102	96	103	102	98	101	96	98	97	94	101	94	103	97	99	103	99	94	99	100	94	96	100	102	99	95	95	103	100	97	97	96	100	101	98	101	102	101	95	100	99	102	97	95	96	99	101	96	102	94	102	95	99	98	96	96	97	101	102	101	101	98	102	101	99	100	94	98	103	99	102	100	102	96	99	103	100	102
76	76	79	85	76	79	84	83	81	79	85	84	83	78	80	83	77	77	82	84	83	80	85	82	81	79	76	83	79	81	79	80	83	80	77	86	81	78	83	78	83	83	83	83	79	82	76	76	85	77	85	77	84	82	80	80	76	79	76	85	84	83	81	86	80	84	86	79	85	83	78	79	77	86	78	80	81	85	83	81	78	85	81	81	80	78	77	84	79	85	84	81	81	78	86	78	84	81	76	80	81	83	78	83	82	78	78	80	84	84	81	85	80	83	84	81	81	76	86	81	76	79	82	79	85	79	80	76	83	79	84	84	81	79	78	82	79	84	85	79	81	77	84	82	82	80	80	84	81	81	79	79	84	82	83	85	82	79	83	78	86	82	78	77	81	82	79	85	86	76	81	81	78	82	76	78	85	83	76	84	83	84	82	83	80	79	77	86	78	78	84	85	76	79	79	85	76	79	81	77	86	76	86	80	79	84	84	80	81	82	86	82	84	79	83	80	77	79	79	80	79	82	86	84	84	85	85	78	80	86	77	80	79	79	82	78	77	76	79	83	83	84	81	79	76	86	84	79	78	80	77	77	83	84	78	82	77	80	77	84	81	81	77	77	82	78	81	80	81	83	84	82	85	83	81	85	79	78	77	86	80	83	81	85	79	83	83	85	77	81	80	78	78	78	86	82	77	77	81	79	84	82	84	85	76	81	77	85	79	81	79	80	81	81	82	84	82	77	82	76	77	84	79	78	81	79	79	85	77	78	85	77	78	78	79	80	84	81	77	84	78	83	80	79	83	85	84	83	81	76	80	84	81	84	77	79	77	81	84	84	82	76	80	84	83	77	82	80	80	79	85	76	81	76	86	77	80	76	84	76	77	79	84	76	77	83	83	83	81	83	85	78	85	83	81	76	84	82	83	85	85	77	82	81	84	85	76	81	78	78	79	85	80	82	82	80	82	80	85	78	79	76	81	81	82	80	83	85	81	80	77	77	86	83	82	80	80	80	79	77	86	84	78	85	83	84	84	80	80	83	77	79	78	83	78	83	84	85	79	83	76	83	86	82	76	80	82	82	82	77	85	77	85	85	81	83	85	80	84	82	82	77	82	84	85	78	85	78	85	85	83	85	86	85	84	83	76	81	81	83	83	80	82	79	86	82	81	84	82	84	83	81	80	84	81	84	81	78	86	82	82	82	78	80	79	82	76	83	77	80	85	77	77	76	82	85	82	79	77	78	82	76	80	84	81	81	82	84	85	80	82	82	80	80	83	81	81	78	80	84	85	77	79	82	80	77	85	82	82	76	81	83	80	85	77	80	82	83	84	85	83	83	78	79	80	86	83	83	82	84	83	76	80	86	82	83	79	77	81	82	79	85	78	78	82	86	83	86	86	84	76	84	80	83	86	85	77	77	84	86	79	76	83	86	85	78	79	79	78	82	85	82	82	79	81	83	84	81	81	80	80	83	81	85	86	83	82	79	85	83	80	76	84	82	83	85	85	84	85	84	79	84	85	78	83	84	84	79	78	77	82	76	85	82	81	79	80	83	80	84	80	85	79	77	82	78	78	84	85	78	86	78	79	80	81	84	80	80	83	80	78	84	84	83	82	82	82	86	83	82	82	79	77	82	82	78	85	82	77	79	77	81	80	84	78	80	83	77	77	83	83	83	82	77	78	79	82	86	82	80	79	82	85	80	79	79	76	83	80	83	79	81	79	78	82	83	81	77	83	85	84	81	82	79	83	78	84	81	85	83	79	82	85	84	77	83	83	83	77	80	79	77	81	78	82	84	78	76	83	77	77	77	76	86	79	85	76	83	79	83	77	79	81	81	81	80	85	82	79	78	85	77	82	81	78	80	81	77	82	76	83	77	78	81	85	84	76	84	84	77	81	77	78	77	78	80	77	76	79	78	79	77	83	79	77	85	81	77	83	79	77	80	79	83	78	85	84	82	78	77	77	85	78	80	78	76	82	85	79	83	77	78	78	85	81	80	83	77	78	77	81	79	80	82	77	79	83	81	86	84	76	81	80	77	79	80	81	82	77	77	76	81	77	82	76	79	78	81	83	76	85	84	82	81	80	86	84	81	81	86	84	82	77	80	82	80	77	85	76	85	81	81	76	86	79	86	85	83	83	84	78	82	84	77	77	85	78	83	77	84	83	80	85	76	79	84	85	86	84	86	84	80	76	81	82	84	85	79	83	81	80	78	86	81	81	77	84	77	83	80	76	84	84	84	80	79	80	82	79	82	77	78	84	79	81	85	77	81	83	78
12	14	13	15	12	13	16	15	16	14	13	18	16	14	20	16	12	12	17	13	17	16	19	20	19	15	15	19	18	18	16	18	12	17	22	16	16	16	14	21	20	19	20	17	22	14	13	20	19	22	12	16	19	14	17	12	19	16	14	21	17	21	15	17	21	18	18	18	16	14	15	16	17	16	21	17	14	12	17	16	15	13	12	13	15	14	14	17	15	16	17	21	17	15	19	21	18	20	14	19	15	19	22	14	19	20	13	17	16	21	21	15	16	13	22	17	18	18	21	19	17	14	22	21	13	16	16	18	17	14	16	19	15	17	21	13	18	21	19	16	17	13	14	19	18	20	15	21	13	17	19	15	14	17	13	20	15	16	21	18	18	19	15	19	18	15	18	19	17	14	21	18	21	14	16	16	18	17	17	17	13	13	20	21	21	20	15	14	19	16	21	21	17	13	22	17	17	15	22	16	22	15	21	14	16	21	13	20	20	16	19	21	19	14	12	15	15	16	21	20	13	13	20	14	16	17	21	17	19	21	17	22	19	12	17	19	18	13	21	14	21	20	16	22	12	16	15	17	16	16	22	12	14	19	16	16	15	21	20	20	15	12	18	16	18	18	21	13	22	19	17	14	19	13	17	17	17	20	13	15	17	17	20	19	19	17	13	14	21	14	13	16	16	15	17	15	20	21	16	21	15	15	19	16	16	15	22	15	21	20	22	15	18	21	19	13	21	15	19	16	15	15	16	16	18	13	19	19	15	13	15	16	22	13	19	22	18	17	13	17	16	19	12	21	20	16	16	18	18	19	19	14	22	14	13	13	22	16	16	14	12	18	14	17	13	12	22	15	17	14	16	18	20	12	14	13	17	13	14	20	14	15	12	19	18	14	12	21	17	16	12	13	21	15	18	16	14	20	18	20	18	12	14	13	19	17	19	19	15	13	21	14	20	16	17	14	15	19	15	21	18	13	17	19	17	13	15	17	21	20	15	22	17	14	19	20	16	20	18	19	21	19	13	20	17	16	18	19	19	13	17	15	22	20	19	15	20	15	18	15	17	22	22	19	16	17	17	19	15	21	16	15	18	18	12	14	14	21	18	14	14	16	15	17	17	18	16	17	15	22	14	13	16	13	17	20	18	13	17	19	18	21	15	13	15	19	12	13	16	14	20	22	19	21	12	14	14	12	18	20	17	13	19	15	20	14	16	17	21	21	20	13	13	21	17	13	16	17	21	22	12	20	17	21	15	21	16	20	19	12	15	15	15	20	15	22	15	18	13	12	21	21	21	21	19	22	21	16	22	21	18	20	16	17	20	13	14	19	20	19	19	22	14	22	21	16	15	21	22	22	14	19	16	15	20	21	13	18	14	16	16	16	19	22	13	22	17	16	14	14	21	16	21	17	13	13	19	21	14	13	19	16	22	21	15	20	16	21	15	21	19	17	19	19	19	13	17	18	16	16	19	17	19	20	20	14	18	20	20	19	16	16	15	16	13	14	20	19	22	12	17	18	16	19	17	15	16	13	20	19	19	15	13	21	22	20	22	13	12	17	18	22	19	22	14	12	17	21	15	21	16	21	21	12	20	20	18	17	19	19	14	13	18	14	13	20	17	19	19	13	18	13	14	18	21	15	16	13	16	14	14	19	15	21	12	15	16	13	14	20	15	20	14	13	19	13	14	13	13	14	13	15	18	15	12	12	21	14	13	17	20	16	16	13	18	14	15	20	16	20	21	13	18	16	17	21	17	21	14	16	15	16	13	20	20	20	19	21	16	19	16	21	14	13	19	22	19	17	13	17	21	17	12	14	20	19	15	17	19	14	21	19	15	16	19	21	14	13	19	20	19	22	14	14	12	20	17	20	22	18	21	18	21	17	20	22	20	16	12	19	12	16	19	14	19	22	18	15	13	14	15	20	16	18	14	21	21	21	21	15	22	20	15	20	22	19	13	20	15	19	16	22	22	22	18	13	21	20	17	14	13	19	15	17	21	18	20	14	18	17	19	12	20	21	19	16	14	17	18	17	21	14	21	19	22	19	22	16	15	17	15	20	20	12	15	13	16	19	21	16	16	20	18	18	18	12	19	20	14	14	19	14	21	13	17	12	16	16	19	12	14	17	13	18	13	17	19	19	18	19	21	21	17	18	18	15	13	21	16	13	19	18	18	12	12	19	21	21	20	20	21	16	20	18	17	21	17	17	16	18	22	16	20	20	21	14	20	18	16	20	19	18	22	12	13	17	13	15	15	21	22	13	21	12	13	13	12	16	16	15
8	5	9	9	7	6	7	10	4	9	9	12	12	6	7	5	13	5	8	7	3	5	10	13	13	7	5	12	5	8	3	9	9	9	4	5	11	11	11	11	11	4	7	7	13	12	7	12	8	8	6	11	12	3	6	6	11	9	11	11	10	5	4	5	8	4	6	8	4	6	13	12	5	8	5	7	9	11	11	5	6	6	9	6	5	8	9	10	8	10	7	4	12	9	6	10	9	12	7	9	11	5	5	5	8	8	7	11	4	12	5	6	8	5	11	9	3	4	8	10	13	4	8	11	13	11	11	12	11	7	9	11	9	11	4	6	3	6	7	10	9	9	4	3	12	6	9	8	8	9	5	4	7	5	4	7	11	12	10	7	8	10	11	10	11	9	5	10	8	7	12	8	12	13	12	3	9	4	10	10	8	9	3	9	6	10	3	12	3	13	6	3	6	7	5	11	8	9	3	5	8	7	12	12	4	6	11	8	8	7	6	8	9	6	3	11	7	10	4	11	3	10	11	5	11	5	9	9	13	7	9	10	12	3	8	12	3	6	7	5	9	11	10	6	5	12	9	11	9	10	6	6	4	12	10	4	5	6	13	12	12	4	9	5	13	3	8	6	5	11	6	5	4	12	11	10	7	9	5	4	11	11	12	7	12	7	7	12	10	5	8	3	7	8	7	7	10	10	12	10	4	8	4	7	10	12	10	4	10	5	3	7	8	7	13	13	9	12	3	6	13	9	10	10	10	8	12	9	6	7	4	3	8	12	4	7	9	7	6	8	9	7	4	3	6	8	6	3	13	7	5	5	6	9	13	6	12	11	5	6	5	12	5	13	13	10	11	4	8	6	5	5	12	5	6	13	10	11	7	4	8	10	12	12	12	7	12	4	8	5	9	11	4	12	12	13	4	4	4	6	5	10	9	6	6	12	9	13	10	8	8	9	4	13	8	13	4	6	10	7	5	7	12	13	6	11	4	7	8	9	10	5	9	13	9	6	7	8	5	12	8	4	11	7	3	11	3	6	8	5	6	10	13	12	11	7	10	5	11	4	4	10	8	9	8	13	10	4	10	3	10	7	8	11	5	6	5	7	9	8	13	10	8	10	4	7	9	11	9	13	10	4	3	12	8	5	5	6	4	8	7	6	7	4	6	4	12	12	10	10	11	9	7	13	4	11	4	4	10	12	10	8	10	12	8	5	13	6	7	7	5	5	11	12	5	4	7	6	13	11	12	12	8	5	11	10	11	8	6	13	8	12	4	6	11	9	12	4	4	13	4	8	4	13	6	10	11	5	4	6	11	6	9	10	9	5	4	12	9	7	8	9	6	11	5	5	7	9	6	12	8	10	9	5	13	5	9	3	7	8	5	6	12	5	4	4	8	3	10	5	7	8	11	8	7	12	9	10	7	11	6	10	12	12	9	11	7	9	3	10	8	13	5	10	12	8	11	13	3	6	8	8	12	6	6	11	11	10	9	12	10	7	6	9	11	10	4	5	10	6	6	4	12	3	7	7	12	5	8	13	5	6	6	9	10	6	4	7	13	3	6	12	12	12	13	11	11	6	10	6	8	10	7	8	11	7	8	7	8	3	9	8	6	5	4	6	9	4	12	4	6	10	8	10	5	5	8	3	7	8	8	11	3	10	7	12	4	12	7	6	4	7	12	9	8	10	8	5	3	10	9	8	6	6	10	9	8	12	6	5	10	4	13	5	9	3	13	8	6	12	13	12	4	8	12	13	6	4	9	7	9	8	8	3	10	4	9	8	11	10	8	9	8	6	8	4	6	13	11	10	8	12	5	12	5	8	12	11	12	5	12	10	12	6	10	9	12	12	9	7	8	10	5	8	3	11	6	7	3	9	6	11	13	11	12	12	9	4	5	8	5	3	8	9	10	12	8	10	10	12	11	12	10	4	10	9	8	11	4	9	9	12	7	11	7	8	4	11	10	13	7	11	12	13	6	6	11	8	7	7	13	12	6	6	8	8	12	3	6	13	8	10	4	7	7	12	7	6	7	7	11	5	5	13	9	4	11	9	9	5	8	6	4	5	10	6	10	3	4	13	12	9	10	12	10	6	9	6	5	6	8	4	11	6	5	5	5	7	12	11	5	13	4	7	11	4	4	12	7	8	10	11	8	11	10	11	9	6	8	4	4	7	7	12	5	5	11	7	9	12	13	5	12	4	4	8	6	7	6	9	7	5	12	4	8	13	8	4	7	6	9	3	4	12	7	7	12	10	6	12	10	10	4	9	7	8	7	8	8	8
42	46	45	43	42	41	48	47	41	51	51	46	46	48	43	44	48	43	43	46	42	43	46	45	46	42	44	41	48	48	51	50	49	49	45	43	44	42	44	42	45	46	51	48	51	45	49	42	47	42	41	47	42	45	47	42	48	44	46	45	48	43	47	48	51	45	47	43	46	43	50	42	41	46	43	41	47	47	48	42	51	47	50	47	48	45	45	48	46	46	42	46	44	44	49	44	43	50	43	43	50	45	46	47	43	44	44	47	47	50	43	46	43	49	42	43	45	42	46	41	45	46	43	44	43	48	42	48	50	47	50	49	46	44	47	49	42	46	49	49	50	50	46	42	48	41	47	43	48	48	46	48	44	42	48	41	44	47	46	48	51	50	47	49	49	43	45	46	50	50	46	50	42	48	43	43	50	51	45	49	43	50	44	42	44	43	47	46	43	44	51	44	47	47	41	43	43	44	43	43	44	44	44	44	48	47	41	44	48	43	44	49	49	46	44	47	45	49	44	44	48	42	48	49	43	49	47	45	47	51	42	45	43	45	44	50	47	45	42	48	41	45	44	48	50	49	43	43	45	42	48	50	41	43	41	49	44	44	44	48	46	42	44	42	47	46	51	42	42	48	46	50	43	50	48	50	46	44	44	49	46	43	49	46	48	49	48	41	42	45	48	47	44	45	43	47	50	42	47	50	42	50	45	51	46	44	48	45	48	43	48	43	47	49	43	43	45	49	46	44	43	48	42	48	43	47	42	43	49	50	51	48	45	48	51	47	44	49	45	45	50	43	45	45	50	45	41	42	50	51	51	44	44	48	45	50	44	42	47	45	42	47	47	47	43	41	50	48	46	44	44	49	43	47	42	47	48	47	49	46	49	41	51	41	50	50	41	46	49	48	42	46	48	46	50	49	47	48	42	51	43	50	41	45	48	48	46	45	43	45	43	44	48	44	50	48	45	46	43	47	43	42	45	42	49	45	47	46	45	46	43	43	42	50	46	45	49	49	45	45	42	50	51	43	49	48	43	47	45	48	44	45	46	46	42	44	50	46	49	48	46	46	41	46	44	45	48	42	41	50	48	46	46	50	48	48	42	45	43	49	50	50	45	46	44	42	47	43	51	49	49	50	45	41	43	44	45	45	46	44	50	43	43	47	45	44	51	51	51	50	46	43	49	49	41	42	43	43	43	48	41	41	46	43	44	46	49	50	42	43	46	41	43	45	41	46	51	48	44	47	43	45	48	47	48	42	44	45	41	48	50	47	46	44	44	48	44	44	50	49	47	50	45	49	47	47	49	43	47	46	45	46	46	43	44	50	46	45	50	48	51	45	50	48	44	46	42	45	48	43	49	41	48	46	45	49	47	42	50	50	50	43	45	47	43	43	44	46	45	42	50	51	46	42	41	50	47	48	47	48	48	49	50	47	42	48	48	48	50	50	49	42	50	48	45	50	44	46	44	50	50	49	43	48	44	47	44	50	43	41	44	50	47	47	44	42	43	46	48	47	47	50	50	47	51	49	44	43	50	44	42	47	49	42	47	47	50	47	50	50	49	44	50	43	44	50	47	47	46	42	50	50	44	43	44	45	48	46	50	43	51	47	45	43	50	46	51	43	42	45	48	41	46	47	41	44	43	44	44	41	47	45	42	46	44	47	46	43	46	41	44	44	45	49	42	46	47	43	42	41	44	43	46	44	44	48	43	48	47	49	44	45	45	42	43	46	43	50	48	45	44	47	49	50	44	44	41	50	44	46	47	50	51	50	43	45	46	46	45	49	50	51	47	49	43	49	47	44	50	50	48	44	43	51	44	47	47	46	47	47	48	49	45	49	46	41	51	48	43	47	42	51	45	48	44	45	48	42	49	47	45	42	42	49	49	48	42	48	48	43	42	41	50	43	49	45	46	44	51	51	51	43	50	41	50	47	49	44	44	45	44	43	50	45	43	44	48	47	50	47	46	50	45	45	46	44	50	50	43	42	50	50	44	45	49	50	50	41	48	44	44	43	42	47	49	50	48	47	43	42	43	49	47	42	42	50	47	50	50	49	43	46	50	48	48	47	43	49	42	47	48	42	48	50	47	45	42	46	46	50	47	49	50	49	44	43	48	47	45	50	47	45	43	41	47	50	49	49	50	41	49	41	42	46	42	48	42	45	49	46	47	42	50	49	42	48	41	42	51	44	42	48	48	43	47	48	48	48	49	46	49	49	50	45	41	46	43	42	42	43	42	44	42	49	45	45	48	49	50	42	47	51	44	45	45	51	47	47	47	51
64	63	58	57	56	65	62	63	55	56	60	65	61	63	58	61	60	60	58	63	57	65	64	62	61	59	59	56	55	63	64	56	59	57	56	56	59	63	62	62	55	56	59	62	62	63	63	60	57	64	64	57	59	63	56	58	56	64	61	58	61	58	57	55	61	64	59	64	60	63	56	56	60	57	59	60	59	60	58	62	60	59	62	65	59	60	58	60	56	56	57	61	57	64	56	57	59	62	63	59	62	62	57	63	58	63	64	62	63	58	59	57	55	59	55	57	59	60	63	57	59	55	57	60	59	63	64	63	56	65	58	63	65	58	56	63	56	62	58	56	56	62	56	64	63	56	62	63	60	61	55	60	55	56	59	64	60	64	61	55	61	56	58	63	60	63	61	60	59	62	64	59	57	64	56	62	61	56	55	55	63	62	59	64	56	60	57	63	63	57	62	56	63	57	62	61	58	60	63	58	60	56	59	65	60	64	63	61	64	60	62	62	63	59	59	63	58	60	59	64	62	62	55	62	59	63	62	64	64	61	65	60	59	62	58	60	62	63	58	57	57	58	61	64	62	58	55	57	63	65	56	61	55	63	57	58	61	63	55	56	60	64	58	60	64	60	63	59	64	61	61	61	65	59	56	58	57	60	58	63	64	59	65	60	55	65	58	63	57	58	62	64	57	65	64	60	58	61	65	61	60	61	56	64	59	57	61	61	59	59	60	60	62	63	58	56	61	63	63	59	62	59	56	63	62	62	57	63	58	61	56	58	57	65	63	65	57	58	57	56	64	61	60	65	59	58	59	57	56	64	55	60	64	59	59	57	62	60	60	59	56	57	57	58	57	57	56	56	61	57	59	64	59	59	64	62	59	59	61	64	57	59	59	64	58	57	63	60	58	62	58	57	61	57	64	62	61	55	57	63	56	55	62	65	60	63	57	58	64	57	61	60	62	63	58	64	61	64	57	59	59	60	59	56	56	55	57	60	60	63	60	61	61	58	62	57	62	58	59	62	56	61	64	59	58	59	60	63	65	56	55	58	55	58	56	64	62	60	64	62	65	62	56	61	61	64	62	58	57	57	58	64	62	56	60	64	61	61	64	64	58	60	59	56	64	56	57	59	61	64	64	64	55	63	58	56	58	58	55	64	63	57	63	61	64	58	60	61	63	63	59	60	58	58	63	61	57	57	56	56	62	62	59	57	62	58	61	63	60	60	60	57	60	64	60	62	60	58	64	61	62	60	64	58	56	63	59	63	59	63	57	55	60	60	62	56	59	60	63	62	61	61	59	58	60	63	63	61	63	59	57	62	57	60	60	60	65	59	58	62	63	62	63	57	64	57	59	55	64	58	57	56	58	58	60	60	61	59	59	64	63	57	60	61	65	62	63	64	58	56	59	64	61	64	64	56	56	60	56	59	61	59	64	62	60	61	61	60	65	58	57	61	59	60	56	55	60	63	64	59	60	61	65	64	65	59	63	62	56	63	62	58	59	64	59	62	61	55	62	64	56	62	59	56	64	59	57	60	56	62	58	60	56	65	57	57	61	58	55	58	56	65	60	59	57	56	56	60	64	61	64	63	58	58	60	61	56	56	60	61	62	64	58	62	57	60	60	56	57	56	62	63	59	63	60	61	62	55	57	64	62	56	56	61	55	55	55	65	56	63	60	59	64	63	64	61	65	59	63	63	63	56	64	65	56	62	59	62	62	59	61	58	60	61	64	55	56	55	58	58	62	58	65	61	58	63	62	61	63	63	65	61	63	56	56	61	57	57	56	58	59	60	60	59	59	65	57	55	58	60	57	62	59	57	63	64	62	55	56	55	58	62	57	60	64	60	64	59	64	55	63	56	60	58	64	62	59	63	58	64	56	64	58	55	62	61	60	63	65	57	57	56	59	60	58	59	59	64	62	55	62	64	64	59	62	65	64	55	57	58	64	60	61	61	61	56	63	59	57	64	64	59	63	64	59	56	62	57	55	58	55	61	60	59	58	64	61	63	59	62	61	60	60	58	62	61	55	60	64	65	57	64	58	61	58	60	64	57	65	60	56	62	56	56	64	62	56	59	56	64	62	63	62	61	58	58	64	57	58	55	59	57	58	58	56	59	62	60	63	56	60	60	58	57	56	61	65	64	64	62	56	61	65	61	55	59	61	59	57	61	61	63	55	56	56	61	57	59	61	57	65	62	62	55	60	57	61	58	62	57	62	61	63	55	61	56	59	64	62	65	65	59	63	65	60	57	60	56	59	63	61	64	58	56	62	56	63	63	60	61
64	68	68	70	62	66	61	67	64	62	68	64	66	70	70	66	63	68	65	63	62	62	66	67	62	64	69	70	63	63	67	62	70	68	70	66	70	69	65	64	67	68	63	63	66	66	65	70	65	68	66	61	68	63	70	67	61	64	68	62	67	68	69	66	70	68	61	65	61	68	67	71	65	69	69	63	71	67	65	65	67	70	66	62	62	69	62	62	68	71	65	65	62	63	64	69	63	65	62	69	71	70	62	66	61	63	70	70	64	66	63	62	66	68	71	63	66	67	70	65	64	63	67	61	65	66	68	63	70	67	67	64	67	68	62	69	64	68	65	70	68	63	67	64	68	67	64	71	70	66	62	71	69	65	61	68	68	68	63	70	71	66	69	71	64	62	71	63	69	61	68	62	68	63	67	63	67	62	67	68	61	65	63	63	70	70	61	61	65	62	65	67	67	70	62	69	70	71	66	63	62	66	68	67	68	70	71	69	68	68	66	70	67	63	66	65	66	62	67	61	63	64	69	69	70	69	63	70	68	64	63	66	65	61	68	63	64	69	68	66	64	61	66	63	64	69	63	64	61	64	64	67	70	67	67	67	71	66	62	63	69	70	61	66	61	65	67	63	71	71	68	71	68	66	67	69	65	62	70	63	63	65	69	62	61	65	69	69	69	67	62	62	65	64	69	62	65	62	63	62	65	64	64	71	61	70	62	69	65	68	63	65	71	67	66	64	71	67	64	62	67	68	69	70	64	62	65	66	64	64	66	68	69	61	65	63	68	65	63	69	68	66	67	71	64	62	66	68	66	62	66	67	67	61	64	61	66	63	67	69	69	67	64	68	64	62	69	63	66	63	66	70	69	63	71	68	62	66	63	61	65	62	70	69	69	65	71	65	63	66	71	63	69	70	62	68	63	63	64	66	67	66	62	66	68	64	66	65	62	68	64	64	65	69	67	64	65	64	69	70	71	64	69	69	66	62	67	69	63	71	66	65	67	70	67	68	65	65	63	70	68	65	69	69	65	70	66	62	68	64	63	69	70	65	67	67	71	71	68	68	67	63	63	67	69	62	61	68	64	67	63	70	69	70	64	69	61	66	69	65	65	63	71	65	68	61	68	67	66	70	67	70	61	69	69	62	71	67	61	67	61	63	65	68	62	64	68	71	68	62	63	68	68	62	64	68	71	63	66	69	66	68	61	66	64	69	70	69	71	62	70	66	62	66	63	64	62	67	65	68	67	69	63	70	70	64	68	66	68	67	61	69	71	63	62	70	68	70	67	68	64	64	65	63	66	63	66	69	68	65	71	71	64	63	61	64	67	65	62	65	70	61	70	67	61	63	71	67	65	62	69	69	70	68	67	70	62	61	66	70	66	63	67	65	67	62	66	69	65	69	66	71	70	64	61	66	64	61	68	63	67	65	70	71	63	64	63	67	62	63	64	66	64	64	63	63	68	69	68	71	66	62	70	69	71	63	67	69	67	69	66	63	63	67	69	62	65	66	61	64	64	69	64	67	71	67	68	66	71	62	62	64	66	67	64	63	61	63	65	68	63	63	69	65	66	66	62	66	67	64	66	65	61	64	67	66	68	71	66	70	62	71	70	64	71	69	63	65	64	69	64	71	65	67	69	64	64	68	64	70	64	64	65	64	67	70	64	67	66	61	63	67	67	64	67	69	71	64	66	70	63	69	63	68	62	63	63	67	67	70	69	71	67	64	67	63	62	68	68	66	71	71	62	61	66	70	69	62	66	62	67	69	69	65	68	61	67	67	67	61	69	63	62	63	65	67	62	63	61	66	70	69	66	65	65	65	70	70	62	62	66	63	63	61	63	63	64	69	67	71	65	66	62	68	63	62	70	70	62	69	62	66	66	62	62	61	62	62	64	68	70	70	69	64	70	65	69	69	61	68	63	69	61	64	65	66	68	70	68	70	64	69	69	62	70	68	69	70	63	63	64	65	70	69	66	65	64	68	65	63	66	68	69	62	62	61	63	63	70	66	69	67	64	69	64	67	70	64	67	69	65	69	68	64	70	66	70	70	65	67	62	62	68	71	64	69	67	65	61	63	64	67	62	64	70	63	71	61	71	65	68	62	66	63	71	68	67	63	64	63	70	66	62	68	69	64	65	71	66	66	61	64	61	69	66	70	67	70	64	66	62	63	69	63	63	68	62	68	69	67	63	66	63	61	64	63	70	65	65	66	65	66	64	67	63	63	63	70	65	67	61	63	63	71	64	64	68	64	69	65	65	67	70	69	69	70	62	62	67	62
8	9	11	13	14	10	10	11	7	6	10	11	7	13	6	11	13	9	13	14	11	12	9	8	6	10	6	5	8	15	12	7	11	11	11	13	6	11	8	8	11	7	11	8	13	13	15	15	8	8	15	12	9	7	14	5	15	11	9	10	7	10	8	7	9	9	11	7	8	7	13	13	8	14	11	12	11	14	11	9	14	6	14	14	7	9	12	10	14	6	9	14	15	12	8	8	6	7	13	14	5	6	10	8	5	7	13	5	11	9	13	11	7	6	13	15	13	10	12	6	10	7	14	14	7	9	7	6	11	8	14	8	10	5	13	15	15	8	12	6	6	5	13	12	8	14	10	13	13	9	12	13	14	11	9	13	11	5	11	13	9	11	13	12	6	10	7	11	13	11	10	14	12	8	15	12	11	13	13	14	13	13	6	7	12	11	14	8	6	7	7	13	7	6	15	11	5	9	6	10	14	10	12	13	9	9	5	10	10	6	7	12	15	6	11	5	6	7	14	6	7	9	10	12	8	7	15	14	9	7	6	12	7	11	7	7	8	11	10	12	14	8	12	6	10	12	13	7	6	11	15	14	6	10	9	8	9	13	6	13	14	14	8	7	9	15	12	8	11	9	12	10	8	6	13	11	11	11	9	13	11	7	10	11	15	8	13	11	10	12	12	9	13	6	7	13	8	12	11	6	11	8	8	8	13	7	13	6	6	14	9	6	9	13	6	9	10	12	10	10	11	9	6	14	12	11	13	6	14	14	5	15	13	11	14	7	7	10	9	8	6	6	5	6	14	10	8	11	10	13	7	8	14	10	8	11	13	12	12	11	10	5	6	14	7	12	11	13	7	13	12	10	6	10	14	7	15	14	11	7	11	13	9	8	6	8	6	9	9	11	9	9	9	13	7	10	13	12	10	10	10	7	6	14	8	13	6	6	10	14	6	11	11	6	15	5	9	13	8	14	10	6	6	6	8	7	8	15	10	14	13	11	9	7	8	13	5	7	12	15	7	14	15	8	12	11	12	7	6	14	12	13	14	14	8	7	6	12	8	9	6	8	10	14	9	10	15	14	9	6	8	7	14	6	6	12	10	13	9	6	6	12	9	13	12	10	11	14	14	8	12	11	6	13	11	6	6	12	10	15	9	8	9	13	11	13	8	15	7	6	15	12	11	10	9	7	11	10	6	11	10	10	14	12	6	6	13	5	5	5	6	9	8	11	8	5	12	10	8	14	13	11	6	15	14	15	11	7	7	14	15	7	9	6	11	7	13	10	10	8	15	13	7	6	15	9	5	15	7	14	9	8	6	14	9	6	10	11	12	15	13	7	14	12	9	9	6	9	6	14	9	14	9	7	13	12	15	6	7	11	14	11	12	13	15	10	14	9	13	9	14	14	10	7	5	5	6	12	7	11	7	7	10	13	7	7	9	11	12	6	6	7	9	14	6	10	10	10	10	8	8	7	12	14	10	11	5	10	10	10	14	10	11	9	8	14	15	14	6	9	15	9	13	13	15	10	14	14	10	8	10	5	10	9	9	10	11	11	9	12	6	5	9	8	12	13	8	9	8	15	8	8	15	11	12	13	13	11	13	9	8	5	11	13	13	6	9	9	12	11	8	9	10	9	10	7	5	7	9	5	12	15	13	5	12	9	11	9	10	10	12	10	12	8	5	13	9	11	6	10	14	13	12	6	14	7	8	11	10	10	9	5	12	12	8	12	13	6	10	13	10	11	7	6	14	6	13	5	6	6	15	5	6	11	8	9	9	6	7	6	6	11	14	13	12	15	10	13	7	7	10	14	7	9	6	8	7	11	8	13	10	12	10	5	5	6	9	13	10	7	14	9	11	5	15	6	13	14	11	5	14	7	7	14	8	14	11	9	14	9	14	8	11	14	10	8	10	14	12	10	14	11	10	15	12	11	14	14	12	7	11	12	14	15	9	8	13	6	15	6	15	12	6	14	8	13	15	7	6	11	8	7	15	14	14	11	7	9	7	8	13	11	11	13	13	9	12	6	6	7	10	6	8	8	7	8	13	7	13	5	7	12	10	13	5	12	11	13	9	9	5	7	10	9	11	13	14	14	11	14	15	8	8	7	14	12	7	11	11	13	7	11	7	13	15	10	10	14	10	8	11	9	11	14	11	8	8	5	14	10	14	12	6	13	15	15	15	5	14	9	13	11	12	6	10	9	6	10	13	11	12	14	12	13	11	11	13	11	8	13	11	9	14	6	10	13	12	12	11	5	12	13	14	14	12	11	6	6	10	7
70	67	64	63	67	70	70	63	63	65	65	71	67	70	62	65	68	72	71	71	63	69	71	63	62	69	68	68	69	70	64	64	71	67	67	68	71	69	64	70	63	70	62	63	64	66	69	69	71	69	68	64	66	64	72	65	69	62	70	66	64	69	68	71	64	71	66	64	68	66	63	72	67	69	70	67	63	67	70	72	71	68	64	65	64	63	68	71	70	65	67	68	71	72	69	72	68	67	68	69	65	63	65	67	70	64	63	67	64	66	67	65	65	68	62	70	71	69	62	64	66	68	64	65	63	63	68	65	71	69	66	68	63	66	67	64	70	69	69	67	71	71	71	62	66	63	64	67	63	65	66	71	64	63	67	63	63	66	70	69	64	66	71	71	69	65	68	66	66	65	67	67	68	69	64	63	64	64	69	70	63	67	72	68	62	68	70	65	63	62	70	63	70	64	64	66	69	71	71	71	62	66	66	71	65	65	71	71	70	68	69	68	66	70	67	67	66	63	68	69	69	67	64	64	67	71	70	62	69	69	65	65	71	67	64	68	70	66	71	67	64	69	68	66	72	62	70	69	70	64	71	69	67	63	66	67	65	67	68	71	66	65	70	63	63	66	68	69	68	69	68	67	66	62	70	63	63	63	67	70	67	64	63	64	66	71	72	63	64	62	63	69	63	62	71	66	72	63	67	69	66	68	64	69	63	64	72	65	62	68	71	71	68	66	71	71	71	68	66	66	69	65	65	68	72	63	70	63	65	64	65	71	62	64	69	66	71	65	71	71	67	68	66	66	62	63	72	64	67	67	70	68	69	67	72	65	69	63	62	71	70	72	67	66	72	67	62	67	65	69	69	66	65	68	71	69	70	65	70	72	69	64	63	65	64	71	65	66	66	65	65	63	68	68	64	69	71	63	68	67	70	70	71	65	69	71	67	68	64	69	63	64	70	67	68	64	66	66	67	69	66	62	70	68	67	67	71	64	67	72	66	67	70	69	67	71	68	69	72	69	68	65	68	64	67	63	67	67	63	71	65	63	69	69	69	68	71	67	64	66	64	72	65	64	71	70	69	63	69	70	68	63	69	66	66	70	71	62	64	67	68	69	70	64	67	65	70	66	70	70	70	65	68	69	64	62	68	70	70	69	63	64	71	71	70	66	69	64	69	64	69	67	71	68	65	68	65	68	65	72	62	69	65	68	66	66	64	71	71	67	67	70	65	70	71	65	71	66	68	63	69	68	62	65	68	66	72	63	64	66	65	69	69	71	64	67	69	67	70	68	72	69	67	69	71	62	66	65	70	72	65	64	65	63	62	72	69	65	66	69	69	70	68	72	65	66	69	63	72	72	62	71	65	67	63	64	65	66	69	70	63	64	65	68	71	71	63	65	69	63	66	67	71	71	68	71	69	66	71	72	71	68	63	70	63	65	66	69	65	65	71	66	67	71	68	63	69	66	66	68	63	63	67	67	69	69	64	62	67	65	70	68	65	62	66	67	71	65	64	67	70	67	66	68	72	68	64	62	70	69	69	63	65	71	68	71	68	71	65	66	69	69	63	71	63	68	69	70	67	71	64	62	71	68	71	69	66	65	70	69	67	65	64	71	72	69	68	68	70	70	68	72	67	71	66	71	69	65	68	63	65	63	68	70	67	63	71	71	69	65	66	66	64	63	67	63	65	68	70	69	69	66	72	66	69	70	62	68	71	64	69	65	67	65	68	68	66	65	70	69	65	68	63	70	71	68	70	66	65	62	71	71	62	69	70	71	71	72	72	65	66	63	70	63	64	63	71	70	62	64	72	65	65	69	65	69	72	69	66	63	68	64	72	70	64	63	70	63	66	69	65	64	70	64	71	70	63	67	67	64	67	67	70	67	67	65	64	64	70	70	63	67	63	63	63	66	64	63	64	64	69	64	68	65	70	67	68	72	65	65	70	69	68	71	68	71	69	65	70	70	70	66	64	70	71	63	64	71	64	63	62	63	70	69	67	68	72	70	69	66	65	70	65	65	62	65	70	71	67	63	64	64	67	64	66	66	66	65	71	68	71	71	65	69	64	69	62	66	71	62	63	67	64	68	66	71	63	71	63	66	71	66	70	66	72	68	72	64	69	69	63	68	64	62	71	70	67	63	67	72	72	64	68	64	64	70	65	65	69	72	71	71	71	70	67	67	64	71	63	72	70	69	71	63	62	72	69	72	69	70	65	63	66	64	66	67	65	66	66	69	66	64	69	63	66	66	69	69	62	63	72	62	64	66	67	65	65	66	67	71
46	46	43	51	44	49	49	44	43	50	46	46	52	50	46	44	46	46	52	46	46	50	45	51	44	46	49	52	44	50	43	49	48	44	49	42	50	46	45	46	43	49	50	50	48	44	45	45	46	45	49	43	49	50	50	43	51	45	51	49	44	44	44	46	47	51	45	49	49	48	49	45	43	52	51	44	46	45	49	44	52	44	52	45	43	44	49	42	48	50	42	44	49	42	52	49	48	46	48	47	44	47	49	43	46	50	42	50	43	45	42	44	47	50	47	50	44	49	49	43	49	44	51	44	43	46	47	46	49	44	51	50	42	48	43	46	42	42	51	46	46	51	48	45	43	51	49	46	49	46	44	42	44	44	50	46	51	47	52	45	44	50	46	43	47	45	49	44	49	51	45	50	43	47	46	46	46	52	49	46	44	47	51	45	50	52	44	44	44	44	50	52	48	43	50	44	44	48	51	44	43	49	50	42	46	45	47	52	43	50	46	48	51	44	44	42	49	44	48	44	52	46	46	43	43	44	44	42	51	51	49	48	46	51	46	50	52	45	44	46	45	43	51	43	49	45	44	49	44	51	47	50	50	48	50	48	50	47	47	42	52	44	51	46	49	50	51	48	51	44	45	47	42	47	48	50	51	45	52	43	48	43	49	44	52	44	45	46	44	46	47	50	44	44	46	48	51	52	46	45	47	46	44	44	42	49	48	47	48	47	50	51	46	47	52	48	42	47	50	43	52	51	51	43	50	48	47	51	46	48	46	50	44	52	46	44	43	45	43	43	46	50	46	50	49	45	45	47	51	45	44	51	48	51	47	48	46	52	50	49	45	43	47	44	50	47	45	46	50	42	46	51	46	52	45	43	51	48	48	44	48	44	50	48	44	44	45	50	51	51	44	44	50	47	46	47	48	45	45	44	49	49	46	47	50	43	49	52	44	50	42	50	51	47	48	49	50	52	49	42	46	44	45	42	48	45	44	43	43	49	45	48	43	46	42	46	44	46	46	49	42	50	46	51	42	44	46	43	47	43	43	42	49	49	44	50	49	49	44	49	49	42	46	44	50	46	44	43	52	47	49	44	43	49	44	46	52	44	46	47	49	52	48	47	52	49	50	46	48	44	48	43	47	47	46	46	42	48	49	51	51	42	46	45	44	43	48	46	51	46	50	48	44	45	43	45	50	45	48	51	46	46	49	44	49	48	50	46	48	50	44	43	45	45	49	49	52	48	46	50	51	42	50	45	49	47	45	43	50	42	46	51	49	50	45	52	47	48	48	45	50	51	45	44	43	51	52	51	42	43	50	43	44	49	52	48	51	51	44	46	42	48	51	44	52	43	44	44	50	51	48	46	48	49	50	44	45	46	46	50	42	43	51	44	46	46	47	44	45	45	52	45	46	47	48	44	51	47	49	50	46	47	50	50	46	50	43	52	44	49	51	43	42	51	47	48	51	50	49	44	47	44	43	47	47	49	46	49	51	45	51	48	47	51	50	43	42	44	43	51	48	52	50	50	43	52	44	48	52	45	45	49	45	47	43	44	48	42	47	49	50	51	51	46	50	49	49	49	48	48	49	50	47	44	48	52	50	44	49	47	47	50	43	46	45	48	51	50	49	47	43	50	43	43	51	48	43	43	48	50	49	46	48	52	46	51	45	46	43	43	50	45	52	47	49	44	45	43	48	49	48	46	45	45	49	48	49	44	51	43	45	46	43	44	47	47	49	46	43	52	50	44	44	51	49	46	42	50	49	49	45	44	50	47	51	43	51	46	47	48	50	49	50	47	47	50	49	49	48	50	45	46	48	48	52	42	43	45	44	44	43	46	49	50	46	46	47	43	47	43	45	44	48	43	49	47	51	43	50	48	44	47	45	44	48	48	48	45	49	43	50	46	44	49	45	49	43	45	50	50	50	48	42	43	45	47	47	43	50	52	46	48	52	51	43	45	43	42	45	49	43	46	43	48	43	50	48	47	50	48	50	49	45	47	50	50	50	46	48	46	49	48	43	51	47	51	43	47	43	52	47	50	52	45	49	43	47	51	48	49	43	48	44	50	51	46	50	48	45	48	48	46	43	48	46	49	46	46	52	47	44	45	47	47	50	47	47	49	45	50	50	48	49	48	47	44	42	48	48	44	49	48	50	48	43	51	46	52	48	50	43	51	46	52	51	45	51	49	43	45	47	49	50	46	50	49	48	48	44	46	50	45	47	42	47	47	50	44	48	44	44	45	51	50	44	43	44	48	47	50	44	43	47	49	42	45	50	49	50	49
41	34	35	35	36	33	42	41	35	35	39	39	41	38	37	34	40	32	35	41	34	38	34	40	37	41	40	36	38	33	37	38	42	39	40	38	38	38	40	37	38	41	41	37	35	38	41	36	40	39	32	39	41	38	41	34	33	40	36	35	35	39	33	40	33	41	42	34	41	36	40	41	39	36	40	37	33	35	35	41	36	36	33	33	42	36	36	39	32	36	37	33	34	36	40	34	36	33	36	41	38	33	39	39	41	41	32	35	39	38	33	38	35	40	42	35	38	38	41	35	41	34	37	42	40	34	37	38	35	36	39	33	35	34	37	39	42	41	33	39	35	40	33	34	32	39	38	41	40	36	32	36	36	40	38	35	37	38	38	35	36	42	35	40	42	33	41	32	39	41	41	38	39	34	40	36	36	36	37	32	38	42	38	37	35	38	32	34	41	33	37	37	38	36	42	39	35	40	34	33	38	39	36	41	39	41	34	40	38	32	35	35	40	37	40	40	35	35	38	38	33	34	36	38	40	40	37	35	38	38	35	35	32	36	35	36	36	33	39	41	41	37	39	42	34	37	38	37	40	39	42	40	41	34	36	39	38	40	40	38	41	37	35	34	33	40	41	41	35	33	40	42	37	39	37	41	38	41	42	41	41	41	42	36	37	35	34	41	32	33	36	39	32	41	34	34	34	36	41	37	38	40	40	35	38	40	37	34	38	39	39	40	38	34	39	34	37	41	41	40	33	34	35	36	35	39	40	37	33	42	32	33	39	32	38	40	40	36	36	42	35	33	37	40	37	38	37	37	32	41	41	37	36	41	32	41	37	35	33	34	42	41	39	36	33	32	33	33	41	40	39	33	34	41	39	37	34	40	39	40	37	41	32	33	39	34	40	41	38	33	39	35	32	33	35	34	35	39	37	36	34	40	35	38	35	35	33	34	32	39	33	34	37	37	39	37	39	40	39	38	41	40	35	37	35	36	37	40	33	40	38	32	39	41	32	32	38	40	33	37	41	37	35	34	37	40	32	34	35	34	41	39	35	39	38	35	39	34	36	37	38	37	34	35	40	39	40	38	33	33	40	35	38	35	34	33	36	36	36	38	33	41	36	37	39	38	37	34	37	38	40	34	41	41	33	37	39	32	37	38	37	33	40	37	34	38	33	41	34	39	35	37	39	33	39	38	35	36	35	39	33	37	41	35	36	33	40	36	35	35	35	37	34	33	35	40	35	40	40	39	34	40	41	37	39	39	33	32	37	37	36	34	36	35	34	39	37	36	38	33	38	40	36	35	33	35	33	36	37	32	35	35	35	34	39	34	39	36	39	32	38	35	38	42	37	39	32	32	32	35	40	34	34	35	34	33	37	37	41	35	41	36	38	39	41	34	40	41	36	33	37	41	39	39	41	41	34	40	37	41	36	33	40	35	38	37	38	32	34	38	38	39	41	38	34	37	42	35	33	34	37	39	37	40	39	32	37	40	34	36	39	38	40	41	41	35	37	37	38	38	39	39	37	40	33	39	37	40	37	39	36	37	37	39	37	34	32	34	41	35	34	36	32	35	35	40	39	37	39	41	35	39	36	40	37	38	39	33	36	33	40	40	42	40	34	36	36	32	37	38	35	33	40	36	39	36	36	41	39	40	33	37	35	33	39	33	35	37	41	40	42	36	40	42	41	41	39	36	36	34	34	40	33	35	39	33	37	36	35	35	42	41	38	33	36	37	36	36	37	33	39	36	39	36	36	38	33	41	35	35	32	34	36	39	38	39	39	34	35	34	33	37	36	41	37	32	41	33	41	33	39	36	42	33	41	41	41	35	36	40	38	40	36	35	32	34	34	37	35	34	37	36	36	41	40	38	36	33	40	40	39	33	36	32	36	39	37	37	37	39	35	33	39	41	35	41	38	38	37	37	40	33	33	36	37	39	39	33	41	32	33	33	39	41	41	38	41	32	40	38	41	40	36	36	39	34	36	41	37	39	38	36	41	38	40	35	34	34	35	41	32	33	41	33	35	36	35	34	35	33	40	39	39	41	41	39	37	36	36	32	41	36	41	41	35	35	38	33	35	36	34	42	37	38	34	33	33	35	35	39	41	39	38	35	33	35	32	32	39	34	33	34	36	34	38	39	35	33	32	36	37	40	36	38	35	33	40	39	36	32	40	42	41	42	38	38	40	39	38	37	35	35	40	38	38	39	33	39	36	36	37	37	32	41	37	33	38	41	40	37	39	40	39	38	35	39	40	37	37	41	34	33	38	40	33	36	42	41	35	35
84	85	88	90	85	88	87	84	88	88	84	90	87	86	84	91	88	86	88	92	86	83	91	89	84	86	85	85	86	87	84	89	93	92	85	90	92	89	86	92	91	91	87	89	90	87	85	86	83	87	89	90	87	83	90	89	85	91	85	86	86	84	91	93	93	86	89	84	90	85	84	92	84	86	93	84	92	93	91	90	91	85	83	84	83	91	88	90	93	85	85	93	88	86	85	89	87	92	85	89	85	85	85	86	88	86	91	93	91	89	88	92	91	90	86	85	89	87	84	89	92	91	87	91	92	88	85	93	90	87	92	87	87	84	87	90	92	88	87	87	85	85	90	92	83	93	90	88	84	88	89	89	90	92	87	90	86	91	90	84	87	88	84	90	85	89	93	89	91	84	90	89	90	88	86	86	91	84	84	86	93	91	83	93	83	85	92	87	85	83	92	89	89	88	85	86	92	84	89	88	93	85	92	92	93	85	91	86	83	91	85	84	85	86	87	88	89	88	92	87	83	88	92	90	90	84	91	93	89	86	88	86	90	88	92	87	84	85	86	86	90	91	83	92	91	84	90	88	86	85	90	85	86	92	93	85	85	88	89	87	92	88	91	90	93	83	88	88	89	92	87	92	91	93	89	89	90	90	87	88	84	87	86	92	90	93	90	91	91	83	92	85	88	91	93	88	84	93	89	91	92	88	92	90	93	85	88	90	84	86	92	87	85	86	93	92	93	90	87	92	90	89	87	85	93	87	93	83	93	86	89	86	89	86	88	85	92	85	89	88	88	83	86	86	93	91	84	89	83	84	89	89	90	91	87	85	85	86	85	91	93	85	89	91	93	85	87	90	88	92	87	90	85	86	92	85	89	87	89	85	83	86	86	84	86	83	88	90	92	90	93	87	91	90	92	89	85	88	88	86	91	86	84	89	86	91	88	84	89	93	86	88	84	89	84	84	83	92	86	90	90	87	86	87	86	90	91	91	90	86	87	91	90	90	90	86	92	90	85	92	84	88	87	85	86	88	92	91	85	92	87	90	84	85	91	89	83	92	91	89	91	92	86	85	85	93	84	87	89	88	87	89	83	88	88	88	90	86	87	83	89	88	87	86	86	86	88	90	93	84	91	91	87	92	87	91	86	84	86	90	85	92	89	89	86	93	85	86	92	86	84	92	89	87	90	83	86	86	84	90	88	92	85	88	92	91	87	85	87	93	86	86	91	91	85	84	91	93	86	90	87	92	85	89	87	91	92	85	90	93	92	91	93	86	92	92	86	88	87	87	88	85	92	85	84	86	85	83	92	88	89	92	87	92	87	92	86	87	88	85	85	90	87	90	88	84	86	84	84	92	85	86	90	92	91	86	88	90	91	84	93	84	87	85	88	92	91	85	86	92	88	92	91	87	84	85	91	85	84	87	90	89	87	88	90	83	86	89	88	88	83	93	88	84	90	92	85	88	92	83	93	86	85	88	89	86	91	93	93	89	89	88	87	93	85	90	89	85	92	86	85	84	90	89	84	92	89	84	86	89	92	83	85	86	88	91	83	90	90	90	88	92	91	90	91	87	91	85	90	90	91	84	89	86	88	93	90	91	92	92	91	90	92	84	84	93	88	88	89	83	88	87	89	89	84	91	91	88	92	92	87	91	93	91	90	85	92	90	86	88	86	85	84	92	92	86	90	83	85	89	90	84	87	86	90	88	84	88	88	90	83	88	88	84	92	89	83	88	87	87	93	93	85	89	85	85	89	86	88	92	84	87	90	90	86	91	86	92	92	84	88	87	88	85	85	91	91	89	85	92	86	87	91	88	86	91	86	92	92	93	85	87	90	86	89	86	84	90	87	86	88	84	92	83	89	89	86	90	89	90	91	89	92	89	93	93	85	83	90	92	92	93	88	84	90	93	88	83	84	85	88	86	92	87	84	86	84	84	91	86	90	92	84	92	88	86	92	83	92	86	84	84	85	84	88	89	92	88	84	88	92	88	88	84	93	85	87	90	84	91	89	85	93	85	83	92	90	93	85	85	93	93	85	86	90	92	88	92	84	89	86	92	87	90	88	91	90	87	85	88	86	91	91	83	85	93	86	92	88	87	86	85	85	89	91	88	92	92	93	92	88	92	88	87	84	87	89	86	89	91	88	93	93	87	84	90	88	88	93	89	85	84	91	87	93	83	91	87	86	92	89	90	89	92	91	89	83	86	84	87	87	88	89	90	93	93	92	88	91	83	90	90	85	86	85	91	85	87	90	88	93	87	84	85	86	85	88	89	89	84
64	58	60	65	57	62	62	57	59	56	65	58	65	64	56	65	58	64	59	57	60	62	56	60	61	66	65	65	61	58	64	63	62	60	65	61	65	58	66	57	59	64	57	62	65	56	65	64	64	62	64	61	62	60	59	62	61	64	58	61	65	61	57	65	64	58	61	64	57	60	58	63	63	64	60	63	66	58	62	56	60	61	59	65	63	59	57	60	65	65	60	65	59	62	57	65	56	57	58	63	57	65	63	58	56	62	60	59	63	63	61	63	56	58	64	63	66	58	66	59	57	61	63	65	57	63	61	62	57	60	62	65	58	61	63	56	61	63	65	60	65	64	62	59	62	65	65	57	58	59	56	58	62	62	59	65	66	59	61	62	60	57	58	64	61	62	65	58	58	60	63	61	60	62	62	58	57	58	64	65	61	61	62	60	61	65	62	63	61	63	63	61	61	64	57	59	57	59	61	59	59	60	65	62	61	62	58	65	61	57	65	59	61	65	63	60	63	58	56	65	56	61	63	59	62	62	61	61	61	66	59	62	61	65	60	66	64	64	60	62	57	59	60	60	60	64	58	59	60	60	66	65	62	57	58	63	60	60	62	61	62	62	62	58	65	57	63	57	57	57	65	62	60	58	57	59	60	58	60	66	63	66	56	60	64	64	64	60	65	66	60	61	59	62	63	63	63	64	66	64	57	59	59	65	57	60	59	63	61	64	59	64	59	58	62	58	57	58	58	62	58	57	63	60	65	64	58	58	61	63	63	60	66	57	59	61	64	58	61	59	62	66	60	57	62	60	60	62	61	58	56	65	63	62	58	59	62	56	58	58	64	57	62	64	58	64	62	57	64	56	64	60	60	61	65	62	65	61	59	65	63	64	57	57	66	60	57	63	63	61	58	64	58	61	63	63	64	58	64	65	59	61	60	64	58	59	61	56	56	59	61	58	64	60	65	63	66	64	66	64	65	59	63	64	58	57	62	56	66	62	61	56	64	58	57	57	63	58	57	62	60	66	62	61	57	63	58	59	66	62	62	60	62	57	57	58	64	58	61	61	58	63	59	57	58	63	62	59	59	57	59	57	58	64	62	61	57	63	60	61	62	62	64	62	56	60	57	63	63	57	61	60	63	58	58	60	60	66	63	66	65	56	60	58	58	65	62	65	58	61	56	65	57	62	58	61	65	66	58	58	65	64	57	65	59	65	64	65	59	65	60	58	62	59	63	65	58	58	63	58	64	62	60	63	64	65	65	60	57	63	57	62	58	61	65	56	59	61	57	60	65	56	64	65	56	63	58	60	63	57	57	62	57	61	62	61	62	58	56	65	63	58	63	66	61	64	56	57	64	60	65	63	65	59	66	59	63	63	64	60	64	66	62	59	61	60	64	58	59	61	60	60	65	60	62	65	63	64	58	59	59	58	62	62	59	56	57	59	63	65	59	62	62	60	64	59	57	56	65	58	61	64	61	64	65	61	60	59	64	62	65	61	58	58	61	58	58	56	60	58	59	63	58	62	62	58	61	59	57	64	57	63	60	56	61	58	58	59	63	58	58	56	61	65	63	61	62	57	58	59	57	58	62	61	63	60	65	65	60	63	56	63	63	65	63	61	59	64	60	62	64	57	59	64	59	60	57	56	59	65	60	56	65	58	59	64	65	65	59	59	64	64	65	63	60	63	58	60	64	58	63	59	64	65	63	64	59	61	60	65	58	65	59	62	63	62	60	60	65	62	60	64	62	64	57	59	58	59	56	65	62	63	63	64	57	59	65	63	64	56	62	61	58	62	66	60	60	62	66	58	63	64	58	63	63	57	62	61	64	61	57	64	63	63	61	63	62	61	60	64	57	62	64	59	58	57	63	59	63	62	56	63	60	58	59	63	58	59	65	61	62	65	65	63	64	61	60	64	64	63	63	63	64	64	63	61	61	60	58	60	58	65	62	63	62	59	64	64	56	65	62	61	61	63	61	62	58	62	61	62	63	63	65	61	56	63	62	60	61	61	62	66	64	64	65	60	57	58	59	59	64	58	63	64	64	63	59	65	60	59	63	62	63	65	61	63	63	56	63	60	57	61	65	60	60	58	58	63	63	58	60	59	57	61	62	59	57	59	61	65	62	61	58	59	61	60	64	64	57	62	64	62	64	59	59	62	58	63	57	64	57	61	61	64	56	64	60	62	64	57	63	56	61	57	65	63	60	62	66	59	58	56	65	61	57	57	58	59	65	58	63	57	61	64	59	58	61	59	60	57	60	60	64	59	59	57	65	63	58	64
99	95	97	100	97	102	102	100	95	97	97	92	97	92	93	99	100	99	100	100	98	96	96	98	99	96	101	96	92	94	93	92	100	97	95	99	99	99	92	93	97	96	100	93	93	97	100	95	96	95	96	98	99	99	98	99	93	92	97	100	101	98	100	96	94	94	99	98	101	101	97	98	102	94	92	101	93	95	99	99	94	97	97	98	96	101	93	96	97	100	94	98	93	100	93	93	96	96	100	96	93	97	100	101	94	99	92	94	97	95	99	100	98	94	100	101	97	100	94	99	96	95	99	93	99	98	94	96	99	98	98	100	100	93	93	92	96	100	102	97	99	96	101	95	100	99	97	101	95	98	97	94	96	98	100	95	92	99	92	96	96	97	100	95	93	101	96	101	94	98	102	93	94	96	95	96	96	102	97	96	99	99	100	102	97	100	96	99	94	98	102	101	93	102	94	96	94	97	92	94	92	94	101	100	98	100	101	94	96	102	94	100	100	99	101	102	96	95	94	94	98	98	99	97	98	96	98	97	99	100	96	100	100	101	93	97	93	92	95	100	99	96	94	96	99	101	94	93	98	98	100	95	96	96	99	97	96	97	95	101	95	92	100	92	94	99	99	94	101	96	94	94	96	94	95	97	96	100	97	99	102	99	97	99	93	100	94	94	100	95	95	96	97	95	94	92	102	96	101	102	99	99	100	100	100	97	99	100	96	95	94	100	99	100	97	97	95	96	94	95	100	99	95	101	99	101	94	95	100	93	101	94	101	93	92	98	100	96	97	101	97	102	92	95	96	100	96	95	98	98	96	94	95	95	95	100	96	100	98	94	93	101	101	100	97	92	95	94	100	94	94	98	100	92	97	97	97	101	96	93	93	94	100	97	99	97	101	97	95	94	96	98	101	96	98	94	100	93	99	99	95	99	93	95	94	95	94	97	97	93	98	101	98	95	100	94	94	94	93	98	93	94	93	93	92	97	100	102	94	97	100	100	96	100	101	94	98	96	96	93	101	93	98	92	93	95	94	97	93	94	93	95	100	98	93	98	92	97	95	96	97	94	99	98	97	102	92	94	97	94	97	101	98	95	92	98	100	92	99	98	101	95	101	100	101	101	102	93	96	94	93	99	94	95	98	94	95	99	96	97	101	98	94	100	94	101	100	99	96	102	99	98	97	95	96	94	100	95	94	96	97	96	99	102	95	98	102	94	99	93	94	95	102	101	96	100	100	93	100	97	102	102	102	102	100	101	102	100	101	92	93	98	97	99	93	98	101	101	96	101	92	98	98	92	101	99	96	96	94	96	96	97	92	99	95	98	101	95	99	95	101	98	95	98	102	97	98	93	97	100	100	98	93	102	100	96	96	96	98	98	97	95	94	96	95	98	97	99	100	95	93	94	100	94	96	102	95	98	102	96	93	101	93	93	94	102	93	94	94	100	98	98	100	99	101	99	100	100	98	92	102	99	100	100	97	95	99	94	101	102	97	98	98	98	97	94	101	102	93	99	95	98	97	96	93	95	98	93	95	95	99	98	100	98	96	97	93	93	96	100	97	101	97	98	101	98	97	100	94	102	95	94	94	93	102	101	100	96	95	92	102	97	97	102	101	99	96	100	101	99	94	101	100	95	101	100	95	102	98	96	93	95	92	92	100	93	92	98	97	97	98	94	102	94	95	96	99	98	95	93	101	97	99	97	98	92	100	98	101	97	94	99	97	98	97	101	95	93	93	97	93	100	95	93	97	92	101	96	95	99	93	92	97	99	100	102	98	95	95	99	99	93	97	101	98	102	92	94	99	96	93	95	97	100	96	93	95	95	95	102	93	100	96	94	99	93	95	95	99	93	97	98	94	93	93	99	100	95	99	102	94	94	98	94	93	98	99	96	98	93	97	93	100	100	101	102	95	94	92	100	99	99	94	96	94	95	99	98	100	95	97	97	102	98	99	97	99	102	100	92	98	92	99	98	95	101	101	99	96	98	98	100	99	95	101	97	92	96	101	94	101	100	92	102	100	97	100	92	93	97	99	96	98	98	97	101	97	94	99	96	101	100	93	100	100	93	100	98	101	101	92	96	100	101	92	100	98	102	96	95	99	101	99	100	95	95	93	93	98	100	99	96	100	98	93	95	92	100	95	100	92	94	93	96	93	95	101	93	98	96	95	101	93	101	98	95	97	97	99	92	100	93	92	97	99	97	100	94	99	99	98	95	96	93	102	98	93	94	92	99	100	100	98	98	100	96	93	101	95	94	96	94	98	97	94	99	99	98	96	101
19	21	17	17	14	13	17	20	20	17	20	21	15	12	19	19	19	15	22	12	22	16	20	15	17	21	21	21	16	18	14	21	14	14	17	20	15	18	16	14	20	19	16	19	14	19	15	13	13	21	17	13	16	21	17	16	20	13	18	22	16	13	20	15	21	14	21	18	17	21	19	19	18	21	20	17	22	15	14	13	15	16	14	12	14	14	12	15	13	21	15	20	18	16	18	21	18	21	20	16	16	21	15	21	15	19	17	20	16	17	18	17	14	18	21	19	12	22	20	18	16	16	20	19	15	19	13	18	20	14	18	21	21	17	21	14	21	15	15	13	12	20	17	15	17	17	19	20	22	14	20	16	16	21	20	20	22	16	17	21	15	18	18	12	18	18	19	19	13	19	20	17	14	13	17	13	13	13	20	20	19	16	15	14	16	14	13	21	21	15	18	21	21	16	19	19	18	20	22	19	16	17	21	14	14	15	15	20	13	14	18	20	20	21	16	16	21	21	21	14	14	21	18	17	15	21	16	13	14	17	20	13	19	19	18	15	18	19	18	17	14	12	13	14	12	17	20	14	16	19	18	13	12	13	15	20	17	13	19	21	15	17	16	19	19	12	15	16	19	13	12	19	18	17	14	14	13	18	13	20	20	22	20	18	21	18	16	21	16	18	13	19	12	18	15	17	15	15	15	19	13	15	12	13	21	13	19	20	14	18	20	13	18	13	20	22	13	19	21	20	21	16	20	22	15	18	12	16	18	16	14	16	16	13	19	19	15	20	17	15	18	16	20	17	18	22	13	13	15	13	14	13	15	18	15	12	19	20	17	14	14	13	14	21	16	18	20	18	19	20	21	19	13	15	14	19	16	16	22	19	16	13	19	19	12	15	21	22	14	16	21	13	22	15	18	14	22	20	14	19	21	13	18	14	19	14	17	19	20	20	16	18	14	21	18	14	22	18	18	20	14	21	20	20	15	18	14	15	18	16	21	14	17	13	22	18	15	13	15	18	20	22	13	17	12	18	18	22	20	20	18	13	21	13	15	21	17	13	17	14	15	21	21	21	13	16	19	17	17	13	16	18	15	17	14	19	16	17	20	12	15	15	20	14	15	19	17	13	21	16	14	21	13	16	21	20	19	13	15	12	21	20	14	16	17	16	20	17	20	16	17	12	22	17	13	19	13	15	12	13	21	19	15	12	14	16	17	16	18	15	15	15	15	15	13	13	17	17	13	20	13	19	13	18	14	14	17	19	15	14	12	15	12	19	15	21	13	21	12	18	22	17	19	18	15	13	14	21	14	18	16	19	21	16	17	20	15	22	15	21	17	20	13	16	16	16	14	15	17	18	21	14	20	19	16	13	15	19	14	16	15	20	14	17	14	16	16	18	15	18	19	16	21	22	17	14	17	19	18	12	14	19	16	18	18	16	15	17	19	19	16	20	20	14	14	21	20	21	14	13	15	18	21	12	15	17	17	14	21	19	13	15	16	15	13	12	17	16	17	22	17	20	20	14	17	22	17	21	13	14	18	17	16	15	20	21	13	14	18	12	17	13	17	21	21	21	14	20	13	19	16	14	19	17	18	16	15	17	17	17	15	17	17	15	16	16	17	15	18	15	22	22	17	20	21	12	17	19	21	20	14	21	14	14	17	16	21	21	15	17	12	21	21	16	18	21	14	14	17	17	20	13	19	19	20	16	13	12	15	15	18	13	16	13	14	21	17	18	16	16	20	14	12	16	13	16	22	16	19	13	20	17	18	14	15	21	19	20	18	22	16	20	14	22	12	17	13	16	13	17	21	19	22	21	13	15	18	20	13	13	20	14	20	19	21	20	18	18	12	16	18	16	19	18	15	20	14	19	12	18	22	19	14	16	21	12	12	18	15	19	15	14	18	13	19	12	16	20	13	13	19	22	13	15	13	20	21	20	18	15	18	19	17	15	15	14	14	14	17	20	21	22	14	21	15	16	19	15	13	12	14	20	15	20	14	22	18	21	20	16	17	13	21	18	15	19	12	14	22	13	20	18	15	12	17	21	19	13	13	20	13	15	18	13	20	20	20	22	14	17	14	16	17	19	17	18	15	12	16	15	20	15	13	20	12	18	22	22	22	12	22	20	17	13	12	18	14	17	13	19	15	15	20	14	19	16	18	17	19	19	14	18	14	17	14	20	13	20	15	17	20	16	21	13	18	16	13	17	21	12	20	21	19	22	19	18	21	15	18	18	18	17	13	13	21	18	16	14	20	18	13	13	15	18	16	21	14	15	18	20
59	63	57	64	62	63	63	58	57	64	56	58	64	62	58	58	60	56	63	57	54	63	58	57	54	64	57	54	61	55	59	55	60	63	59	60	55	62	58	57	62	56	60	57	57	64	64	63	64	55	56	56	63	63	59	64	64	63	60	59	58	58	59	57	59	62	56	60	61	60	60	58	54	58	56	59	64	58	62	59	63	55	55	57	56	64	56	58	59	64	59	57	64	60	62	55	60	55	60	55	60	58	58	58	57	56	61	63	61	62	60	64	62	55	64	63	61	58	63	59	61	56	55	61	59	56	59	60	61	55	62	60	60	58	61	64	57	57	58	63	56	58	56	62	60	63	59	63	57	60	59	64	55	58	56	61	59	58	59	61	57	57	60	63	61	61	56	63	57	58	62	62	57	58	55	63	58	54	62	60	60	61	58	61	57	61	62	55	57	57	55	63	62	62	59	62	54	63	62	58	58	61	64	59	63	59	60	62	63	58	55	56	54	54	60	58	58	63	55	61	60	64	58	54	56	54	60	59	62	59	59	58	57	57	64	61	60	60	59	63	56	62	62	54	60	61	55	54	62	55	58	57	64	58	55	61	57	61	60	58	56	60	59	63	61	64	56	57	60	54	60	64	55	58	60	58	59	62	55	61	54	60	62	58	61	55	58	59	59	61	58	59	54	60	62	62	64	62	60	56	63	63	56	64	56	61	56	63	58	63	60	58	57	58	57	56	56	58	59	57	60	62	62	58	54	60	62	56	56	57	58	55	59	58	58	63	59	56	60	57	57	60	59	62	60	60	60	62	57	62	57	57	58	64	57	57	55	56	60	63	58	60	58	54	63	62	55	56	64	63	55	62	55	56	56	55	61	62	58	58	64	55	59	59	55	59	56	63	59	58	62	59	55	63	55	63	62	55	57	62	64	62	59	56	60	58	60	60	62	63	56	62	59	62	64	63	54	60	56	55	54	62	56	62	59	64	60	59	59	63	55	57	54	62	59	55	55	58	57	57	61	56	61	55	62	56	58	63	58	54	55	64	59	60	59	58	59	59	63	60	58	64	55	58	63	64	60	58	63	59	57	55	61	62	64	57	57	60	57	56	61	60	62	57	55	63	60	62	58	63	62	55	61	61	62	59	64	57	54	58	59	64	61	55	60	56	57	62	63	59	61	60	59	58	59	57	57	57	61	58	64	58	61	62	60	54	55	56	54	60	58	56	62	59	62	61	63	56	57	62	54	56	63	64	54	63	60	55	55	63	56	59	58	58	60	63	54	57	63	55	61	55	55	63	56	62	59	62	61	63	56	55	55	60	60	54	62	63	59	54	60	61	57	60	54	56	64	64	61	64	63	61	57	64	60	63	60	59	62	59	58	56	54	55	63	60	61	54	61	54	63	58	58	58	58	61	62	63	58	58	63	59	61	54	56	59	57	61	54	63	56	56	64	57	55	56	57	58	61	61	58	59	60	57	55	61	56	58	59	55	63	63	59	55	59	64	56	55	64	62	62	62	56	55	63	59	56	62	55	55	64	61	56	63	64	56	56	55	56	60	56	57	63	63	55	56	63	57	55	55	62	60	63	56	59	57	55	56	58	56	55	64	54	55	57	55	64	54	55	62	64	56	59	64	63	57	55	60	59	62	56	61	63	57	61	55	60	59	60	63	57	64	57	55	55	55	58	57	58	54	62	62	63	61	61	62	56	62	62	59	56	64	61	60	59	63	56	63	57	56	58	59	60	59	62	56	62	56	55	63	60	62	64	62	56	55	58	57	55	57	56	56	57	56	63	61	56	59	60	60	54	56	55	61	63	57	56	64	56	63	59	60	61	59	55	55	57	56	59	61	63	55	57	59	61	57	63	54	63	58	62	64	57	55	55	58	58	63	62	58	55	59	59	54	57	57	58	56	63	62	56	59	60	61	57	64	63	63	59	64	61	59	56	59	55	57	56	63	58	61	54	54	58	61	58	59	59	55	58	61	56	57	64	61	56	57	63	56	64	59	57	59	59	54	58	61	64	60	55	54	60	60	55	61	56	61	57	60	58	57	55	56	58	61	59	60	61	60	62	57	63	55	56	62	57	54	61	55	57	56	58	56	59	62	61	55	62	55	56	57	61	55	58	54	62	59	61	60	57	63	55	55	60	58	62	60	59	60	58	61	56	63	57	61	58	61	60	63	61	58	59	59	62	58	61	61	62	54	58	58	62	54	57	64	60	63	55	58	55	64	56	60	63	64	60	64	57	62	59	63	57	59	60	61	55	59	61	59	56	56
28	31	25	28	27	28	31	31	26	27	25	30	33	29	30	24	32	27	34	25	27	34	25	29	32	25	27	30	33	29	26	32	29	25	31	34	31	26	32	24	26	29	29	27	30	32	26	31	33	26	28	27	32	28	27	31	29	25	31	29	24	27	24	30	33	31	27	31	28	28	30	25	28	30	29	33	30	30	29	29	28	31	30	30	26	30	26	24	30	27	27	25	25	25	26	24	24	33	31	32	27	30	31	32	32	32	29	34	28	31	30	27	24	27	24	34	25	34	25	27	33	26	30	29	29	26	27	33	30	32	32	32	25	30	25	30	29	30	29	27	32	34	34	30	34	33	34	32	34	32	28	31	32	30	34	25	25	33	25	29	26	24	27	24	33	26	33	30	33	32	29	31	27	27	26	33	31	32	34	24	25	33	31	25	33	31	25	31	31	32	28	31	26	33	27	34	29	33	27	25	28	27	31	26	32	30	31	31	25	31	25	28	32	31	30	30	29	26	32	31	33	29	24	34	34	32	34	30	29	29	30	29	25	25	28	32	33	27	30	28	29	33	25	27	29	30	25	31	29	30	28	32	26	26	31	32	30	29	26	32	25	30	31	27	32	24	29	33	33	33	33	25	33	29	32	28	31	34	33	27	30	30	29	25	24	26	32	31	27	32	34	31	31	27	25	31	26	30	31	31	33	32	28	30	28	29	31	33	27	24	30	25	28	32	32	30	25	33	33	29	26	34	29	30	33	27	26	34	25	29	27	29	25	27	26	27	27	34	30	30	26	25	26	32	32	25	31	32	26	33	34	27	30	27	27	28	30	32	26	32	29	32	30	30	27	30	31	31	33	31	28	25	31	33	26	25	31	29	27	26	31	30	31	30	30	31	31	25	33	31	28	31	28	34	30	24	26	26	28	24	33	28	31	30	26	34	28	25	34	34	28	32	25	28	24	30	28	32	28	24	26	30	32	27	29	24	29	25	31	32	34	26	24	30	34	25	26	26	27	30	25	25	29	27	31	33	28	33	31	25	31	29	30	27	33	25	26	25	29	26	32	32	31	25	33	32	32	34	28	31	24	29	27	30	29	33	30	34	28	34	26	32	26	32	29	29	25	28	33	26	27	26	33	28	28	28	25	30	24	33	28	25	29	33	24	27	29	25	28	30	32	28	32	32	29	34	26	31	25	27	25	27	26	32	29	29	29	32	28	26	25	27	32	32	26	24	32	27	30	31	31	27	27	32	31	25	27	31	32	28	30	28	27	31	29	30	25	33	33	29	26	32	30	30	27	29	26	28	25	30	26	24	34	32	29	28	26	27	31	26	27	30	30	25	34	25	30	29	24	25	29	25	33	31	34	33	30	32	28	25	30	29	34	30	28	27	30	33	32	25	28	26	28	25	30	33	28	29	29	29	32	31	30	27	33	31	31	25	32	33	28	30	29	26	26	31	32	30	33	34	25	33	33	28	26	31	28	28	27	34	31	34	29	31	30	30	28	28	25	34	32	24	31	26	28	31	33	25	29	31	25	26	30	29	29	28	28	27	31	33	33	31	25	32	27	33	26	30	24	33	31	28	33	24	25	30	31	28	25	27	28	26	31	29	30	31	31	27	30	25	31	26	31	33	31	32	27	28	30	26	32	33	25	27	24	28	33	31	27	27	30	26	30	26	28	32	25	34	25	29	25	25	31	33	28	26	31	28	33	26	27	32	27	32	25	32	32	27	33	26	30	29	29	27	31	25	32	32	31	29	33	25	27	27	24	31	32	26	30	26	31	32	30	29	28	28	34	29	31	27	32	31	27	27	29	31	28	28	33	30	27	32	27	25	30	32	25	32	30	33	27	26	32	27	29	30	34	28	28	34	31	33	28	34	26	29	31	29	26	32	34	32	31	25	31	25	34	28	25	27	31	33	32	29	34	28	31	25	31	28	32	24	27	31	33	29	30	28	30	30	25	24	28	28	30	24	33	29	28	29	32	29	31	34	31	28	31	29	28	26	25	31	31	33	29	31	27	30	26	25	33	28	34	34	25	28	34	25	31	32	30	24	34	30	28	30	30	25	27	27	28	24	26	32	33	26	27	27	27	28	30	31	26	34	30	26	34	33	31	32	26	28	28	32	30	28	27	25	32	26	26	32	32	30	27	31	32	33	27	32	25	24	31	27	32	32	33	26	34	30	30	26	27	28	30	30	31	30	25	34	30	28	29	25	32	27	32	26	29	31	33	30	27	28	29	32	34	27	26	25	34	26	34	33	31	27	29	32	25	25
93	89	92	97	88	90	93	95	97	88	87	90	97	96	92	97	90	90	89	88	93	92	95	89	91	94	91	94	89	93	88	93	97	94	96	90	93	95	96	89	93	88	91	95	91	95	87	92	94	96	93	96	92	95	91	95	94	87	96	94	94	91	88	93	92	91	91	88	95	89	93	93	95	88	89	95	88	92	88	88	92	91	96	92	97	93	91	92	91	95	93	97	93	90	96	93	93	96	93	94	89	93	91	88	95	97	94	94	88	92	90	89	94	89	94	91	95	89	91	91	87	90	89	90	88	88	96	94	92	88	93	91	87	92	96	96	88	96	94	94	97	89	89	89	92	90	87	97	90	95	96	96	92	90	93	95	92	92	88	97	95	93	95	95	91	92	92	97	88	91	97	95	91	93	94	89	87	89	91	91	93	93	95	96	97	93	89	88	88	92	95	89	90	92	96	94	92	90	89	88	94	88	87	97	88	90	94	95	89	92	91	93	91	96	89	87	92	89	91	94	94	94	94	91	96	92	88	96	89	90	94	95	96	87	94	94	88	96	90	95	94	91	88	96	89	88	93	94	92	96	96	96	89	96	88	92	94	91	96	94	90	95	91	95	88	92	97	93	91	91	94	94	96	94	92	92	93	90	89	89	94	88	91	90	89	95	97	97	96	88	96	92	95	88	90	90	96	90	88	95	90	87	90	94	97	92	88	95	95	96	91	96	88	88	92	97	94	88	90	91	94	91	95	92	93	91	94	90	89	89	91	96	94	88	92	94	94	96	89	97	88	90	91	96	89	95	94	88	89	93	88	87	94	92	87	91	96	95	97	88	91	88	96	93	91	97	92	91	92	89	89	96	90	89	92	97	91	92	89	94	89	91	94	95	91	87	96	90	89	87	89	92	88	94	92	91	94	97	91	95	96	95	93	87	97	91	91	97	89	95	91	91	95	95	97	96	91	89	88	91	88	96	89	91	90	91	87	94	91	90	95	90	97	95	90	93	92	95	95	96	88	97	92	92	89	97	94	93	93	96	89	87	88	89	97	91	97	93	89	90	89	92	94	94	92	90	92	88	95	95	90	87	91	90	89	89	94	96	88	90	95	89	95	94	91	92	92	92	95	96	96	93	97	95	95	93	92	96	92	88	94	88	96	88	91	93	90	88	91	93	97	93	87	87	96	96	91	90	93	95	89	96	96	96	87	91	92	95	91	91	93	91	93	89	94	88	92	97	93	96	97	97	95	92	88	95	96	97	94	94	89	91	97	91	95	94	91	90	96	90	89	87	91	89	89	97	88	95	96	91	94	97	97	96	88	89	88	90	90	96	94	92	94	88	88	91	91	93	95	97	89	94	88	97	96	93	91	92	97	95	91	93	87	90	95	90	91	90	91	88	96	97	89	96	94	93	89	96	89	90	95	94	96	93	93	95	88	88	96	92	87	92	92	93	97	93	92	94	96	92	93	88	89	92	94	93	90	93	88	94	97	95	88	96	91	94	95	88	93	95	88	89	90	96	89	90	94	88	91	90	95	96	90	95	95	96	88	90	93	95	97	90	96	95	90	91	95	88	90	91	91	97	87	91	87	95	94	95	95	95	93	90	87	93	92	92	95	89	88	87	90	95	88	89	87	91	91	94	95	96	89	96	96	91	95	95	97	91	91	96	94	93	87	96	95	97	87	95	95	89	94	91	95	91	93	97	93	93	95	96	93	91	96	89	94	90	95	88	89	92	88	95	90	92	93	91	96	88	91	92	93	90	91	87	93	90	93	92	95	90	95	91	89	95	95	89	88	90	91	97	96	90	94	95	92	97	94	95	94	92	94	89	93	96	95	87	92	93	95	93	92	93	88	89	96	91	97	95	97	88	90	88	96	93	89	95	92	97	87	93	90	93	96	89	89	92	92	94	87	96	90	88	93	90	89	95	94	95	93	94	90	91	88	93	92	89	87	87	88	93	89	94	88	89	97	94	90	89	95	93	94	93	97	95	95	88	93	91	94	88	89	97	94	88	95	95	94	87	96	91	94	94	90	96	92	89	87	90	88	93	93	92	90	90	94	92	89	89	92	94	89	97	94	92	95	89	89	96	94	89	95	94	94	90	90	88	94	97	87	96	90	96	89	90	89	96	95	92	93	89	94	94	92	89	96	95	90	95	90	87	93	91	93	92	96	91	96	94	88	87	96	95	95	93	92	96	94	93	95	87	89	92	93	90	96	89	92	89	88	94	94	91	89	87	91	93	89	91	88	96	90	94	97	91	91	97	90	90	95	96
85	89	87	92	85	93	88	89	92	88	90	92	92	85	89	88	91	88	90	88	88	90	85	87	92	90	89	83	88	85	84	88	91	91	92	85	86	85	91	83	93	87	88	92	86	91	87	84	92	88	92	86	91	90	88	87	91	85	85	92	85	84	92	86	91	85	85	83	89	89	87	84	89	89	86	87	84	85	90	92	85	92	92	83	91	92	88	85	90	85	87	92	88	83	85	93	85	92	88	84	91	83	92	84	84	89	87	92	86	90	84	91	92	88	88	87	87	88	92	90	85	83	91	85	88	84	85	90	84	88	89	86	86	89	85	93	83	90	87	93	88	84	90	90	93	83	90	91	89	87	85	88	83	91	89	90	90	87	91	86	91	89	84	90	91	85	88	92	90	85	83	88	88	85	84	90	84	91	92	88	89	86	91	83	92	84	89	87	84	90	86	91	91	90	88	89	84	85	84	85	92	92	85	86	91	84	92	93	92	88	85	93	88	89	91	92	85	88	85	87	88	88	89	87	90	88	88	91	88	85	86	90	86	88	92	86	87	85	90	87	87	92	86	87	83	84	85	91	87	86	89	83	89	85	92	91	92	89	86	83	88	89	88	89	91	91	92	92	85	89	88	93	91	84	84	90	89	92	91	89	89	89	85	90	88	89	86	84	86	91	89	86	86	83	86	85	84	88	89	93	84	89	85	92	91	92	84	83	87	86	91	87	92	83	91	89	87	92	91	89	90	92	83	91	88	85	88	88	90	93	89	85	89	85	91	89	93	89	87	85	89	88	85	89	90	90	91	87	84	88	91	86	87	87	89	90	90	92	92	86	86	88	84	90	93	89	87	85	84	88	92	91	85	90	92	93	90	87	89	89	84	89	87	84	91	86	90	83	88	89	86	91	90	92	92	91	84	87	92	85	86	87	88	85	92	84	86	92	90	83	91	87	91	90	86	88	86	93	89	90	86	88	89	85	91	86	87	91	91	85	92	86	84	92	84	91	92	89	87	86	87	93	93	91	89	92	89	91	88	91	93	92	92	88	91	89	91	84	83	84	89	83	93	84	88	88	89	87	86	93	84	85	92	84	83	85	85	86	90	85	89	93	90	89	88	92	85	85	84	86	92	85	84	84	93	89	91	92	87	91	87	89	85	91	84	83	86	92	84	86	89	86	84	90	86	84	92	85	88	86	87	89	87	88	85	88	88	85	91	87	90	91	93	91	88	89	85	90	84	85	86	89	85	86	85	85	85	92	86	85	89	87	89	90	89	84	89	93	88	92	88	86	88	90	89	90	89	90	83	86	86	87	89	88	89	91	87	90	88	89	83	88	84	90	84	91	89	88	86	89	92	91	85	85	91	87	83	87	93	87	86	84	84	88	90	90	88	93	86	92	88	89	85	88	88	87	90	92	86	90	84	90	83	86	87	85	83	92	85	89	92	87	85	92	93	88	85	88	92	84	85	86	83	87	86	90	92	90	85	88	88	86	84	91	90	84	89	89	91	90	90	88	86	83	84	89	91	88	88	89	89	87	90	88	89	86	89	86	92	93	86	91	93	89	86	86	92	87	90	88	90	90	84	91	92	91	84	92	93	92	86	85	89	92	85	93	91	90	92	92	91	85	93	83	87	84	90	85	91	85	90	90	84	92	87	87	85	87	90	85	91	92	84	93	84	88	87	86	84	93	83	93	92	90	88	91	88	88	90	87	86	91	89	93	85	86	85	88	90	91	88	87	91	89	87	91	87	88	87	93	83	91	90	85	90	88	89	84	89	84	93	84	85	92	86	84	88	89	90	93	86	88	88	92	92	87	88	88	90	84	89	84	86	85	91	91	84	91	84	88	87	90	90	91	93	92	88	86	92	85	91	87	87	88	84	89	86	84	86	89	88	92	90	84	85	84	84	91	86	90	86	88	87	93	86	86	87	87	93	85	85	90	88	83	88	90	90	89	87	85	92	90	84	88	90	87	91	93	90	87	84	93	86	87	86	89	93	87	86	85	88	90	88	93	92	88	87	91	88	87	88	92	83	88	86	91	88	93	84	91	88	84	92	88	84	83	83	90	86	86	92	92	85	91	92	91	90	84	87	91	84	87	89	90	88	90	87	91	87	86	92	84	90	92	90	89	91	85	90	83	91	87	87	84	91	86	91	86	92	84	85	86	92	86	90	86	91	87	86	84	85	92	93	86	83	86	93	87	85	93	89	89	83	87	88	92	92	89	84	90	89	84	89	85	91	87	86	88	85	84	84	83	91	89	91	90	92	85	86	90
53	50	53	49	45	52	54	47	48	49	48	54	47	51	47	49	51	54	52	50	46	50	48	50	49	55	49	45	51	47	55	49	54	52	54	52	46	45	54	51	52	47	45	53	46	52	50	47	49	49	46	54	47	46	52	51	54	53	47	53	45	49	49	48	51	51	55	49	50	49	47	48	48	49	54	46	46	48	49	52	55	47	52	45	52	50	49	45	51	54	52	48	52	52	49	53	47	53	53	47	55	48	48	49	47	46	55	46	52	54	54	54	45	46	55	47	46	47	49	48	52	51	50	46	54	52	54	46	47	54	54	52	48	47	53	52	54	51	51	49	48	53	45	46	45	54	47	54	51	53	52	47	55	54	48	50	47	50	49	51	53	52	46	52	50	48	49	46	47	53	47	46	49	46	47	50	48	48	52	53	52	52	45	54	50	51	50	53	48	50	51	50	50	48	46	54	49	50	54	49	47	50	47	48	54	46	49	47	52	50	52	51	53	47	47	52	54	51	52	46	53	46	45	47	51	53	54	50	54	55	48	53	49	47	50	47	49	45	48	48	51	52	47	55	53	47	51	49	55	49	47	46	49	55	54	52	53	54	51	51	55	50	52	53	50	47	51	53	51	50	49	49	48	46	51	52	49	49	47	51	52	49	54	52	52	55	52	50	54	48	55	53	55	45	54	50	53	55	46	52	46	47	54	47	45	49	51	53	53	54	47	46	53	52	49	49	50	53	50	46	53	50	48	49	47	49	54	48	54	46	46	47	46	48	49	46	47	50	51	46	45	49	54	52	46	52	47	51	51	49	51	53	47	50	50	47	46	50	53	51	53	55	48	48	55	51	50	50	50	55	49	48	51	54	47	50	47	52	55	46	54	52	53	46	54	50	53	47	53	50	46	47	51	49	48	55	46	50	52	46	48	53	47	53	53	52	48	54	53	48	47	54	49	48	49	52	55	54	46	49	45	51	48	51	52	50	47	47	49	51	46	48	52	53	54	46	47	45	49	45	50	52	46	47	48	47	46	52	48	51	49	49	49	46	51	45	46	51	49	49	54	48	48	50	53	47	46	49	47	55	50	54	46	48	51	53	46	51	50	50	55	52	52	51	54	46	54	52	52	50	50	54	48	51	45	54	53	48	49	49	50	52	52	48	48	46	51	48	45	53	52	49	48	51	51	49	45	45	48	54	48	54	48	50	53	53	47	53	45	50	47	53	52	47	53	51	53	50	52	53	49	49	51	49	51	52	52	53	51	51	48	49	53	47	51	52	47	49	46	46	47	48	49	53	47	49	53	52	48	46	54	52	49	52	47	53	48	52	54	54	48	51	51	54	45	45	48	53	54	53	46	51	52	48	51	46	47	52	50	54	54	52	51	52	55	52	48	47	48	45	46	47	52	51	46	45	48	49	53	48	47	53	48	53	52	51	50	46	55	51	50	48	54	48	50	48	50	53	54	51	46	49	53	47	48	51	53	47	52	51	46	50	51	53	52	47	46	47	50	49	51	54	53	47	48	52	47	55	50	50	47	52	46	53	49	49	50	54	48	54	49	54	51	55	54	48	49	47	48	50	47	46	55	48	53	53	55	53	55	48	48	45	50	45	49	48	50	53	46	49	52	46	47	53	48	53	53	47	54	53	54	51	55	49	54	49	49	49	46	47	45	46	53	51	54	51	54	51	49	54	49	53	50	53	50	52	54	47	49	48	48	48	46	49	49	48	46	53	46	48	54	53	46	47	54	55	47	48	51	53	48	52	54	47	47	51	48	46	48	50	48	52	50	51	51	50	47	52	50	46	52	53	52	49	54	50	45	52	54	46	51	53	54	48	47	48	54	49	49	55	46	51	48	50	54	53	46	46	52	55	52	51	49	47	47	46	47	52	52	46	50	49	45	52	51	46	47	45	49	53	52	53	51	54	55	48	48	48	46	50	46	52	52	51	55	49	51	51	45	54	49	48	49	45	47	47	53	54	55	47	47	49	51	49	54	51	54	47	54	50	46	49	50	48	52	47	48	54	55	50	53	49	53	47	50	53	54	50	47	53	49	48	47	51	54	50	50	47	55	54	53	49	46	53	51	52	47	52	54	49	55	50	49	51	46	50	55	49	50	49	46	54	52	47	50	49	51	47	55	51	48	55	55	46	54	52	47	48	54	51	46	55	53	51	50	46	51	49	48	47	49	48	51	48	49	51	47	55	49	45	47	48	48	54	46	52	49	53	47	53	47	53	53	51	50	46	51	54	52	45	54	45	46	52	51	52	47	48	47	48
87	91	94	85	93	87	85	92	93	91	88	89	90	93	89	93	86	91	90	89	85	91	89	85	89	86	87	91	93	90	93	86	92	87	92	86	92	86	93	91	88	89	89	93	88	86	88	95	90	87	90	88	90	86	90	87	86	92	87	89	91	86	95	93	88	88	90	90	91	92	95	90	87	87	86	87	95	91	91	93	92	88	93	86	93	87	92	92	90	88	91	93	94	95	89	95	95	93	88	88	92	93	92	90	93	88	89	87	89	94	88	85	95	90	94	92	86	88	88	91	86	93	86	90	89	85	86	90	88	86	88	86	90	91	95	90	90	93	95	94	85	90	88	88	91	86	91	90	91	86	88	88	93	87	89	90	94	87	91	86	91	87	87	94	92	85	94	89	89	93	95	90	92	93	88	85	90	95	90	86	91	86	93	92	94	90	86	93	92	95	88	86	93	95	86	94	87	92	91	89	94	93	94	85	88	91	88	90	87	92	92	88	91	95	94	93	88	88	88	94	92	89	86	88	89	93	89	91	87	95	90	94	88	89	94	89	92	91	87	91	94	89	89	87	93	92	94	92	88	94	92	91	93	87	94	92	87	94	92	88	94	88	90	92	92	88	88	92	90	94	94	95	90	88	90	89	92	91	87	95	90	86	93	94	90	88	94	91	91	95	94	90	94	86	92	94	86	89	95	92	89	92	86	85	88	87	89	93	93	92	86	94	92	92	89	94	87	91	89	87	93	93	88	91	88	87	93	93	91	85	90	94	93	90	95	86	89	86	91	89	90	94	93	89	89	89	90	88	93	90	86	88	91	86	87	94	92	90	92	86	91	91	87	87	87	91	88	94	88	92	87	86	94	86	92	89	88	94	91	90	86	87	94	90	93	87	93	91	90	94	91	89	89	89	87	92	95	86	86	92	89	94	91	90	93	86	85	92	85	95	90	89	88	91	95	93	94	90	88	89	87	94	95	87	92	88	91	87	94	92	86	90	94	88	93	86	88	93	91	93	90	90	90	86	94	93	92	85	91	90	86	87	90	91	88	92	92	95	90	91	86	92	92	87	88	93	90	91	87	88	94	90	87	87	88	87	90	88	91	92	91	93	92	87	92	91	94	92	92	94	95	92	90	94	88	90	89	91	94	86	88	86	89	92	85	91	92	88	89	88	86	88	92	93	94	86	87	89	92	93	85	90	88	93	91	91	86	92	94	88	95	88	92	95	93	88	95	90	94	89	85	87	94	85	94	91	91	92	86	91	95	85	92	88	90	88	89	88	92	87	87	88	90	86	94	91	89	92	87	93	85	93	93	91	95	88	86	88	92	86	93	88	95	95	94	86	91	85	85	86	91	86	86	89	88	90	93	94	87	92	86	93	85	87	88	88	87	95	93	86	86	93	93	89	94	94	85	89	88	89	92	91	89	88	94	88	95	89	89	93	93	87	93	85	90	91	94	94	94	92	85	86	85	86	85	87	86	87	90	86	94	88	87	89	93	87	91	93	89	89	86	87	85	88	87	91	88	91	90	91	87	89	95	94	90	86	86	86	87	95	94	88	91	92	93	92	91	87	86	91	88	90	89	88	87	87	90	91	85	94	87	95	89	93	94	90	94	95	94	95	92	93	88	87	95	94	94	86	86	90	93	91	90	93	86	87	92	87	88	88	90	92	88	94	86	94	92	90	87	90	89	92	85	93	92	94	88	86	88	95	85	93	95	88	88	85	89	92	89	94	94	86	91	87	87	86	93	91	90	87	89	92	95	93	87	92	86	85	91	88	86	89	92	94	89	87	95	95	86	93	94	93	85	93	91	89	94	93	86	89	87	87	90	91	86	88	93	87	86	89	86	91	86	95	86	88	86	90	86	85	86	95	89	95	88	87	87	93	91	89	90	89	87	93	87	94	94	95	87	91	95	89	89	85	93	94	90	86	94	95	92	87	88	88	93	91	95	87	90	87	88	92	86	93	88	86	91	86	87	90	87	91	89	90	91	86	89	89	93	87	86	89	85	92	87	94	91	91	91	90	86	95	86	88	90	86	87	86	92	94	94	85	92	94	94	88	94	86	90	88	92	85	93	91	92	88	94	91	85	94	95	89	95	87	90	85	93	92	89	85	87	88	90	92	91	85	88	94	92	87	93	90	87	93	92	95	92	87	90	93	90	90	88	93	92	91	92	86	85	92	87	94	87	85	89	93	89	93	92	90	88	91	90	85	87	87	87	95	88	91	88	92	94	94	94	95	92	91	91	90	88	87	91	92	91	92	86	91	89	92
76	71	78	77	80	77	75	72	76	74	75	76	72	75	79	78	76	78	71	72	72	71	76	75	72	75	80	70	77	79	78	71	75	71	77	74	73	74	73	76	77	73	73	79	79	79	79	71	75	78	74	71	77	72	75	75	79	71	78	78	76	79	71	75	73	78	80	80	79	73	74	70	78	76	77	80	72	73	75	76	72	79	74	79	74	73	72	79	76	76	73	70	71	78	77	79	79	79	76	74	74	74	74	76	79	74	74	76	75	72	77	78	72	79	76	71	79	76	73	77	70	77	71	79	74	73	79	78	71	71	80	70	70	73	70	74	76	79	72	78	75	76	73	74	73	71	72	80	79	73	79	78	76	74	74	71	77	80	74	76	76	70	74	73	75	75	73	74	73	80	78	80	79	76	77	71	78	76	73	71	74	72	70	76	73	77	77	75	73	74	74	75	75	79	76	71	73	76	71	79	76	79	78	77	74	75	76	75	77	78	75	78	79	78	74	72	78	74	77	77	71	79	77	73	72	73	80	75	78	78	78	76	73	72	73	71	80	76	75	72	80	78	73	76	75	75	73	76	76	72	73	76	75	79	79	79	79	74	79	71	73	74	72	74	77	77	71	73	78	76	72	77	75	71	75	76	76	79	76	72	78	77	76	75	77	75	71	75	73	79	72	73	76	74	75	72	73	73	78	73	80	73	79	77	75	72	72	79	74	78	71	71	76	73	78	80	73	80	76	78	77	74	73	79	77	79	71	71	80	79	73	76	78	77	71	72	74	73	75	78	79	71	73	80	71	71	73	79	72	78	78	78	80	80	71	72	75	70	76	75	74	79	71	71	71	71	80	73	74	79	77	76	78	74	76	80	70	78	78	78	80	77	78	74	72	78	78	75	70	77	76	77	75	70	74	79	74	72	72	74	77	78	79	79	76	76	77	75	73	76	72	76	73	76	72	78	77	77	75	72	73	77	71	70	79	75	74	72	72	76	71	78	79	78	78	80	72	72	75	80	71	78	78	70	79	76	74	80	71	80	75	74	70	75	72	76	77	72	74	75	79	72	77	76	73	80	71	78	76	71	72	77	76	75	71	78	73	78	78	79	78	75	74	71	78	71	71	71	80	72	78	74	75	77	74	75	73	79	79	72	72	77	79	71	71	76	80	79	79	78	77	77	71	75	78	80	75	71	73	80	72	76	71	72	74	73	71	70	70	71	71	75	79	74	74	73	79	75	77	77	77	78	71	76	74	75	79	77	78	74	72	73	75	75	71	73	75	75	76	78	73	73	77	71	76	78	72	76	79	78	77	74	70	74	74	76	77	77	73	77	74	77	80	78	79	70	75	74	78	73	70	72	73	78	70	79	74	78	78	75	73	74	77	77	71	71	76	72	78	76	74	76	78	77	75	75	71	77	79	74	76	78	76	72	72	72	78	75	73	71	77	76	71	73	74	75	76	70	71	74	80	79	80	74	75	77	77	76	79	70	70	77	72	76	79	80	70	79	79	70	79	78	80	74	74	76	71	71	74	73	77	71	74	70	71	77	79	77	71	80	80	77	72	80	77	76	73	78	76	70	75	71	72	72	70	75	79	79	77	79	71	77	75	74	75	73	80	72	73	79	79	74	76	74	76	77	71	73	71	80	71	77	78	73	76	75	78	79	71	72	75	76	73	74	76	78	71	77	77	70	72	73	72	76	77	75	73	79	78	72	73	79	78	79	73	74	79	73	80	76	77	75	75	77	71	75	79	75	77	73	78	74	72	74	78	70	73	78	74	79	75	71	71	74	71	76	73	80	79	70	72	71	75	74	74	75	71	72	73	75	79	76	73	72	71	73	80	80	74	75	75	80	77	77	73	71	75	73	79	77	72	79	74	71	79	79	80	79	73	76	76	79	75	73	76	73	78	76	74	79	71	78	78	76	78	79	72	78	78	74	78	74	72	73	74	71	76	75	70	75	80	78	76	71	74	78	77	73	73	75	71	72	73	75	78	78	74	76	75	74	71	76	80	76	76	73	73	73	77	71	79	77	72	72	74	78	75	73	71	75	80	78	73	70	71	74	72	74	76	78	78	77	74	75	77	77	71	78	79	79	80	71	78	78	73	71	73	76	74	73	79	78	80	75	74	78	78	77	76	77	76	75	71	77	75	75	71	70	71	78	70	73	80	75	70	70	77	73	76	78	75	77	76	74	70	74	73	77	73	73	80	73	72	76	73	80	74	79	73	70	70	72	72	70	72	80	72	74	78	71	70	79	79	78	73	73	76	70	73	73
78	79	82	77	79	84	81	84	80	77	77	81	75	84	84	78	75	79	77	85	78	77	83	83	76	80	82	79	78	75	77	76	76	82	79	83	80	75	81	85	79	76	82	81	82	78	76	78	84	84	76	81	83	83	81	84	78	80	77	85	84	78	79	79	77	75	81	83	82	77	79	76	84	84	76	83	77	79	83	77	81	81	78	79	79	80	77	84	85	84	77	81	82	80	83	81	75	81	81	76	77	82	84	84	79	83	78	82	79	76	83	77	78	77	76	79	84	83	78	81	77	78	80	80	81	75	80	75	78	82	83	80	80	78	84	84	81	83	81	81	76	78	84	83	75	77	83	76	78	84	80	83	81	84	78	78	83	83	75	84	79	78	77	83	79	83	83	80	79	82	82	84	80	77	76	82	81	81	80	79	81	82	80	78	76	75	85	82	81	76	81	75	80	77	83	76	80	83	85	77	79	84	81	82	85	76	77	79	78	79	82	83	82	78	83	77	83	84	76	82	83	78	83	76	85	81	83	85	79	84	81	81	83	78	83	76	82	80	77	84	75	83	79	79	76	85	84	80	82	75	82	80	81	80	81	76	80	76	83	81	81	75	84	83	82	80	78	80	78	84	79	85	85	81	79	81	81	80	82	83	80	77	79	83	75	81	81	84	78	82	83	78	75	78	78	83	80	85	81	80	75	78	82	78	76	82	84	83	80	83	76	80	76	78	82	76	81	78	80	84	83	77	78	79	80	80	83	75	82	82	77	82	82	77	78	78	77	76	81	75	81	82	85	78	81	81	84	76	75	81	83	83	82	77	82	75	81	84	82	84	78	82	83	80	78	79	76	78	82	79	85	78	77	78	80	82	85	82	85	78	77	80	85	75	82	80	81	82	77	80	79	79	81	76	82	79	78	82	76	75	77	79	82	76	79	79	80	84	85	80	79	81	80	84	83	79	76	80	78	79	76	83	76	77	76	79	83	77	85	75	82	78	84	85	78	84	81	83	79	78	82	76	84	76	85	81	81	82	77	81	78	77	78	80	79	84	76	79	75	82	76	79	79	80	77	85	84	78	84	84	78	83	79	78	78	80	77	77	76	84	84	80	79	83	83	79	84	80	75	85	76	85	79	76	78	79	78	79	78	79	79	77	77	78	78	77	79	85	78	77	81	81	81	83	84	83	80	80	85	80	78	75	82	79	79	81	76	82	76	77	75	79	79	79	85	76	79	79	81	77	84	76	83	80	80	79	75	84	78	82	85	78	82	80	83	83	80	82	81	79	79	77	81	79	76	80	77	80	83	79	75	81	81	84	83	82	82	85	80	82	81	82	75	78	75	82	77	84	83	83	77	79	81	78	76	75	83	84	82	80	79	81	85	78	78	84	77	81	82	77	80	85	82	75	78	76	78	83	79	83	79	79	79	83	82	78	77	83	84	77	82	80	83	85	78	77	84	78	79	80	81	75	78	77	77	84	82	75	80	78	78	83	78	83	77	81	80	83	79	83	82	81	79	80	77	78	78	76	80	78	79	80	77	82	82	85	76	84	84	79	81	78	84	76	75	81	78	82	83	83	83	83	80	79	78	79	83	82	77	80	80	84	77	82	78	79	82	85	80	75	83	79	81	79	77	79	76	82	75	76	80	80	79	85	75	83	78	85	79	83	78	80	83	76	84	79	84	80	83	80	84	80	82	78	79	84	81	80	81	76	82	78	79	78	83	83	80	76	84	83	76	80	85	81	82	81	83	80	82	77	82	79	75	76	84	75	82	76	82	79	75	82	84	75	77	77	84	77	83	77	80	82	82	83	83	81	84	81	84	82	83	83	77	76	85	84	78	78	81	80	79	81	75	78	81	76	78	76	79	82	84	79	84	80	80	78	79	83	84	79	76	83	78	77	77	84	82	80	81	81	81	84	85	81	78	79	80	77	80	79	85	78	75	80	79	79	77	76	77	77	76	84	76	76	81	84	78	84	79	75	85	82	80	84	79	78	79	83	79	77	81	76	84	83	77	75	79	76	82	79	79	78	83	78	80	82	83	77	78	78	79	82	76	78	75	76	76	78	78	78	84	77	80	75	85	81	85	78	77	81	83	81	78	75	84	82	83	84	80	81	83	79	79	83	81	80	77	81	85	78	84	80	80	84	83	77	84	82	84	79	78	75	80	81	81	76	82	76	80	83	81	80	78	84	76	80	80	81	78	83	85	77	85	78	84	84	83	84	79	84	79	81	80	77	77	77	78	83	82	81	76	80	78	80	82	78	83	77	77	78
17	19	17	15	16	22	23	19	17	22	14	14	15	18	19	22	23	16	22	21	19	16	20	21	15	19	16	16	18	14	23	23	17	22	15	16	23	16	20	14	20	17	21	19	20	23	18	22	18	17	23	19	21	20	21	19	16	22	14	24	15	16	18	22	22	19	19	17	18	22	20	22	22	15	24	23	15	15	22	20	16	19	14	22	24	22	19	14	19	22	21	17	20	23	22	22	22	16	20	19	17	20	20	19	16	18	20	19	24	15	20	23	21	19	17	18	20	18	20	23	23	17	22	23	18	22	21	24	16	23	19	23	22	14	22	23	16	23	15	24	17	19	22	18	22	19	21	15	19	19	21	18	19	17	23	22	24	20	19	19	24	18	22	19	20	22	18	24	15	21	22	15	20	21	15	20	16	21	15	17	17	21	22	22	23	21	15	21	18	23	18	18	20	16	17	23	21	14	18	24	17	20	20	16	16	22	24	18	22	22	24	24	14	20	23	19	22	20	15	17	22	18	16	22	22	16	19	21	23	16	20	17	22	20	20	23	17	23	15	16	24	18	19	21	15	22	17	18	23	17	17	16	20	20	18	20	20	23	17	19	16	19	18	18	23	20	16	22	16	24	20	18	18	23	23	16	15	16	17	18	18	23	24	15	15	19	21	17	15	18	22	22	20	14	23	15	21	19	17	22	17	14	17	17	17	22	22	18	21	15	19	15	15	18	15	15	21	22	24	21	15	20	16	22	21	14	24	19	19	19	16	21	20	23	23	16	17	17	16	19	21	24	19	15	19	15	23	22	21	22	21	22	15	17	21	22	22	14	17	18	20	22	15	23	17	18	23	22	14	15	16	24	14	22	14	22	17	20	18	23	23	19	21	24	18	15	14	14	21	14	22	20	22	23	17	15	17	19	20	16	17	17	15	22	19	20	19	21	19	15	23	17	24	18	14	21	18	17	20	21	23	23	17	24	20	24	20	16	18	16	20	21	22	17	22	17	23	15	18	16	23	20	19	22	19	18	14	14	23	15	14	23	14	21	19	23	19	21	18	22	23	20	19	23	20	21	19	20	23	22	18	23	18	20	20	18	18	19	18	24	23	16	19	22	23	22	19	22	20	21	17	21	19	21	16	17	23	14	19	14	15	15	15	23	14	19	18	16	15	22	22	19	20	16	24	16	22	15	19	21	17	21	19	14	14	18	24	22	24	22	17	23	16	23	15	22	23	16	21	20	21	23	15	18	20	16	16	20	19	16	20	22	15	23	14	20	17	23	17	18	20	24	21	18	22	18	22	23	21	17	14	18	21	21	23	22	14	22	14	19	17	20	18	18	20	24	19	21	16	24	21	16	22	18	23	14	22	21	15	23	23	14	16	20	16	23	18	22	19	16	14	17	18	21	15	19	14	23	17	20	23	16	16	22	16	17	20	22	18	20	18	15	23	19	18	15	21	23	21	14	16	22	18	21	18	18	17	14	22	15	15	14	20	17	19	22	19	21	16	17	22	23	18	18	18	20	22	15	20	16	24	21	18	16	23	22	24	14	24	19	20	24	16	19	23	21	16	22	15	19	22	22	23	24	22	14	16	21	20	16	22	16	18	24	17	17	24	21	16	23	22	16	15	18	19	21	22	23	16	20	20	15	20	18	19	19	20	21	22	15	19	19	18	16	20	20	16	16	16	21	17	18	18	17	16	22	17	23	24	22	19	21	23	15	17	16	24	16	15	21	23	20	21	17	16	17	15	22	16	24	16	15	20	19	16	23	19	21	19	16	24	19	21	21	18	18	19	14	20	21	14	17	23	18	16	24	23	22	23	20	15	17	19	18	15	23	20	22	23	14	18	23	18	18	20	17	17	17	19	18	23	23	18	19	18	20	18	22	23	20	24	21	21	20	23	14	21	23	16	15	21	17	16	22	23	18	18	17	15	22	15	18	15	24	21	15	20	22	22	22	23	18	17	22	24	21	15	18	21	15	17	19	17	21	14	21	20	21	15	22	18	20	15	17	23	22	15	16	18	20	21	17	24	21	23	23	14	19	21	21	22	23	22	23	14	17	23	17	23	22	16	21	23	19	20	17	21	21	21	21	21	17	21	16	16	20	18	19	20	21	19	15	22	16	17	18	15	24	16	20	17	15	20	21	21	16	16	21	19	18	23	17	21	19	17	17	16	16	17	23	21	21	23	24	22	16	20	24	23	21	21	15	16	20	21	15	21	22	23	20	24	23	17	19	20	16	15	23	16	20	22	15	18	23	22	18	21	20	18	22
95	94	95	91	89	94	93	92	93	95	96	94	90	89	89	89	91	96	97	88	93	88	94	96	93	90	95	96	94	97	95	89	90	90	90	95	90	93	90	92	94	97	91	97	91	88	89	91	91	97	94	97	95	97	90	93	88	94	92	93	96	93	95	90	95	93	93	92	95	92	96	96	89	98	93	96	96	91	88	98	94	90	91	88	88	97	97	98	95	94	89	92	92	92	89	88	90	95	92	93	88	93	88	93	88	93	88	91	97	90	94	90	92	94	93	97	97	90	93	96	90	89	96	93	89	91	97	91	91	95	91	95	89	94	92	93	96	94	88	89	90	89	97	93	93	96	98	96	89	93	94	89	92	96	93	89	91	92	94	89	91	89	94	98	92	90	97	96	94	96	89	92	89	96	97	92	95	96	90	88	91	96	89	95	97	93	89	97	93	89	89	91	96	94	93	97	96	96	93	97	96	91	93	97	97	97	95	88	89	88	88	97	92	91	88	97	89	89	94	93	92	95	92	92	88	97	89	93	89	95	91	95	94	89	91	92	93	97	89	92	90	91	93	91	94	89	90	92	90	97	93	95	90	94	92	95	92	96	92	91	92	88	96	95	92	97	97	91	97	97	92	95	94	93	89	92	90	98	94	89	89	97	98	98	90	95	96	95	96	91	89	95	92	92	97	92	92	95	97	97	93	94	95	93	93	94	90	91	93	90	91	98	95	94	97	92	95	88	98	89	95	95	97	91	92	92	98	92	93	98	94	92	98	97	91	97	94	91	89	94	92	90	91	94	93	94	90	94	89	97	95	98	96	92	89	92	94	91	96	89	91	94	95	94	98	93	92	98	88	92	90	91	90	89	96	89	90	95	90	95	93	95	92	88	96	92	95	91	94	93	95	92	90	97	96	91	97	89	90	90	89	97	91	94	92	96	98	90	94	89	88	97	93	93	92	96	94	91	92	91	95	96	95	97	91	89	95	89	95	95	96	95	94	95	90	89	92	92	93	94	89	97	94	92	93	95	91	97	96	90	89	96	89	97	90	98	94	88	93	97	96	97	89	92	88	93	97	88	89	94	90	96	97	96	94	94	91	97	88	95	90	96	92	92	97	93	89	95	93	92	92	95	92	96	97	89	96	88	92	94	96	88	95	92	89	95	94	90	96	89	95	97	89	97	93	91	89	93	97	94	92	90	90	88	93	97	88	98	97	93	94	93	92	95	98	97	88	90	92	94	93	90	91	90	91	92	93	92	96	94	97	91	92	97	96	94	95	88	94	94	97	88	98	96	90	93	88	90	93	94	97	94	96	89	89	95	91	88	96	95	94	96	90	96	89	90	94	91	90	90	93	96	91	96	96	94	98	94	98	92	92	91	94	89	91	95	96	89	90	90	89	88	97	89	91	92	98	96	91	89	95	96	89	95	96	97	90	93	92	91	91	98	92	95	89	91	94	97	93	92	89	89	93	92	88	96	94	91	92	95	91	95	92	90	92	97	98	97	91	96	90	93	89	94	88	89	89	98	90	97	97	92	88	92	97	91	92	89	94	88	97	92	89	93	89	94	88	92	90	96	92	90	89	94	98	95	97	96	95	90	91	93	94	89	92	90	93	97	95	96	92	96	94	98	96	96	89	92	93	90	98	96	92	98	88	97	96	91	95	91	96	89	95	94	91	96	97	89	95	93	97	94	98	93	94	88	91	90	88	94	96	90	93	95	97	94	89	92	90	92	97	91	89	97	92	96	90	89	96	96	89	89	91	91	90	93	96	93	93	98	97	90	96	88	88	97	96	93	93	97	88	89	90	96	93	92	97	91	91	96	97	93	94	93	97	90	94	90	98	90	89	88	91	96	90	91	96	95	90	92	89	93	95	93	92	96	96	93	88	94	96	98	90	97	96	89	93	95	94	90	94	89	95	93	94	92	90	93	98	95	93	92	97	93	95	92	92	97	93	89	97	94	91	93	88	94	93	88	92	90	88	94	91	94	92	96	89	90	95	88	92	89	92	97	97	89	96	92	93	96	97	90	96	92	93	98	92	97	94	98	89	95	96	97	91	89	91	88	98	92	89	91	95	96	97	90	89	93	97	89	94	92	92	94	94	91	96	96	92	97	91	93	96	98	97	97	97	93	95	88	92	89	96	89	91	92	91	90	92	92	94	91	89	96	89	90	92	90	93	95	94	91	89	91	97	97	90	96	91	97	93	95	88	94	96	97	94	93	93	89	92	94	98	92	91	93	90	91	95	98	91	90	90	97	91	92	92	94	93	98
25	26	24	24	28	25	30	23	23	27	26	31	28	29	31	31	26	27	23	25	26	24	29	31	29	30	25	23	28	24	27	32	23	28	24	22	26	30	29	29	32	26	30	29	23	29	27	23	29	28	30	29	31	31	29	31	27	27	32	31	31	25	30	25	22	25	24	27	30	27	31	23	29	25	30	30	27	30	26	31	23	29	29	29	27	32	27	30	23	22	29	24	30	24	31	23	27	22	31	26	22	23	27	22	31	28	25	26	24	28	25	28	27	31	29	32	31	32	31	23	25	29	30	27	23	26	30	23	28	32	30	25	30	30	30	28	29	30	25	30	28	31	23	31	24	27	30	28	22	24	30	29	26	29	22	26	29	30	23	25	27	27	30	26	24	27	30	28	30	32	25	28	30	32	25	26	28	31	22	28	29	27	30	24	22	27	30	22	23	22	23	28	32	29	23	26	23	27	23	28	25	31	26	29	24	22	25	28	27	31	29	24	28	27	22	30	31	23	28	28	23	31	25	26	26	25	25	31	30	28	26	28	29	25	26	27	31	24	31	23	25	28	27	30	30	27	25	27	22	31	29	26	32	27	32	24	25	23	30	29	28	32	26	31	31	27	29	28	24	32	28	26	28	30	29	28	28	24	23	28	27	23	25	30	25	27	29	29	26	27	27	30	30	23	24	27	23	24	31	28	30	31	31	31	25	29	24	24	23	26	28	28	23	24	25	23	22	24	29	24	29	28	30	28	27	30	23	27	28	28	26	25	30	29	29	31	28	29	22	29	25	25	22	26	30	23	28	22	24	23	24	28	23	24	26	25	32	30	23	23	23	29	25	24	26	25	24	23	26	24	25	24	29	26	23	22	27	30	22	22	26	31	31	32	30	22	23	27	29	30	24	27	24	30	23	26	26	30	23	27	25	23	24	31	23	25	27	29	28	25	29	30	22	22	28	30	28	23	23	30	27	25	22	28	29	31	28	23	31	22	24	25	31	28	29	30	23	24	30	27	29	22	30	22	27	23	29	25	32	30	25	24	26	29	25	29	26	27	29	32	31	24	29	30	23	28	26	31	25	30	23	31	25	29	26	29	25	27	25	24	29	29	31	25	25	24	23	30	22	26	27	24	25	24	28	26	23	25	29	29	24	30	24	28	24	27	25	25	31	25	28	27	25	29	27	25	30	30	27	24	24	23	29	27	26	28	24	29	26	31	27	27	30	30	25	28	25	29	26	25	23	27	25	29	24	26	29	27	22	30	32	27	22	30	30	30	30	28	22	28	31	27	24	22	30	25	30	31	23	25	24	23	25	31	28	28	32	25	25	28	22	22	27	25	23	23	25	32	24	29	32	27	28	25	26	31	28	31	23	29	25	26	22	24	31	23	27	29	26	28	28	31	27	30	29	28	28	22	27	26	27	28	24	22	31	26	28	23	26	23	27	28	30	29	26	27	30	24	31	24	25	32	30	23	29	25	30	23	25	24	31	29	24	30	30	26	31	25	28	24	31	32	25	24	31	23	32	24	26	24	26	23	23	29	30	29	29	32	25	31	24	25	30	30	24	31	31	25	29	27	24	25	30	31	28	25	29	32	31	27	27	25	32	28	32	27	25	31	31	27	24	32	28	27	25	28	25	24	24	26	32	31	31	22	22	26	29	22	30	25	25	30	26	26	23	31	28	25	22	28	23	26	26	27	23	23	31	27	26	28	32	25	31	24	25	28	24	27	24	25	28	30	26	26	22	27	32	28	29	23	22	25	29	23	24	32	26	27	25	32	26	30	26	25	24	27	30	29	24	27	23	28	28	29	31	28	28	27	28	32	24	32	24	28	30	32	29	23	30	30	28	27	30	30	30	23	31	27	24	23	23	24	24	27	26	28	23	24	22	28	28	25	30	28	31	25	28	23	31	23	23	29	23	24	31	23	23	24	22	29	23	29	24	24	31	29	28	31	27	23	26	29	24	24	27	23	30	24	24	23	29	23	26	26	22	23	26	23	27	23	24	24	24	32	27	30	30	23	23	26	23	29	22	25	25	25	32	22	28	32	27	24	24	30	24	32	23	25	30	31	28	26	26	31	23	27	32	24	24	23	26	24	26	24	31	31	29	25	28	27	26	26	32	32	27	30	23	27	29	31	25	25	29	27	29	22	29	29	27	24	23	22	28	30	22	25	23	25	23	25	28	24	27	24	30	27	25	27	23	26	28	24	31	27	30	30	28	28	24	25	28	23	26	22	28	24	26	29	28	25	25	24	22	28	28	30	24	26	31	22
36	37	34	41	34	39	37	39	38	39	33	36	39	42	38	35	36	35	39	41	34	35	37	35	40	33	33	41	39	37	42	33	32	38	39	40	37	41	34	33	36	36	39	39	35	33	37	37	40	34	39	35	38	34	37	38	33	34	41	38	39	37	41	41	36	39	32	35	40	38	35	41	37	39	38	35	40	37	41	39	39	39	39	35	41	34	35	34	34	38	33	32	34	38	39	36	33	37	33	38	37	36	37	36	34	37	32	38	41	32	39	38	39	33	41	39	37	37	40	41	34	41	37	33	37	34	37	38	42	34	36	38	35	38	38	42	34	34	41	34	39	38	37	41	37	41	40	34	35	33	39	34	35	32	33	39	34	42	33	42	33	42	38	34	41	34	37	35	40	40	36	36	33	37	33	33	35	38	36	39	40	41	40	34	34	34	33	38	39	35	41	37	34	35	39	42	40	40	35	34	37	36	36	40	34	34	33	37	35	38	41	41	36	41	38	40	40	36	34	36	36	39	33	38	40	37	40	41	42	36	36	38	35	38	40	41	40	41	40	41	33	41	38	38	35	38	33	36	33	33	34	37	34	34	40	32	33	36	32	34	41	42	32	39	37	36	41	41	35	38	41	34	39	33	39	33	36	33	38	38	35	37	42	38	36	41	38	35	34	36	35	33	35	41	41	37	32	34	41	37	36	38	36	38	42	33	35	36	37	40	34	35	38	37	35	38	35	42	34	37	33	35	42	34	34	34	38	42	35	33	38	35	36	37	37	41	35	40	32	33	37	38	32	33	34	36	41	39	36	40	41	33	40	35	35	40	36	34	35	41	42	38	40	39	35	32	36	35	40	42	40	38	36	34	38	38	40	37	36	40	41	34	37	38	37	41	32	34	36	34	42	40	35	40	33	36	40	36	36	33	41	37	36	37	37	38	35	39	33	37	35	38	40	33	34	41	37	39	38	32	38	38	37	41	37	35	33	41	36	42	38	33	36	36	34	38	41	37	37	36	38	32	41	37	37	42	36	36	35	39	33	34	34	35	34	35	40	33	34	41	41	33	34	34	42	41	37	40	34	38	35	41	37	41	35	33	42	41	38	38	40	39	35	33	35	38	36	37	36	35	37	41	40	40	37	37	37	34	34	35	40	38	36	39	40	32	33	39	36	37	37	33	40	34	42	42	42	33	35	40	40	38	34	41	38	35	39	33	33	38	37	33	37	40	35	33	38	38	34	38	40	35	39	39	33	39	35	33	35	36	36	34	32	38	33	40	33	35	37	37	37	33	34	34	37	33	36	38	34	38	33	37	34	34	38	39	39	39	36	41	41	37	34	41	41	40	42	36	39	37	37	35	35	39	35	37	32	37	39	42	42	40	37	33	35	38	39	41	37	34	37	38	41	35	39	40	39	32	40	41	36	36	39	37	34	38	41	40	37	41	37	38	41	40	37	33	41	38	38	41	33	41	33	40	37	42	40	34	36	40	38	34	33	42	35	34	35	36	37	37	33	32	34	36	35	42	37	35	42	33	32	40	35	34	38	41	36	36	35	38	39	37	37	35	41	32	35	36	39	40	34	36	34	35	34	36	33	40	36	35	33	39	34	40	41	34	34	37	42	35	41	39	35	38	41	35	40	38	40	35	33	42	37	42	42	41	39	33	41	41	38	33	35	41	39	37	35	33	36	40	34	42	38	37	37	33	38	39	33	38	34	37	41	41	37	38	38	34	35	36	36	42	32	42	36	42	38	41	35	36	34	40	33	34	33	37	36	37	39	34	39	40	40	41	32	39	37	40	41	40	36	40	34	38	34	38	36	42	32	41	38	34	37	38	36	42	35	39	42	33	33	37	35	34	34	32	35	40	36	39	38	41	41	39	34	37	34	36	41	32	33	41	42	36	41	37	33	37	39	32	40	35	32	42	40	32	39	41	40	35	32	38	42	39	38	39	39	33	36	32	38	38	42	34	35	39	37	39	40	37	39	38	35	35	33	34	36	34	33	42	38	37	39	39	35	35	41	32	39	40	34	36	38	33	36	34	41	40	41	32	32	38	42	41	35	42	35	40	42	35	38	38	36	40	34	33	41	36	37	35	40	42	41	37	39	34	36	41	41	34	39	37	41	35	35	41	34	40	36	33	33	37	34	39	38	39	38	34	38	34	37	40	32	37	39	39	35	38	35	36	41	40	33	36	39	40	38	32	37	33	37	35	34	37	40	37	32	39	36	33	41	37	33	37	42	41	40	38	38	32	37	39	41	40	40	37	39	35	41	38
33	32	29	37	36	38	37	30	35	39	35	37	37	35	30	30	31	36	37	35	31	30	38	31	36	32	35	39	29	32	32	36	38	32	35	31	38	33	34	38	30	33	37	34	36	39	36	31	32	38	29	31	31	35	31	38	36	34	38	38	38	36	37	33	30	32	33	32	32	35	36	34	31	35	38	35	32	34	32	39	31	36	32	39	31	34	33	34	31	36	31	36	29	33	37	31	30	32	34	38	38	37	29	36	32	32	33	34	35	33	32	31	38	36	34	37	29	34	33	35	37	36	36	31	30	31	31	33	29	33	34	31	31	38	32	35	30	32	33	34	31	33	33	36	35	31	32	30	39	36	32	36	32	37	33	31	36	29	30	36	33	36	38	36	31	31	32	38	34	31	35	33	38	30	30	31	36	34	33	38	30	30	33	29	36	32	33	35	35	30	36	36	30	38	38	35	37	31	30	33	33	37	29	38	30	39	29	34	32	34	35	30	34	31	35	33	32	32	32	31	38	30	35	35	37	30	36	39	30	29	32	30	32	33	32	36	37	34	35	33	37	30	31	31	31	30	36	35	30	37	30	29	35	30	36	30	33	32	35	38	36	31	37	35	32	36	36	37	30	34	31	29	36	34	34	30	37	35	29	36	32	36	31	33	35	37	37	39	33	38	38	35	30	30	30	36	33	38	37	34	34	32	34	35	33	34	32	35	33	32	36	39	33	38	38	33	33	31	35	33	31	29	31	34	34	38	37	31	33	30	38	31	34	36	29	37	37	38	30	31	35	31	35	34	33	37	31	30	34	33	34	30	39	30	31	34	34	31	29	33	34	33	33	37	35	36	36	33	36	31	34	35	36	33	39	32	30	33	35	30	31	33	33	39	38	29	34	34	36	36	29	33	37	38	32	38	30	34	32	35	33	36	34	35	31	32	32	35	38	37	34	30	30	33	31	31	32	33	30	31	37	38	35	36	34	33	30	34	38	35	34	32	38	36	36	30	37	38	37	34	32	34	34	29	31	35	38	33	35	36	34	29	29	29	36	34	32	32	37	38	38	36	35	30	35	35	35	33	33	30	38	37	33	30	30	35	30	32	38	32	35	36	34	32	35	29	33	35	33	35	30	32	30	39	38	31	30	37	30	32	34	30	39	32	30	31	33	30	37	31	39	39	36	34	36	35	38	33	30	30	31	30	33	33	37	31	33	36	38	31	34	36	37	38	33	39	32	35	31	30	34	36	32	38	33	32	32	33	37	30	34	38	39	30	31	32	31	36	35	34	38	37	32	37	32	37	32	32	32	30	31	38	33	38	35	36	33	36	30	36	33	30	30	30	32	38	34	30	35	35	31	37	38	35	30	31	32	35	34	30	31	30	30	34	34	32	36	39	37	30	36	31	33	36	38	34	35	30	36	38	35	32	31	36	32	38	29	32	30	36	30	37	35	32	32	32	30	31	39	38	38	35	35	39	30	30	29	39	31	37	35	37	35	29	35	35	31	30	31	30	30	35	38	38	30	35	32	33	35	29	39	31	34	39	35	38	33	37	32	38	31	34	35	34	35	37	33	38	35	29	39	38	37	30	30	39	30	37	34	38	31	29	39	35	34	38	39	32	29	34	37	35	34	30	30	29	34	32	30	31	33	36	31	35	32	31	33	32	37	35	36	35	39	35	39	37	31	37	30	37	39	37	39	38	33	35	37	38	38	30	39	37	30	31	38	33	33	36	35	32	31	38	37	31	34	30	34	32	30	32	29	30	38	32	31	29	29	34	35	39	30	32	37	30	29	31	29	31	32	33	33	38	34	34	32	37	30	39	33	36	31	31	35	30	38	32	30	33	35	35	29	31	36	31	32	31	30	34	36	39	35	31	33	32	31	29	29	38	34	30	32	34	39	31	29	38	31	38	39	38	34	38	30	39	34	39	29	30	38	33	30	34	39	31	32	39	35	32	33	31	32	34	33	34	33	36	33	35	29	36	30	30	32	34	32	35	33	34	39	38	38	37	35	33	38	29	32	35	33	36	32	32	32	34	35	32	32	37	35	37	32	35	29	29	30	30	38	34	34	35	37	39	33	32	33	32	33	30	35	38	30	33	35	35	30	35	31	31	37	32	32	35	35	36	37	33	31	30	29	38	32	30	33	36	37	32	34	38	36	35	38	31	36	34	32	32	37	32	38	29	39	30	37	31	38	36	33	34	29	36	37	38	31	36	31	29	35	36	35	32	35	29	29	32	35	36	38	30	31	36	32	34	35	34	38	32	29	33	37	36
18	21	20	20	16	14	17	20	15	22	16	16	19	17	19	18	22	14	17	19	20	13	21	18	13	19	19	19	22	14	14	13	20	18	18	18	20	17	16	17	21	13	15	16	17	17	18	14	20	15	19	17	16	16	15	22	21	13	16	19	13	16	14	19	17	15	15	23	18	15	17	16	17	20	16	15	19	18	14	20	19	20	16	16	23	23	15	18	18	16	13	18	18	16	13	18	17	20	22	17	16	17	18	23	22	16	18	14	15	19	23	18	14	18	18	19	18	20	22	19	14	20	22	14	21	16	22	21	13	18	14	20	19	20	20	15	14	21	18	22	20	22	17	15	23	20	18	17	19	17	19	19	19	17	20	15	21	19	21	21	21	22	20	22	17	21	20	19	16	22	20	21	14	21	19	18	18	23	19	15	16	16	19	16	17	16	13	23	21	23	16	16	21	19	18	16	13	21	19	15	19	19	15	17	17	16	17	15	18	20	14	18	16	21	15	21	16	19	17	23	20	16	18	19	13	15	16	16	18	14	19	20	15	19	15	14	13	19	14	18	23	21	14	18	15	22	15	20	18	14	17	18	16	20	21	21	19	23	14	19	19	16	19	22	18	22	14	17	14	22	20	15	13	21	22	22	14	14	18	17	14	17	19	16	17	16	18	18	14	18	15	18	19	15	16	23	13	14	14	17	16	23	18	21	16	20	20	19	22	15	13	20	20	14	21	19	20	16	14	14	14	18	23	22	16	18	16	17	18	14	14	20	15	13	16	21	22	17	22	14	21	22	23	16	19	17	18	20	14	16	17	22	13	17	15	21	16	17	23	19	15	17	17	17	14	13	13	16	17	14	16	17	20	14	16	23	14	14	13	14	17	15	21	20	18	16	14	20	16	16	22	18	18	19	14	19	20	13	22	14	16	17	19	19	20	20	15	18	18	14	19	17	17	22	21	13	16	23	18	18	13	15	14	15	15	15	14	17	14	15	18	19	17	17	14	20	17	13	15	20	21	14	15	21	19	18	17	13	14	14	20	20	19	16	21	19	21	14	15	14	14	14	14	16	16	22	18	15	22	23	14	18	17	17	23	19	21	16	19	16	20	22	14	18	16	20	16	18	19	18	15	16	19	16	21	16	15	20	17	20	19	22	21	17	16	18	17	15	19	17	16	17	14	21	13	19	19	20	21	19	16	16	16	21	17	23	18	20	14	17	20	21	20	18	14	21	13	17	18	13	22	19	20	17	21	21	17	21	20	14	16	23	23	14	19	15	17	15	22	17	19	19	19	18	17	18	17	18	17	21	23	17	17	18	21	15	15	18	17	22	15	16	22	15	21	20	19	23	15	15	23	16	16	15	22	22	23	17	21	13	21	20	17	20	19	19	21	22	18	19	14	17	19	14	21	20	20	14	16	20	21	17	18	14	18	15	22	22	21	17	17	18	18	16	13	17	17	14	14	20	20	22	13	22	21	15	14	20	16	16	19	16	16	20	19	17	18	22	17	14	15	15	14	21	15	16	23	16	18	15	19	15	20	20	18	23	16	20	18	16	20	13	19	20	16	15	22	18	19	21	21	16	16	22	16	14	14	21	18	17	21	16	20	22	17	18	14	21	20	21	13	18	18	19	15	14	14	19	17	16	21	16	16	22	19	14	21	18	15	15	21	16	21	14	22	19	13	22	23	14	15	19	17	20	15	21	17	14	19	18	14	14	16	22	15	22	19	22	17	18	20	19	13	18	13	14	16	23	14	13	16	16	19	19	19	18	16	18	17	14	16	14	13	14	20	19	22	16	22	15	21	21	15	21	15	16	14	22	18	15	22	22	22	23	19	22	16	14	14	15	18	15	20	14	18	23	14	18	14	18	15	22	15	17	22	17	14	14	14	19	21	17	21	22	13	22	20	15	22	15	23	18	17	19	13	19	13	13	21	17	18	20	15	21	20	13	15	16	16	16	21	16	18	19	15	19	19	22	23	14	22	14	16	22	18	17	14	19	15	15	17	18	18	22	19	17	20	15	15	22	15	17	15	13	14	15	22	20	23	21	21	17	14	16	21	15	21	22	14	18	15	20	21	19	19	16	13	16	18	18	18	15	17	21	17	17	16	23	20	14	14	16	15	16	22	21	23	20	19	20	19	18	22	18	17	16	13	17	18	17	19	18	19	14	14	22	20	13	22	20	16	22	16	21	19	14	22	14	15	23	15	19	20	15	16	16	18	17	21	18	19	14	13	19	14	18	18	21	21	15	20	18	23	22	16	16	17	16	19	22
22	28	28	21	30	29	23	28	26	21	28	20	22	24	22	28	23	29	21	29	26	24	26	21	22	21	30	28	27	20	25	27	22	26	22	22	23	26	28	20	21	27	21	21	29	25	29	22	26	22	28	26	24	23	25	27	25	30	23	21	28	28	21	21	29	27	28	23	22	24	25	22	28	21	26	25	23	23	23	26	22	21	28	22	28	23	25	23	24	23	20	29	28	24	26	29	28	29	24	29	21	22	29	27	21	29	29	21	21	26	21	24	26	23	22	30	29	29	22	29	28	28	26	27	26	26	29	26	25	25	24	28	21	21	27	22	30	28	28	24	21	21	27	28	30	29	29	26	21	29	30	26	25	21	24	26	20	21	23	23	24	25	24	30	25	25	21	23	24	24	27	23	30	26	26	20	28	29	24	25	26	21	30	24	21	24	25	21	28	29	21	20	30	22	30	23	21	22	27	21	25	29	27	21	30	23	28	26	27	29	22	26	21	27	28	28	21	24	29	21	22	28	21	29	26	22	21	25	25	27	20	29	25	28	22	29	27	26	23	21	23	22	21	27	23	22	23	25	21	20	27	23	26	29	23	21	23	21	28	28	27	21	28	29	21	26	20	28	24	22	28	28	23	21	21	21	28	26	28	29	25	26	28	23	21	26	28	23	27	26	26	29	27	24	25	28	20	29	25	28	29	25	29	25	26	23	27	23	25	21	27	24	29	26	29	29	26	29	21	21	23	21	30	27	24	28	28	20	22	27	23	23	29	22	26	27	26	22	22	22	27	22	26	28	29	22	29	22	30	22	26	29	26	27	28	28	21	24	24	29	21	27	22	20	26	29	26	24	26	25	23	29	30	27	21	21	20	28	23	29	29	27	30	22	27	21	21	29	27	27	21	29	28	24	24	21	28	23	28	28	28	26	22	29	27	24	26	30	27	24	24	30	29	29	22	28	28	27	29	28	22	22	23	20	23	23	24	26	27	21	21	21	28	25	22	24	25	22	30	22	29	26	24	26	21	30	27	24	29	26	28	24	28	28	22	28	24	26	28	22	30	27	25	29	27	21	23	22	25	23	26	24	29	21	25	21	30	27	24	23	30	26	23	26	26	26	21	23	30	25	21	23	22	24	23	21	26	28	30	26	24	29	28	20	25	21	20	20	27	29	22	20	27	25	22	20	21	22	24	27	21	30	27	28	29	25	26	24	22	20	25	24	30	27	29	26	28	20	22	28	25	21	30	27	29	25	25	22	22	30	29	24	27	29	27	20	26	24	21	25	24	21	24	28	22	29	23	24	21	28	28	24	23	21	25	23	23	22	23	20	23	22	25	30	29	25	26	24	28	23	23	29	28	27	21	29	26	25	25	21	29	25	23	21	27	27	23	21	20	22	23	27	22	25	27	27	28	25	23	26	30	23	28	30	25	29	30	30	21	24	20	22	28	26	21	24	27	28	25	23	29	30	28	24	27	24	21	23	20	22	26	26	30	29	30	22	22	23	29	27	22	20	21	27	26	25	22	27	25	30	22	21	23	25	23	27	25	22	24	26	28	26	29	21	20	26	30	25	29	28	23	29	21	26	23	24	22	24	27	21	21	25	28	26	27	27	29	22	21	22	21	30	27	22	21	29	26	25	26	23	26	22	24	25	24	25	27	26	30	21	22	25	30	22	24	28	25	30	29	21	28	20	27	23	21	22	28	24	25	21	24	24	30	24	29	23	29	25	25	22	30	24	24	25	22	20	20	29	28	21	25	25	26	28	28	26	26	23	25	21	24	24	23	21	24	26	26	30	29	23	21	29	25	24	29	21	23	30	24	21	25	28	29	25	29	20	26	27	21	25	28	21	27	29	30	26	26	30	30	26	26	28	29	27	23	24	25	21	22	27	25	21	22	29	21	24	20	24	21	27	21	27	28	26	28	21	26	21	20	30	25	30	23	25	29	21	22	27	27	24	29	23	26	21	22	24	22	22	26	21	23	29	28	30	28	29	27	23	20	24	29	27	24	26	21	27	22	29	21	27	21	27	29	26	22	22	20	28	24	22	21	25	30	26	21	23	26	25	24	25	29	22	23	22	22	26	24	25	26	25	27	29	27	29	25	29	21	25	26	25	26	23	28	22	24	26	25	25	22	29	27	24	26	25	25	30	25	29	21	24	28	26	29	29	25	23	25	24	24	21	26	28	20	26	26	27	21	25	28	27	22	28	23	23	23	24	22	21	22	30	21	23	30	23	27	26	29	22	25	25	23	28	23	23	24	21	22	28	22	26
80	79	82	78	77	81	79	76	79	81	83	80	81	78	81	77	80	78	84	80	78	81	78	82	84	79	76	85	77	80	77	78	81	77	82	77	85	81	85	82	84	79	84	81	78	80	85	77	80	85	84	85	84	82	84	85	84	84	80	81	82	79	80	77	86	81	85	84	79	82	85	81	76	76	78	78	85	79	84	80	83	83	84	84	79	85	85	76	85	77	85	77	76	76	81	79	79	82	83	84	83	80	83	80	83	81	79	78	76	77	77	80	81	78	80	84	85	86	76	83	81	80	83	80	83	81	85	77	79	76	84	81	84	85	80	79	86	81	81	81	85	81	83	82	78	86	82	79	83	81	80	85	79	78	82	83	77	78	79	86	83	83	81	85	86	85	86	80	76	79	78	82	84	81	84	83	84	80	79	83	84	82	85	84	80	83	81	77	80	80	81	82	85	85	76	81	85	77	76	82	82	84	84	80	79	80	78	84	83	80	77	85	84	80	79	79	79	78	83	80	76	84	86	76	82	77	80	80	83	86	77	77	85	83	84	80	81	79	86	78	80	80	76	83	82	83	80	84	80	78	82	76	76	76	85	82	83	80	84	83	77	80	84	77	83	77	78	82	80	82	85	83	82	81	82	86	83	80	86	84	80	77	85	78	81	81	82	76	78	77	77	81	77	76	81	83	76	78	79	79	76	85	85	83	76	84	79	84	79	79	76	85	82	85	78	83	79	79	82	76	84	81	77	79	84	79	85	83	80	77	84	84	81	77	78	78	85	86	85	77	80	82	79	84	82	85	81	85	84	85	79	77	81	83	78	83	84	82	77	81	85	79	79	86	77	83	84	83	84	81	82	81	80	85	79	81	83	76	79	86	81	86	82	79	85	81	84	81	82	82	84	82	81	84	80	85	76	81	86	83	79	84	84	78	78	82	84	77	76	81	81	84	82	79	84	82	77	77	86	80	79	79	80	76	82	83	83	83	83	85	84	83	80	86	77	82	77	77	81	77	84	82	84	79	79	76	81	77	86	84	82	85	77	81	86	85	84	80	77	86	80	77	78	76	76	79	84	83	83	86	80	82	82	83	83	81	76	80	85	77	82	85	78	80	85	82	80	81	81	82	82	78	85	79	81	79	77	81	77	79	84	78	81	78	77	84	76	83	76	76	79	76	82	80	81	83	84	83	81	80	80	84	81	79	79	86	82	80	86	84	81	85	76	78	78	82	76	83	81	82	77	80	77	79	84	80	84	82	83	85	81	83	79	80	77	81	79	85	80	78	76	76	80	78	82	77	80	83	77	77	84	80	78	76	81	83	81	86	79	82	78	78	83	78	83	77	79	84	83	84	84	83	79	76	84	80	78	77	81	86	78	83	84	86	79	81	82	82	85	86	85	80	81	77	79	79	85	84	85	77	79	86	85	82	82	78	81	84	83	79	85	85	78	86	84	86	83	79	85	80	81	80	78	80	77	79	80	77	78	78	78	82	78	77	81	81	79	77	80	83	85	85	81	77	79	82	77	76	81	80	83	80	78	84	83	79	81	82	81	80	85	82	86	85	83	81	84	84	81	76	81	83	82	78	85	78	79	85	77	81	83	82	84	76	77	80	81	80	77	86	79	79	86	86	76	76	84	82	85	81	81	86	82	81	86	76	77	81	77	85	81	83	83	80	85	79	84	80	81	86	84	79	83	79	81	79	80	84	77	85	78	76	76	77	82	80	77	76	81	82	82	80	77	83	80	78	84	85	83	82	78	80	84	81	84	82	82	84	77	77	84	83	83	82	79	85	83	82	77	77	86	83	77	83	78	83	77	82	76	82	85	77	81	80	78	85	85	76	79	83	76	82	77	85	81	80	78	77	79	79	84	82	79	80	85	78	77	84	82	79	78	79	77	86	81	82	80	85	83	80	77	80	80	81	83	80	76	77	80	83	76	84	82	85	80	85	82	80	84	84	86	78	77	77	78	81	81	79	77	82	82	79	78	86	82	77	78	81	83	85	83	85	79	85	82	76	81	86	77	79	85	82	78	84	77	83	86	84	84	79	82	82	84	82	83	84	83	79	79	81	76	76	86	79	82	78	85	78	77	83	82	83	84	78	82	84	77	84	83	79	80	76	77	77	78	76	77	85	85	85	81	84	76	86	83	85	79	84	84	81	77	76	84	81	82	82	85	81	82	80	79	86	79	80	80	76	83	82	85	82	82	80	82	81	85	77	82	77	79	85	80	83	81	79	82	84	81	80	83	79	82	83	79	78	76	80	78	85	80	79
20	27	27	25	26	23	24	22	27	19	18	25	25	22	27	20	23	19	25	19	22	23	19	26	20	24	24	23	21	18	28	26	27	22	21	28	24	24	20	20	27	27	27	24	23	21	20	24	22	21	20	26	25	20	21	23	20	19	24	28	28	23	26	22	21	20	26	24	21	27	22	19	19	21	28	24	21	18	25	23	19	20	26	22	20	19	22	22	19	23	22	20	26	22	27	18	21	19	23	22	20	25	25	23	23	21	24	19	22	26	19	25	28	21	23	26	24	26	27	24	27	22	19	23	24	28	23	27	20	24	20	26	27	19	20	26	19	20	18	23	27	20	25	25	23	25	23	26	24	25	18	24	26	25	21	22	20	19	19	24	19	20	19	21	26	23	23	23	22	24	18	23	22	27	19	20	28	19	23	21	19	23	22	18	20	22	22	26	23	26	22	20	23	19	27	26	26	21	21	28	27	22	21	24	21	26	25	22	23	26	20	21	22	21	19	26	28	27	21	21	18	25	19	19	20	28	23	24	24	20	19	26	26	27	24	22	26	23	23	19	28	28	23	26	27	24	25	21	28	26	23	21	20	19	19	19	20	21	23	20	19	24	25	22	20	27	21	24	21	21	20	23	23	22	19	26	22	27	23	25	27	28	22	26	20	21	24	23	23	22	24	25	26	24	25	24	24	24	24	20	26	21	19	20	22	20	22	20	26	19	25	18	25	25	26	28	22	19	24	25	26	19	20	20	22	25	18	26	24	26	28	22	25	21	18	19	24	19	24	20	21	22	23	22	18	21	28	21	22	18	19	19	22	26	24	25	22	25	19	19	19	21	25	21	19	24	21	26	22	22	19	20	23	19	20	19	24	25	28	25	22	21	22	23	21	24	20	19	21	22	21	20	19	20	23	28	21	21	22	19	25	20	27	20	21	21	27	18	23	19	18	20	21	19	25	26	20	27	24	21	20	26	20	26	27	27	21	20	21	21	23	26	23	28	21	26	26	22	25	23	19	18	27	20	23	21	22	18	22	23	27	18	25	21	22	18	21	21	19	27	25	19	24	24	27	24	20	22	21	18	23	27	18	26	19	25	22	24	24	18	21	26	20	27	19	19	21	19	19	25	22	20	18	23	19	27	19	22	25	23	22	25	20	20	23	23	26	23	26	23	25	21	24	19	25	27	24	21	27	25	22	27	20	24	28	25	22	22	21	20	22	20	21	27	23	26	25	27	20	27	23	23	23	24	21	25	25	23	23	18	22	25	27	27	24	25	26	19	18	22	23	28	23	23	23	22	25	25	24	20	25	23	19	20	21	26	24	20	23	26	19	25	21	21	19	20	19	18	21	20	24	23	26	23	27	23	27	26	20	23	20	20	23	26	24	26	25	23	26	25	20	20	27	27	18	25	22	22	20	21	20	23	23	28	19	24	24	24	25	20	22	25	22	24	26	20	26	24	23	27	22	24	21	21	24	26	20	23	27	23	20	24	26	19	21	26	22	28	27	24	23	23	21	23	27	18	26	20	24	23	28	23	28	20	28	23	22	22	19	20	24	25	20	23	27	23	26	19	22	28	21	26	20	20	26	20	24	28	26	20	20	27	21	24	26	27	24	27	19	26	18	22	25	27	22	22	25	22	20	23	24	27	27	28	21	24	19	21	26	22	19	26	19	20	21	24	27	27	26	18	22	27	27	19	19	23	23	19	27	25	21	19	21	22	22	18	26	23	25	24	28	27	24	27	23	19	25	20	28	28	23	21	22	28	21	21	27	28	19	27	24	20	21	20	27	24	25	21	24	26	26	25	26	18	26	18	22	26	23	20	22	21	23	24	21	23	24	22	27	20	22	27	20	24	19	27	25	19	24	22	24	25	27	26	22	21	21	27	25	27	22	20	23	26	27	24	26	19	21	20	24	23	26	19	27	22	19	25	20	20	21	21	27	20	22	22	24	24	27	21	22	25	22	22	20	20	19	22	22	19	20	20	22	21	24	25	21	22	22	28	18	20	22	27	26	26	20	28	23	26	27	18	26	28	19	27	19	22	23	21	27	25	25	21	25	19	23	25	26	21	22	20	28	24	20	26	19	27	22	18	21	22	23	21	28	20	22	19	20	20	22	21	22	20	24	20	25	24	20	19	22	22	18	26	21	24	26	24	22	26	23	18	18	27	19	24	21	26	26	19	24	25	18	22	23	28	19	22	28	23	20	24	19	24	24	25	27	23	27	19	25	22	26	27	27	21	27	25	25	24	21	24	27	23	19	24	20	27	20	22
42	42	51	51	47	50	45	49	50	46	48	50	44	49	49	50	44	45	44	46	43	47	50	42	44	51	43	50	46	51	50	46	50	46	49	51	52	49	48	51	45	45	42	52	44	52	51	50	47	43	47	43	43	43	49	48	52	51	46	46	43	46	45	50	51	51	42	47	50	44	45	52	46	43	44	45	50	44	50	50	49	49	51	46	50	45	47	50	48	43	51	48	51	47	50	43	47	48	45	51	45	45	46	51	49	51	45	44	44	51	47	49	43	44	47	45	49	44	48	44	50	50	49	50	42	51	46	49	43	43	45	47	50	45	42	51	46	43	42	46	48	51	43	44	51	48	45	43	45	50	48	49	46	42	49	51	47	45	51	44	51	48	44	43	43	52	51	47	44	47	48	49	49	43	46	49	44	45	52	44	46	50	49	43	48	44	43	43	47	51	49	43	44	48	42	43	46	43	43	49	44	50	44	50	44	44	46	47	52	44	47	49	42	42	50	46	46	48	48	52	47	50	47	48	50	45	42	43	48	51	47	50	44	48	50	50	46	50	45	45	49	48	44	45	47	43	52	48	48	43	52	50	45	48	51	50	43	46	43	44	50	44	51	42	44	52	43	49	51	46	45	50	46	47	43	50	43	46	45	50	43	48	46	49	46	51	45	43	51	45	43	45	51	49	48	50	44	48	50	50	52	45	47	43	50	50	52	44	48	45	43	51	42	43	48	46	43	42	44	46	44	47	45	43	47	47	45	43	42	51	45	42	45	44	43	48	48	46	44	47	51	43	45	48	50	47	48	50	47	43	44	46	49	44	43	50	48	47	45	47	44	43	43	47	51	49	43	51	50	45	49	47	43	50	42	44	50	43	51	44	50	48	46	45	45	43	48	42	43	48	51	50	52	46	44	49	47	46	47	49	42	44	47	45	51	49	44	50	47	49	44	48	50	46	44	51	44	43	51	48	48	42	51	43	42	51	51	48	51	44	45	42	49	48	45	51	47	43	51	46	51	43	45	48	46	43	43	42	46	47	42	44	48	52	50	51	44	46	45	45	46	49	47	50	51	51	47	44	50	46	50	43	44	42	45	52	43	48	51	44	48	45	51	45	44	44	52	50	51	43	46	43	45	46	43	46	46	48	42	51	45	45	48	47	45	50	47	48	51	44	43	52	50	48	44	49	48	44	42	50	46	47	45	47	45	48	48	45	47	44	51	44	42	44	46	43	47	47	42	51	43	50	46	50	48	51	43	45	49	52	43	44	48	43	46	47	48	47	46	43	45	46	49	42	47	46	45	46	45	45	44	52	50	50	46	47	47	46	51	51	42	45	51	44	44	42	49	47	45	51	42	47	45	50	50	43	52	43	49	43	45	42	50	43	44	51	42	44	50	43	48	45	44	50	44	46	51	43	50	50	44	43	52	48	52	48	43	49	51	43	46	50	46	52	51	49	51	47	51	44	48	46	44	52	49	46	51	43	42	44	47	51	45	52	50	47	47	42	45	51	43	50	51	44	50	50	49	48	49	50	47	43	49	43	43	47	51	50	42	47	51	45	52	45	49	52	42	49	46	50	44	43	47	52	45	46	44	42	49	48	43	51	48	51	49	47	51	43	43	46	42	45	44	47	52	46	49	43	51	45	44	44	47	43	49	48	44	52	48	45	44	46	51	42	45	43	46	51	43	48	49	50	46	43	51	45	42	49	46	46	43	45	50	44	48	52	42	42	43	50	44	51	49	46	46	51	51	51	43	47	46	50	52	42	47	42	44	46	46	42	43	50	50	47	49	46	48	47	49	46	45	51	45	44	47	51	49	50	48	50	51	44	47	44	44	43	51	52	49	48	50	45	46	42	47	48	47	44	43	49	49	48	52	49	48	48	50	47	47	47	44	50	46	51	46	46	51	42	46	49	51	51	46	44	49	46	47	47	44	52	43	51	43	44	50	49	51	43	51	44	49	46	47	46	52	43	46	47	44	46	43	52	51	45	44	44	45	49	44	50	45	49	49	50	44	50	50	46	46	52	47	50	48	44	42	46	43	52	48	51	44	48	52	51	46	51	52	45	45	47	50	47	48	48	47	42	51	52	45	49	44	51	49	51	50	50	44	49	50	50	45	45	52	45	46	42	46	44	45	42	49	49	50	49	44	45	50	52	49	42	45	43	49	43	42	52	43	50	51	50	49	47	43	48	42	49	49	48	47	45	49	47	48	49	51	45	45	42	52	49	48	48	44	42	45	43	45	49	50	45	49	51	46	46	43	50	48	47	45	52
37	32	32	35	39	33	34	37	33	37	38	30	31	36	31	37	33	35	31	31	34	36	38	31	37	35	39	38	37	31	30	29	34	38	35	36	29	38	31	39	30	36	33	29	34	32	37	34	33	38	36	37	38	33	31	37	30	29	30	34	32	30	34	32	30	38	29	36	35	31	37	32	33	33	33	36	33	33	31	30	38	39	33	35	38	34	37	36	34	32	38	36	33	33	31	31	32	34	30	35	38	36	32	33	30	38	29	34	30	36	32	33	35	32	37	34	38	34	31	31	32	35	33	37	33	38	33	36	34	35	34	34	34	36	38	35	37	38	33	29	38	34	35	37	33	29	32	30	30	32	30	38	33	37	32	33	32	34	37	38	37	30	31	38	38	34	39	38	38	37	31	32	37	31	37	32	33	34	33	31	37	36	37	31	37	34	29	36	35	37	36	30	31	35	36	29	30	31	38	34	34	38	37	30	32	31	33	29	36	35	31	30	30	32	32	33	31	31	34	33	37	32	39	34	33	37	39	31	38	31	38	39	34	33	34	31	29	37	39	35	37	37	38	33	31	29	36	35	37	37	33	31	34	36	38	31	30	37	31	35	39	31	35	37	36	33	32	32	39	31	33	31	35	35	34	32	38	31	33	29	39	35	34	36	31	33	34	32	39	31	36	30	30	39	32	33	32	33	34	29	34	38	37	34	31	30	37	39	29	33	33	30	36	38	38	36	37	33	30	30	34	35	35	36	35	36	35	37	39	29	35	38	39	33	30	31	30	32	31	35	36	33	33	32	29	30	37	30	32	37	36	36	32	36	32	35	38	29	36	34	33	30	30	38	34	39	37	34	38	35	30	33	38	38	33	36	35	33	32	30	37	38	32	34	37	29	38	34	33	36	37	33	33	35	38	31	32	29	36	32	34	31	30	32	36	35	34	33	35	36	33	30	38	36	30	33	29	33	31	30	36	33	32	30	33	35	37	30	31	30	31	30	38	34	31	34	37	36	31	29	35	31	30	32	35	38	34	36	37	39	36	39	33	34	36	39	33	38	33	30	30	34	32	34	37	31	36	36	33	34	30	34	38	34	30	29	31	33	34	38	37	34	38	39	35	36	31	32	37	29	31	30	36	38	29	38	39	38	31	34	39	32	31	34	35	37	31	32	29	34	35	33	32	33	31	38	34	34	37	38	30	32	37	33	34	36	38	34	37	32	34	32	39	33	39	30	32	38	38	35	37	36	38	39	30	37	39	29	36	37	33	36	38	32	39	36	31	30	31	31	34	38	32	31	33	36	30	29	37	32	34	32	34	32	33	30	31	34	31	33	32	36	29	31	38	38	29	32	35	35	36	31	34	38	30	31	30	35	31	30	31	33	36	37	31	33	34	31	37	38	37	35	31	37	30	32	34	37	29	32	34	29	30	39	32	37	34	35	34	37	33	29	31	37	36	33	34	37	38	30	34	36	31	31	30	35	30	32	29	36	30	33	30	37	39	35	29	35	38	31	30	33	33	32	34	33	31	30	37	33	31	36	36	36	38	32	39	30	37	38	33	37	34	31	32	34	38	30	37	38	36	31	30	35	35	34	30	32	38	33	31	33	36	32	33	29	30	39	36	30	33	35	38	38	33	31	33	32	31	33	31	38	31	34	35	30	36	33	37	36	38	31	36	33	38	38	36	32	32	36	31	36	37	34	34	35	33	34	32	38	31	32	37	32	30	33	33	32	33	31	34	34	32	33	36	30	32	30	35	34	31	30	33	32	32	36	30	34	38	39	33	39	32	30	30	35	36	34	33	32	37	36	30	36	37	29	34	37	38	36	32	35	39	36	39	37	39	33	35	35	30	35	31	29	33	36	30	32	30	39	29	34	30	32	34	36	37	33	37	34	32	32	30	29	31	37	31	34	37	39	30	32	32	37	36	29	38	33	33	32	31	33	35	34	38	34	36	30	30	30	37	36	30	39	35	31	29	31	30	38	38	32	38	32	34	35	30	30	36	33	30	37	38	35	35	35	36	31	35	34	31	37	39	32	37	38	35	37	37	31	30	36	34	39	33	35	30	30	31	34	37	33	32	38	30	31	30	31	31	37	35	38	38	33	32	34	32	30	35	37	35	35	39	39	33	34	34	38	32	31	31	34	33	37	30	34	37	32	29	33	31	29	34	35	29	34	38	31	31	35	31	35	37	38	33	38	35	36	38	39	37	34	30	35	38	32	31	34	37	37	31	39	34	37	38	38	35	38	35	33	36	37	31	31	35	39	33	36	34	34
wj																																																																																																																																																																																																																																																																																																																																																																																																																																																																																																																																																																																																																																																																																																																																																																																																																																																																																																																																																																																																																																							
96	53	99	14	64	95	69	70	21	91	95	60	30	22	73	30	99	86	42	6	34	39	21	50	67	13	69	64	91	3	56	36	41	37	47	68	19	1	19	63	73	20	84	47	25	81	20	73	7	74	8	5	43	35	74	54	27	90	67	5	37	92	36	80	19	57	65	92	46	5	17	61	60	53	12	79	67	43	22	46	74	20	95	41	27	79	59	34	30	41	78	28	62	89	11	82	46	30	39	93	81	77	38	7	100	50	78	59	58	39	40	76	69	91	77	25	10	29	63	58	15	54	35	80	93	56	80	58	17	90	49	73	22	94	14	61	45	67	100	67	20	92	16	21	14	83	44	91	62	30	100	63	60	31	89	68	83	87	77	59	78	6	31	49	37	45	23	85	50	91	35	5	27	11	28	83	85	83	35	49	49	61	32	38	5	41	63	2	28	87	42	50	29	52	47	42	64	78	83	86	25	57	96	57	35	17	56	50	83	17	46	29	31	76	47	36	99	59	40	23	53	76	62	66	48	89	50	45	35	64	26	26	87	98	73	37	16	50	62	69	33	12	77	47	80	66	97	11	69	10	26	27	95	34	49	17	78	70	19	99	35	52	25	88	57	19	75	55	38	66	99	94	96	5	83	48	80	18	50	57	81	81	30	60	67	87	93	20	50	69	48	5	16	87	6	50	60	38	83	79	71	92	95	32	30	79	40	99	34	26	100	75	20	37	78	51	58	62	8	5	3	23	10	74	95	54	10	82	2	25	88	74	75	43	57	19	48	78	8	36	95	45	27	46	90	24	5	23	85	86	90	43	53	44	49	32	19	35	23	95	35	73	76	54	34	26	4	38	10	91	85	35	60	57	22	78	39	4	39	65	71	84	22	87	10	44	41	44	95	23	31	67	25	43	18	64	73	44	2	19	91	96	6	52	74	69	29	18	32	63	23	100	78	49	43	42	53	81	67	67	66	33	36	5	16	39	4	56	21	24	72	46	41	99	33	38	78	47	65	99	65	16	94	69	53	73	93	34	62	34	43	73	61	85	2	11	46	39	63	43	19	29	3	21	17	88	77	80	12	50	68	13	12	64	2	16	79	34	91	96	79	29	15	99	38	99	33	35	86	38	98	69	66	18	64	12	48	45	92	63	42	18	47	37	23	73	12	74	67	48	52	55	98	83	69	71	24	89	82	60	35	35	12	23	21	11	78	37	51	92	70	60	53	9	20	50	80	23	59	63	23	24	70	12	35	90	71	11	30	44	49	54	11	11	98	49	85	84	99	79	97	14	3	8	67	68	51	91	82	11	94	19	36	44	81	59	63	4	57	4	11	95	95	9	56	96	91	15	33	99	26	21	7	66	14	61	98	2	99	32	53	9	66	89	55	13	74	11	67	15	24	48	63	30	90	4	12	80	31	57	36	41	44	11	45	49	52	31	14	62	9	27	96	31	92	31	91	80	20	81	16	69	61	49	33	44	63	52	48	24	4	66	89	30	39	78	31	18	72	78	32	3	6	22	48	67	86	100	78	63	24	42	1	96	11	14	80	66	66	35	34	28	42	60	85	31	24	98	37	9	16	70	56	34	92	72	2	36	7	45	13	48	56	57	48	54	72	27	53	2	30	43	98	74	74	65	24	10	72	28	76	89	12	40	41	3	57	71	13	18	16	18	52	84	82	69	83	54	37	28	97	31	50	49	71	5	18	9	7	86	46	100	4	29	20	35	91	45	78	1	46	84	2	15	70	98	34	39	55	88	87	30	38	5	71	53	71	63	88	89	38	16	1	36	14	69	44	97	43	26	52	89	51	55	16	6	89	6	51	72	78	36	34	2	17	98	82	16	18	83	71	94	56	74	33	3	94	79	78	37	77	2	99	59	74	10	87	27	3	43	30	41	45	59	76	34	34	56	45	69	24	50	22	74	22	10	56	49	11	9	20	87	40	74	36	98	59	43	3	61	72	72	76	87	26	40	13	19	80	91	54	40	73	6	94	13	96	34	90	5	21	58	26	8	23	47	7	50	82	94	90	28	44	34	96	41	36	14	37	67	71	32	68	99	6	96	12	51	80	49	54	55	42	89	29	76	79	61	52	13	87	27	52	91	4	75	8	66	20	24	62	61	64	97	70	74	87	51	91	79	26	20	23	28	40	41	4	25	41	53	31	56	63	61	42	3	43	10	38	91	10	18	63	12	78	22	54	29	81	9	29	95	80	21	78	2	42	97	45	21	6	99	55	9	92	44	87	10	15	63	42	34	55	2	99	49	17	9	21	37
