pij																																																																																																																																																																																																																																																																																																																																																																																																																																																																																																																																																																																																																																																																																																																																																																																																																																																																																																																																																																																																																																							
41	42	35	36	38	35	40	35	34	39	40	36	39	36	38	34	36	37	36	42	36	37	41	38	38	40	42	42	34	38	42	38	40	42	41	36	34	43	38	35	33	38	33	35	37	36	42	39	40	39	41	34	39	39	40	35	40	38	35	41	33	39	39	34	34	37	43	43	43	43	43	41	34	41	42	40	40	37	39	34	35	34	41	39	37	35	40	35	39	37	38	34	36	34	40	40	43	34	43	42	36	34	38	41	33	42	40	39	34	33	41	36	35	34	40	33	38	42	41	42	40	42	37	35	38	40	37	38	42	40	42	38	36	39	38	33	34	36	41	41	36	36	37	39	40	38	37	37	42	35	41	39	42	39	34	40	42	33	40	43	36	36	39	40	39	38	42	39	35	34	36	40	39	41	36	35	36	34	43	33	36	36	40	43	40	37	35	36	35	36	40	40	34	39	42	42	33	39	41	40	39	37	43	39	42	38	36	33	39	36	36	40	38	36	35	35	42	33	36	37	37	33	40	35	37	33	34	36	35	36	42	43	39	35	42	38	43	40	41	42	37	42	43	36	41	37	39	40	41	35	34	36	34	37	34	35	34	41	38	42	35	42	35	40	35	42	34	36	41	34	33	36	40	35	39	40	41	38	35	34	43	38	43	33	37	39	35	40	35	34	39	40	42	34	43	39	40	37	36	39	38	41	42	33	38	38	37	42	33	41	40	39	36	39	36	40	39	34	39	40	34	36	38	38	41	42	37	40	42	40	39	34	39	38	39	41	40	36	37	40	42	43	36	36	37	36	42	37	36	37	34	39	35	38	39	36	37	33	36	37	43	40	39	37	38	35	39	39	38	36	36	39	41	42	40	41	39	41	38	35	34	42	39	33	34	39	33	36	43	38	36	38	40	38	42	34	33	35	37	35	40	37	34	42	40	36	42	33	41	43	42	33	34	39	42	34	33	40	34	40	41	36	38	40	37	34	39	36	39	43	37	34	40	35	39	39	37	41	35	38	36	38	41	37	40	35	34	43	34	42	42	37	40	38	39	33	37	42	41	33	34	40	43	41	34	34	34	34	34	39	40	38	34	36	42	34	38	37	40	41	42	38	33	38	37	40	33	37	34	43	38	41	35	36	41	35	36	35	37	36	41	37	42	34	33	33	34	36	40	42	37	38	35	37	39	40	36	42	35	35	39	33	36	38	42	43	37	38	40	34	35	34	40	36	36	34	40	37	37	37	34	41	40	40	38	34	35	39	41	35	43	42	38	40	35	37	37	42	41	34	39	41	36	38	40	39	36	38	38	42	40	39	37	36	37	41	42	33	39	43	37	38	40	42	42	36	36	38	37	34	40	40	42	37	43	39	37	36	42	34	34	34	38	38	43	37	41	34	41	36	42	35	38	33	41	38	37	40	40	36	36	43	41	42	40	33	39	38	38	37	37	43	34	38	43	40	39	38	39	40	42	36	42	37	37	40	41	38	35	41	40	36	40	43	40	36	43	42	40	37	37	41	35	36	40	36	40	41	37	43	39	38	38	41	34	42	33	41	37	42	35	36	35	33	34	40	40	38	37	39	38	36	36	36	37	43	40	39	38	35	40	36	37	38	37	40	43	34	38	34	35	35	40	42	33	42	38	40	35	35	36	38	39	37	38	43	35	38	41	40	37	37	43	38	42	43	42	39	42	34	40	34	42	40	41	39	35	41	36	38	42	41	40	39	34	36	34	41	34	42	39	38	33	35	38	41	35	39	38	34	34	42	35	39	33	35	38	41	38	35	42	36	42	33	36	36	35	37	42	38	34	36	43	35	41	36	40	38	34	35	36	39	34	42	39	34	38	42	34	42	38	42	34	40	38	39	37	36	39	34	42	36	41	34	34	34	41	42	39	37	38	33	34	37	41	33	43	42	33	39	37	37	33	35	42	36	35	35	37	33	42	42	34	41	34	38	42	40	35	40	41	40	41	43	34	43	37	40	37	34	33	38	34	39	40	35	38	37	33	35	41	36	41	37	40	34	34	39	35	38	42	35	40	40	40	33	36	33	34	34	38	41	37	43	33	39	37	41	36	35	39	41	36	40	43	37	37	41	38	35	34	38	37	43	37	38	38	39	34	40	35	38	40	38	39	40	40	36	39	35	40	36	39	41	35	33	40	37	35	38	37	34	38	38	39	38	35	36	38	40	33	37	37	34	37	42	35	34	36	34	41	38	36	41	42	33	34	43	38	43	38	37	39	39	41	34	34	34	39	39	41	35	42	36	41	35	37	43	42	40
94	93	95	93	92	95	97	93	100	100	91	98	93	96	93	96	92	100	98	97	93	93	100	93	93	93	97	99	99	94	98	92	92	96	96	95	92	97	95	97	92	98	93	100	97	96	93	100	95	100	95	92	92	95	96	100	100	93	91	98	94	92	99	99	95	95	97	94	100	96	98	98	92	95	96	96	98	100	96	99	92	95	96	100	101	95	96	100	97	100	98	91	100	93	91	99	91	98	96	95	92	99	94	93	97	94	100	93	91	94	98	95	94	100	100	96	96	100	96	92	92	94	101	91	95	100	91	100	98	99	99	93	100	96	99	91	96	98	91	92	92	98	95	97	94	94	96	100	97	98	97	99	98	98	97	97	93	95	101	97	95	98	94	96	94	91	101	92	94	93	94	95	92	97	99	100	91	100	94	98	96	92	96	97	95	101	97	91	94	94	94	99	92	98	94	97	97	100	93	99	95	92	92	99	94	94	98	100	93	91	91	93	95	101	97	100	97	95	97	94	101	92	98	94	97	95	94	95	93	99	99	93	93	98	96	93	92	94	98	94	100	94	96	99	100	97	101	91	94	98	94	95	96	91	96	92	91	101	96	94	95	95	93	99	94	99	93	95	94	98	93	98	97	94	99	98	98	99	91	98	96	97	93	98	99	98	91	98	101	92	100	95	93	93	95	93	93	92	93	95	93	96	95	94	94	101	92	100	94	100	99	98	92	99	99	92	101	97	96	96	97	100	95	98	97	98	96	91	99	101	98	94	100	91	99	92	95	93	98	97	99	96	98	97	99	91	93	96	97	100	94	97	99	92	96	93	101	92	95	93	98	93	95	94	98	92	98	100	94	93	96	98	99	94	92	92	99	97	95	93	92	98	97	94	93	99	92	97	99	94	97	97	98	94	95	98	101	97	93	93	94	99	99	97	92	94	94	96	95	93	98	97	92	97	97	94	98	97	94	94	98	95	98	101	95	97	97	97	96	92	98	95	94	96	96	101	93	94	94	94	100	95	93	93	98	96	95	92	100	96	101	97	99	95	97	96	99	92	96	96	101	95	93	99	92	92	93	95	93	99	91	95	99	100	100	93	92	95	92	92	96	98	97	98	92	97	91	92	96	99	96	92	99	94	92	101	92	100	99	94	99	94	100	99	95	100	100	97	95	92	95	99	98	92	94	96	96	99	101	97	93	100	99	97	96	96	100	97	99	93	94	98	98	95	97	101	99	93	99	100	95	97	92	94	95	92	94	100	92	92	91	100	93	97	93	94	93	95	95	95	91	96	94	97	93	99	97	92	99	100	97	92	96	100	92	100	97	101	96	98	94	95	100	93	100	101	100	97	93	100	97	97	97	94	99	93	99	96	94	96	93	96	94	101	100	93	92	93	100	97	100	97	100	92	100	95	93	100	98	98	100	101	91	96	97	99	92	96	94	97	96	91	91	97	95	91	94	92	99	94	92	94	98	100	99	95	93	99	94	97	95	99	96	96	96	96	99	93	94	97	91	93	95	100	92	94	94	98	96	99	96	99	95	99	95	92	96	91	100	92	96	96	101	99	91	91	98	100	91	96	96	92	97	92	97	95	97	99	98	95	91	92	91	99	97	100	93	97	92	94	99	92	96	92	94	98	99	97	93	100	95	99	93	96	91	97	101	94	101	96	99	101	98	94	95	98	98	92	101	98	94	100	100	99	95	100	98	100	94	94	94	98	97	92	95	96	93	98	95	99	99	94	98	92	93	98	93	100	94	95	99	95	97	94	92	94	99	99	98	95	101	97	92	94	100	96	96	100	96	91	92	99	100	94	101	100	92	94	94	92	98	97	100	91	95	95	100	92	98	98	100	94	93	96	99	97	101	94	98	99	96	96	95	96	101	93	91	94	93	101	99	94	95	92	95	92	96	100	95	99	101	99	100	96	94	92	95	101	93	94	97	97	95	99	101	95	94	100	97	100	96	93	98	100	96	97	98	100	98	94	100	96	92	97	97	97	100	98	96	100	100	94	96	95	96	99	92	95	100	97	98	99	100	100	99	91	96	96	91	97	99	99	96	93	94	96	93	92	95	98	97	96	100	95	96	99	98	99	98	98	96	92	98	94	92	92	93	96	98	96	96	100	95	92	93	92	94	99	100	101	95	99	93	97	92	97	99	95	93	98	97	94	100	100	101	92	96	97	94	94	96	92	94	96	98	98	93	93	100	94	95	97	92	91	92	92	100	100	94	100	93	95	95	94	92	101	94	97	100	94	94	94	93	100	91	100	96	94	91	92
71	72	69	72	72	71	77	71	75	74	72	78	79	77	72	73	73	77	71	74	78	78	76	72	72	75	73	77	71	76	79	78	75	78	71	74	73	74	76	79	76	78	70	70	71	75	76	70	72	74	78	73	71	70	74	71	70	75	71	76	76	71	77	78	75	72	71	75	75	78	71	69	75	74	77	69	77	70	78	77	78	74	78	71	71	74	78	73	75	75	76	70	74	76	72	71	76	71	73	70	76	74	77	78	76	73	73	78	77	73	79	76	70	76	77	77	79	70	71	77	70	74	79	71	72	72	70	69	75	73	71	74	79	71	75	79	74	74	78	75	76	70	75	74	78	70	77	75	69	72	70	69	71	72	73	73	74	76	75	78	73	73	78	73	71	76	75	74	78	77	73	72	71	75	78	71	71	73	72	70	74	72	70	75	72	74	79	70	79	73	71	77	78	79	76	73	76	76	76	74	70	77	74	78	76	73	69	73	72	78	77	72	75	73	71	78	74	74	69	77	76	69	78	75	72	76	69	76	71	72	78	72	69	74	74	78	73	72	79	74	79	77	77	77	76	71	77	74	75	79	78	77	73	75	70	69	79	74	73	77	74	71	76	77	71	69	79	78	75	72	74	72	71	72	76	70	76	72	74	72	69	78	74	75	78	79	71	79	72	77	73	72	72	73	70	79	77	73	74	71	74	75	73	71	77	75	70	73	76	78	73	70	75	73	70	76	70	70	70	78	77	77	70	72	78	73	74	73	79	77	74	72	70	78	72	72	78	77	75	76	78	77	77	71	76	70	72	71	71	76	73	74	74	76	79	76	76	74	74	72	71	76	76	77	75	78	74	77	77	70	69	74	73	78	73	79	72	78	73	74	79	70	78	73	73	77	77	69	76	77	70	75	74	76	72	78	74	71	72	72	72	77	71	70	72	70	77	70	78	79	76	70	73	74	69	71	76	71	73	70	77	71	74	71	77	77	70	79	75	77	74	77	78	76	71	72	74	73	70	69	72	72	70	76	73	72	71	73	77	72	72	76	71	70	72	78	77	77	71	71	70	78	70	79	77	75	71	79	72	76	74	73	72	72	71	78	78	71	72	72	76	74	75	70	71	70	75	75	69	71	71	77	75	74	74	72	70	73	71	73	69	73	74	69	70	71	70	79	69	71	71	71	72	77	76	75	74	77	72	79	73	76	70	77	72	78	75	70	73	76	75	74	72	74	79	69	77	76	72	71	73	77	77	78	71	79	71	73	77	76	74	75	70	74	71	74	79	79	77	70	75	73	79	75	76	70	77	79	69	70	69	76	73	76	70	72	74	76	73	70	69	70	75	73	70	71	70	78	72	78	74	77	79	77	79	74	71	73	75	74	78	72	74	76	69	79	76	78	78	78	71	71	76	71	74	77	78	73	71	75	70	79	71	73	76	75	72	75	74	71	72	69	74	70	76	76	69	71	70	76	72	70	73	69	69	75	76	75	69	78	72	75	72	75	70	70	74	75	76	71	73	74	77	70	74	72	79	77	74	69	71	73	70	76	72	74	75	72	78	75	70	78	76	72	70	73	77	71	73	71	74	72	73	73	79	75	71	70	76	72	75	77	72	72	71	78	73	77	75	71	76	76	70	77	73	72	77	75	78	76	71	75	76	77	70	70	73	78	73	78	76	76	70	77	73	77	78	76	69	78	70	71	73	71	70	77	70	73	76	75	71	75	75	75	74	74	69	71	71	76	71	71	78	71	69	73	71	78	71	72	70	74	71	76	78	79	76	77	72	73	74	72	76	72	72	73	71	72	74	70	77	69	70	73	74	75	76	76	77	78	72	72	73	73	79	74	71	70	74	75	74	78	72	78	78	78	74	74	72	70	76	73	78	75	77	76	74	77	72	70	70	75	70	74	69	76	76	69	78	76	72	78	75	72	72	78	77	70	75	76	78	71	77	70	72	73	70	72	76	74	74	77	78	70	78	75	77	73	75	76	74	75	78	69	76	74	70	76	77	77	75	72	71	77	72	74	74	73	78	69	74	78	76	72	79	72	71	72	76	77	75	75	69	72	72	73	74	76	78	76	78	78	78	71	70	73	79	71	72	73	78	76	79	69	78	73	78	71	73	75	72	74	78	70	72	77	78	72	75	74	70	73	73	70	74	71	77	74	78	71	74	73	70	73	76	73	73	73	75	75	69	79	75	74	78	70	75	71	77	71	78	69	75	77	73	78	77	75	79	76	75	71	71	74	76	71	78	70	78	76	77	73	78	77	71	73	75	70	78	78
37	39	40	36	37	39	39	33	43	42	41	34	41	34	34	38	35	36	34	42	36	35	33	35	38	41	41	43	42	35	38	37	37	34	42	37	37	41	38	38	42	43	34	39	41	34	39	40	39	34	36	40	39	38	39	43	41	41	37	35	42	35	38	39	36	43	41	33	37	37	35	39	34	40	35	41	34	39	40	35	37	40	35	38	41	40	35	34	42	41	42	38	40	42	42	34	42	39	40	37	43	42	35	41	36	35	38	43	33	40	43	38	34	35	42	40	35	40	38	41	43	40	40	37	38	36	42	34	41	42	38	37	35	35	36	36	34	38	40	35	35	40	36	34	35	36	42	42	35	41	35	35	34	39	40	40	36	40	34	37	37	43	42	34	41	36	39	36	35	37	38	42	36	39	43	39	40	40	40	42	34	37	43	35	42	41	36	40	34	38	37	36	42	39	37	38	40	41	39	37	42	34	39	41	42	39	42	33	33	42	42	37	40	33	35	36	40	40	38	41	36	37	34	42	38	39	39	36	38	43	36	41	37	42	40	40	41	38	39	35	33	39	33	38	34	41	39	36	33	35	40	41	36	37	40	41	41	35	38	42	34	34	42	41	42	36	35	37	36	34	39	38	43	40	39	43	41	41	43	33	37	37	35	38	42	37	33	42	33	35	41	41	36	42	36	36	40	42	41	41	41	42	33	36	40	42	36	41	33	37	34	38	41	39	37	40	43	37	40	36	41	39	35	36	37	38	38	43	38	34	36	35	35	42	36	39	42	40	39	35	43	35	39	39	40	42	39	38	37	40	42	36	41	39	38	43	36	36	39	42	43	41	34	34	35	39	36	41	35	37	36	38	40	39	38	41	36	38	35	37	42	39	39	37	40	35	36	35	41	37	34	41	39	36	33	40	42	35	35	34	40	37	38	34	37	38	35	35	37	42	42	43	42	40	39	41	40	41	35	41	35	39	41	42	40	42	40	42	38	37	40	36	41	40	39	40	40	38	41	37	34	40	41	38	43	35	34	34	39	43	43	38	41	41	41	34	39	37	36	43	43	37	40	36	39	35	41	40	41	41	41	37	35	39	35	36	33	42	36	37	40	38	38	35	39	35	37	38	35	42	36	36	37	43	36	37	37	43	39	43	42	39	35	33	40	38	36	38	35	41	40	37	41	36	41	40	39	36	41	38	38	38	42	38	37	43	42	35	41	42	41	33	39	38	35	37	36	41	41	36	40	41	40	40	36	40	42	35	38	39	35	39	42	34	41	40	34	42	41	39	43	37	37	38	38	34	35	40	42	42	41	37	39	43	37	37	37	34	41	36	39	38	36	42	34	41	33	35	38	42	36	37	38	34	41	35	42	41	35	43	34	41	34	42	38	39	34	42	40	36	34	40	42	40	39	35	41	42	36	34	39	38	43	36	42	35	39	35	37	34	37	40	41	34	36	33	36	35	41	35	43	42	42	38	42	37	41	37	34	35	39	39	35	35	43	35	43	38	36	42	40	38	43	34	35	40	34	34	41	43	33	40	40	37	40	40	42	36	41	42	33	40	37	41	35	35	37	35	39	36	36	42	42	43	34	38	38	37	41	40	40	34	36	33	38	35	43	35	34	37	33	38	39	38	35	40	36	38	40	35	39	41	41	42	37	34	34	40	42	39	35	42	42	41	40	39	41	40	36	41	38	42	39	38	38	40	42	35	43	38	41	40	35	36	39	35	42	39	37	42	38	37	37	36	39	41	39	43	41	38	38	40	39	34	43	40	41	39	41	38	34	35	35	35	42	37	42	34	37	40	37	35	43	36	38	38	36	41	41	38	37	42	39	38	38	34	37	36	42	38	38	36	39	40	34	36	42	42	36	42	34	38	34	41	38	34	38	33	33	41	37	34	34	34	42	34	39	35	43	43	34	36	35	42	37	35	37	39	42	39	35	35	41	33	39	34	42	34	37	36	37	42	38	39	40	36	42	38	35	42	40	39	42	40	39	33	39	41	35	35	34	40	34	36	42	42	42	34	37	43	36	38	42	33	41	36	37	33	40	35	33	43	41	40	37	35	35	40	35	42	39	39	41	42	34	39	37	37	36	38	40	41	36	40	40	37	35	34	41	38	36	38	35	42	43	35	38	38	41	36	33	40	34	36	37	41	37	41	37	38	37	37	38	42	34	37	37	38	42	39	35	39	43	39	37	38	41	36	43	38	37	39	39	34	42	42	38	41	36	33	39	38	37	41	36	36	34	43	39	40	36	36	36	38	36	41	40	34	35	35
42	47	42	48	44	43	46	44	46	45	47	47	43	48	45	41	47	46	40	43	45	46	46	46	42	49	41	46	47	46	48	42	47	46	47	43	43	41	48	50	48	41	44	48	40	44	48	40	46	49	43	44	43	43	41	43	41	41	49	50	49	42	49	42	42	44	46	44	41	41	47	40	47	41	46	44	41	46	50	50	48	45	45	46	47	47	46	43	47	48	46	50	41	44	42	45	49	49	41	44	48	43	42	49	42	42	48	48	47	50	41	41	41	47	47	41	42	46	43	45	48	43	46	47	40	43	44	41	41	45	45	44	46	43	47	49	42	45	50	42	44	50	48	44	43	50	47	42	41	44	46	44	50	45	44	41	46	42	42	44	48	48	48	40	47	40	48	43	44	40	46	40	49	48	42	47	43	42	44	43	43	46	42	42	48	47	45	44	41	46	44	41	49	43	49	49	40	40	42	49	43	41	46	47	49	46	46	47	49	49	41	41	49	42	49	43	48	49	48	43	49	45	40	44	49	48	46	42	47	48	43	40	49	43	41	49	46	40	42	47	45	47	45	47	46	45	42	45	45	44	43	44	50	40	43	45	47	44	47	49	47	40	47	41	42	47	46	50	41	48	49	50	40	44	41	42	44	46	41	46	45	47	48	40	49	50	40	47	40	40	44	47	45	47	44	46	45	45	41	49	50	48	43	46	41	48	49	44	45	46	47	40	50	47	42	41	46	48	42	42	45	49	50	46	43	49	40	47	44	49	43	49	44	44	49	41	49	45	47	41	42	49	49	48	44	41	48	41	43	42	46	47	46	45	45	43	49	50	45	47	41	49	45	49	44	49	43	41	45	46	42	45	49	44	44	45	49	43	48	49	49	41	49	45	41	40	40	41	41	41	43	44	45	47	40	44	42	47	40	42	40	43	44	42	49	50	43	44	42	40	48	40	45	47	48	41	40	41	46	43	42	40	41	42	42	43	42	44	43	44	47	42	40	50	44	46	45	49	47	49	40	48	45	42	40	40	41	47	47	50	43	50	43	42	44	45	47	49	44	48	44	48	42	43	40	45	41	46	49	49	46	47	44	50	45	41	48	48	49	44	44	49	41	48	45	42	43	45	41	44	41	49	43	43	43	46	46	45	42	46	47	49	41	46	40	48	47	46	48	46	49	48	42	46	46	43	47	44	44	49	45	44	44	47	44	50	47	43	41	49	49	46	44	47	48	46	40	49	44	49	49	47	47	47	42	49	42	41	41	45	41	40	49	44	49	46	48	41	41	45	45	47	48	45	49	43	42	48	45	47	41	45	44	42	42	47	49	42	45	44	46	42	41	44	40	44	46	44	47	44	47	47	47	44	41	45	50	43	42	49	44	41	41	43	41	45	42	42	44	46	43	46	46	46	41	41	43	41	46	46	41	49	48	47	46	45	43	45	42	44	48	46	49	46	46	44	45	43	43	48	48	48	41	43	49	48	41	42	45	46	46	45	44	44	46	42	45	46	43	42	40	48	41	47	41	46	49	46	48	43	42	48	48	43	41	44	46	48	46	43	47	45	42	44	42	43	45	43	45	48	47	50	44	41	40	49	49	45	41	43	46	41	45	43	48	41	45	47	50	40	46	45	42	48	42	50	42	42	48	41	46	41	46	49	49	48	40	43	43	40	46	47	43	44	43	50	48	46	45	48	47	48	41	42	49	42	41	47	49	47	42	42	44	48	48	49	50	43	41	40	47	50	40	48	41	44	43	50	46	40	47	45	49	48	49	44	43	44	47	49	43	41	46	41	45	48	45	40	43	45	46	47	46	44	50	42	41	42	43	46	45	47	44	42	48	45	46	41	43	45	49	48	40	44	42	47	44	49	42	44	44	45	40	47	46	40	42	41	44	41	45	44	45	47	48	41	47	42	45	41	44	49	43	41	47	42	42	50	42	42	40	41	40	49	48	42	40	47	48	42	41	41	47	46	47	41	48	46	43	46	40	43	47	49	43	48	46	41	49	48	48	41	44	50	46	48	41	50	46	44	43	43	42	42	48	41	49	47	40	50	40	42	43	48	41	50	45	45	48	46	45	50	50	41	48	49	47	44	49	46	46	43	42	41	47	50	46	42	48	49	45	46	50	41	47	41	45	50	42	42	44	44	43	46	44	48	48	41	44	41	46	43	46	47	45	45	48	47	40	42	46	45	46	46	41	49	41	43	43	49	45	48	48	44	50	47	47	46	48	43	42	45	42	43	41	44	44	47	43	46	44	41	47	47	43	42	42	47	42	45
57	57	63	54	61	54	57	60	55	59	53	59	62	58	62	60	53	57	54	55	54	62	58	58	53	54	57	59	58	53	60	61	61	62	55	57	56	62	58	57	61	56	59	56	60	54	58	53	58	58	55	58	60	62	58	59	60	54	55	57	55	54	60	56	58	63	57	62	53	62	55	57	58	58	59	55	62	62	55	59	63	53	55	63	61	62	59	60	57	60	58	58	55	55	60	59	59	56	61	55	59	54	58	60	59	57	57	56	54	56	59	56	54	53	62	61	59	55	63	55	58	59	54	57	58	62	61	56	59	55	63	60	57	60	53	62	55	55	61	62	62	62	55	59	61	57	54	55	58	56	55	57	59	62	56	61	56	55	60	62	59	57	56	54	58	60	55	58	61	55	62	56	61	62	53	58	55	56	59	62	58	57	62	55	62	60	57	55	56	54	54	60	59	54	62	63	61	58	56	55	58	59	56	59	61	58	61	53	54	57	62	59	55	59	60	59	57	55	59	61	58	62	58	54	61	59	54	56	56	58	53	59	59	58	60	55	58	55	55	60	54	61	54	63	57	59	59	61	57	60	59	54	61	54	57	58	61	53	55	62	53	59	58	56	61	55	54	61	61	56	55	55	53	55	60	56	60	59	61	56	57	54	62	53	58	61	57	62	53	59	63	59	58	63	54	60	56	60	60	56	58	59	59	59	62	60	62	62	57	58	59	60	55	56	55	56	60	63	56	53	54	53	59	56	58	62	63	56	54	57	58	57	61	62	57	60	61	56	54	54	59	57	56	59	60	62	62	53	57	59	58	57	56	62	63	60	58	57	62	58	60	62	57	55	57	61	56	62	56	58	63	59	60	53	56	60	55	57	56	54	59	60	60	57	57	54	56	62	59	55	58	60	58	62	60	59	53	62	54	60	56	57	59	55	55	56	53	59	57	59	59	60	62	55	55	59	61	58	55	58	63	53	54	54	60	62	60	55	59	55	53	57	54	56	59	59	63	54	55	59	55	61	63	61	59	54	61	58	59	63	61	56	53	54	60	59	54	62	53	60	61	53	56	60	55	55	59	56	55	54	61	54	54	56	62	57	54	57	56	59	58	54	61	62	53	53	56	62	56	59	61	63	61	53	62	57	55	56	58	59	60	57	54	59	63	57	53	59	59	54	60	62	56	55	61	57	58	56	59	53	59	53	58	60	56	59	54	55	57	62	58	56	60	61	59	59	61	53	54	54	54	53	56	54	62	56	54	54	60	59	53	59	56	62	55	63	55	57	56	60	59	55	59	59	56	60	62	58	60	61	53	55	58	61	60	55	55	62	56	59	60	59	59	63	57	56	61	60	62	61	56	63	56	55	57	63	58	55	59	61	55	60	62	57	57	63	59	61	60	57	56	57	59	63	58	58	61	59	53	54	56	61	62	56	63	58	58	53	54	58	59	56	53	54	62	60	57	59	60	60	62	62	57	59	57	60	56	60	59	60	58	58	61	54	58	59	62	55	55	61	56	61	60	59	54	61	56	58	59	56	54	57	62	62	55	60	54	58	62	59	61	58	56	53	53	60	60	56	57	58	56	61	63	63	60	59	59	62	59	62	55	58	62	62	58	57	61	54	61	58	62	61	54	57	55	63	60	63	59	59	55	56	54	56	57	58	62	58	56	61	56	60	63	55	61	57	56	57	63	53	58	63	63	61	58	62	57	59	63	57	63	57	57	54	58	62	54	60	54	55	58	61	54	62	55	55	55	62	58	60	61	60	60	61	60	59	56	59	59	62	60	58	54	62	61	57	57	60	59	56	54	60	55	60	54	53	59	57	54	56	53	59	53	59	55	57	56	55	58	56	54	61	53	57	60	58	61	53	61	55	54	55	63	62	56	54	63	63	55	58	57	54	55	53	62	58	55	62	59	56	59	57	56	53	56	60	57	54	59	58	57	55	57	53	56	60	55	57	58	56	57	57	61	54	58	54	60	57	58	56	63	53	54	56	58	60	62	56	62	54	60	61	60	57	60	59	55	62	58	56	59	54	58	53	60	59	58	56	61	62	60	58	58	60	58	53	55	53	59	62	57	55	56	62	56	53	61	59	57	60	61	57	58	57	58	60	54	61	62	59	60	57	55	60	58	60	53	61	60	58	60	58	59	61	61	59	56	58	57	54	54	61	58	56	61	54	54	55	61	56	56	61	57	55	62	62	55	58	57	57	59	56	57	59	56	58	61	61	53	56	58	61	58	61	54	59	53	56	57	58	61	54	57	53	61	55	61	55	57	63
71	65	67	63	66	70	67	72	70	63	62	70	63	67	64	64	64	65	70	69	67	70	62	70	72	65	66	63	67	63	64	63	66	68	71	68	65	67	69	64	71	65	68	68	70	68	69	65	68	69	70	67	67	65	70	67	63	71	71	62	67	71	64	67	72	65	62	72	66	67	64	71	64	68	67	68	68	64	68	65	66	72	71	65	67	68	70	70	66	65	62	71	71	63	66	64	72	70	66	69	67	67	66	70	68	64	69	72	67	70	63	66	69	67	63	69	63	65	69	63	63	70	71	68	63	71	68	64	65	69	72	69	68	66	66	63	64	70	66	69	62	72	71	71	70	67	68	71	64	69	69	62	70	65	64	64	63	66	65	72	66	69	67	67	62	65	67	72	66	69	62	64	69	66	71	68	69	71	63	62	69	72	67	68	69	64	71	64	66	71	66	62	67	65	71	67	67	68	65	69	66	64	66	72	72	63	69	70	66	63	63	71	63	63	70	65	69	71	72	67	68	69	67	63	70	67	70	70	64	67	71	64	69	67	70	65	65	71	71	71	66	63	65	63	63	65	64	63	63	71	66	64	65	71	68	71	67	62	68	65	62	68	64	66	70	63	65	65	63	68	68	66	69	72	66	67	67	64	67	70	71	67	71	70	68	68	68	66	66	69	67	64	70	71	64	71	65	71	66	69	70	70	65	70	70	66	63	67	65	71	71	63	71	71	71	71	70	70	64	68	68	67	62	62	68	64	69	65	63	69	63	71	70	62	62	70	70	71	69	65	68	68	65	66	71	64	67	70	69	62	67	69	68	66	67	69	66	68	69	72	65	68	67	70	65	63	72	64	69	67	63	69	64	63	63	66	67	67	66	63	68	63	64	69	62	68	69	66	63	71	63	68	70	66	66	62	68	65	69	71	63	66	70	63	65	68	69	64	68	66	62	64	65	65	70	62	67	70	66	68	70	70	68	64	62	65	64	64	71	65	67	68	64	71	71	72	70	71	67	67	66	65	67	71	63	72	63	63	68	66	64	64	67	63	66	64	69	66	71	71	64	69	71	66	64	67	64	69	69	66	70	72	66	64	70	66	66	70	68	66	70	63	71	66	71	69	63	68	63	64	70	68	69	66	68	71	64	68	62	66	63	65	63	65	66	62	70	71	64	71	63	66	72	67	70	65	70	72	70	65	67	62	69	71	64	72	67	62	66	64	68	65	68	66	69	68	65	67	68	63	68	69	70	63	63	72	63	71	63	71	63	66	66	71	65	68	64	66	67	67	62	71	62	70	68	69	67	67	64	69	62	66	71	71	70	64	64	62	69	66	69	71	71	65	64	64	70	72	70	65	63	69	70	71	65	65	69	64	64	67	63	70	70	69	72	66	72	65	69	66	68	62	68	67	66	63	71	64	66	68	67	64	68	64	70	62	68	71	68	67	68	66	67	64	63	65	64	63	63	71	64	70	71	63	66	66	65	64	64	67	62	69	69	67	63	64	64	71	68	64	70	68	71	71	64	64	69	69	69	71	67	64	65	71	69	69	67	69	66	67	70	72	65	72	65	69	72	63	64	65	67	69	69	65	64	69	62	71	64	66	71	71	70	64	63	72	68	62	67	67	65	64	64	64	64	69	64	71	68	71	71	65	68	69	72	65	70	68	68	62	63	71	66	64	72	67	64	71	68	70	65	64	64	69	64	65	64	64	71	68	66	68	62	66	69	66	69	63	71	70	67	62	66	72	71	62	67	68	64	67	62	66	63	67	67	70	69	67	71	70	69	67	65	70	65	66	64	71	67	68	71	65	64	66	65	65	64	70	69	70	66	66	63	68	68	65	65	64	62	72	69	63	70	68	62	65	72	71	68	63	69	67	65	65	68	69	69	64	70	69	66	66	67	66	62	72	64	68	67	64	72	67	63	71	64	70	68	72	68	71	70	71	66	64	72	64	67	70	67	64	71	70	68	70	63	62	66	69	62	66	70	66	64	64	63	72	70	65	69	64	67	64	71	67	71	63	66	67	62	63	71	71	69	66	71	68	69	65	69	64	65	72	66	69	71	71	68	63	67	64	67	70	71	70	66	68	72	67	64	69	68	66	64	69	69	64	72	70	63	67	63	63	69	71	64	70	70	63	70	66	63	67	65	70	67	64	65	72	66	63	69	71	63	70	71	66	65	72	67	69	65	71	66	65	63	68	69	69	65	68	71	67	64	70	70	66	63	69	70	67	64	69	65	68	68	68	64	68	63	64	65	65	69	69	65	63	71	72	69	71
49	47	53	50	49	51	47	53	54	54	52	49	51	47	45	51	45	48	54	51	54	53	52	50	52	48	47	50	51	52	46	52	53	53	54	54	49	47	46	50	45	45	54	52	47	53	54	47	52	54	46	48	49	49	49	49	54	52	51	54	53	48	48	51	50	49	52	48	54	48	52	52	47	47	50	50	46	53	46	55	50	45	49	54	55	47	49	52	50	46	51	54	49	53	52	46	48	53	51	48	52	51	50	49	48	50	46	51	48	45	54	48	52	46	54	48	49	51	51	54	50	54	45	53	52	52	46	49	47	49	49	49	52	48	47	50	45	50	50	46	51	53	54	46	51	51	53	52	50	50	52	49	50	46	50	52	48	52	49	53	49	50	51	54	48	50	55	50	51	52	51	47	50	51	54	51	46	54	50	55	52	51	47	49	47	50	50	51	48	46	54	53	48	51	52	50	51	48	55	52	53	53	50	49	51	52	50	49	54	49	52	54	51	48	45	50	51	46	45	47	50	45	48	48	45	50	50	54	47	49	50	47	49	53	54	52	51	51	48	51	50	48	53	49	55	46	48	49	51	48	52	51	54	45	53	48	51	50	55	51	54	50	55	46	52	48	52	45	52	51	51	51	54	54	49	54	54	47	53	55	50	45	55	51	48	51	50	52	46	51	55	49	48	51	49	45	48	48	50	51	46	45	52	49	45	48	54	52	49	54	53	47	51	54	48	48	49	46	49	52	54	48	53	51	52	46	54	52	49	52	46	49	49	46	49	54	51	52	51	50	49	50	53	52	46	49	48	52	54	48	49	47	49	54	51	53	52	52	50	47	50	52	53	48	51	52	49	47	52	52	52	54	50	55	48	54	50	48	49	55	47	47	47	48	51	50	47	52	47	48	54	51	51	45	50	48	54	55	48	51	51	50	50	55	53	46	48	50	48	50	51	48	45	53	52	48	45	50	47	51	53	49	46	51	48	52	45	50	51	45	49	52	48	48	49	49	54	50	52	47	48	53	52	53	53	48	51	46	54	47	46	55	45	52	51	55	54	52	45	48	47	52	49	48	49	48	52	46	49	52	53	49	51	47	45	53	54	53	49	47	50	55	46	47	47	47	45	55	54	51	45	52	53	55	46	55	55	47	48	45	48	52	51	45	48	54	46	51	47	49	51	50	51	49	55	50	49	53	51	49	47	50	48	51	48	47	46	51	51	47	46	48	52	47	48	46	46	54	50	52	51	52	53	54	47	49	46	46	47	50	47	53	55	52	49	49	51	46	45	47	49	52	51	46	49	49	54	49	45	46	50	49	52	48	46	54	53	47	45	54	54	47	53	47	51	49	48	49	50	55	53	54	53	49	53	46	52	48	49	49	52	55	52	52	50	49	47	48	51	46	50	46	47	46	46	53	47	54	49	51	53	47	47	52	55	47	52	48	52	53	52	55	46	51	46	54	54	48	52	48	47	50	55	50	51	48	53	52	46	49	46	54	50	50	52	48	53	54	48	47	46	46	50	53	51	46	51	54	46	47	49	46	45	45	46	53	55	53	45	49	46	54	53	51	46	49	53	52	49	50	46	53	54	50	53	52	50	52	49	50	54	47	53	50	53	48	51	51	54	52	50	52	55	47	51	46	54	55	54	46	54	47	46	51	53	49	46	50	48	54	47	49	48	53	47	53	50	54	52	51	52	54	46	48	54	52	47	52	54	54	52	51	46	45	54	46	53	53	50	51	54	51	53	52	50	49	49	51	49	47	45	45	52	46	49	53	55	47	52	50	55	48	54	46	51	50	47	52	47	49	47	52	47	51	53	45	49	50	54	48	53	49	47	47	48	48	50	55	53	48	45	52	52	50	51	50	48	46	50	53	51	50	53	54	51	52	48	51	53	55	46	47	48	51	53	47	50	49	53	49	46	55	48	47	55	54	51	52	48	52	49	47	50	52	48	53	53	49	52	46	45	45	50	52	51	55	48	47	46	50	47	47	52	47	47	51	48	51	55	46	54	55	45	52	53	53	49	50	50	54	50	48	47	50	50	55	53	45	54	47	54	52	54	49	46	47	52	45	51	48	54	49	50	52	48	55	45	46	47	54	55	48	49	54	50	51	52	47	52	54	46	48	49	46	52	49	48	51	47	54	47	49	55	51	55	55	54	49	48	48	52	46	46	50	47	47	51	46	53	48	54	48	55	50	48	53	45	54	54	52	51	52	47	46	52	51	47	50	49	50	49	50	46	45	54	54	50	53	52	50	51	52	47	51	50	46	45	53	55	46
36	30	39	39	39	32	38	34	36	31	40	39	39	36	35	30	35	38	34	38	38	37	32	30	40	40	33	39	31	36	38	32	31	30	39	39	39	33	39	34	36	30	38	38	38	39	34	39	35	35	36	32	31	32	34	35	36	30	30	39	32	34	31	38	37	32	36	33	37	37	33	32	34	33	32	33	37	33	32	36	36	30	35	37	34	31	38	34	33	31	30	35	37	36	32	35	30	33	32	30	31	38	33	31	40	31	38	31	39	31	31	38	36	34	36	37	35	34	35	38	39	36	36	35	32	31	34	31	37	32	32	39	35	38	35	34	33	33	31	38	31	39	38	38	38	33	34	36	33	37	35	33	32	39	40	38	36	35	40	37	36	37	34	32	38	39	39	39	40	38	31	36	32	33	34	39	35	32	37	39	37	40	31	40	38	38	35	38	38	31	38	37	39	30	31	32	39	33	31	32	36	33	39	33	35	40	32	39	32	34	34	36	31	33	35	38	30	37	39	31	31	32	30	38	37	34	40	38	36	33	34	31	35	36	31	34	35	40	39	38	32	39	30	32	31	34	32	32	31	39	39	35	32	38	40	32	31	39	38	39	39	39	34	33	36	31	38	33	36	30	37	31	34	33	33	34	31	36	38	35	38	36	33	35	39	36	34	37	30	36	35	33	39	33	32	39	31	38	38	33	32	30	35	36	36	30	38	40	32	40	31	39	35	34	37	31	34	32	40	36	32	40	32	39	36	31	35	38	32	34	37	32	35	31	39	38	36	30	38	35	36	32	37	36	33	31	35	36	34	40	36	34	40	38	33	37	34	37	37	34	37	32	35	39	32	31	33	34	32	37	38	38	37	39	31	35	37	32	37	36	36	37	32	40	37	34	38	33	33	35	38	36	38	33	33	30	33	35	35	32	35	38	33	34	33	34	31	30	39	31	38	36	38	34	38	31	38	31	30	34	39	40	37	36	35	34	40	34	30	38	33	34	32	39	40	37	38	32	31	34	32	36	37	38	35	32	31	36	31	31	34	31	39	40	32	32	31	31	32	35	32	34	33	35	39	33	38	35	36	38	32	35	37	30	40	37	34	32	39	40	33	36	38	37	36	36	36	35	36	35	33	30	34	31	37	31	39	30	35	34	38	32	32	32	32	39	38	36	36	31	36	36	31	38	33	32	34	33	32	38	40	31	33	35	39	31	35	35	40	32	34	35	34	38	33	39	31	37	30	34	32	38	37	30	37	35	35	36	36	37	38	40	36	39	37	39	35	30	31	37	37	37	37	32	34	36	38	39	32	36	36	33	34	39	34	35	32	36	33	38	30	33	38	38	34	33	37	38	33	37	36	33	37	31	38	37	39	31	38	32	36	34	36	36	37	38	33	37	32	36	40	39	36	33	35	39	36	36	30	36	33	33	32	35	38	38	40	38	35	40	33	40	37	36	30	39	36	33	40	35	36	40	36	40	36	37	30	34	38	33	39	37	40	39	32	40	33	37	34	39	35	37	38	36	39	34	36	34	35	36	40	37	31	35	36	33	37	39	38	32	32	34	36	37	40	35	34	34	34	30	31	33	39	35	32	40	32	34	36	32	32	34	40	30	36	31	35	37	33	34	32	36	35	39	35	32	34	36	38	31	36	34	33	33	40	31	36	38	33	39	37	39	31	32	33	39	34	38	39	39	36	35	33	33	35	37	36	40	36	32	35	38	37	34	40	30	37	31	38	31	39	32	30	39	32	32	39	31	37	32	38	30	31	34	40	36	33	33	38	33	31	37	39	37	34	36	33	31	32	35	31	34	31	32	31	33	35	39	33	38	38	39	38	30	36	36	35	36	36	39	33	31	36	30	34	33	36	33	31	35	39	31	35	33	31	39	35	32	40	37	36	39	35	32	31	40	31	34	38	35	31	35	30	34	33	31	38	31	32	37	31	33	31	33	39	31	37	36	38	32	30	37	35	35	38	39	37	32	39	36	35	35	37	39	37	40	31	32	34	35	39	36	36	39	34	33	32	35	33	37	37	37	31	37	39	31	36	37	37	32	31	31	38	34	39	39	37	32	35	38	31	32	36	37	36	32	39	30	32	30	39	36	33	36	35	38	35	40	39	34	32	38	39	37	35	33	39	40	38	37	40	39	33	32	37	37	32	38	36	31	34	35	40	38	36	33	33	36	31	35	36	33	36	31	39	38	40	39	35	32	34	31	38	36	35	32	37	32	31	33	32	34	37	36	39	32	37	32	37	39	33	33	31	33	34	30	31	36	36	34
40	48	40	48	45	44	46	48	41	47	43	46	45	45	45	49	43	45	39	40	43	40	42	44	47	47	46	42	48	41	46	42	46	40	47	43	46	46	47	46	46	47	45	47	41	44	45	43	45	40	42	40	40	46	42	45	46	44	47	41	40	40	44	40	47	43	47	48	43	45	47	41	39	48	48	47	46	47	47	42	43	49	46	41	46	46	48	40	48	45	44	44	43	39	42	49	44	42	40	45	47	41	48	46	42	39	48	45	40	49	44	46	44	43	45	43	44	39	47	46	43	44	47	46	45	46	41	46	43	46	40	46	45	49	46	44	45	47	41	45	39	46	40	46	41	47	47	41	45	48	44	49	45	43	48	45	43	40	40	45	47	48	43	46	41	45	43	44	44	48	41	49	42	40	46	46	41	44	42	47	46	46	43	42	47	42	46	41	41	47	45	47	48	41	47	44	42	41	46	39	46	40	46	45	49	43	41	41	45	48	48	42	47	44	39	45	39	48	48	40	43	44	46	48	42	42	46	47	44	39	43	46	44	42	47	45	40	43	47	44	43	46	43	43	49	48	47	45	47	43	43	47	45	46	42	43	44	45	45	43	47	46	47	41	44	46	48	43	47	42	42	40	46	43	42	44	47	47	41	41	49	39	39	42	42	39	40	40	43	47	40	43	43	45	45	48	39	40	41	47	41	39	45	39	42	48	42	47	46	48	46	42	44	41	44	47	45	49	49	43	44	42	45	45	49	44	40	43	42	46	46	40	39	48	48	43	46	39	44	43	41	42	44	46	43	45	41	45	42	47	40	44	46	45	45	43	42	42	48	43	40	42	48	42	47	42	46	43	39	40	41	42	44	44	41	41	44	41	42	46	40	41	48	41	46	47	45	47	41	44	41	43	44	42	46	46	45	42	46	40	41	43	45	42	47	45	41	41	41	42	41	47	42	44	44	49	48	44	39	47	40	49	47	40	43	45	48	43	49	40	44	48	42	44	46	46	40	45	47	44	44	46	46	42	43	48	44	48	44	48	42	46	46	47	46	45	41	46	41	42	40	47	43	43	44	47	43	43	42	44	40	42	44	44	49	45	42	45	46	43	39	41	48	47	43	44	44	40	45	42	44	43	44	45	42	40	47	44	47	45	46	44	43	39	40	45	49	43	47	47	48	42	47	43	49	41	44	48	42	49	49	45	46	48	48	43	40	45	44	44	45	45	41	42	40	48	47	41	41	42	49	40	44	47	48	40	45	42	46	47	47	46	45	47	47	48	48	40	43	40	46	43	49	44	44	42	45	46	48	45	48	48	39	46	40	42	48	43	46	47	39	43	46	45	43	43	45	46	44	41	46	41	45	47	42	48	40	43	46	43	48	44	48	43	46	39	48	46	40	42	47	46	41	41	43	44	48	43	40	45	46	42	49	44	46	44	45	46	48	48	43	40	49	45	40	42	40	42	39	40	42	42	45	45	46	45	49	40	42	39	43	43	48	42	41	47	46	40	47	48	44	46	40	40	45	42	40	48	41	47	40	46	44	46	40	48	43	43	43	48	42	47	40	46	41	45	42	43	47	41	45	40	46	41	43	39	46	46	48	47	46	42	41	48	45	44	48	45	41	45	43	44	41	47	45	46	40	48	49	43	48	40	46	41	43	48	43	48	40	46	45	43	44	45	48	47	48	40	41	43	46	49	41	49	40	41	43	40	47	40	42	46	42	47	42	48	47	48	46	47	42	41	49	41	45	48	43	45	48	40	44	41	42	41	43	44	46	39	45	47	41	41	48	48	40	40	44	44	43	39	47	48	46	48	49	46	45	40	46	39	49	41	45	41	43	45	43	42	41	39	44	45	44	48	40	47	42	46	39	39	40	47	41	48	40	43	44	44	42	43	48	41	45	49	47	44	48	43	42	39	40	41	46	42	41	42	43	47	42	49	47	44	46	47	48	48	49	44	46	43	46	44	47	44	45	45	48	48	43	47	42	40	48	44	39	47	40	47	42	47	39	42	48	41	48	47	48	42	48	47	45	42	39	43	45	40	42	42	39	43	41	43	41	46	47	48	42	47	44	40	44	45	41	44	49	39	43	47	43	46	47	42	44	48	46	41	47	44	39	47	46	40	42	48	47	44	41	42	46	43	46	42	46	47	41	48	41	47	41	43	47	43	41	40	42	48	42	48	48	43	41	40	41	45	44	41	48	46	48	43	49	45	49	42	46	45	41	40	40	44	41	45	41	44	49	47	48	41	40	46	47	45	45	45	41	49	46	43	39	46
105	99	103	102	107	105	104	103	100	106	107	103	104	101	103	105	105	104	104	104	100	104	99	109	102	99	104	104	104	107	107	107	104	100	99	103	102	105	103	104	105	99	100	105	106	102	102	103	105	106	103	104	106	101	104	103	103	104	102	108	102	102	105	105	102	103	109	108	100	105	100	102	101	100	103	104	106	104	101	105	101	101	100	106	105	100	108	99	109	109	107	103	106	103	108	103	106	102	108	104	108	104	104	100	104	104	100	102	104	105	107	102	102	101	106	107	104	107	105	100	106	104	108	100	99	102	101	103	99	105	106	109	109	108	102	99	99	109	103	103	103	106	100	106	103	102	99	105	108	100	106	109	109	100	101	107	104	101	105	108	103	103	99	104	103	106	108	102	108	104	108	106	103	99	102	109	106	107	106	104	107	104	106	100	109	102	101	107	104	103	108	109	102	107	100	109	101	105	104	108	105	108	100	102	100	102	107	104	104	108	107	101	105	107	100	106	108	106	107	99	108	101	105	106	101	104	104	100	100	104	104	102	102	105	101	99	101	107	107	103	107	108	108	107	99	102	104	105	100	105	104	104	106	104	100	102	104	105	102	107	100	103	100	100	102	107	108	103	103	103	107	107	99	107	103	107	104	102	106	103	100	104	102	101	109	99	104	104	103	108	107	105	102	107	99	101	104	105	102	100	100	100	100	104	103	109	107	102	99	104	101	109	108	108	103	102	105	107	102	100	107	107	100	106	103	107	101	104	108	102	109	104	103	103	104	104	105	106	107	105	103	105	100	100	102	104	104	108	104	106	104	100	101	100	106	100	107	107	108	109	106	101	106	100	100	101	106	102	101	103	99	101	102	109	100	108	106	105	102	101	104	102	109	102	109	100	108	107	99	104	106	105	104	106	103	106	101	101	103	107	106	106	102	104	100	107	101	105	102	108	101	107	106	100	100	108	107	107	103	105	106	108	108	102	107	102	99	100	105	101	108	106	106	101	108	106	109	101	108	107	102	105	105	103	102	105	100	106	105	100	107	103	99	102	102	106	108	107	103	105	105	101	106	107	102	102	106	100	101	107	108	109	106	102	103	105	109	103	104	106	107	108	104	108	104	108	100	102	101	104	108	109	108	104	105	102	104	108	99	104	108	100	106	104	109	108	104	107	101	109	103	109	107	100	102	99	109	101	109	100	106	106	103	104	102	108	100	104	102	103	101	100	105	105	104	107	103	106	104	100	104	109	105	101	107	107	105	109	99	105	99	100	101	106	104	102	106	105	103	108	99	101	102	106	100	99	109	107	104	100	100	104	100	106	102	108	103	104	101	103	102	104	107	105	106	102	99	100	105	105	103	109	101	100	108	104	109	100	105	108	103	107	104	108	102	99	108	101	105	102	108	109	102	103	105	109	100	104	101	106	100	105	106	101	100	107	99	109	104	99	105	105	105	109	100	103	99	101	105	104	108	106	103	103	109	104	100	107	106	102	108	106	105	102	100	99	105	104	100	100	108	107	107	104	105	102	108	102	102	103	100	102	109	104	105	103	106	106	100	100	107	104	99	104	104	103	100	104	106	105	109	104	103	105	100	105	102	102	101	107	104	105	104	104	104	107	109	101	109	100	103	103	108	103	101	109	104	101	100	107	106	107	109	103	104	109	109	109	106	106	108	105	106	104	101	101	108	107	101	109	106	107	100	100	102	106	107	99	102	106	101	100	109	104	101	107	103	103	107	107	99	101	109	105	103	108	108	103	105	103	107	100	99	109	101	104	106	100	100	103	99	106	102	103	104	105	101	99	103	106	104	99	104	107	103	109	104	100	100	107	99	102	104	104	105	106	105	101	104	101	101	105	103	102	100	100	105	100	101	104	104	108	104	100	102	103	105	100	106	101	105	108	106	107	107	101	103	102	104	107	109	108	105	107	105	102	101	105	101	102	102	101	100	102	105	103	99	100	104	103	103	106	102	107	106	106	108	109	99	100	100	103	108	100	106	102	100	105	100	108	104	105	101	103	102	99	107	107	107	104	102	109	104	104	107	101	107	103	109	101	101	108	100	100	109	102	106	106	103	101	101	99	103	106	107	104	103	101	105	105	107	104	107	108	103	102	106	104	105	99	100	105	104	107	104	100	108	108	109	103	103	101	105	99	100	105	99	102	103	108	108	100	105	108	105	100	102	108	108	104	103	102	106	109	107	108	108	103	107	106	108	107	106	102	103	101	106	103	106	101	107	105	104	108	103	101	101	101	102	108	100	105	104	106	102	107	100	103	105	104
62	63	67	60	69	66	68	61	65	62	70	68	66	61	68	65	69	60	60	64	64	60	66	61	62	61	66	60	60	66	61	68	63	66	61	67	69	61	64	64	63	68	61	64	66	64	69	62	65	63	68	62	69	66	64	67	66	66	64	70	69	67	69	61	64	65	63	68	65	62	65	63	66	69	64	61	60	62	64	69	64	65	64	65	64	68	69	61	66	68	69	67	62	66	69	67	68	62	63	66	68	65	61	69	62	67	61	62	65	61	66	69	65	63	60	65	69	68	62	64	61	62	66	61	61	63	64	64	69	66	64	65	64	64	65	66	67	69	62	61	64	68	69	68	68	60	70	63	62	60	61	67	63	62	61	65	69	63	69	62	66	68	62	63	63	65	64	60	63	69	62	60	63	62	63	69	66	68	62	61	67	62	65	66	66	64	62	61	66	69	60	64	67	66	63	64	69	66	62	66	69	63	66	64	60	67	61	67	66	60	68	61	61	61	63	61	65	70	68	69	66	66	63	70	68	67	67	64	67	66	66	68	69	65	68	66	69	70	69	69	64	68	62	61	67	60	66	63	69	69	60	62	68	64	61	62	64	62	68	62	66	69	69	65	69	63	65	64	62	64	63	62	65	61	61	70	66	69	64	69	61	66	67	60	62	66	68	66	66	65	67	64	66	61	60	66	62	68	63	70	65	62	62	63	62	65	62	65	66	69	66	68	62	70	62	64	66	61	60	65	65	60	67	69	67	68	66	68	64	63	63	64	69	62	63	69	65	65	68	67	65	61	64	66	66	65	65	68	67	65	64	60	62	64	69	63	64	62	67	70	62	69	62	66	64	63	63	64	67	70	69	67	61	60	64	62	68	64	61	66	61	60	68	62	68	70	66	70	61	61	66	61	68	65	61	63	66	66	69	66	68	67	63	66	66	65	68	70	65	61	60	70	63	61	67	60	69	61	69	69	65	66	62	62	62	61	69	67	64	62	61	66	69	64	64	64	68	67	67	65	64	64	66	64	61	63	64	68	69	64	61	60	63	62	62	62	67	62	60	68	64	62	62	68	66	62	63	63	69	68	64	64	69	63	62	67	69	68	64	62	61	63	67	64	63	63	67	68	65	70	63	68	65	61	61	63	68	69	63	69	63	70	67	64	62	64	69	70	69	63	62	63	67	68	61	67	69	65	62	62	63	68	66	69	62	63	69	70	61	64	66	64	66	64	67	64	70	69	70	69	65	66	65	63	62	65	63	64	69	67	68	67	62	66	66	66	69	62	66	66	70	69	60	67	63	61	66	61	67	64	65	65	68	62	67	69	68	69	60	68	66	67	66	64	67	69	61	61	62	66	68	68	60	62	65	60	68	68	63	65	64	68	60	68	65	63	65	63	62	62	68	65	69	60	69	61	64	63	66	68	66	61	61	69	61	65	68	66	67	70	63	64	62	67	68	64	63	63	67	60	68	68	65	69	70	66	61	65	60	67	61	66	65	69	63	68	64	66	61	69	67	68	68	69	65	65	61	65	68	66	66	64	69	69	64	62	66	63	63	66	63	69	64	68	62	60	64	62	62	60	60	63	69	64	60	68	68	66	62	61	67	62	70	69	65	61	69	66	62	65	68	69	60	69	63	60	65	62	67	65	66	61	63	62	67	64	69	67	62	61	63	61	67	68	69	66	66	70	67	60	64	62	62	67	63	64	63	67	64	67	63	69	67	69	61	68	67	65	62	61	67	61	62	69	64	65	69	67	70	66	68	63	65	62	68	68	63	64	62	69	61	61	60	62	60	68	62	61	69	61	68	66	66	67	68	67	66	69	65	63	67	69	68	69	70	67	62	66	62	65	62	68	66	62	60	63	67	61	67	68	65	68	60	64	69	63	61	69	62	65	70	65	63	61	68	64	68	62	65	69	63	68	65	61	66	64	69	63	69	66	65	66	61	69	70	66	70	64	66	64	65	69	64	70	65	66	66	67	69	63	70	62	67	61	70	62	66	67	68	66	66	68	69	62	65	67	70	61	70	63	68	60	66	67	68	60	66	66	62	66	65	64	70	63	62	68	65	65	60	67	64	63	61	67	67	69	65	68	67	66	62	68	68	65	64	68	65	67	68	64	61	61	62	69	64	62	61	61	63	65	65	62	65	66	62	69	61	63	65	70	66	63	62	64	66	60	61	68	67	62	68	65	64	62	68	68	68	67	67	66	60	61	67	70	62	63	65	63	61	63	69	66	64	62	68	70	64	66	70	62	70	63	66	64	61	62	68	63	62	63
24	19	19	23	24	18	17	22	21	17	24	21	18	19	26	24	16	19	20	23	20	23	16	19	24	23	25	17	25	16	25	19	21	25	26	19	22	25	17	19	21	17	22	20	22	18	25	23	22	26	19	19	20	22	22	25	23	18	25	22	23	19	19	25	16	24	20	21	26	25	24	18	24	22	25	23	20	26	25	23	16	18	22	25	17	18	19	19	23	26	17	24	21	19	19	17	22	22	23	22	25	19	26	24	16	17	24	24	25	18	19	24	25	20	20	21	17	25	17	24	19	19	20	16	22	21	25	22	24	23	22	23	18	25	18	16	22	18	21	18	23	19	23	21	19	25	21	17	17	26	22	21	17	21	19	24	26	26	20	21	19	20	22	20	18	17	25	23	19	18	24	24	17	23	18	24	23	21	20	22	23	25	21	23	19	17	23	19	19	22	24	21	25	25	22	20	22	25	20	23	19	25	22	23	19	19	21	19	17	21	17	23	22	18	24	25	22	18	18	17	24	19	22	25	22	19	17	25	17	19	22	23	17	21	25	21	22	19	23	23	22	26	19	24	18	22	22	19	20	25	25	21	25	18	20	22	21	20	26	22	24	18	21	17	18	17	21	23	21	18	22	24	26	21	24	26	19	25	22	24	18	18	17	17	25	19	20	22	21	17	23	23	26	20	18	18	19	21	22	19	18	20	20	24	21	19	17	17	17	21	18	22	21	21	19	25	25	24	26	25	19	16	21	24	23	23	25	16	16	26	18	23	19	16	23	17	22	21	24	22	21	19	21	25	26	17	20	16	21	26	20	21	19	19	19	20	20	17	23	19	25	23	22	23	24	19	26	20	25	17	23	24	24	23	16	22	21	21	20	19	21	18	23	18	24	26	22	17	25	16	20	18	22	16	24	18	16	26	17	24	25	16	23	19	25	19	18	16	22	23	18	24	21	18	21	16	22	20	19	20	18	25	22	22	20	23	22	22	21	16	18	19	24	24	21	24	21	17	17	20	20	25	16	18	22	25	25	24	22	17	26	18	20	20	22	20	24	16	25	20	18	17	19	18	18	19	17	24	24	22	25	16	20	19	24	17	25	22	26	18	18	23	17	24	21	25	24	26	16	16	18	19	24	22	25	24	23	22	24	23	22	26	19	19	24	21	23	23	26	17	17	19	17	16	25	23	19	18	18	21	20	20	20	17	23	24	23	19	16	17	24	24	20	21	16	21	21	23	18	21	25	19	18	21	21	17	25	25	22	22	24	21	19	26	25	16	16	26	18	17	23	18	16	18	25	23	23	17	19	17	18	16	25	25	21	19	25	18	16	18	21	25	24	20	19	22	17	25	17	18	22	22	17	22	23	20	19	21	21	16	23	19	19	19	20	24	17	17	17	18	22	25	22	25	20	25	19	20	23	19	24	17	22	25	22	24	22	22	24	23	26	20	25	25	19	23	23	17	21	20	25	24	25	25	20	20	22	17	20	26	22	23	16	17	21	23	24	22	16	19	21	22	23	20	16	18	21	25	21	24	19	19	21	23	19	18	25	17	20	25	21	22	19	22	18	21	18	18	24	16	18	21	24	26	21	24	23	25	19	19	23	19	18	18	21	21	22	18	22	22	19	19	20	17	17	16	18	21	20	25	16	25	18	23	16	20	21	23	17	23	25	21	25	25	21	17	19	19	20	25	18	24	19	20	19	24	20	22	20	22	18	19	20	17	16	25	18	21	17	21	26	21	24	20	23	24	21	20	21	20	19	21	24	25	17	23	21	16	25	21	17	23	26	18	18	24	22	19	16	16	18	21	20	25	19	21	21	17	21	20	26	17	20	22	20	22	22	17	18	23	20	17	17	20	23	22	23	17	23	20	24	19	16	20	19	23	26	17	23	24	19	21	26	25	17	18	16	22	20	22	20	18	20	19	17	25	16	19	23	25	18	22	25	18	22	16	25	18	23	22	17	20	18	17	17	19	24	21	18	16	21	24	20	23	21	22	21	20	26	24	25	21	21	24	20	19	20	16	18	18	18	23	19	20	24	17	18	20	21	20	19	23	25	25	18	21	17	21	22	22	24	20	19	19	21	22	23	21	17	22	25	22	21	18	26	20	17	20	20	21	21	23	16	24	19	18	16	21	24	24	16	18	21	21	20	22	18	17	22	24	19	25	23	19	18	20	16	22	20	23	16	25	16	26	23	19	23	25	16	19	21	24	18	20	19	23	25	21	18	18	21	19	19	16	17	24	19	24	22	24	19	20	26	23	26	25	18	26	20	19
50	49	49	47	54	51	53	48	46	50	49	56	55	55	48	52	54	53	50	46	52	52	47	46	48	51	52	55	51	54	50	49	46	48	53	50	54	50	51	55	48	46	50	46	52	47	53	55	52	56	54	48	48	51	50	49	48	49	52	50	52	51	53	49	54	46	50	54	54	51	54	46	47	50	51	52	55	47	53	49	49	54	52	53	48	48	53	48	51	49	52	52	47	54	53	51	46	53	50	50	54	53	47	52	47	48	49	50	54	46	47	53	51	46	49	53	51	47	53	52	50	56	52	52	54	50	52	49	51	51	53	47	51	53	54	48	47	55	47	50	48	51	47	53	52	51	53	47	46	54	54	54	49	52	51	49	53	56	47	53	47	48	54	50	52	52	52	55	54	47	51	54	52	54	56	55	46	46	55	55	55	52	49	52	54	53	52	48	48	50	48	48	51	48	49	50	54	47	51	53	49	53	55	54	53	52	56	54	49	48	54	56	55	55	52	53	48	46	55	49	54	52	50	49	50	53	47	52	53	54	55	55	55	46	52	55	56	53	51	50	47	46	47	48	51	53	55	54	52	49	51	55	51	55	54	52	54	47	49	53	52	52	52	56	50	54	52	52	48	46	53	47	47	53	50	51	50	48	47	47	49	51	48	54	47	47	51	48	48	48	48	53	56	55	52	48	47	50	49	50	52	56	52	48	54	47	51	54	56	49	52	51	55	56	48	52	52	48	50	56	50	54	55	51	47	55	48	47	56	52	51	55	51	54	52	51	49	50	52	50	50	46	47	56	53	46	52	48	52	47	49	52	52	51	46	48	54	49	54	55	47	47	53	50	48	54	54	55	49	46	50	48	50	52	51	50	53	49	50	50	49	51	48	50	46	52	53	53	54	50	49	48	47	52	54	50	48	53	49	47	51	54	46	46	46	49	53	48	53	49	47	53	48	55	54	49	48	49	51	47	47	52	51	55	47	49	48	48	54	48	54	53	51	49	47	53	56	52	50	47	51	56	49	49	46	56	48	51	55	51	55	54	52	48	50	46	53	51	55	46	49	56	54	55	46	50	55	50	48	46	54	46	55	48	50	53	51	48	52	52	53	54	48	53	55	48	48	46	55	54	51	56	53	49	52	52	48	55	55	55	46	55	50	54	46	48	54	46	54	48	52	53	54	56	52	55	47	46	52	48	47	52	53	52	53	48	54	46	55	51	50	47	55	55	50	52	50	53	52	51	47	50	51	54	55	55	47	53	47	53	47	55	48	49	53	51	47	53	52	52	49	54	46	48	53	47	49	56	47	55	49	46	49	52	47	52	55	50	55	46	49	54	52	49	49	52	55	55	47	48	51	54	52	53	47	47	50	53	47	54	50	54	49	49	53	56	56	54	52	51	53	53	55	54	51	51	49	55	52	53	49	49	52	52	47	46	48	53	54	55	53	47	56	54	50	54	51	48	55	51	50	49	48	53	54	46	47	52	52	53	55	56	53	52	55	55	50	51	53	55	47	51	55	47	50	53	50	50	52	54	47	56	55	46	46	53	47	54	48	52	52	55	52	53	54	53	51	48	51	52	54	51	47	54	55	49	48	48	55	54	48	56	51	55	54	51	47	48	49	55	49	47	53	52	51	47	49	56	54	51	55	52	48	54	55	54	49	53	51	52	54	51	47	51	52	47	55	51	49	50	55	47	56	55	52	51	49	54	47	53	47	49	52	51	51	48	52	55	47	53	49	46	51	49	51	54	46	54	51	56	48	47	51	51	54	56	53	54	49	53	48	54	49	49	54	51	50	50	52	56	47	53	48	51	54	48	49	55	49	51	55	48	54	54	54	53	54	50	52	47	55	46	49	54	52	46	52	52	53	46	51	55	56	52	47	49	53	48	48	56	47	48	55	46	55	46	49	55	46	47	51	55	51	50	52	55	51	50	47	51	50	48	50	48	48	54	47	46	56	54	48	50	51	52	48	46	47	47	54	55	54	50	52	48	49	51	55	55	54	52	51	51	54	51	48	55	50	49	50	50	50	55	54	55	51	55	56	49	50	50	55	47	52	51	48	56	53	50	53	52	53	50	52	55	53	49	47	49	48	51	48	49	56	55	54	46	46	55	53	49	53	47	53	55	53	49	56	49	56	49	53	49	51	49	47	56	49	47	47	53	51	50	54	49	50	53	52	53	54	47	54	49	47	54	54	49	55	53	49	54	52	47	48	54	52	52	46	46	51	48	50	48	54	52	50	51	54	49	50	54	56	50	55	49	46	49	48	50	47	47
103	108	102	105	101	101	107	109	104	103	108	108	101	100	108	107	104	104	101	101	104	108	103	108	107	109	100	108	106	102	108	103	106	109	105	107	101	101	107	109	103	106	102	109	109	103	108	100	109	109	101	101	100	102	101	109	100	105	109	101	100	108	102	103	102	100	102	103	107	109	103	100	102	108	109	107	106	108	100	109	101	102	105	109	100	101	108	101	103	109	108	110	102	102	106	100	108	107	102	105	106	102	102	108	103	107	103	101	105	107	109	106	106	101	106	107	108	108	107	102	104	109	103	101	106	104	101	102	107	109	104	107	105	106	102	100	105	103	107	101	106	108	101	101	104	109	102	107	103	106	109	109	107	100	104	107	108	105	104	106	107	106	106	105	106	108	108	108	108	109	103	105	105	109	106	101	107	106	109	100	108	104	101	107	100	107	107	104	105	106	100	102	110	103	104	106	109	103	105	106	107	107	104	105	106	105	107	109	106	105	103	105	107	110	107	103	101	105	102	105	107	108	100	104	101	107	104	107	106	108	103	105	102	102	105	109	102	110	100	104	102	101	105	108	108	107	105	109	108	109	109	110	105	108	108	107	104	103	105	108	104	104	101	102	109	105	109	101	105	101	103	104	105	104	106	104	107	107	107	106	102	102	101	107	104	100	109	102	107	103	100	100	104	108	109	103	105	108	101	101	107	104	107	101	106	102	106	102	100	106	104	105	107	103	102	107	109	108	102	100	108	106	103	103	102	105	110	108	106	106	109	109	102	100	101	108	103	105	102	105	105	109	102	102	104	105	104	105	103	109	103	103	100	106	105	105	100	104	106	102	108	104	106	110	106	107	109	105	105	105	108	103	110	101	107	105	109	107	109	101	100	106	102	104	109	103	106	105	109	102	108	100	103	101	107	104	110	108	107	108	108	107	109	104	108	106	105	106	106	100	101	103	103	101	106	109	102	109	105	109	103	102	109	106	108	102	103	109	106	105	103	104	108	103	101	107	105	100	106	102	108	104	109	100	109	101	105	107	109	109	104	104	106	105	101	108	109	108	108	104	109	110	104	103	106	110	106	105	102	110	102	109	102	104	110	110	109	106	105	107	106	110	101	100	110	107	101	102	110	106	102	109	102	101	102	109	101	103	109	109	101	104	104	106	107	106	106	105	103	108	103	102	106	110	104	106	100	105	104	106	107	109	103	106	101	103	101	102	100	101	105	104	104	109	108	103	105	105	103	105	106	109	108	107	108	102	100	105	105	106	105	109	102	103	109	101	100	108	109	107	101	103	100	108	106	107	106	104	106	104	106	110	105	103	104	105	108	107	106	109	102	107	101	106	104	102	106	108	109	107	102	101	100	109	103	104	106	108	108	107	108	100	104	105	101	103	101	103	109	102	108	110	105	100	105	110	105	109	104	104	103	100	104	107	101	102	107	108	106	101	106	106	104	102	104	105	106	106	106	110	106	103	105	107	108	107	109	104	107	110	106	109	107	103	109	109	106	105	109	102	106	100	108	100	107	105	109	100	108	104	102	107	102	102	109	101	110	104	107	101	101	106	101	109	106	100	107	105	107	107	107	103	102	103	109	104	109	102	103	110	107	100	106	102	109	109	108	105	109	106	109	109	108	105	106	107	107	108	101	101	104	107	104	108	108	105	101	104	110	107	108	102	107	107	107	105	105	105	106	102	103	108	106	109	104	100	104	106	104	108	108	101	107	109	107	102	101	105	110	108	107	101	101	109	107	110	107	108	101	110	101	108	107	109	107	103	106	101	104	107	108	105	102	106	105	100	108	104	101	106	107	100	107	101	104	101	108	101	106	102	105	107	107	103	105	109	106	109	105	101	101	102	106	102	110	104	110	106	100	103	109	100	108	102	108	103	106	101	103	104	102	109	106	105	102	109	102	107	103	102	110	109	108	107	108	101	103	103	107	102	104	110	107	108	109	110	103	107	105	100	101	106	102	104	100	110	104	102	107	109	102	101	107	110	101	103	100	110	104	108	103	110	105	107	104	109	102	107	108	105	104	100	102	104	109	101	102	106	104	103	109	105	108	108	106	109	102	109	103	104	109	106	109	102	109	107	102	104	109	104	107	102	110	102	101	106	101	105	105	106	105	103	109	105	101	100	106	104	108	108	100	102	100	101	105	100	108	102	102	105	101	107	109	101	104	101	105	104	106	102	103	104	106	107	109	109	105	103	110	103	101	110	103	102	103	107	101	101	102	100	106	107	103	105	107	110	102	100	105	108	104	101	101	109	103	102	105	105	100	106
18	19	15	16	17	15	22	16	18	24	17	21	15	18	21	16	19	24	15	14	22	16	17	22	14	16	17	17	17	18	20	21	14	18	21	23	20	18	18	23	23	17	24	20	16	21	17	22	22	15	20	17	16	19	14	20	20	19	17	23	17	18	19	23	15	23	24	19	17	22	22	18	17	14	16	21	23	18	15	19	24	21	16	19	20	19	19	20	19	17	18	17	18	21	23	23	18	20	21	18	24	20	15	20	22	23	14	20	15	19	17	23	14	23	24	16	19	15	23	17	24	23	23	20	23	17	19	15	17	19	21	15	16	18	20	17	14	17	19	17	15	22	14	15	24	22	23	21	20	23	17	22	23	20	21	14	20	23	20	22	18	15	17	16	23	22	22	22	16	19	19	19	23	17	23	21	20	18	19	21	23	22	21	20	20	21	19	20	17	22	21	21	15	23	22	15	22	21	20	17	18	23	20	24	24	14	15	19	16	20	18	20	20	20	21	23	16	20	20	18	18	21	16	21	22	23	23	15	24	20	15	20	15	23	18	22	18	20	16	15	16	22	16	15	20	15	20	23	16	24	14	18	18	23	15	15	22	20	18	23	21	16	21	21	19	14	18	22	21	24	24	21	14	19	16	14	15	16	20	23	16	22	17	22	19	20	18	18	22	14	14	17	21	24	14	22	17	22	17	16	16	23	24	22	23	23	23	18	24	18	16	14	16	14	18	15	16	16	22	18	14	22	21	17	15	23	22	22	16	23	18	23	17	15	17	15	15	16	24	17	14	21	21	17	20	20	15	17	20	20	15	24	24	22	21	16	21	19	21	19	16	17	23	17	24	19	18	15	19	23	17	18	16	21	17	15	23	22	15	21	18	19	19	24	20	23	23	20	19	22	15	16	24	18	19	22	16	17	15	19	14	18	17	15	19	14	20	20	14	22	20	24	15	21	23	22	20	21	18	17	15	17	18	14	20	23	18	23	17	19	18	17	20	22	23	17	20	17	21	14	21	19	15	15	18	24	17	23	20	17	19	15	14	23	19	19	18	20	24	16	17	19	16	22	21	15	14	18	15	18	14	23	20	22	22	16	19	21	21	16	20	21	18	23	22	23	14	20	24	21	15	23	15	17	20	15	18	20	23	16	23	14	14	24	20	19	19	21	15	22	21	23	23	18	23	23	19	16	15	23	18	23	19	19	16	23	21	17	21	17	24	18	24	21	23	20	17	22	16	15	23	14	21	22	16	20	24	22	15	20	17	23	24	20	16	14	22	20	15	15	20	17	23	18	17	18	16	18	19	23	19	24	20	23	22	21	23	20	21	19	15	18	20	21	19	16	17	18	21	24	18	18	24	20	20	18	18	15	15	16	20	22	17	24	18	21	22	17	16	14	18	17	17	18	22	23	16	15	24	17	24	17	21	18	18	15	20	23	15	16	17	18	15	22	22	15	24	20	16	18	19	18	16	20	24	17	20	21	21	18	17	22	21	17	20	23	23	16	14	19	19	16	16	22	20	20	16	19	19	14	24	23	15	17	20	23	21	22	17	17	15	21	18	23	21	17	23	15	18	17	23	18	15	21	14	21	23	21	22	19	18	18	18	24	18	20	20	16	16	21	21	20	15	16	18	21	20	22	19	16	23	14	20	16	22	24	22	22	20	22	22	14	16	14	17	15	23	22	19	21	17	24	17	21	17	18	21	24	23	20	20	16	15	19	20	22	17	21	16	15	22	17	22	21	24	17	18	23	16	15	23	19	17	22	16	15	23	22	20	20	21	21	23	21	16	14	16	18	21	23	19	22	22	20	17	21	21	24	23	20	16	22	18	23	15	17	17	14	21	21	20	21	19	16	22	15	19	20	24	22	16	20	22	16	15	17	15	23	15	19	24	16	15	15	20	21	21	16	23	18	15	19	24	15	22	19	19	19	24	18	15	19	23	19	20	21	20	18	22	22	15	20	16	18	18	15	17	15	18	19	14	22	18	18	18	21	15	22	20	23	19	15	18	17	15	22	23	21	21	23	19	18	15	19	14	14	16	22	20	18	21	24	17	18	18	17	15	16	19	22	24	21	18	22	15	14	20	19	20	19	21	24	21	15	16	16	17	16	17	21	16	24	17	23	16	23	15	18	18	17	23	21	15	17	24	16	18	15	21	18	21	17	18	24	23	21	16	23	19	17	14	20	22	21	24	15	18	18	20	14	17	15	21	23	20	21	17	18	15	21	19	15	21	23	19	19	15	19	20	16	15	23	22	24	15	19	14	20	18	15
23	23	22	22	24	23	27	26	25	28	19	24	23	19	23	23	26	27	22	27	24	19	22	18	18	25	26	21	26	28	27	18	27	18	23	27	21	27	25	27	22	22	18	19	26	24	27	18	19	25	25	24	24	27	21	28	21	24	26	28	23	26	20	19	27	20	22	22	21	19	26	23	20	20	19	27	24	21	21	26	27	22	25	26	20	23	18	24	19	27	23	27	19	24	24	23	19	19	20	24	24	21	23	20	22	18	19	18	27	21	24	25	22	25	27	20	26	25	19	20	27	20	28	18	21	22	28	25	19	25	21	26	20	23	28	25	19	19	22	22	24	21	27	23	22	19	20	19	21	20	22	22	26	20	21	24	27	27	18	23	23	23	20	27	28	21	26	24	24	26	18	23	26	25	20	18	24	27	26	23	25	22	24	24	23	18	25	23	27	21	26	24	27	27	28	20	27	23	20	27	25	27	22	22	22	20	25	25	23	21	20	24	25	22	24	22	21	21	21	26	20	18	21	26	26	27	22	23	27	26	25	18	20	27	25	18	25	26	19	24	24	23	26	22	21	19	24	23	19	27	25	22	22	26	28	27	19	24	25	19	27	28	20	19	28	22	19	28	22	23	25	19	20	27	21	21	18	27	22	27	24	27	25	21	27	27	22	20	25	26	21	28	24	24	20	19	20	26	20	22	21	21	26	22	19	26	23	24	20	26	21	24	20	20	25	21	26	19	25	23	25	27	26	21	24	25	19	23	23	28	23	24	25	19	21	23	26	22	22	24	21	25	24	19	25	18	22	22	23	20	18	19	25	23	28	25	27	27	26	21	25	19	26	24	24	20	19	22	27	18	22	27	21	18	21	20	24	25	22	24	25	20	21	26	22	21	25	19	23	20	22	27	25	22	23	26	25	23	18	23	19	21	28	23	19	19	25	25	20	28	20	24	21	25	26	26	20	21	24	28	24	18	23	27	23	26	20	24	22	25	28	25	25	18	18	25	22	20	27	23	25	21	26	26	23	19	26	24	23	28	22	27	27	24	19	25	20	21	23	19	19	25	23	28	24	19	27	25	25	24	25	21	23	26	25	21	26	27	23	24	27	19	23	21	22	26	22	19	24	25	22	26	28	20	18	22	22	22	24	26	21	23	27	20	25	26	26	21	22	25	25	24	27	19	19	20	27	18	22	25	25	24	18	26	20	22	23	24	26	20	24	26	19	18	19	26	23	24	21	25	26	18	26	26	18	20	19	25	22	26	22	25	23	18	28	26	28	26	19	23	23	27	19	23	23	19	22	27	28	20	23	26	22	25	27	22	20	23	27	22	23	25	19	27	26	21	23	27	18	23	27	27	24	23	19	20	21	23	24	27	22	19	19	25	26	28	24	27	19	25	20	21	25	20	26	19	24	21	21	25	27	27	21	24	26	21	22	22	26	27	22	24	26	24	23	28	19	24	20	21	23	19	27	21	24	22	20	25	26	26	25	19	21	19	27	26	22	19	25	23	27	24	25	26	22	26	23	22	24	20	26	18	23	23	24	24	20	27	20	18	18	26	21	27	24	27	24	27	23	20	20	24	21	23	24	23	22	20	28	27	21	26	19	25	20	25	22	24	27	22	24	24	19	27	23	27	23	26	19	21	19	23	27	26	20	19	25	24	22	25	21	26	20	28	20	28	24	25	25	20	22	20	25	20	25	25	21	28	23	27	26	20	18	22	21	25	18	22	27	21	18	23	28	23	27	22	21	20	24	28	21	26	22	19	19	20	27	21	18	26	24	23	21	19	28	26	27	25	20	25	22	23	25	21	23	21	21	23	22	20	24	19	24	21	19	27	18	19	19	21	26	21	28	24	22	25	27	21	25	18	26	21	27	25	26	28	20	21	21	20	27	28	28	18	22	21	18	23	21	27	19	23	26	19	22	20	25	28	24	23	24	25	24	21	24	24	21	28	20	20	23	21	27	21	26	27	23	28	22	26	19	21	20	27	27	19	25	24	20	23	22	27	18	27	20	22	24	23	23	26	26	26	24	21	22	23	27	22	25	23	24	28	24	21	20	20	24	22	23	26	25	19	20	25	23	20	24	21	23	24	26	21	22	22	28	27	24	27	26	25	23	23	21	21	23	22	18	23	21	19	25	21	22	25	21	27	22	21	22	19	23	23	22	24	21	27	22	28	21	24	19	19	21	23	27	20	25	23	27	21	19	27	21	27	23	19	20	24	19	28	20	27	20	26	26	27	25	26	23	26	25	27	24	18	26	25	24	18	23	22
84	86	91	86	91	84	86	86	84	91	89	89	84	85	85	83	84	87	88	91	84	89	85	87	82	91	87	92	86	85	84	91	90	86	88	88	91	89	90	90	85	89	82	87	89	83	84	84	84	84	91	85	84	83	84	83	91	92	87	89	82	89	85	91	82	87	85	87	86	84	88	87	84	86	89	84	86	88	88	90	86	87	88	84	91	91	88	85	84	87	85	90	88	91	89	83	91	91	84	90	88	88	87	83	88	87	82	89	87	83	89	89	90	88	82	85	88	83	90	90	89	86	84	87	83	90	85	88	89	90	91	85	82	89	86	91	85	86	88	84	90	89	84	87	89	91	88	88	86	88	84	92	82	88	83	84	83	89	88	85	86	84	91	89	85	86	87	87	83	87	89	85	82	82	84	88	89	91	91	90	84	85	88	87	86	87	89	87	90	82	84	86	86	90	91	84	86	89	90	88	90	86	91	89	84	85	87	90	85	82	88	88	91	90	85	91	84	89	88	88	87	87	88	87	87	90	85	85	85	84	83	83	89	88	86	92	83	91	91	91	92	87	89	87	83	91	82	84	86	90	86	92	87	85	88	92	91	88	88	89	89	89	85	87	88	85	90	88	88	89	88	91	90	86	85	88	87	84	83	89	84	88	82	89	92	90	89	86	86	86	82	90	90	90	86	84	88	91	89	90	85	87	85	90	90	90	88	89	86	88	89	83	86	88	90	92	90	84	87	91	83	89	85	84	89	91	89	88	88	82	90	83	84	92	84	84	83	91	88	83	88	88	83	90	84	87	82	84	84	91	87	85	87	88	85	86	90	88	92	90	88	85	84	86	87	84	82	90	88	83	92	86	84	92	90	85	85	91	87	87	82	83	91	87	92	84	88	83	91	84	83	86	89	88	89	87	83	83	85	82	85	89	82	85	88	92	84	92	83	82	82	89	83	82	82	90	87	87	87	90	89	90	85	92	82	87	84	91	88	91	83	90	83	90	91	90	90	87	92	90	85	92	90	89	88	90	91	88	86	86	89	90	87	83	83	85	82	83	89	84	91	88	85	91	89	83	82	83	88	90	91	86	92	87	85	92	84	86	84	89	85	82	84	92	88	87	84	92	86	87	88	84	92	90	83	86	88	89	88	83	89	83	91	89	91	86	90	88	92	89	90	88	90	86	88	87	92	90	86	83	89	89	86	86	82	86	82	89	84	90	87	83	83	85	86	87	90	82	88	85	85	88	83	84	85	88	86	86	83	90	88	84	89	88	88	90	86	86	88	87	84	89	89	92	89	91	88	86	88	87	85	90	84	91	85	83	92	87	89	91	92	89	89	87	87	91	86	84	90	90	88	89	85	91	89	83	91	86	85	90	84	91	87	90	91	85	88	88	92	90	84	88	84	82	82	84	83	86	90	88	90	82	88	84	83	82	84	83	83	88	91	85	90	85	90	88	89	86	83	83	83	91	90	89	87	88	86	85	86	88	87	84	87	86	89	85	82	84	91	89	90	88	91	91	89	91	84	85	91	82	90	87	92	83	89	86	89	90	92	86	84	91	83	91	83	84	89	86	84	89	88	85	85	86	83	82	92	84	85	90	85	89	83	91	84	92	90	85	83	87	85	91	90	90	83	85	90	84	90	90	89	87	90	83	89	87	85	87	88	86	91	82	85	83	85	87	89	89	90	87	82	84	83	91	83	90	83	82	92	84	92	91	88	90	85	88	87	88	91	83	83	86	92	85	86	91	86	88	84	84	89	85	89	86	89	92	84	90	91	83	90	91	87	87	90	84	91	88	91	84	91	92	91	86	88	88	90	87	87	86	91	83	89	82	90	88	92	83	86	87	89	84	82	84	89	88	82	86	84	88	86	83	91	82	91	85	89	83	89	83	87	88	92	91	88	85	86	85	85	91	83	85	87	87	90	89	92	84	86	88	84	91	83	88	86	91	85	86	85	91	86	88	91	83	91	82	82	83	84	90	87	86	87	82	92	84	86	86	90	83	88	87	89	88	88	88	84	91	84	85	88	91	82	86	83	88	88	83	84	84	91	91	90	86	86	91	85	86	92	86	89	88	87	92	84	85	90	91	85	91	89	88	86	89	87	87	85	83	86	82	88	89	85	91	91	83	89	84	91	84	82	89	86	85	85	86	91	83	90	90	88	87	89	84	90	91	91	86	82	89	91	83	92	91	91	85	90	86	90	90	88	88	85	83	85	85	82	89	90	90	83	85	87	90	87	85	83	87	84	85	85	92	82	89	82	85	92	89	88	91
22	24	24	24	26	30	28	26	20	28	25	20	22	27	21	27	27	22	21	22	25	27	22	26	29	26	24	25	24	24	21	25	29	29	29	24	20	24	21	30	26	26	25	20	22	28	21	28	20	26	21	21	25	27	22	26	25	21	27	30	20	24	24	22	23	29	25	26	23	21	23	24	22	25	24	21	28	25	27	30	28	25	27	20	21	22	29	21	24	30	29	28	26	25	22	27	23	27	30	26	22	26	23	29	20	26	25	25	27	20	23	27	28	24	24	26	23	25	28	22	25	27	27	21	26	23	23	29	29	22	26	27	22	27	24	27	29	29	21	21	22	21	27	22	23	24	23	22	21	23	23	23	21	27	23	20	25	29	21	29	26	20	22	23	29	25	29	30	29	28	27	24	28	21	28	25	26	28	20	25	27	25	22	23	26	22	26	28	23	27	27	26	22	20	21	24	29	25	29	28	30	24	21	24	26	20	24	29	30	27	22	21	22	23	23	25	21	20	30	27	27	26	24	29	28	28	26	26	26	29	30	21	21	22	24	26	26	26	28	21	24	27	30	21	21	25	21	25	22	23	24	26	21	21	21	25	22	23	29	22	27	22	25	22	24	22	24	30	23	26	26	22	25	29	22	28	28	21	27	30	22	28	26	27	25	26	26	22	25	27	25	26	23	21	23	22	24	29	23	29	25	25	27	26	29	22	22	23	21	28	29	29	26	28	24	23	27	25	22	22	24	23	20	30	26	30	26	26	26	26	25	26	21	24	25	27	25	27	28	29	29	23	28	23	23	27	23	27	29	23	29	26	25	20	25	20	23	25	25	28	25	23	27	20	28	29	21	22	26	23	29	22	28	25	26	21	23	24	21	27	21	26	24	22	22	27	23	25	29	21	28	21	29	22	25	28	28	23	23	28	21	24	26	23	22	20	26	29	24	27	22	25	29	24	24	25	25	24	29	29	23	21	25	28	21	20	26	26	21	23	25	20	26	20	27	25	21	29	27	28	20	24	29	22	25	23	26	30	27	26	22	23	25	22	22	26	29	20	21	22	24	22	29	26	25	21	27	29	29	23	26	28	25	24	24	22	27	25	25	26	22	26	27	25	27	22	28	30	21	29	24	30	24	21	22	22	21	26	27	27	23	21	28	25	26	30	26	21	23	22	27	26	27	22	21	29	20	29	23	26	23	20	24	26	29	25	24	28	29	26	24	22	22	29	23	22	25	25	20	20	21	24	26	27	23	26	24	27	27	25	21	25	26	29	23	26	26	28	23	28	25	28	26	25	25	21	26	22	23	22	25	20	26	27	29	26	28	28	21	28	26	27	28	20	26	27	25	27	27	29	29	28	28	23	20	27	27	25	25	24	25	28	23	24	21	23	28	26	24	24	29	25	29	26	25	22	27	25	21	26	30	27	23	26	24	26	26	21	21	24	22	20	23	24	23	25	20	27	28	24	21	25	23	30	22	22	20	27	25	29	20	21	22	22	30	26	23	30	23	29	25	30	26	20	23	28	28	21	27	27	21	21	29	23	29	25	24	27	20	21	21	26	28	29	25	21	26	21	27	20	22	27	30	21	20	20	29	25	30	22	26	29	21	21	24	24	23	28	27	25	25	21	27	29	30	28	20	24	21	28	22	23	20	26	21	25	30	27	25	21	29	26	25	26	24	29	24	27	27	28	25	24	21	22	21	23	26	27	30	22	27	29	26	24	23	21	24	23	25	27	23	22	22	21	26	25	29	30	28	28	23	25	22	27	24	27	20	22	26	20	24	20	25	24	26	20	25	25	29	28	21	28	28	28	27	30	30	29	23	21	30	30	29	21	29	29	22	27	25	28	20	22	23	26	26	20	28	23	25	30	21	29	30	24	29	27	22	28	20	20	21	24	30	20	29	22	28	25	23	24	23	28	25	28	24	30	27	28	28	25	20	25	24	29	26	22	24	25	23	26	22	25	21	28	26	26	25	25	26	25	27	22	28	24	25	25	29	20	25	27	24	21	21	28	23	27	30	22	23	25	20	26	25	23	24	21	26	27	24	30	21	24	26	23	29	26	28	21	26	21	28	20	23	25	29	23	25	30	22	24	24	22	23	20	22	27	28	22	21	30	26	26	24	24	24	23	25	25	28	30	23	23	25	23	21	25	27	25	23	30	26	24	21	30	24	27	22	26	28	27	26	26	26	23	23	20	22	23	27	29	29	23	27	24	24	29	22	26	20	27	22	23	23	27	24	26	27	22	24	22	24	27	25	28	23	30	22	21	22	26
19	14	18	13	12	15	13	18	11	18	16	14	18	16	15	13	11	17	18	17	13	14	13	14	11	12	14	11	14	12	12	14	20	16	13	12	19	18	17	13	17	16	13	18	19	11	14	11	13	15	13	14	14	19	11	19	12	19	20	12	13	19	19	17	14	16	16	15	15	16	13	13	20	16	19	18	11	11	20	19	12	11	18	16	14	10	14	17	14	10	16	14	14	14	13	18	19	17	12	16	20	13	18	12	15	20	17	19	17	11	18	11	11	20	11	19	17	17	11	17	19	17	12	16	13	16	18	12	14	12	16	17	13	12	16	11	16	20	17	17	15	18	14	17	11	11	17	15	17	16	16	15	16	12	12	14	18	20	20	15	15	17	15	15	11	12	11	18	13	17	17	17	11	17	17	13	15	18	13	14	11	15	18	18	14	12	10	17	16	19	15	14	18	19	19	16	15	13	12	19	11	13	11	19	14	14	17	14	16	16	18	10	18	12	17	18	13	15	18	13	12	16	10	12	11	18	13	12	13	15	19	17	18	13	13	11	12	15	15	14	14	13	14	17	14	15	15	12	11	17	11	14	16	14	15	20	15	18	14	10	15	12	14	18	11	17	13	17	15	14	11	15	14	15	13	15	15	14	20	14	17	20	20	15	20	15	11	18	10	10	14	20	13	14	19	11	13	14	13	15	20	19	11	14	11	15	14	17	16	16	13	13	17	11	18	14	16	10	17	16	12	18	15	16	16	13	11	15	13	16	17	12	20	18	13	12	10	14	14	17	12	17	17	17	18	19	11	11	12	18	18	16	10	18	18	15	14	18	17	13	17	11	18	15	18	17	16	19	16	19	18	14	13	13	18	13	15	16	10	18	17	10	11	13	14	10	12	11	15	14	20	12	10	14	12	16	10	17	16	20	15	13	18	16	15	13	12	18	17	16	16	18	11	11	11	16	14	11	17	11	13	18	17	14	19	13	17	11	16	18	18	19	15	19	19	14	15	14	16	12	12	13	19	13	17	20	14	13	15	12	10	11	11	14	12	15	11	20	14	13	11	17	11	14	15	15	18	17	10	14	16	10	12	13	10	16	13	14	18	14	12	16	19	11	15	15	19	13	18	15	14	18	20	18	15	13	19	19	10	15	16	16	16	20	16	14	13	19	12	11	14	18	14	18	15	10	19	18	19	12	18	14	18	10	14	16	12	17	16	12	12	16	16	19	17	18	14	11	17	14	14	18	19	12	18	16	14	18	11	18	12	20	18	16	19	19	13	12	12	11	16	19	16	16	17	17	16	12	13	16	11	18	11	18	12	17	19	19	18	13	17	11	19	15	11	15	19	19	13	11	18	17	14	18	11	12	12	11	13	18	10	13	17	11	17	11	20	20	19	16	15	18	18	15	16	16	11	18	18	12	19	18	16	11	19	12	13	12	20	12	17	16	19	18	13	18	17	16	14	12	18	18	17	11	19	17	17	12	15	15	12	18	15	12	11	20	12	18	11	11	19	16	10	12	10	17	15	16	15	17	13	14	14	15	16	10	11	17	11	17	19	17	10	13	14	14	20	14	12	17	11	16	15	10	20	15	11	10	12	11	12	16	14	16	17	20	17	17	11	18	12	17	16	20	15	14	16	10	15	20	19	10	12	17	15	17	11	15	19	15	19	19	19	10	15	18	18	13	15	10	18	16	15	17	20	15	20	16	18	19	12	18	12	17	19	13	11	18	11	18	18	11	12	18	16	12	16	14	13	18	14	18	17	16	18	20	19	14	11	13	14	18	12	17	14	14	15	20	19	15	12	11	10	15	10	17	14	13	11	19	10	14	18	10	11	14	13	13	12	13	18	16	10	18	10	17	16	19	13	18	11	11	16	11	18	16	12	14	11	13	17	15	13	14	19	15	18	19	14	11	14	14	15	19	15	12	15	11	13	12	17	13	15	16	16	14	10	13	13	14	15	12	13	13	14	11	15	15	18	13	18	17	19	13	15	14	15	13	16	15	14	15	10	20	15	19	19	12	17	16	17	18	17	14	12	19	14	17	11	17	20	19	11	20	19	19	14	17	14	12	18	20	13	15	13	19	12	11	19	19	12	12	20	11	15	11	11	13	13	12	16	13	10	16	14	19	17	19	18	16	17	17	16	11	13	19	15	17	11	17	13	12	10	17	19	18	17	13	19	17	15	19	15	17	17	18	18	16	16	12	11	13	11	12	16	11	14	11	13	18	12	12	17	17	15	14	10	15	20	12	17	17	19	16	19	19	16	17	19	18
88	89	90	85	87	82	83	82	85	84	85	89	90	82	91	85	84	89	86	87	82	83	82	86	84	88	82	90	89	85	87	89	90	89	87	84	82	90	85	87	82	84	84	81	82	84	89	84	88	86	91	91	86	89	90	85	86	83	90	81	82	84	81	86	85	83	83	84	87	86	89	83	90	87	86	89	89	88	83	90	89	90	87	91	89	82	82	87	83	90	84	83	89	81	85	82	84	82	84	83	84	87	85	82	87	90	90	85	90	90	83	85	90	90	88	90	91	83	90	86	82	90	90	89	89	90	90	81	84	82	88	84	88	84	90	86	89	89	83	89	86	82	84	81	84	87	88	91	87	86	86	87	86	85	86	86	88	87	84	86	88	91	85	88	85	90	89	85	82	90	83	81	86	84	88	85	90	87	86	88	90	90	86	88	82	87	82	85	86	82	90	87	83	84	90	84	86	81	89	84	91	89	83	88	90	81	85	88	87	82	83	88	88	84	82	83	90	87	83	90	86	83	87	82	85	82	90	90	88	81	86	85	87	86	88	82	85	84	88	90	88	91	86	84	83	89	90	83	91	91	85	82	81	87	84	89	91	84	84	91	86	86	85	88	89	88	88	84	87	86	89	86	83	90	87	86	82	87	83	81	86	83	86	82	83	81	86	84	91	89	89	82	82	87	85	81	83	86	85	82	87	87	84	90	83	83	84	87	87	85	88	86	88	85	86	82	81	85	88	86	86	90	89	88	89	87	85	88	90	89	87	90	86	88	83	85	83	87	85	83	85	81	84	89	89	86	86	85	83	84	89	83	86	85	87	86	87	88	83	82	88	90	85	91	82	86	85	91	85	83	90	85	85	81	88	85	90	88	90	90	83	89	86	91	90	86	84	82	82	84	87	87	81	84	86	85	83	84	84	85	83	84	87	85	86	81	86	84	84	88	91	82	81	87	87	90	82	91	88	85	86	88	90	89	85	87	88	81	83	85	88	88	81	90	83	83	87	83	84	90	86	83	89	85	85	84	84	85	83	82	81	91	84	84	85	86	83	83	90	90	91	89	85	87	85	84	90	88	86	84	87	87	85	89	88	87	82	83	87	88	84	90	87	82	82	83	90	87	88	90	91	88	83	86	89	91	88	82	86	83	88	83	88	81	87	90	90	83	85	83	87	91	90	84	82	84	87	81	90	88	85	85	88	85	85	91	88	82	91	85	85	87	83	85	85	85	85	90	84	81	86	85	83	86	85	86	88	89	88	82	83	86	87	89	83	85	81	86	91	84	90	82	84	86	83	90	90	88	84	84	84	83	90	88	82	86	86	83	88	91	84	83	85	86	87	84	83	90	90	90	82	90	82	86	82	91	87	85	82	85	85	88	86	86	90	85	84	87	86	90	89	85	91	84	84	82	88	91	84	82	82	89	89	87	85	84	87	90	82	89	89	87	89	83	89	88	86	83	90	88	90	89	90	81	82	91	84	90	89	84	86	87	82	90	83	86	86	82	83	90	85	86	83	88	86	83	85	88	89	86	89	86	88	87	89	87	91	85	84	86	84	81	81	84	87	89	86	89	88	84	90	90	85	83	86	88	85	82	90	84	88	88	82	82	86	88	84	89	82	91	88	90	83	84	87	90	85	88	86	83	90	88	82	82	89	83	83	88	85	87	82	88	88	85	83	90	87	86	87	81	84	89	86	82	85	82	85	87	84	82	86	83	87	89	87	90	84	89	85	83	82	90	85	88	87	82	87	90	86	85	90	81	88	90	90	83	91	81	86	81	83	87	88	83	87	89	90	83	85	89	91	90	84	84	84	82	90	84	83	83	83	86	91	84	84	84	82	83	87	89	86	89	87	82	90	83	88	85	86	83	81	85	90	84	87	82	89	82	85	83	85	91	82	82	82	81	90	89	86	82	90	90	89	85	90	83	87	87	84	84	88	82	90	85	88	89	86	88	90	84	88	84	85	83	81	89	91	86	82	86	91	91	86	84	87	82	91	91	85	82	85	88	87	82	83	89	88	89	86	88	87	85	88	83	84	89	89	90	89	87	83	82	87	88	83	88	83	88	82	82	88	83	83	87	87	83	90	82	81	84	86	83	86	91	88	84	85	89	90	86	83	90	89	88	83	88	85	90	87	83	86	86	84	91	87	89	88	83	84	87	88	90	87	83	84	82	84	88	85	85	82	90	90	86	86	89	85	89	90	85	91	91	91	84	86	89	83	85	81	87	82	88	84	87	83	86	83	85	85	87	89	88	85	85	87	84	81	89	90	89
36	34	35	33	36	34	31	36	28	31	32	30	31	36	31	33	33	33	31	34	32	34	35	28	32	33	33	33	34	29	37	34	37	37	31	37	35	30	34	31	30	30	37	32	35	37	34	37	30	29	37	31	32	37	28	30	32	38	38	35	35	29	31	29	37	29	33	31	35	36	28	34	29	36	31	35	28	34	36	38	36	32	31	32	34	30	37	35	37	37	38	37	33	30	33	37	28	37	29	35	37	30	33	36	33	31	36	31	38	36	35	35	33	29	29	33	31	35	36	32	37	28	34	33	31	36	29	29	34	28	38	36	32	31	38	30	30	33	37	32	36	30	36	36	33	29	33	30	38	32	37	31	33	35	30	30	32	35	35	34	34	31	38	37	29	33	36	30	38	31	28	36	35	32	32	34	28	32	30	33	29	30	32	33	31	37	36	36	34	33	30	34	29	30	35	38	28	31	28	35	30	36	37	33	37	28	35	34	32	35	31	37	35	32	34	28	32	32	29	35	29	32	36	28	32	30	36	33	30	34	30	30	34	36	31	36	31	29	36	35	31	32	30	33	35	35	37	29	33	29	30	37	35	35	32	31	29	34	31	33	28	38	36	30	34	32	29	36	37	37	35	32	36	32	31	38	37	36	35	36	29	29	30	35	29	38	33	31	32	33	31	29	37	37	36	35	29	29	31	33	37	33	29	37	33	35	29	36	36	33	30	36	30	31	35	37	33	34	37	28	35	33	28	34	37	36	32	37	28	29	28	36	32	34	33	30	35	31	33	33	30	33	31	29	33	32	29	36	28	32	34	30	35	33	33	32	37	33	32	30	30	32	37	32	29	30	34	33	31	30	33	35	35	35	37	35	34	32	34	37	31	30	35	33	34	34	37	32	37	36	34	36	36	30	34	33	32	37	31	35	33	36	34	34	29	32	35	32	33	37	32	30	30	30	33	34	35	32	37	33	34	38	32	35	36	34	38	36	31	31	31	37	37	30	37	32	37	38	36	29	29	38	30	33	37	36	29	35	31	28	36	33	32	34	35	38	30	37	35	28	29	35	37	28	37	36	36	31	35	28	36	32	31	28	37	31	34	36	36	32	30	33	29	37	37	35	38	37	30	35	30	37	33	30	34	37	29	34	37	33	30	32	38	32	34	34	37	38	31	37	34	34	33	31	29	34	32	35	29	29	37	31	28	31	31	33	36	30	36	36	29	38	34	34	28	37	29	31	33	35	36	36	33	30	29	36	31	34	38	33	32	30	32	36	29	29	37	36	31	37	37	38	35	35	29	30	37	37	36	29	37	32	36	33	29	37	31	31	30	31	34	35	31	32	28	31	30	38	30	32	32	34	29	29	29	31	37	35	31	32	38	30	32	36	31	29	32	37	29	35	34	29	36	36	30	33	34	34	31	34	37	34	38	32	36	32	35	32	28	31	30	33	32	29	28	28	32	33	31	33	28	34	29	32	37	34	32	32	33	35	35	30	37	36	32	29	29	38	35	30	35	35	28	38	33	33	37	37	30	31	36	29	35	35	35	33	37	31	37	30	35	30	34	35	34	30	34	29	32	32	35	37	30	29	35	34	36	34	32	29	29	30	33	36	29	36	33	31	34	28	30	28	29	29	35	28	28	31	31	29	34	36	32	33	37	31	33	29	35	34	35	34	35	31	34	32	31	32	33	38	35	36	29	29	38	30	37	37	36	38	37	37	28	33	31	29	29	33	37	29	33	33	31	38	35	35	31	35	28	37	34	37	29	33	29	36	33	30	29	32	31	33	35	29	38	37	30	28	33	37	32	34	33	36	38	34	31	33	29	29	33	36	34	29	28	36	34	33	38	31	35	33	33	37	29	30	29	29	37	32	37	36	36	30	29	35	34	28	32	28	30	32	28	36	35	32	37	29	29	38	36	32	30	29	34	29	38	38	33	36	38	34	36	34	32	38	34	29	35	33	37	38	30	33	31	33	34	35	33	38	28	36	36	34	38	31	30	30	32	35	37	30	33	31	35	33	37	31	28	30	30	31	34	37	34	36	29	37	32	32	38	30	33	36	29	36	31	37	30	38	29	30	29	34	38	32	31	31	30	29	38	31	35	33	36	36	34	33	37	37	29	37	33	33	29	32	32	28	31	32	34	29	33	33	29	29	32	36	35	33	30	31	31	36	36	34	36	29	34	37	29	35	33	37	33	37	35	29	35	36	37	35	35	30	37	36	32	32	31	29	30	29	33	30	31	31	33	28	29	38	33	29	29	36	28	30	29	34	30	33
62	61	57	60	62	57	61	63	65	56	61	60	59	62	65	63	63	66	61	60	62	61	62	61	64	62	63	61	64	56	64	64	65	58	61	61	62	57	65	62	57	64	59	61	61	64	64	57	63	62	65	60	60	58	63	57	61	62	57	66	65	60	63	63	61	64	57	60	58	60	64	57	58	66	63	63	60	65	64	57	59	57	59	56	58	61	59	63	57	66	61	63	58	58	61	58	63	62	62	62	59	64	62	59	62	61	59	63	58	63	61	61	56	63	64	63	63	58	57	61	59	56	58	57	60	56	65	63	62	61	56	64	59	57	65	65	60	62	60	56	57	64	60	61	59	61	62	62	63	63	62	57	59	61	56	58	58	59	66	58	60	65	61	58	63	64	57	62	63	59	57	57	58	63	60	60	63	64	65	60	65	58	58	60	63	64	63	65	56	56	62	57	64	65	63	59	65	62	62	66	65	63	61	65	64	63	57	64	65	61	57	66	64	62	56	64	62	58	65	57	61	60	58	61	64	59	60	62	63	58	65	63	59	66	57	62	63	62	57	62	56	62	61	64	58	66	64	66	58	64	57	62	65	63	57	56	64	58	61	58	59	57	64	60	60	57	64	59	66	62	57	66	65	58	62	64	65	65	59	61	64	60	61	60	63	63	64	60	61	57	63	66	62	64	66	60	66	61	59	63	65	61	61	60	57	66	61	58	60	60	61	58	58	59	63	57	57	59	62	57	58	63	57	65	61	64	65	59	60	60	56	60	60	65	56	60	61	62	66	66	65	58	56	58	58	59	62	61	64	64	60	63	61	60	60	60	66	62	64	56	61	57	63	63	65	59	57	62	58	59	59	58	62	59	63	56	60	58	64	58	64	66	63	64	64	66	57	58	61	57	59	57	63	59	60	64	65	62	65	57	57	63	60	57	65	59	64	62	64	63	60	66	63	59	60	63	58	56	61	57	60	56	58	63	56	65	62	63	64	64	62	56	62	59	64	62	56	65	62	61	58	63	57	63	60	65	63	57	58	62	61	57	63	66	57	60	61	59	58	62	59	61	59	60	59	57	62	58	59	64	63	62	61	64	63	57	63	58	59	65	62	58	64	59	58	57	58	63	57	64	57	63	58	64	65	56	60	60	62	56	57	63	57	61	57	60	60	58	65	60	57	60	62	63	66	57	65	59	60	64	65	59	57	63	60	63	65	58	64	64	65	58	59	60	62	60	61	56	56	60	61	58	61	62	60	63	65	58	59	66	59	62	60	61	64	62	61	59	60	59	64	56	60	60	61	58	61	56	62	59	62	59	64	62	59	63	57	63	59	57	57	59	58	64	65	62	62	65	61	59	62	63	61	66	62	59	65	63	60	61	65	61	61	61	63	64	61	62	57	58	57	61	58	62	65	61	60	63	58	60	63	66	59	62	57	61	57	60	58	63	59	57	62	60	61	60	65	60	62	60	56	60	63	58	56	64	66	63	63	58	64	64	62	62	63	60	61	64	65	57	66	57	60	60	62	57	60	56	64	61	58	66	60	58	63	61	62	60	63	63	58	65	65	57	58	59	59	56	63	60	58	57	62	64	59	62	65	61	57	63	61	64	65	61	64	60	62	65	59	60	65	63	61	65	60	61	63	64	64	65	61	63	57	58	64	64	59	57	65	59	65	61	62	61	64	56	65	57	61	66	58	59	58	58	62	63	61	63	64	58	58	63	57	64	66	57	59	58	58	64	62	60	59	58	56	66	65	64	56	61	62	62	62	57	56	58	56	66	58	60	65	62	58	58	65	65	63	56	59	64	62	62	59	63	65	61	62	59	60	58	64	57	60	64	59	63	59	63	60	66	63	64	66	65	65	64	60	59	60	59	57	59	63	65	63	57	58	61	58	60	61	61	62	59	60	63	57	65	61	64	58	66	58	60	62	61	59	63	57	62	58	60	56	57	57	64	64	58	56	60	58	58	58	60	57	58	58	59	56	63	60	56	62	57	63	62	66	65	62	62	65	56	59	61	61	63	59	58	62	62	63	64	65	66	62	56	64	59	60	64	57	61	57	65	64	64	65	61	63	58	65	62	61	62	60	65	60	64	63	63	58	57	56	56	63	57	62	66	66	59	59	63	60	62	63	62	57	62	56	65	59	63	65	61	63	63	62	57	60	58	62	65	56	63	57	61	59	60	56	60	62	65	59	66	65	58	63	57	58	59	59	66	62	65	65	57	57	64	64	61	62	57	65	58	66	66	60	62	60	64	58	64	65	62	61	65	59	56	62	60
15	20	16	18	17	16	15	22	14	14	23	13	15	16	21	14	18	17	15	17	18	16	13	14	20	16	19	20	21	21	17	21	14	18	21	18	20	20	18	22	17	17	17	13	16	17	14	17	16	19	18	18	21	18	14	20	17	19	20	13	19	15	17	15	17	20	14	21	19	15	16	22	20	18	19	22	13	16	21	17	20	23	14	17	22	14	18	18	23	14	19	17	16	16	13	16	22	20	18	17	17	19	21	21	15	19	22	19	22	21	17	19	20	14	14	16	16	21	17	19	17	22	20	23	20	23	18	17	21	16	17	22	19	15	20	22	22	20	20	22	18	16	22	21	18	19	20	18	16	13	21	22	14	22	19	21	15	17	17	23	13	17	19	16	17	20	22	23	15	21	19	21	17	15	21	16	23	19	17	18	16	21	21	22	14	14	22	16	15	18	14	18	17	13	15	14	16	18	15	21	13	15	19	22	21	15	19	22	15	15	19	17	21	21	22	15	22	15	14	19	18	18	15	18	14	15	15	14	17	19	17	20	21	18	14	20	23	18	15	15	19	23	23	14	19	23	13	14	17	20	13	20	14	15	20	21	13	18	16	15	22	22	21	14	23	14	16	18	22	21	17	21	20	17	17	19	14	17	19	21	18	16	13	15	20	22	20	14	17	23	18	20	22	18	23	13	16	13	20	18	18	18	20	21	18	15	16	22	20	22	16	20	14	23	20	15	22	23	20	14	20	15	19	22	22	20	13	13	15	22	22	14	23	20	15	14	14	17	20	13	16	14	19	14	21	18	19	14	15	14	15	14	14	19	16	21	17	15	18	15	17	20	20	17	19	21	22	14	16	13	22	13	22	21	22	18	19	14	17	14	13	15	15	18	14	18	17	17	20	19	19	17	20	20	15	15	22	22	14	17	15	15	15	14	13	14	16	14	17	15	17	19	18	18	22	20	17	18	17	16	21	15	16	13	21	18	13	19	19	16	21	22	19	14	17	14	15	20	22	19	22	17	16	22	20	19	20	13	21	23	21	20	20	13	20	21	18	17	22	20	16	13	16	19	18	19	21	23	13	21	18	14	16	18	20	21	17	21	16	17	22	21	21	17	20	16	14	18	15	19	19	16	22	17	19	23	15	21	18	18	20	15	16	16	18	17	13	17	18	23	17	21	16	14	19	14	15	21	16	19	18	22	16	21	22	19	16	14	20	17	23	17	21	17	13	16	20	19	16	18	18	14	17	18	15	14	19	18	19	22	16	13	20	18	22	15	16	19	14	23	21	14	14	15	14	17	20	20	15	21	23	23	20	16	14	22	19	17	19	14	15	15	14	20	17	16	13	14	14	15	13	14	17	20	21	15	20	14	18	20	13	23	16	13	21	16	17	20	15	21	21	17	15	16	18	17	23	16	20	13	20	18	18	22	21	19	20	14	23	21	17	20	22	14	13	14	18	14	22	22	16	14	14	17	23	21	17	20	19	16	16	23	22	15	20	21	13	19	15	15	19	16	16	17	23	23	14	13	16	15	19	20	19	16	20	13	16	16	17	21	14	22	16	18	16	19	22	22	18	16	14	13	17	19	18	14	14	14	13	15	22	23	18	20	14	14	14	14	22	19	19	13	20	16	17	15	14	23	17	15	22	23	19	13	17	23	15	21	22	20	17	22	22	22	17	21	17	16	17	21	17	14	18	14	18	21	13	18	21	14	13	21	22	14	22	14	20	14	21	21	13	13	17	14	17	20	21	16	20	13	15	15	22	19	18	21	20	20	18	21	21	18	22	22	22	15	20	14	21	20	15	20	22	20	19	17	15	13	21	13	17	19	18	15	15	22	17	19	21	17	17	21	19	18	19	13	22	21	20	18	23	15	19	18	20	17	13	23	17	17	22	21	17	20	21	13	19	19	20	17	13	15	18	16	19	14	14	15	22	20	19	18	16	16	20	15	17	19	21	18	17	15	21	20	18	16	18	15	16	13	17	19	18	21	19	20	22	15	21	20	22	15	16	20	18	17	16	20	15	13	16	20	20	13	20	17	13	16	17	14	14	15	15	19	16	14	23	18	21	14	23	15	23	18	17	13	13	15	16	19	21	20	20	20	17	18	13	17	14	15	15	14	22	14	17	18	17	17	18	23	14	23	20	22	17	15	17	15	20	15	22	15	17	14	21	16	13	23	17	20	14	19	21	16	20	19	18	19	14	18	13	14	21	13	18	23	21	14	20	17	16	18	20	19	20	15	18	14	17	21	15	16	16	16	13	20	16	14	17	15
30	29	28	29	35	28	34	34	30	35	32	37	28	32	29	28	36	30	34	30	27	36	32	30	29	29	31	37	32	35	32	35	32	37	35	36	32	30	28	34	31	30	32	36	37	31	34	36	31	35	29	35	35	31	33	37	27	34	33	30	33	36	29	36	33	33	35	28	29	27	31	36	31	37	36	27	30	36	33	27	37	30	28	29	35	31	35	28	29	33	32	31	30	36	33	28	31	34	29	35	33	36	34	34	28	31	33	33	32	29	33	30	29	29	28	29	28	36	28	36	31	35	30	33	36	29	27	32	34	35	36	34	29	30	33	34	31	27	36	27	35	34	35	35	31	30	33	33	28	36	36	33	28	33	32	31	32	37	30	30	27	29	29	33	32	37	33	35	29	30	33	28	29	35	27	27	31	34	28	28	31	31	28	37	35	32	33	28	35	30	32	28	36	31	27	32	33	34	32	29	36	35	31	36	33	31	33	34	35	31	37	32	27	36	36	28	34	31	35	32	29	33	28	36	32	37	29	30	35	35	35	34	35	34	30	29	32	30	34	32	35	31	29	31	31	37	31	28	29	28	32	31	31	31	34	31	31	30	31	34	29	30	30	30	36	35	35	30	31	34	34	36	29	30	36	37	30	28	36	31	28	29	32	27	33	36	31	28	32	36	29	34	31	33	33	36	32	32	31	32	32	32	28	32	28	28	36	30	36	32	31	35	32	37	30	33	34	32	36	31	33	31	31	27	35	34	35	33	36	29	29	37	35	29	30	31	30	28	29	34	34	29	36	33	28	34	35	35	32	35	33	37	30	34	27	33	37	30	31	32	32	28	36	33	29	32	28	30	31	31	32	33	31	32	36	32	31	33	31	28	33	27	32	37	31	34	31	27	36	35	33	29	35	32	35	35	31	31	34	36	32	30	35	33	36	34	27	28	35	35	29	31	27	28	27	27	36	37	35	33	34	28	36	36	36	28	36	35	35	30	29	31	29	34	29	30	31	30	28	33	30	35	36	34	32	30	35	36	32	31	30	34	27	29	31	33	28	28	30	32	36	33	30	35	29	36	35	29	28	32	33	36	36	30	27	36	32	32	28	32	27	32	35	34	36	27	33	27	36	34	29	31	37	31	36	28	31	30	28	28	29	30	31	31	31	35	30	37	37	32	33	34	29	37	32	36	29	28	36	33	35	27	28	28	29	31	32	33	28	37	31	34	36	32	35	34	35	37	36	35	29	31	31	34	33	30	37	36	36	35	30	28	30	34	30	31	30	32	30	28	32	32	28	33	33	28	28	28	29	33	36	27	30	29	30	34	35	29	35	35	31	30	34	33	35	32	35	32	36	37	32	28	28	29	27	33	34	31	29	31	30	35	28	30	31	27	33	36	29	34	31	31	34	28	31	35	28	36	36	34	34	35	32	36	30	30	31	28	31	30	30	35	32	30	36	32	35	27	31	33	31	35	27	33	33	37	37	27	35	34	33	29	30	36	31	28	35	31	33	30	34	33	33	33	30	30	31	34	28	33	34	32	31	28	32	36	37	32	30	36	37	31	33	29	30	34	35	35	29	30	37	29	37	34	32	32	36	36	34	31	31	37	30	37	37	28	32	28	28	30	28	29	35	36	36	33	34	32	28	30	33	27	35	33	31	36	33	27	27	28	27	33	29	29	34	37	28	28	33	32	34	29	36	31	29	31	30	33	34	37	29	28	29	29	35	30	36	36	30	27	31	34	34	27	27	34	35	30	35	30	31	36	34	32	34	35	36	28	32	37	34	37	36	29	33	36	36	35	37	34	37	30	35	36	28	34	37	31	37	30	34	28	28	30	34	32	34	31	30	34	31	33	28	32	30	36	28	32	31	31	31	34	36	33	27	35	32	31	29	35	27	31	32	29	32	29	33	36	31	30	32	30	32	35	36	29	34	32	28	27	35	31	36	35	36	33	30	37	31	28	27	37	27	35	34	31	32	31	36	29	32	34	37	29	35	32	36	35	30	36	35	29	28	36	31	28	27	36	34	28	36	34	36	29	35	36	31	34	29	29	28	28	30	33	28	32	34	30	36	34	34	28	33	29	31	32	31	37	29	31	31	27	33	36	33	31	29	30	33	29	34	27	33	28	34	33	37	31	37	28	34	37	32	33	34	29	36	36	32	27	32	32	28	35	34	37	36	30	29	27	36	28	35	34	27	29	36	28	33	28	33	29	34	32	34	27	33	34	37	35	30	33	37	36	29	36	36	31	29	35	36	35	33	27	32	31	31	29	28	28
24	23	27	26	30	27	30	22	29	29	23	31	27	29	25	23	24	28	28	30	29	29	23	25	26	23	29	22	22	29	27	31	27	27	28	27	30	26	24	22	29	29	25	30	27	27	23	22	22	29	28	23	28	23	25	28	23	22	29	28	30	28	27	30	23	23	26	29	26	28	27	27	28	25	24	29	22	24	26	25	24	27	24	28	29	31	27	29	29	24	30	25	25	31	29	30	28	28	31	26	22	31	22	26	31	25	21	31	23	30	26	21	26	24	23	27	28	27	25	30	23	31	24	25	26	30	22	30	22	23	24	22	23	22	22	27	25	31	27	23	24	29	22	26	24	30	24	28	22	21	28	28	25	28	25	29	24	25	21	28	26	21	29	27	29	30	22	23	22	23	26	27	23	22	26	28	25	28	23	24	30	27	27	22	25	25	29	25	22	24	25	28	29	25	30	27	25	29	27	28	22	23	29	26	26	25	22	25	29	23	31	26	22	25	27	27	28	27	25	26	29	25	26	21	25	28	22	22	21	21	30	22	26	30	24	31	28	27	24	22	28	23	26	26	30	21	27	26	26	25	23	22	23	29	31	26	25	31	25	25	26	27	22	23	31	29	25	30	26	22	29	23	25	23	26	24	30	29	28	30	27	22	26	24	30	25	26	27	23	29	27	21	29	25	26	27	23	24	22	25	29	26	26	25	21	26	25	23	26	27	23	21	27	22	27	27	22	24	23	25	21	28	24	23	24	26	29	28	24	22	25	27	21	23	23	22	21	27	26	29	28	22	30	26	27	29	28	28	22	21	27	28	22	27	27	30	25	21	29	22	22	26	29	29	27	27	25	26	22	23	26	24	25	28	30	21	28	23	27	27	27	31	21	23	28	28	27	31	26	22	25	26	28	22	28	26	30	23	22	21	24	26	27	28	31	22	25	26	22	31	22	25	31	25	23	28	29	22	25	24	21	25	26	23	24	31	28	24	30	29	21	30	29	29	25	23	24	27	22	22	31	28	28	30	29	26	24	23	25	22	25	29	26	25	31	27	30	21	25	25	29	29	30	21	27	26	23	23	25	27	24	23	28	24	30	22	26	22	25	24	29	22	23	28	29	21	23	23	22	26	27	25	29	29	26	26	23	27	24	29	27	31	27	23	22	23	23	26	31	27	25	22	24	24	30	24	28	22	30	24	26	29	30	29	22	29	28	27	27	22	28	28	28	22	26	25	27	30	28	27	22	29	24	22	27	30	24	21	21	27	24	31	24	25	25	24	25	21	27	30	23	27	21	27	27	29	26	29	29	23	22	27	29	28	22	26	27	29	24	23	25	23	23	24	25	27	30	30	23	24	22	24	28	29	29	27	28	24	28	21	25	23	26	31	30	23	27	31	26	30	31	26	29	29	31	27	30	24	26	27	23	31	27	24	28	27	28	26	22	22	22	23	29	25	24	27	22	28	24	29	23	26	30	27	21	23	26	24	26	25	25	29	26	29	29	25	31	24	23	31	29	24	26	28	24	24	27	26	22	22	23	22	31	30	25	27	22	27	29	23	24	27	26	24	22	27	22	30	25	24	23	28	24	29	28	29	22	30	30	29	30	26	27	22	27	24	27	25	28	24	28	25	30	30	24	22	26	28	25	29	27	22	24	25	27	28	29	26	23	25	29	28	28	23	23	22	21	27	28	23	25	22	25	22	24	24	25	25	22	27	29	24	30	24	29	30	22	25	23	22	25	29	25	27	24	30	27	24	27	27	25	30	23	21	26	22	25	24	26	31	29	27	30	29	22	21	23	26	27	26	22	31	26	25	31	27	29	27	24	31	30	23	24	28	31	26	28	26	23	24	30	28	24	23	26	26	27	22	25	30	27	26	27	29	25	28	25	21	25	30	28	21	23	31	31	25	23	22	28	22	22	21	29	24	28	27	25	28	25	21	30	23	23	22	30	22	29	28	26	25	23	23	30	24	29	21	25	23	21	23	30	23	31	22	27	29	29	26	23	28	25	21	27	26	26	30	26	28	24	31	27	28	30	24	30	30	29	22	23	26	25	27	28	30	30	29	29	31	26	21	27	26	28	29	30	27	30	22	31	24	27	30	27	27	30	31	26	23	28	30	22	25	28	28	23	25	29	21	23	21	26	24	25	23	22	26	28	27	26	22	23	30	28	22	25	25	25	27	30	22	22	29	26	30	29	26	25	28	28	23	23	29	24	25	29	29	30	27	26	30	22	31	23	27	27	21	26	28	26	31	24	26	30	29	30	29	28	22	23	25
71	71	72	79	77	73	77	75	73	74	71	71	72	75	72	74	73	76	72	77	73	71	74	70	76	78	79	79	75	77	79	74	79	80	72	72	72	75	71	78	78	72	72	78	78	73	75	71	78	78	71	80	78	75	78	70	72	79	70	79	79	79	76	75	73	73	76	78	73	72	77	71	72	71	71	74	77	80	76	72	72	74	75	70	72	79	79	78	74	79	75	75	76	78	77	70	70	76	76	71	75	74	73	75	71	71	74	79	74	71	77	75	75	78	79	72	80	80	75	71	74	78	80	72	73	72	79	71	79	79	78	72	80	75	78	75	71	71	80	70	76	78	72	80	75	72	75	75	75	74	77	73	80	80	78	79	75	72	70	78	75	79	73	71	74	74	80	70	70	75	76	77	79	70	79	71	74	70	76	79	78	77	77	70	77	74	77	75	79	73	77	70	79	71	77	77	76	78	79	77	71	70	77	70	79	77	75	77	77	77	74	78	79	73	78	72	78	70	72	74	76	70	73	78	79	71	71	79	78	76	78	78	74	74	74	79	74	71	79	77	79	74	78	74	72	70	72	79	71	78	80	76	73	71	76	78	76	76	80	75	74	73	72	76	79	77	71	75	71	76	76	80	78	73	78	79	75	73	75	79	76	78	73	79	79	70	77	76	79	79	78	75	76	78	79	79	71	76	77	78	74	70	73	74	71	76	79	71	77	70	77	77	71	71	79	70	75	77	72	77	77	79	79	71	77	78	72	77	70	78	71	71	79	76	73	77	74	78	75	75	78	73	78	74	79	77	71	80	78	73	77	75	70	72	73	78	74	73	74	71	75	70	75	70	78	76	76	73	75	76	71	75	71	79	76	72	77	75	76	75	71	76	75	73	71	70	77	72	78	77	77	71	71	72	74	72	72	78	74	70	74	72	79	76	80	77	74	78	76	80	76	72	74	78	75	74	74	74	73	80	80	71	79	70	78	78	74	75	75	78	77	79	70	71	78	71	79	77	74	76	77	75	77	71	78	76	77	70	77	78	78	75	74	72	70	79	79	75	71	71	74	72	73	78	74	76	71	71	77	72	70	71	77	75	76	79	74	74	75	71	70	75	71	76	76	79	71	75	76	77	76	79	76	79	74	73	71	75	77	71	80	73	72	79	75	73	72	76	72	76	76	79	77	71	78	75	73	80	73	73	78	76	74	78	74	72	71	71	75	73	76	77	76	77	76	73	72	76	75	78	71	75	71	72	72	75	75	79	75	73	74	75	79	74	79	73	74	78	72	77	78	75	73	78	71	73	76	75	80	78	70	78	76	80	70	79	73	76	75	77	72	80	76	74	71	74	72	73	77	79	77	71	76	70	77	70	73	75	75	75	76	70	77	74	75	75	77	72	71	71	72	77	73	76	79	76	78	72	75	76	80	76	73	76	73	73	77	71	75	76	78	74	73	79	79	73	72	76	76	79	72	74	71	79	71	74	71	77	77	79	79	71	73	72	73	75	74	77	74	78	70	80	73	76	77	75	71	78	72	77	76	79	74	72	75	73	73	80	72	76	71	78	79	79	78	73	76	71	70	73	78	75	76	72	78	74	79	70	76	77	74	76	79	78	72	75	70	75	78	72	78	70	78	70	77	76	78	72	71	70	74	76	79	79	71	79	71	75	71	73	71	77	74	72	71	74	79	78	75	75	79	76	73	73	75	72	70	76	74	72	78	74	74	77	75	77	74	77	79	72	74	70	75	79	72	73	80	70	71	74	72	76	79	79	71	77	70	73	78	80	77	78	74	77	74	71	74	79	79	71	72	71	74	79	76	70	77	72	71	77	74	75	72	80	73	80	71	73	79	72	74	72	71	76	71	74	75	79	72	79	73	75	75	75	70	78	74	78	73	75	72	80	75	71	74	79	78	76	78	74	73	77	76	71	78	78	71	74	73	71	77	74	71	71	80	77	71	73	76	75	73	74	78	71	74	70	71	71	72	70	75	78	73	78	79	79	77	79	72	70	75	72	73	71	78	77	78	73	77	71	71	72	75	74	80	76	72	78	73	74	73	79	74	71	79	73	76	73	79	71	77	79	77	77	80	70	77	73	78	77	72	78	80	74	76	79	75	71	71	75	74	77	72	76	71	72	72	75	72	70	79	78	78	70	78	71	76	74	80	79	71	73	75	76	74	77	77	75	79	79	71	79	79	75	73	75	78	78	77	78	73	75	75	77	79	73	79	72	73	73	71	75	78	75	76	74	71	79	71	72	75	71	75	79	73	75	75	72	74	70
62	60	67	59	60	59	63	64	60	61	59	65	67	59	67	67	61	66	59	64	59	63	63	67	64	61	67	66	65	64	66	64	58	63	60	62	60	67	63	63	63	65	65	61	65	60	58	60	60	63	65	59	65	65	62	65	65	61	61	65	67	65	65	61	60	62	60	68	59	63	60	67	62	67	67	64	67	61	64	60	64	61	67	66	63	62	60	61	58	66	66	61	66	59	63	67	65	59	60	59	64	59	64	60	61	65	65	64	66	67	62	68	58	65	63	65	63	63	61	67	62	63	59	58	67	61	62	62	66	62	64	66	61	65	64	60	59	65	62	61	58	60	59	67	63	60	62	64	60	63	59	62	61	60	59	65	65	60	66	65	63	63	62	59	60	62	65	64	67	64	66	61	62	67	65	62	59	67	68	59	59	62	64	68	59	62	59	60	63	65	63	61	60	63	65	66	61	59	63	67	62	64	58	60	63	63	66	59	59	68	60	62	60	67	65	59	67	66	67	67	67	61	61	61	62	61	67	62	60	64	66	58	64	61	64	59	62	67	66	58	58	59	65	64	60	64	62	65	63	65	59	61	60	63	68	65	67	66	67	65	65	63	64	64	67	59	64	63	67	67	60	59	61	62	59	67	68	61	65	60	66	67	64	65	58	61	62	64	61	64	66	66	65	67	66	66	62	64	61	62	64	66	59	66	62	67	63	63	58	65	67	66	58	68	62	60	59	62	65	59	59	67	65	66	59	64	59	64	65	58	60	66	59	65	67	65	63	66	65	64	64	63	62	61	65	61	67	59	67	63	59	67	65	67	67	61	65	62	67	63	66	63	62	64	66	60	60	58	62	64	61	63	59	64	68	59	67	63	67	66	66	67	63	66	58	61	60	60	66	60	65	59	58	60	60	62	61	59	60	62	63	61	64	66	64	61	64	64	66	64	59	61	68	63	66	61	59	59	60	67	63	61	63	63	59	61	58	68	67	67	60	63	67	60	61	64	66	65	61	62	65	60	66	68	62	64	64	58	66	59	64	61	66	63	67	67	66	61	67	67	63	66	59	62	67	64	59	65	63	63	62	60	62	61	59	62	65	60	65	64	63	66	66	68	60	60	68	68	63	59	61	61	64	67	65	58	65	60	63	64	68	58	59	60	58	65	66	66	61	59	68	66	62	61	60	68	66	67	60	63	62	63	58	64	63	66	62	63	65	59	59	60	58	63	68	60	61	61	67	61	64	66	67	64	67	61	65	64	61	67	64	59	67	59	61	67	62	66	62	63	62	60	68	63	65	62	67	65	62	67	62	59	67	60	63	66	59	66	58	61	65	67	65	65	62	63	67	59	64	60	59	61	63	63	61	66	66	65	60	68	68	64	66	62	65	64	66	66	65	59	61	61	68	64	58	59	62	66	65	66	58	67	66	61	66	60	61	64	62	59	60	62	58	64	67	62	66	65	61	64	60	61	66	63	67	64	63	62	65	60	66	64	58	62	65	63	68	63	66	61	67	62	67	67	63	64	64	63	66	62	65	67	63	68	67	59	62	65	62	59	62	63	59	63	61	66	65	64	61	67	61	64	65	66	60	58	60	62	58	66	59	60	60	63	59	62	65	63	60	58	65	67	59	66	59	65	60	64	60	68	65	61	63	61	59	66	67	60	65	67	62	65	62	61	66	66	60	67	61	67	66	61	59	59	62	61	66	62	62	62	63	61	60	58	59	58	59	61	61	60	59	67	61	65	66	65	67	63	59	61	59	63	68	67	63	62	67	68	64	67	65	66	62	63	65	64	66	63	62	67	68	61	64	62	63	62	58	64	59	59	59	58	68	58	67	65	58	67	60	63	65	61	59	65	66	67	61	59	63	61	68	65	58	67	64	63	65	61	64	58	65	66	67	60	61	63	65	65	68	64	58	62	58	61	59	66	67	58	58	65	66	64	61	66	68	67	64	62	61	59	64	65	61	64	62	67	59	64	64	61	67	60	62	61	60	66	59	63	62	59	58	58	66	64	59	65	63	59	59	64	60	61	64	67	58	66	58	64	63	58	62	66	65	64	62	66	63	61	68	59	62	66	61	63	66	66	60	66	67	66	58	67	65	58	61	65	62	60	59	62	66	67	62	68	67	58	59	65	62	67	65	60	67	61	65	60	65	58	68	66	65	63	66	63	68	61	62	65	63	67	68	62	61	66	62	64	62	64	58	63	60	66	59	62	63	63	64	64	61	63	68	62	58	67	67	61	67	62	58	61	60	64	59	61	60	59	66	60	61	63
97	104	96	102	94	103	98	103	104	100	96	98	103	95	102	101	103	102	103	96	102	98	103	102	99	96	97	95	99	97	99	95	97	103	98	98	100	95	100	94	96	98	99	101	100	98	98	96	100	97	95	95	100	101	97	104	95	103	101	101	96	101	102	102	98	100	101	101	99	101	100	101	99	99	103	101	95	103	96	104	100	103	98	100	95	96	103	101	102	100	97	99	102	99	95	96	94	94	97	99	102	96	97	104	95	95	101	103	97	98	102	102	98	100	96	97	102	99	104	98	96	99	97	100	101	96	100	100	98	102	103	101	100	97	95	104	97	96	103	101	102	104	102	94	95	103	99	99	102	102	104	98	103	101	103	104	99	102	96	97	104	96	103	96	102	94	97	100	95	99	97	94	94	101	102	101	97	95	97	102	102	97	98	96	98	102	99	97	100	102	94	99	100	103	104	101	97	100	102	102	99	96	102	103	96	97	94	102	96	96	103	103	95	94	102	100	98	99	99	102	94	97	98	102	96	103	99	99	103	102	97	102	98	95	99	99	99	103	102	102	104	102	95	101	98	100	101	99	102	100	101	104	97	99	98	101	94	103	101	102	97	99	101	102	101	100	97	98	103	103	103	95	98	102	99	103	103	104	99	95	98	98	94	103	96	94	99	104	103	95	97	96	102	96	97	101	100	96	103	104	103	98	97	95	101	98	103	97	98	94	97	102	104	97	100	101	100	95	100	100	99	97	99	102	94	98	96	101	101	99	97	104	98	97	95	98	100	95	96	99	97	101	95	98	99	100	96	97	96	94	104	104	103	98	99	94	101	98	101	97	101	103	96	96	104	99	94	97	98	99	97	94	94	99	97	101	101	103	103	96	102	94	97	104	96	103	99	99	97	99	98	101	100	102	95	99	103	98	103	97	102	96	99	103	102	101	98	100	97	94	96	98	94	100	103	96	102	101	102	103	99	95	97	96	98	96	100	99	96	98	99	102	99	98	104	98	100	100	98	95	101	96	97	94	102	99	99	97	94	101	101	98	103	103	102	96	95	101	102	104	97	98	102	95	97	96	102	102	100	101	104	97	103	103	100	100	100	98	100	95	98	102	98	94	96	98	98	97	98	95	102	104	96	103	99	101	95	96	104	103	95	101	97	103	100	103	95	104	95	97	94	95	101	97	104	97	97	97	103	103	101	94	95	101	101	96	100	96	100	101	103	102	97	102	101	95	101	103	98	104	97	96	99	96	97	100	101	97	97	95	96	100	100	97	95	95	97	97	96	96	98	104	103	99	99	103	99	104	94	98	95	95	103	95	97	103	100	98	94	95	97	95	98	95	103	102	98	103	100	96	95	95	94	97	94	99	100	95	102	98	104	95	101	99	101	101	102	101	101	99	102	102	98	103	102	100	94	94	100	102	98	104	100	103	103	97	96	94	103	99	103	95	97	96	100	98	104	99	100	103	101	95	97	98	99	103	97	101	100	101	99	104	102	99	99	96	94	102	98	98	95	101	103	101	101	103	103	104	102	103	94	94	98	100	104	95	96	103	102	101	101	97	99	94	98	100	96	97	96	94	98	102	96	103	95	96	95	101	99	98	99	100	103	95	98	103	94	96	98	99	94	101	102	97	96	96	97	99	95	99	98	104	103	94	96	94	101	104	101	103	103	101	102	101	98	95	95	102	102	99	100	96	96	96	102	97	97	100	104	101	103	101	104	99	95	103	94	99	94	102	100	103	102	96	103	98	102	95	100	98	98	104	95	104	96	99	98	104	100	100	95	99	100	103	103	101	104	102	102	98	99	98	98	101	100	102	97	102	98	99	96	103	100	95	97	99	94	97	98	103	94	103	95	101	98	94	96	100	97	97	97	94	101	103	104	101	103	95	98	95	96	99	103	103	104	98	100	102	94	97	100	99	100	103	99	101	97	95	96	103	99	103	96	97	97	95	95	103	96	102	97	102	97	99	102	97	102	99	101	94	95	101	96	103	101	101	95	99	104	98	102	103	100	96	102	95	103	98	101	97	96	96	103	100	98	99	100	95	100	100	95	104	99	96	104	95	99	101	104	102	98	94	104	101	98	104	94	101	99	100	103	102	98	103	97	95	100	96	101	101	97	103	100	98	95	97	96	101	102	98	97	99	95	99	101	101	99	100	101	96	102	96	100	104	96	95	100	101	95	104	94	99	103	100	103	100	99	101	100	94	101	97	99	100	99	99	94	101	95	101	103	96	100	103	100	94	100	103	95	103	98	98	94	99	100	100	96	99	96	98
46	38	37	39	43	45	38	38	39	46	43	41	45	43	46	42	38	41	39	38	38	46	44	41	38	44	39	40	40	42	38	41	42	41	39	41	42	40	37	45	39	41	37	39	42	40	44	37	42	39	37	44	44	39	45	37	46	39	36	40	44	36	37	38	39	45	40	42	38	38	44	43	38	37	38	37	36	43	36	42	37	43	39	41	40	41	42	45	40	37	40	37	38	42	43	43	41	41	44	40	40	45	42	44	38	41	41	43	44	41	38	43	40	37	44	38	43	39	45	40	40	36	37	36	44	39	44	42	40	44	37	39	45	42	41	45	42	43	45	41	45	37	39	44	39	41	40	37	40	45	39	42	39	44	39	36	37	39	43	43	42	46	39	44	45	45	42	39	40	43	45	46	45	42	40	45	39	36	37	41	37	38	39	40	44	42	44	36	43	40	45	46	43	45	45	46	44	46	36	36	41	43	39	44	38	43	45	43	40	38	45	46	41	38	38	43	40	40	41	43	45	44	39	44	37	44	37	43	43	45	44	41	42	40	39	36	42	41	37	44	36	45	42	42	44	43	42	41	40	44	42	40	40	37	43	39	39	37	41	38	45	40	37	46	43	39	36	37	36	42	40	38	37	37	42	42	41	41	44	39	41	38	38	38	43	37	41	37	42	44	38	41	39	41	44	41	37	46	38	45	44	36	37	38	38	45	39	36	40	37	36	45	45	41	40	41	42	42	46	42	37	43	38	39	40	38	38	46	39	42	37	37	40	39	44	44	43	39	44	39	38	38	39	46	39	44	43	41	45	39	41	40	37	43	38	46	38	36	40	41	40	44	41	36	45	42	42	42	38	43	37	40	42	42	43	37	42	38	44	44	39	37	41	42	43	43	39	39	42	42	40	42	40	41	38	40	39	40	41	41	40	41	43	41	38	41	36	37	44	41	44	37	45	39	40	37	44	41	36	44	43	43	44	38	37	37	42	42	44	40	45	41	43	44	38	40	41	42	43	38	44	42	39	45	42	36	44	41	37	40	44	38	45	41	46	40	44	39	37	39	43	39	42	43	43	44	41	39	37	39	41	36	37	43	42	44	39	42	44	41	42	39	36	41	38	41	37	44	41	39	44	44	36	43	41	37	44	36	38	43	44	42	42	46	37	36	38	40	44	36	36	43	44	36	42	40	39	39	37	43	43	37	37	36	36	43	43	43	38	40	41	36	37	41	44	36	42	44	38	39	38	43	41	40	44	38	42	41	42	42	44	44	37	44	37	38	39	41	44	45	43	40	46	36	45	41	37	38	40	41	37	43	38	39	43	41	44	39	41	40	42	43	46	39	39	40	37	38	42	45	44	39	40	43	44	46	40	42	39	40	45	46	37	37	41	44	36	36	42	42	38	37	38	42	39	41	39	37	42	44	41	39	37	40	37	39	37	45	42	38	37	40	46	41	44	37	40	44	46	40	37	41	44	44	45	43	39	39	38	43	37	44	41	40	44	39	42	39	39	37	41	36	40	39	37	39	41	44	39	43	37	37	38	38	38	39	43	36	41	46	40	38	40	44	36	38	45	46	43	39	46	42	43	40	39	40	44	44	45	43	46	38	42	40	37	41	41	40	46	43	37	39	36	37	43	37	36	38	42	38	38	45	41	44	40	39	37	40	43	40	39	38	38	45	43	41	44	38	38	46	44	43	37	46	41	41	38	45	40	41	42	46	44	44	37	38	41	42	36	37	40	36	43	43	38	38	42	44	38	38	39	37	43	42	38	45	42	43	40	43	46	39	36	39	39	46	46	39	42	45	42	44	40	43	42	37	38	41	40	42	36	38	37	43	46	44	42	38	44	46	39	37	44	44	46	45	43	40	45	39	36	39	40	39	41	37	42	39	38	37	40	40	40	39	46	39	40	44	37	44	42	41	37	42	41	41	36	42	45	46	43	38	45	44	37	39	39	38	43	39	38	42	45	38	43	42	38	42	44	45	39	43	38	40	38	37	44	37	40	43	44	40	39	39	38	45	43	39	44	39	37	41	37	42	36	43	39	46	37	41	44	39	46	41	44	45	43	45	39	43	42	37	38	39	40	40	42	46	43	38	41	40	42	42	37	37	46	45	36	43	45	44	39	44	42	42	41	41	36	43	44	45	38	43	37	36	38	40	45	42	42	44	40	37	44	45	38	43	46	40	44	46	45	44	38	42	40	42	38	42	40	43	41	44	42	44	42	39	39	36	46	40	43	38	37	43	38	42	45	37	46	42	43	36	44	38	38	36	43	40
82	75	78	82	81	77	75	77	83	73	77	82	76	76	77	78	76	83	82	74	75	74	78	82	75	80	77	80	75	81	79	76	79	76	79	76	76	76	83	82	74	78	74	77	81	81	82	79	80	82	77	82	73	73	78	73	83	75	77	78	80	80	83	81	83	74	74	82	81	77	75	81	75	73	77	75	78	77	80	76	82	80	76	75	81	76	76	80	75	80	76	76	74	78	81	81	75	79	82	74	78	76	82	80	77	81	78	79	78	75	79	78	73	81	83	81	83	81	76	83	74	81	79	73	79	83	77	83	80	80	81	80	83	81	81	81	74	77	74	83	79	78	79	75	81	79	78	82	80	77	78	75	81	82	80	74	81	79	80	81	77	78	78	83	80	81	74	79	76	77	78	73	81	74	76	78	77	77	77	73	76	75	78	75	80	74	76	75	81	77	77	76	77	73	77	79	76	78	81	78	74	73	77	74	82	79	80	75	79	80	77	76	76	80	81	81	81	81	82	76	77	77	75	80	82	74	76	82	75	82	82	82	75	77	80	83	83	80	79	78	74	78	77	74	74	76	77	78	82	77	78	81	82	79	74	76	77	77	77	82	78	78	80	83	83	77	73	81	78	80	74	79	81	78	81	78	80	74	76	78	77	76	73	81	82	75	77	81	76	82	81	81	75	79	78	76	77	80	78	82	82	81	82	79	75	76	83	76	79	74	81	74	73	76	81	73	81	81	82	80	76	80	76	74	74	81	80	76	74	73	79	82	78	82	83	79	81	80	76	80	80	74	82	80	78	78	73	83	78	76	77	81	78	74	81	73	74	73	75	77	77	81	75	75	75	79	75	75	82	77	80	73	80	83	74	75	73	82	75	74	80	74	77	82	80	79	80	82	82	75	75	79	79	81	83	77	77	80	76	80	82	74	76	73	81	79	74	76	81	75	80	75	78	83	80	75	80	76	80	73	78	83	82	80	77	74	76	75	78	82	80	80	75	82	80	81	77	79	81	76	83	74	74	77	78	79	73	83	81	74	79	76	81	79	75	76	79	82	82	74	76	83	75	77	74	77	83	75	75	82	74	77	81	79	75	77	81	76	76	80	76	80	82	80	79	74	81	81	79	77	75	82	82	79	74	81	74	80	83	77	82	82	82	75	73	77	80	75	78	81	78	81	74	77	82	77	74	79	78	73	75	79	80	76	81	74	76	73	76	81	82	73	75	80	80	82	77	74	76	80	78	74	81	82	77	83	77	78	77	78	74	78	80	80	79	75	82	75	77	79	80	83	80	75	83	75	78	79	79	82	81	77	81	78	80	82	79	79	78	73	78	77	79	77	80	76	75	79	81	78	78	83	81	73	76	75	81	81	73	78	81	77	83	82	75	74	80	74	82	77	81	74	81	77	83	77	77	76	81	79	78	74	78	78	83	77	78	80	74	82	79	74	82	74	75	73	75	82	74	75	80	78	79	76	77	81	76	75	81	77	75	77	80	77	80	75	80	79	76	83	78	83	81	80	82	81	81	81	73	75	82	73	78	82	74	79	77	76	75	76	82	83	78	80	80	75	80	76	81	82	80	77	81	83	81	82	80	75	81	78	76	75	78	75	78	75	74	80	78	81	76	81	81	76	74	81	80	77	74	80	80	74	81	76	73	76	74	80	74	75	78	82	76	78	80	78	77	74	81	79	82	77	82	81	74	80	82	78	78	78	83	79	74	75	75	78	82	82	77	79	83	73	74	79	75	78	75	76	78	74	79	79	77	74	74	75	73	81	83	78	77	74	75	79	75	79	81	80	78	79	77	80	81	78	73	79	74	80	74	81	73	76	80	77	82	78	76	81	75	76	79	76	79	80	75	81	82	74	76	73	75	78	75	74	80	79	82	83	82	78	77	80	83	74	77	82	77	74	75	80	82	78	81	74	78	79	82	83	78	74	79	80	83	78	78	75	73	73	82	77	80	78	77	74	80	74	76	75	73	81	79	73	79	78	82	81	75	80	79	77	75	73	73	79	82	75	79	82	82	79	74	80	73	78	75	82	79	75	79	78	77	82	78	76	78	77	79	78	79	73	73	76	75	80	75	75	76	78	75	73	80	82	75	76	74	79	79	77	79	77	81	83	81	80	77	79	76	74	74	75	80	76	75	76	80	76	77	74	75	75	80	79	76	74	75	74	79	77	74	82	73	75	83	83	74	79	77	79	78	78	75	76	75	76	79	78	81	74	75	80	80	76	79	78	80	75	80	77	81	73	81	81	74	73	76	78	81	79	76	73
35	35	37	34	30	33	31	39	35	35	37	36	37	33	38	29	30	36	35	31	30	33	33	38	37	31	31	32	32	39	34	32	34	29	33	37	30	29	30	38	33	29	39	32	32	35	33	33	35	38	32	31	32	34	36	39	34	39	32	38	30	34	30	39	30	35	35	36	39	33	30	32	37	36	32	36	32	37	30	35	37	32	37	30	37	31	37	39	33	30	39	37	33	31	37	37	32	33	38	30	33	31	30	35	38	30	37	36	32	37	32	29	38	30	33	34	35	30	30	34	29	35	37	29	35	36	37	34	37	31	37	36	34	32	39	33	30	35	37	33	29	31	35	35	30	33	34	34	39	35	33	34	32	33	34	39	30	35	33	34	38	34	36	34	33	33	30	31	30	32	30	36	34	37	32	29	29	39	37	38	35	38	30	33	39	39	31	32	35	35	34	35	37	36	36	35	36	38	33	30	33	32	30	31	36	34	29	34	33	36	36	37	37	34	36	33	31	34	32	35	33	36	32	36	35	36	33	35	31	39	32	38	35	30	33	37	30	37	35	32	36	35	32	32	33	32	37	33	33	30	37	36	32	30	37	32	36	34	34	30	33	38	30	35	35	37	31	36	29	30	31	34	33	34	34	33	36	35	31	31	29	34	31	33	31	36	30	36	33	35	39	37	34	30	37	37	37	34	37	39	38	35	34	36	32	39	30	37	33	32	35	31	32	38	36	31	30	35	35	31	37	39	38	38	36	29	38	30	31	37	37	36	38	36	37	38	37	37	29	35	38	29	32	33	30	38	30	37	32	36	30	37	34	29	35	30	33	36	37	38	29	32	29	38	30	33	39	34	34	36	37	32	39	32	33	39	37	38	33	34	32	29	36	33	38	39	36	33	30	39	31	34	29	36	35	37	34	32	36	36	36	35	38	33	30	36	33	30	33	32	30	30	35	33	31	34	38	33	30	37	39	33	30	34	36	37	37	32	36	38	31	33	36	33	31	36	34	33	36	32	34	30	37	32	34	32	37	29	33	38	38	32	32	37	30	39	30	38	32	39	35	35	32	32	36	30	35	35	29	32	31	35	31	35	33	34	30	34	30	35	31	39	30	38	35	31	39	35	36	29	29	35	31	37	35	36	31	38	30	36	29	30	38	36	33	36	33	35	35	30	36	36	35	38	34	32	37	35	34	32	35	36	32	35	31	36	32	31	39	36	37	38	36	39	35	33	33	34	31	30	38	29	31	38	36	33	31	34	35	35	33	30	32	32	36	32	38	34	38	34	30	36	36	39	36	35	37	36	38	29	31	39	37	29	37	33	31	34	37	31	31	30	30	35	31	36	35	33	32	31	32	36	34	30	37	30	36	36	30	37	38	32	35	34	29	32	32	38	34	39	29	31	31	35	35	34	33	35	33	31	34	33	35	32	35	38	38	37	38	30	37	36	30	31	33	30	29	38	33	31	37	36	30	33	34	30	35	39	34	37	35	36	34	37	29	33	32	34	33	38	37	35	33	33	38	33	39	32	37	34	35	38	32	33	32	30	34	36	33	33	36	32	33	35	38	31	31	32	36	39	39	33	34	36	33	37	39	37	35	30	38	36	38	38	36	31	38	30	33	39	31	36	30	33	32	36	38	33	31	31	33	37	37	39	37	36	36	34	35	36	35	35	30	33	34	36	30	32	37	38	29	31	33	35	38	35	37	30	32	36	31	38	35	37	29	31	37	35	39	34	35	37	37	38	38	30	39	37	29	36	29	30	33	38	30	31	37	37	37	31	38	36	33	31	35	35	33	38	35	33	35	32	33	34	37	36	36	30	33	32	31	36	34	35	38	31	31	33	30	34	33	33	33	33	32	37	36	34	36	37	32	30	34	34	37	36	30	34	32	32	35	33	38	32	33	35	30	33	32	35	37	34	37	34	36	29	39	39	39	31	30	34	31	35	35	36	33	35	38	36	34	39	30	35	38	38	32	31	29	32	30	31	34	30	38	30	31	32	31	31	38	34	29	36	34	37	33	31	35	39	34	34	33	39	38	37	37	38	31	37	31	32	34	37	38	38	30	37	37	33	37	33	35	32	34	36	31	30	34	29	38	39	31	36	30	31	30	31	36	35	38	37	31	39	37	37	34	33	38	33	31	38	35	32	33	33	32	38	31	33	33	30	31	39	33	38	33	35	37	37	37	30	34	31	33	29	32	37	33	36	39	35	36	35	32	31	36	37	32	34	35	36	38	31	31	36	34	38	31	30	37	32	38	35	37	30	34	35	37	38
57	50	52	56	55	52	58	52	56	54	49	57	53	50	53	55	58	51	49	57	52	56	55	54	58	54	58	55	59	50	55	54	53	55	52	50	56	56	58	50	51	57	51	56	55	54	52	58	55	55	57	53	56	58	57	51	49	56	56	58	56	52	57	56	52	54	55	57	54	54	54	50	53	58	54	54	51	54	56	51	52	58	59	49	56	51	58	54	50	52	55	58	49	57	58	52	53	58	54	52	57	51	50	55	51	56	52	55	56	54	55	57	55	56	51	53	55	49	55	56	55	51	49	53	57	54	52	54	51	54	52	50	53	53	56	55	52	52	55	49	54	51	50	52	53	51	51	56	52	53	54	54	53	58	50	56	53	49	53	56	49	52	49	51	54	52	50	57	52	55	59	52	56	50	55	50	56	53	55	59	55	57	50	50	57	49	50	54	56	56	49	53	52	57	50	52	55	54	59	59	53	53	53	57	55	52	57	54	55	56	50	57	51	55	58	57	50	59	51	58	53	54	53	52	52	52	55	57	57	55	52	56	51	50	58	58	56	52	52	49	57	59	58	53	52	51	51	55	52	59	57	57	54	55	52	51	56	54	57	55	52	49	57	51	50	59	52	57	57	56	54	55	52	50	56	51	55	53	50	52	55	53	52	54	59	55	58	50	58	51	57	55	56	57	55	55	51	51	55	51	51	57	50	54	52	51	50	59	57	51	59	51	50	54	56	58	58	50	57	55	54	55	56	50	50	51	59	54	53	56	50	55	54	53	50	52	52	56	55	50	52	52	57	49	52	57	54	50	52	50	58	49	58	54	58	59	50	56	58	52	56	50	54	49	54	51	56	56	57	49	56	53	56	55	57	50	50	57	52	56	51	50	51	54	58	53	50	54	53	50	50	57	57	53	55	56	50	55	53	52	55	51	52	55	57	52	49	55	56	57	52	51	52	55	57	51	59	51	58	52	53	56	58	53	56	50	50	50	58	52	57	56	52	55	58	59	58	57	49	58	55	55	57	55	59	50	52	53	58	52	50	54	57	55	56	50	54	55	51	56	52	56	56	55	57	54	57	58	57	59	51	58	52	58	54	56	53	57	52	57	55	53	52	55	51	58	55	56	55	57	52	52	58	53	57	51	59	54	51	51	56	55	52	49	56	55	57	52	49	56	50	55	54	52	55	58	55	57	50	51	50	52	54	54	50	52	58	55	53	49	58	57	56	51	52	50	52	52	54	58	58	54	50	58	51	51	58	56	52	56	54	54	52	57	53	57	58	58	54	54	54	59	54	51	55	55	59	53	57	57	50	53	49	55	56	52	55	55	56	57	57	57	51	58	57	58	57	53	54	50	56	53	56	51	49	51	51	55	53	51	55	56	53	50	51	58	57	50	56	54	51	55	54	53	58	52	57	50	56	50	52	49	54	53	56	52	57	58	53	50	54	50	52	58	52	51	57	54	59	53	57	49	58	55	58	51	58	57	57	51	54	55	58	54	54	56	55	55	58	53	55	57	57	50	51	56	53	58	52	52	59	57	53	58	58	51	59	51	59	55	56	59	57	56	55	50	50	50	57	59	55	57	54	54	51	54	53	51	56	55	58	50	49	50	57	58	57	51	54	56	58	53	54	50	55	55	58	56	52	51	53	52	55	50	52	50	53	55	58	58	57	49	57	57	52	49	55	51	55	56	57	51	55	54	58	50	56	52	57	57	58	51	58	49	58	51	50	58	51	53	54	53	59	55	57	52	51	58	51	55	59	55	57	54	54	52	58	58	50	49	52	51	58	55	53	56	50	52	58	54	54	53	54	51	56	52	58	59	56	55	51	56	55	49	52	53	51	51	50	49	54	52	56	55	57	57	56	56	52	51	58	56	53	51	57	57	53	52	56	57	55	54	55	51	59	58	55	56	54	57	51	51	59	57	57	53	56	55	58	50	50	51	50	55	52	50	50	54	57	50	58	52	56	55	55	58	49	56	56	53	56	53	54	56	50	53	58	53	54	54	49	51	58	58	57	52	54	51	52	57	56	54	54	51	57	56	49	52	59	54	52	55	50	57	50	50	52	56	56	56	53	56	54	51	53	57	50	54	51	51	50	54	56	54	51	53	54	55	51	50	54	50	50	55	59	51	57	54	56	54	56	56	56	52	51	51	58	50	52	57	55	53	58	59	53	50	58	57	57	50	56	52	57	56	50	59	59	54	50	55	55	50	54	51	55	49	57	58	52	53	54	56	53	51	52	50	52	51	54	50	55	57	54	53	53	53	57	50	53	54
13	20	16	21	11	17	17	19	15	15	17	18	16	14	12	12	20	15	18	14	20	19	19	12	16	21	14	20	14	16	18	14	11	16	20	12	16	21	18	14	16	13	17	19	17	20	15	12	20	16	11	16	19	17	14	20	17	19	17	16	21	13	11	14	19	12	15	15	12	13	20	18	14	20	13	14	18	13	20	13	17	14	15	17	17	19	16	17	18	20	15	18	13	11	16	13	13	14	13	15	17	20	18	18	14	18	13	20	20	20	12	16	17	11	17	12	15	15	13	20	16	21	15	12	14	17	20	17	20	16	12	18	14	17	14	13	14	16	18	14	20	18	17	14	16	18	12	14	15	13	11	20	19	18	12	17	17	18	12	18	16	14	16	19	16	13	12	20	18	15	19	17	14	12	18	15	20	17	14	15	16	21	20	13	16	19	21	15	12	11	19	15	12	13	17	18	19	16	15	11	18	17	21	15	16	14	19	20	17	18	13	19	13	19	14	20	14	15	19	17	19	20	20	18	20	14	14	16	21	20	13	20	20	19	13	15	18	18	16	16	16	15	21	15	14	17	16	18	14	20	18	14	20	13	16	14	20	11	16	12	14	16	13	18	20	14	17	12	19	17	15	12	17	13	21	12	17	18	17	11	15	13	12	20	17	12	14	20	13	14	15	11	19	14	12	18	17	15	11	16	12	17	11	15	17	19	17	18	14	14	12	17	15	21	12	19	16	18	12	13	16	12	19	15	11	17	21	12	14	11	16	16	15	21	13	15	19	15	14	11	12	18	13	14	14	15	13	11	12	19	19	21	17	12	15	16	12	18	20	13	21	16	16	11	19	13	20	21	13	21	12	17	14	14	17	17	14	12	13	20	15	16	19	20	20	12	13	18	16	20	18	18	18	14	20	18	12	16	11	14	21	18	12	15	11	12	18	17	20	13	14	17	19	18	14	17	20	19	19	14	11	15	14	17	20	13	18	20	13	20	20	18	20	13	15	19	17	12	14	17	13	16	16	15	13	18	16	20	20	18	14	20	17	15	20	11	15	16	12	14	16	16	17	13	11	17	17	13	21	18	20	21	14	16	16	19	18	15	19	17	15	16	11	13	16	13	12	19	20	13	20	14	20	17	12	19	17	16	14	16	14	17	14	12	16	13	13	13	20	16	20	19	18	16	14	18	19	15	18	20	13	16	16	14	16	20	17	18	14	12	19	18	13	20	17	19	21	15	13	13	16	19	18	19	16	19	15	18	21	21	16	16	16	21	18	11	20	13	21	14	12	12	12	14	20	12	11	17	12	16	18	20	12	15	12	15	12	20	14	20	13	11	14	13	19	12	12	13	17	11	17	20	17	17	20	19	14	18	15	16	20	12	12	21	20	18	20	18	17	14	13	17	12	16	12	14	18	14	18	16	12	15	14	16	16	20	16	12	19	14	19	17	11	18	19	14	16	20	11	16	17	17	19	12	18	13	16	19	18	19	12	17	15	12	20	17	15	12	17	19	17	21	12	12	20	21	14	13	17	15	13	11	18	21	13	15	19	17	21	19	20	15	14	17	14	14	17	13	13	20	11	14	20	15	20	14	15	12	13	17	18	17	14	12	20	18	13	13	16	11	12	20	20	19	15	11	11	16	13	12	14	19	19	20	13	13	12	14	15	12	14	17	16	15	16	20	19	21	16	17	11	18	16	13	12	21	12	13	11	12	13	17	12	16	17	21	20	18	18	14	15	16	15	15	18	13	18	15	12	19	20	13	13	19	16	16	18	21	15	17	15	11	20	11	13	12	15	21	14	11	13	11	12	12	14	19	19	13	15	16	15	14	14	17	14	15	14	18	19	13	15	20	20	12	19	13	19	12	16	14	14	19	11	15	15	15	13	20	16	11	12	17	14	14	17	11	21	13	14	17	12	18	11	21	18	14	18	13	16	18	21	14	21	14	16	17	13	20	18	17	15	14	15	12	19	18	18	17	21	16	17	18	18	16	20	18	15	12	21	14	14	11	19	18	21	13	12	17	14	19	15	12	19	20	14	19	15	14	15	16	16	14	19	11	21	17	12	20	20	12	12	19	17	16	14	15	16	20	15	21	18	12	16	11	11	17	20	21	14	21	17	17	19	20	19	17	18	19	15	16	11	17	11	12	12	11	17	20	17	17	15	18	14	13	14	13	11	20	12	19	16	18	18	17	16	19	21	13	16	17	16	15	11	12	16	16	17	16	19	16	13	16	20	16	16	20	19	19	12	21	18	19	20	17	12	13	17	11	13	13
28	34	30	34	32	36	35	31	30	35	31	35	28	29	37	31	28	28	33	29	34	27	33	32	37	28	30	27	31	35	27	34	30	28	30	31	35	35	28	36	34	31	33	32	36	27	30	36	29	33	28	30	31	30	32	34	27	34	30	30	36	35	34	32	34	37	31	29	30	32	34	35	29	30	28	32	33	29	35	30	31	30	35	34	31	33	31	33	31	31	30	34	33	31	28	35	31	34	32	36	34	30	27	33	31	30	31	27	31	34	28	36	34	31	30	34	34	31	37	37	33	36	35	29	36	37	36	35	36	36	32	29	27	31	30	31	35	31	31	29	36	33	34	33	28	34	32	30	28	29	28	35	29	36	31	27	36	35	30	35	36	30	28	32	31	33	28	37	32	32	31	32	34	29	34	35	31	35	28	37	34	34	30	29	31	34	30	30	32	36	32	35	32	28	28	36	32	34	35	33	37	33	31	35	32	29	30	28	36	35	27	33	37	29	33	27	32	36	31	37	30	33	33	34	28	30	31	29	37	31	33	36	36	28	35	34	32	35	37	34	32	32	35	35	32	36	33	35	28	28	28	29	36	32	31	33	28	33	27	34	34	35	32	33	31	34	28	31	33	29	28	28	36	33	27	34	30	31	37	28	36	30	33	29	30	30	30	28	35	35	30	28	33	32	28	37	35	34	27	31	37	29	36	31	36	37	32	27	36	30	37	35	29	37	36	27	29	35	31	28	34	32	28	37	29	33	33	32	30	29	36	30	33	31	28	29	32	28	37	35	37	30	32	36	28	34	34	28	30	33	34	33	31	36	28	33	30	34	34	35	30	34	37	33	28	33	30	35	30	30	37	29	27	36	35	27	37	28	34	33	28	30	31	32	34	29	35	30	31	33	29	31	31	30	32	27	37	35	28	30	29	32	35	37	34	28	35	32	36	33	28	34	29	29	34	34	29	33	37	33	35	30	31	37	35	32	35	36	31	37	30	31	29	28	33	27	36	32	30	33	33	30	35	28	30	29	37	34	33	31	28	28	31	29	35	29	34	31	28	32	31	36	29	29	34	35	29	34	30	28	29	34	30	27	28	37	30	29	30	30	32	36	31	36	31	36	30	33	35	29	33	33	35	33	28	32	35	28	35	28	28	33	35	29	36	27	31	36	34	30	33	34	27	37	31	33	27	37	37	31	35	31	29	36	30	34	34	29	31	29	37	30	35	29	35	30	32	33	36	28	36	36	29	34	32	37	36	30	29	29	37	30	34	32	27	27	35	28	30	27	27	28	29	34	36	32	35	35	35	32	28	29	27	31	28	35	29	35	32	34	36	33	33	28	35	29	35	33	32	35	32	36	28	30	37	29	29	30	30	28	31	32	36	32	29	33	36	33	33	32	31	37	35	37	30	35	29	35	28	34	32	34	34	30	34	35	33	35	28	35	35	36	36	33	31	28	37	33	31	30	32	33	32	31	37	36	36	28	36	29	36	29	37	36	28	37	37	36	31	32	34	28	36	34	29	34	28	28	35	35	36	35	30	31	28	29	28	37	36	29	35	36	31	34	33	36	28	33	36	30	34	34	28	30	30	32	28	30	36	27	31	31	28	37	31	30	27	36	29	36	30	36	29	34	28	27	33	36	31	28	31	33	36	36	29	35	31	28	34	27	32	29	28	36	34	31	33	30	34	37	34	36	33	35	28	31	35	37	37	35	29	28	36	36	35	33	32	34	32	36	34	36	35	31	33	29	30	32	31	29	35	34	28	31	33	27	28	31	31	29	37	34	35	35	37	28	36	34	37	30	33	28	28	36	28	27	27	33	28	34	28	33	34	31	31	30	35	32	27	29	35	28	31	33	33	30	28	28	35	29	35	28	31	34	34	31	30	27	30	29	31	32	36	33	37	29	28	32	35	27	29	29	29	30	36	36	33	37	34	32	35	34	33	31	35	34	33	28	36	34	32	33	30	30	31	34	36	31	28	29	33	35	36	31	32	31	36	34	28	32	29	30	35	30	37	33	31	35	33	30	32	35	34	34	28	28	36	30	33	34	35	35	28	34	27	29	32	28	33	35	35	36	30	31	36	28	31	30	30	28	30	35	36	37	37	31	34	32	34	34	27	34	37	36	36	35	27	28	31	31	34	29	28	36	36	29	30	29	28	36	28	30	29	35	30	30	30	29	35	28	31	28	31	29	35	30	27	34	37	35	28	35	31	34	35	31	31	35	34	30	33	34	30	30	29	31	34	29	33	31	29	32	29	35	32	34	30	30	35	34
96	89	89	94	90	92	98	90	91	94	93	93	95	96	91	91	89	91	92	96	92	98	93	98	90	88	92	94	93	92	96	90	94	96	93	92	92	98	96	89	94	89	91	97	90	95	93	93	95	93	92	91	89	95	91	91	89	95	89	91	89	97	96	90	97	90	89	88	92	97	97	91	94	94	95	95	90	92	95	96	91	96	88	88	90	95	88	89	91	89	96	92	92	96	92	92	93	90	97	89	95	89	92	94	97	98	91	88	89	93	93	94	95	92	93	91	91	94	91	98	97	95	92	94	89	89	92	94	94	92	96	94	89	95	95	89	94	89	89	94	96	97	95	90	93	89	93	95	90	88	96	90	96	96	91	96	88	93	96	93	94	92	92	94	89	95	93	88	91	97	96	94	98	89	95	88	98	91	90	96	96	89	90	96	93	93	95	94	96	95	91	93	89	89	92	92	93	90	92	89	88	96	89	95	90	89	92	94	91	93	96	94	93	89	95	93	96	92	88	90	91	91	90	92	89	95	91	89	95	92	95	90	90	93	89	88	91	92	90	97	98	92	92	95	96	93	95	92	91	97	95	91	98	93	92	91	90	91	91	89	95	94	95	90	96	92	94	95	91	93	95	89	93	89	98	97	90	96	91	94	96	95	97	91	91	94	97	90	92	95	89	92	97	96	97	98	92	95	92	88	88	89	93	89	92	96	92	92	91	88	96	97	92	92	92	94	89	92	98	97	95	90	90	96	92	94	94	98	89	89	95	91	98	93	95	96	90	97	91	88	96	91	97	89	91	96	98	88	96	92	93	91	96	95	98	92	96	91	96	93	94	96	91	97	90	93	92	94	92	97	94	90	91	92	90	94	95	88	94	96	96	96	90	92	96	94	92	90	93	96	92	97	94	89	97	93	89	97	89	95	93	89	97	88	97	95	94	96	97	97	93	96	93	88	94	96	88	91	93	98	91	95	91	88	92	88	94	97	92	95	98	91	92	97	95	88	96	91	90	97	93	89	94	90	89	92	89	96	96	94	95	96	89	95	94	96	91	89	95	95	90	97	91	98	93	97	93	91	96	89	93	93	90	88	88	93	88	95	89	90	93	94	91	95	92	96	92	92	94	91	94	93	97	93	91	89	96	89	95	93	90	89	95	90	89	93	89	97	91	95	91	91	96	88	91	95	94	94	90	95	90	92	94	95	95	95	91	95	88	97	92	98	97	97	89	96	89	90	90	89	97	98	91	94	89	96	96	91	98	96	97	97	89	97	93	92	95	92	98	90	96	91	91	95	89	92	91	88	97	90	94	94	97	92	96	94	88	88	90	96	96	90	91	92	96	89	97	97	90	96	94	97	93	93	90	90	91	90	97	91	91	91	94	89	91	94	94	95	94	95	98	96	93	89	91	97	94	88	95	95	94	98	97	91	89	92	94	96	95	96	93	96	89	93	96	88	91	94	90	91	95	90	92	97	91	95	89	90	89	92	93	94	95	94	98	98	90	94	93	97	88	93	88	90	94	94	97	92	90	90	92	95	91	90	97	97	94	91	92	95	98	96	94	94	94	93	94	94	89	90	91	92	89	93	89	93	96	89	93	90	97	92	89	97	92	92	96	96	93	89	90	94	89	94	96	93	95	90	94	91	92	97	94	96	90	96	93	89	94	91	92	88	94	98	95	97	93	88	95	91	97	90	91	94	92	93	89	92	96	89	97	92	96	95	94	96	95	90	96	95	94	97	96	97	95	90	92	89	93	91	89	98	94	92	90	96	96	96	91	89	91	89	94	90	91	88	94	88	96	94	93	90	96	89	93	90	92	95	92	95	92	90	89	96	93	89	93	89	96	95	88	90	98	94	93	93	98	91	96	93	93	93	98	97	92	93	89	92	89	95	94	94	96	95	88	96	90	92	89	91	92	92	93	98	91	91	95	96	97	93	90	92	91	97	92	93	92	93	90	95	90	90	91	92	91	91	95	97	96	92	90	91	90	97	93	95	97	89	97	95	95	89	91	93	92	89	95	90	97	92	92	95	88	89	90	97	89	92	90	88	96	95	94	88	93	92	94	97	93	93	92	95	88	94	97	96	93	89	91	97	93	88	91	97	89	90	93	95	91	93	92	95	89	96	89	94	98	94	94	96	88	97	93	97	95	96	91	92	91	93	91	89	91	96	97	91	96	93	94	89	95	90	97	93	95	90	93	89	92	95	94	88	93	92	91	91	90	89	97	92	93	90	91	89	89	91	97	96	96	91	93	96	89	90	97	89	96	91	92	92
16	19	18	15	21	16	22	16	16	19	22	16	20	15	16	19	14	22	23	22	19	20	22	15	14	20	15	15	22	16	18	15	20	14	18	20	15	20	20	22	18	15	16	19	22	20	20	21	21	23	18	24	23	20	22	16	17	20	17	23	17	17	16	23	16	16	17	22	17	21	23	17	19	24	18	21	21	18	21	20	15	21	16	22	18	21	16	19	16	24	21	18	20	20	16	24	19	15	18	16	19	16	21	18	16	23	17	18	24	18	22	17	15	17	20	23	23	14	16	15	18	17	15	16	16	19	15	16	17	24	21	21	16	16	15	17	21	16	19	17	22	18	19	20	23	18	22	19	17	24	18	18	21	22	22	19	17	19	20	20	19	16	19	21	16	15	23	24	15	23	21	15	14	21	16	23	18	22	19	17	16	18	23	17	19	14	23	21	17	23	16	16	16	24	19	19	22	15	23	19	18	21	23	22	23	22	24	20	24	23	15	21	18	14	17	23	22	16	15	18	17	16	23	22	22	20	18	20	16	23	18	15	16	16	18	17	22	20	23	18	18	14	22	15	18	20	24	20	18	19	19	21	16	23	18	17	19	17	22	18	22	19	14	23	18	17	18	22	19	16	20	24	16	17	20	20	19	22	22	23	15	19	15	16	21	17	20	16	17	22	20	22	19	18	19	21	17	19	24	18	22	22	16	15	23	14	20	19	14	14	21	16	14	16	21	15	18	20	21	18	19	18	15	19	17	17	18	18	23	21	16	22	18	21	21	16	14	16	20	17	21	20	18	18	24	16	15	22	24	20	15	16	16	21	17	15	23	22	21	23	17	15	16	22	17	14	17	21	23	23	20	22	22	16	22	23	21	16	14	23	23	17	19	20	17	18	20	16	15	14	23	19	20	23	18	21	20	23	23	24	15	16	21	23	22	17	20	21	15	23	18	16	22	20	23	22	17	16	19	19	20	22	19	22	15	15	21	19	17	18	21	15	22	23	17	21	14	19	24	22	18	24	15	20	17	21	18	22	22	20	17	15	15	20	15	21	15	20	18	20	22	16	18	20	20	20	15	19	21	18	23	14	19	23	21	23	23	16	24	20	14	17	15	19	17	19	15	21	20	15	22	23	22	21	14	15	17	23	21	14	20	19	23	22	18	22	15	21	15	20	15	19	21	23	17	15	17	20	19	20	24	14	20	14	19	23	20	19	23	17	21	22	15	23	23	18	18	24	22	16	19	14	23	21	19	22	22	20	23	15	22	16	17	23	14	17	23	19	15	16	20	15	16	15	16	18	20	20	17	22	17	16	17	17	14	16	22	18	19	22	23	23	19	22	20	16	14	16	16	20	21	23	16	22	24	22	22	17	19	23	18	17	17	16	16	22	21	17	23	21	20	23	21	17	22	16	14	21	20	18	16	15	21	22	17	18	19	19	18	17	23	18	17	16	19	14	18	24	23	18	18	18	20	23	14	16	18	16	16	20	19	21	22	19	15	17	24	21	18	23	24	15	23	20	20	15	19	18	22	19	15	15	21	18	23	14	22	21	18	20	15	23	20	17	22	16	24	20	20	18	17	18	15	22	21	15	19	18	21	22	24	23	24	14	19	15	21	23	23	18	16	15	20	17	16	22	17	22	21	16	15	14	19	22	18	19	15	14	21	22	21	24	21	22	22	19	18	18	19	14	15	15	21	17	21	15	20	18	18	22	23	21	23	24	14	19	22	16	16	21	23	18	16	14	23	24	18	24	17	20	17	21	16	15	16	22	18	19	16	23	16	18	23	23	18	14	18	24	16	16	21	22	22	20	15	16	18	17	23	21	23	14	22	15	15	21	14	18	19	15	24	18	22	22	20	23	16	15	14	23	23	22	15	24	23	14	21	21	23	20	20	21	18	18	14	21	16	14	19	20	15	18	20	17	19	19	15	15	23	17	20	20	23	23	24	22	17	17	23	14	14	24	21	18	24	15	23	20	19	23	14	15	21	21	16	19	23	16	21	18	20	21	14	15	20	22	20	20	16	18	18	19	20	19	22	22	21	17	15	18	18	23	17	22	19	19	22	17	17	15	17	18	22	16	20	19	22	14	15	20	22	15	16	15	21	17	24	21	20	18	20	16	18	14	19	24	17	18	18	19	19	20	22	21	19	19	20	17	23	18	18	17	22	23	16	16	18	21	18	16	23	22	16	22	23	22	15	21	21	14	18	22	15	15	16	18	24	23	24	23	17	18	16	16	19	21	18	18	17	23	17	15	19	15	21	17	18	17	23	21
40	34	38	38	42	37	35	39	42	32	39	41	42	41	32	37	36	40	33	37	35	40	36	39	34	35	39	41	37	37	37	38	38	41	41	36	40	37	33	36	36	34	40	42	35	34	36	38	39	36	36	41	32	38	38	40	40	36	41	34	39	40	35	37	33	40	35	42	36	35	37	32	42	40	36	33	41	38	35	33	39	36	39	40	36	35	34	39	42	33	33	39	40	38	32	39	33	35	41	40	41	39	33	40	37	38	36	40	36	39	39	39	42	40	40	37	36	33	39	39	38	34	41	33	38	32	38	37	34	39	40	35	34	36	36	38	41	40	41	34	36	42	37	39	35	35	35	33	35	34	37	34	41	38	34	37	38	34	35	37	37	36	32	40	37	40	39	34	35	39	40	39	33	35	38	41	35	42	34	37	37	37	39	35	42	36	35	40	32	39	34	39	35	33	35	40	42	41	37	37	35	41	33	36	37	41	39	38	38	39	33	33	36	34	40	42	34	40	34	33	41	34	39	35	33	41	36	32	40	34	40	35	41	41	41	39	34	36	36	42	38	40	34	33	32	41	40	35	34	37	35	41	38	34	32	36	39	32	33	40	40	32	37	41	40	37	33	34	35	39	38	35	41	37	40	34	36	40	38	36	34	39	35	40	37	32	33	41	36	39	38	36	34	36	35	38	32	37	38	32	38	33	36	40	35	35	39	33	37	33	33	38	37	33	40	33	41	40	33	38	33	35	35	32	39	41	41	38	39	40	35	36	40	42	37	33	40	41	38	40	42	41	33	40	33	40	36	40	34	35	35	33	33	38	39	39	41	33	39	34	36	38	33	37	41	40	34	40	35	32	37	42	33	39	38	35	40	35	39	41	40	40	38	35	36	39	37	36	33	38	35	33	33	33	41	38	38	35	42	37	34	41	41	35	41	33	36	35	42	37	39	41	37	35	41	37	37	42	38	38	39	40	34	35	41	36	36	33	35	35	42	40	38	34	34	34	39	40	41	39	33	40	40	32	42	38	40	40	42	38	38	35	40	40	41	41	33	35	39	35	38	39	36	39	32	37	35	36	38	40	41	42	35	38	32	40	33	35	40	40	39	39	37	38	36	40	36	39	35	33	38	38	34	39	40	34	38	37	32	40	41	41	38	37	35	39	36	36	41	40	38	32	39	34	39	33	41	34	33	32	35	39	37	41	33	38	37	35	38	40	36	34	33	35	37	40	39	36	35	34	33	36	35	36	38	35	34	36	36	42	42	42	37	35	33	40	33	41	38	33	40	34	40	39	37	37	34	35	36	36	38	35	36	35	39	32	38	38	38	34	32	33	37	32	39	41	36	34	34	40	41	38	37	41	38	35	41	36	42	39	37	40	38	39	35	38	41	36	34	42	40	36	40	41	36	35	37	37	37	36	33	34	39	42	35	41	37	33	41	33	37	35	41	39	35	33	35	41	40	39	39	40	37	39	38	39	33	36	37	35	38	38	36	35	39	36	37	39	35	33	33	41	42	38	37	39	39	33	35	42	40	38	38	41	41	34	40	42	34	32	38	37	33	36	37	34	33	33	41	34	36	42	38	33	38	40	32	38	40	38	42	40	39	35	36	42	40	32	40	41	33	38	39	33	40	41	37	38	36	42	36	39	40	37	38	35	40	33	34	35	37	35	35	39	34	37	33	32	34	37	40	40	40	36	37	41	39	36	40	36	32	40	38	38	34	38	32	36	33	36	32	40	37	41	33	37	41	35	41	37	34	33	36	35	36	37	36	35	42	36	32	37	37	41	41	41	36	36	39	39	32	39	38	36	38	36	42	37	38	40	33	42	40	38	40	37	36	34	40	35	34	33	39	35	36	36	37	40	32	36	34	40	33	40	40	33	40	39	41	35	35	40	35	39	33	36	36	40	34	38	38	36	33	35	41	41	42	36	32	42	33	36	34	37	37	33	34	35	40	40	41	34	35	33	34	39	40	32	41	41	42	41	34	37	35	38	40	41	34	33	36	35	40	38	33	41	40	39	37	35	40	41	36	40	35	34	35	38	39	34	33	40	34	42	41	34	34	37	36	33	32	33	41	36	36	38	35	33	41	35	39	37	39	33	39	38	40	35	33	39	33	35	35	36	33	41	39	34	35	34	34	34	39	37	37	41	34	38	33	41	33	36	38	35	32	38	34	37	32	41	33	42	37	33	35	35	37	35	39	34	38	35	36	36	35	41	33	37	35	37	34	37	38	41	41	32	35	39	39	34	32	39	35	34	39	36	37	41	37	36
54	52	56	55	54	51	50	51	48	52	52	55	53	49	50	55	47	49	53	51	50	51	53	51	54	51	53	49	51	52	55	55	51	51	48	50	51	47	57	57	48	52	56	50	48	50	47	49	55	49	52	47	52	49	57	48	48	50	53	47	56	49	51	49	53	55	47	49	52	47	51	53	49	56	48	56	51	57	52	48	51	50	51	57	51	48	57	48	48	55	55	47	54	54	49	53	52	54	53	55	55	50	49	50	52	55	51	47	52	49	49	55	50	52	57	54	50	50	50	55	48	54	54	51	55	48	57	49	56	52	51	47	55	52	55	54	49	50	53	49	51	56	57	49	56	52	49	56	48	56	52	56	49	53	51	52	48	48	56	50	49	55	49	48	55	52	53	51	57	49	49	57	48	56	54	52	48	50	54	53	56	51	52	55	49	53	49	56	53	52	52	50	57	53	49	48	56	51	52	55	55	50	51	49	53	53	56	51	49	50	54	55	48	52	53	54	50	53	48	54	49	56	50	51	51	54	48	50	48	51	56	51	56	48	52	56	47	53	51	53	54	54	56	57	54	56	57	55	50	56	53	50	57	50	49	52	54	54	50	55	53	54	50	53	52	48	53	48	50	51	55	48	48	48	54	51	53	48	49	48	55	54	50	49	56	55	53	55	54	47	55	52	52	48	53	52	53	48	47	57	49	48	54	55	53	50	54	54	48	48	51	49	50	52	49	49	55	53	48	52	50	55	52	55	47	56	54	52	48	56	48	48	55	47	54	52	52	50	49	53	57	53	51	47	56	56	50	54	49	56	53	56	51	48	54	49	52	55	48	54	54	51	53	49	55	54	54	47	53	48	50	55	53	53	54	52	50	56	56	57	52	54	50	57	50	57	56	54	48	51	51	52	51	54	55	53	49	53	47	51	50	51	55	50	55	53	54	55	50	51	50	56	48	53	49	52	57	48	48	57	55	50	51	52	55	53	54	48	51	55	53	55	55	47	55	53	56	55	56	51	52	55	50	56	48	54	50	54	56	57	51	55	48	54	54	50	49	51	50	49	56	55	51	50	47	56	57	56	52	52	54	50	49	55	56	50	50	55	55	55	53	50	56	56	53	54	54	56	49	47	52	53	50	56	50	54	56	47	55	55	56	52	57	56	56	49	56	53	47	48	47	53	54	51	48	49	52	55	47	55	57	51	48	54	50	54	49	53	54	49	47	47	54	56	55	51	55	52	51	56	49	52	54	48	50	53	55	56	50	52	49	54	50	53	51	55	52	52	49	52	53	52	55	52	52	53	51	56	51	49	48	51	54	54	54	50	50	54	53	49	54	53	56	49	50	54	47	51	50	52	55	52	51	51	52	48	51	52	56	55	56	49	48	55	56	51	56	54	51	50	55	52	56	54	49	54	56	50	54	56	56	55	49	52	52	50	50	57	47	48	54	49	52	51	55	47	57	55	55	49	50	52	55	48	52	56	50	55	47	51	55	53	51	50	52	51	48	50	50	57	48	55	53	57	48	49	47	52	56	51	50	56	54	56	53	56	55	57	52	55	49	54	51	48	57	56	49	48	51	53	52	54	50	55	54	57	50	55	53	51	51	49	49	51	53	51	57	56	55	53	47	56	47	54	51	57	50	53	54	57	54	51	47	50	50	48	57	50	50	48	54	49	49	48	55	56	51	50	49	53	49	51	49	52	51	52	49	49	57	49	51	49	54	49	57	50	55	55	56	48	52	49	57	51	50	52	49	48	55	57	53	54	51	57	54	49	47	49	53	48	48	56	57	51	54	53	54	56	57	55	56	55	51	50	53	55	52	51	56	56	57	47	50	50	52	55	48	48	51	53	53	51	49	52	48	54	53	55	48	49	54	52	56	55	49	54	50	52	54	49	49	54	57	49	48	48	48	51	49	52	50	48	52	55	48	52	57	54	51	54	54	56	50	54	54	53	55	53	50	51	56	51	51	50	51	52	52	55	48	50	49	49	50	56	48	48	48	49	54	50	48	50	49	54	47	54	54	55	57	56	54	52	57	48	55	52	52	51	55	55	51	54	49	50	54	49	55	47	48	56	48	53	52	50	55	54	57	52	49	49	50	53	55	56	54	50	55	55	57	49	53	53	51	54	54	49	47	54	54	55	56	50	57	51	52	51	51	56	54	52	48	54	51	57	51	55	54	52	48	50	50	50	49	52	48	52	48	47	54	51	48	50	56	56	51	47	50	53	57	56	54	53	53	49	55	49	52	51	50	55	50	54	55	47	57	54	50	51	48	49
97	100	101	94	103	101	100	97	99	102	96	96	101	102	97	100	101	103	99	101	102	102	102	104	102	103	104	104	102	98	98	100	97	97	94	97	103	100	95	103	95	99	101	97	96	102	94	95	94	104	101	102	100	101	100	97	100	103	99	100	100	102	98	102	102	98	102	94	103	101	96	97	95	99	102	101	103	98	104	97	95	102	100	104	94	103	97	103	94	100	104	100	96	103	97	104	94	100	104	97	102	101	95	101	104	103	96	101	101	96	99	98	96	99	95	100	94	99	104	97	101	101	96	96	101	98	96	101	94	102	103	96	98	96	104	102	96	103	103	97	96	95	102	97	98	103	95	98	103	102	102	95	104	100	96	103	103	103	103	102	95	102	98	94	101	96	102	95	99	102	101	102	99	94	101	95	103	97	96	96	101	99	99	103	100	102	97	94	104	95	104	97	96	101	97	97	101	104	96	102	95	99	98	99	96	100	103	94	99	97	96	99	102	96	103	94	100	104	97	95	95	103	96	95	96	104	99	100	103	95	101	101	96	98	100	95	101	98	102	94	103	100	96	96	103	103	101	96	104	98	98	102	101	100	99	97	98	101	100	97	100	100	98	104	96	99	104	100	104	97	94	96	95	98	100	100	98	101	100	104	100	100	97	103	96	96	103	101	96	99	98	101	99	96	96	99	97	97	95	100	103	102	103	97	97	94	95	104	98	99	95	96	101	95	97	99	97	99	103	98	102	102	98	99	99	98	100	104	95	95	97	95	96	99	98	97	96	99	102	98	101	100	100	95	99	98	99	99	102	97	99	94	98	103	102	99	103	100	102	102	103	97	95	100	103	95	94	101	102	96	95	95	97	103	98	100	97	101	102	98	99	101	96	100	104	104	96	97	98	103	95	104	97	97	96	104	96	97	99	100	99	99	100	96	96	101	98	103	97	99	96	97	101	98	103	101	103	95	102	98	97	95	100	102	95	102	102	97	94	102	104	96	98	98	96	101	102	100	99	103	94	95	97	100	99	96	98	101	101	97	94	103	96	97	97	98	104	96	96	97	99	102	103	103	95	97	99	97	98	103	98	100	96	98	100	99	104	98	94	102	101	96	99	97	101	97	101	100	99	97	98	100	95	103	100	102	99	103	100	99	101	104	103	96	99	101	96	103	98	104	104	101	94	98	96	103	99	103	100	98	94	103	103	99	99	101	98	103	97	102	99	98	95	103	95	102	94	102	98	94	103	97	97	98	104	101	96	103	96	98	104	96	103	95	95	95	97	95	99	98	100	101	104	99	100	98	95	100	100	101	100	95	100	99	104	95	102	98	101	103	103	101	102	98	96	98	96	102	100	96	98	100	102	96	95	99	95	103	96	101	102	100	94	99	98	104	101	95	98	97	98	100	104	94	99	102	98	98	103	97	96	101	98	103	101	100	103	96	103	97	97	101	104	100	102	100	94	100	97	99	95	104	95	98	99	98	102	98	101	102	104	96	99	101	94	104	102	100	97	99	102	103	95	104	99	96	101	102	97	100	96	103	97	103	98	100	95	99	99	96	103	102	95	102	101	102	103	99	104	98	95	101	102	103	95	99	100	101	99	95	98	97	97	95	101	97	104	95	101	100	99	94	95	95	102	95	99	101	98	101	99	98	103	99	96	98	96	99	99	94	95	94	103	98	96	101	103	99	98	98	98	96	98	97	97	99	102	97	95	103	99	103	98	101	96	96	96	96	102	96	100	103	103	97	95	97	98	94	99	95	100	100	103	103	96	102	103	97	94	102	102	95	95	101	102	97	100	101	102	95	99	98	95	102	102	102	100	101	96	97	97	98	99	95	99	100	100	96	100	95	103	103	103	102	103	101	101	97	97	102	99	98	95	97	98	95	97	102	104	99	97	95	98	101	99	100	101	100	97	97	94	102	104	101	95	95	102	102	97	99	102	95	104	104	99	103	101	101	103	103	95	99	102	99	100	100	95	99	97	94	95	98	100	100	99	96	103	104	104	100	101	99	101	95	94	96	102	98	102	102	94	96	99	96	102	96	102	100	97	96	97	98	102	95	103	103	101	96	99	99	103	102	103	95	97	96	102	96	99	95	100	99	95	101	95	100	100	100	97	100	97	103	96	104	96	100	101	97	97	96	97	97	98	96	102	101	96	100	94	103	97	103	100	96	101	104	96	95	99	101	103	103	98	100	103	99	100	103	101	101	104	101	95	98	101	100	97	99	98	98	97	99	98	96	100	94	97	97	99	102	94	97	100	95	97	101	95	95	100	97
43	42	40	43	42	43	44	46	45	45	44	43	42	48	47	47	43	39	46	40	47	47	43	40	41	49	48	44	48	49	44	46	48	43	43	43	43	47	48	39	42	41	39	40	45	40	48	46	45	48	48	40	48	41	46	46	42	47	44	43	47	45	48	45	46	47	39	40	46	42	44	41	40	41	44	40	44	44	44	42	39	39	42	47	42	41	48	45	40	46	47	43	43	43	46	40	49	48	49	47	47	48	42	39	41	40	43	43	47	45	44	42	45	39	42	44	47	45	45	46	44	40	42	44	48	44	45	43	41	45	43	43	40	40	43	41	49	48	40	48	45	48	45	41	47	45	43	42	43	41	48	40	42	40	46	46	48	43	42	45	45	40	45	47	49	46	47	42	42	40	48	46	41	45	40	48	45	45	47	40	47	45	40	44	43	42	45	46	44	46	45	42	39	39	44	42	43	41	49	48	47	42	45	43	43	43	40	41	43	42	39	44	44	40	41	48	48	48	42	41	46	41	43	45	48	44	45	40	48	45	44	45	40	46	43	48	47	39	45	39	45	40	49	41	48	47	41	44	39	45	49	41	45	46	43	45	47	46	49	40	48	44	41	44	40	46	42	41	44	45	40	42	42	48	44	44	41	40	43	47	40	41	46	41	47	44	39	47	40	44	39	49	41	48	39	43	44	39	40	43	43	44	47	41	46	40	43	42	41	41	47	47	46	44	41	42	47	41	48	45	44	48	49	42	47	44	41	43	49	43	46	45	47	44	42	47	45	48	42	46	42	39	46	47	44	44	40	44	46	46	47	46	41	45	44	42	48	45	47	40	40	46	45	39	41	42	39	47	44	42	43	43	40	43	49	47	48	44	42	43	48	49	43	42	45	45	41	47	48	48	47	42	42	47	45	44	42	40	42	44	42	40	47	42	48	46	46	42	44	46	45	42	48	40	43	40	48	43	45	44	47	48	43	40	41	39	44	49	44	47	41	42	47	39	42	49	41	43	46	48	44	43	48	44	40	47	40	48	48	46	45	47	41	47	45	40	47	42	39	46	45	47	48	44	42	40	48	39	42	49	47	40	43	45	48	47	46	46	47	48	40	46	45	44	43	43	39	45	43	44	42	41	43	42	39	41	43	48	39	40	39	42	43	41	42	39	44	42	47	45	42	42	40	44	46	40	40	42	42	43	41	43	48	45	47	41	42	44	40	40	48	41	41	41	39	44	44	42	46	41	41	48	48	43	42	43	48	48	47	43	46	40	48	43	46	43	44	39	45	46	43	41	44	39	48	45	43	41	41	46	40	40	40	46	46	45	49	47	42	45	44	39	43	40	42	42	49	43	42	46	47	39	42	43	43	48	45	49	45	39	43	39	43	41	40	43	44	48	41	42	45	40	40	40	40	46	41	43	42	46	45	42	48	40	43	43	41	46	46	47	43	47	42	43	49	45	48	44	43	42	46	40	46	47	46	42	46	46	45	46	45	42	48	43	44	46	46	43	43	39	39	40	39	48	40	41	48	43	47	44	46	42	40	40	42	41	45	43	43	48	49	47	41	48	42	44	45	42	40	42	40	47	43	42	48	42	44	41	42	49	46	47	41	46	40	39	41	43	48	47	43	49	41	44	40	42	48	49	46	47	49	47	42	40	39	47	40	48	42	42	47	45	41	41	46	49	46	47	41	44	46	43	45	45	41	44	39	42	45	45	42	47	43	49	47	41	39	39	45	42	47	48	46	47	39	42	45	45	44	44	40	41	43	39	48	43	40	45	42	42	44	49	48	41	42	45	46	44	43	43	45	43	43	48	44	47	41	46	42	41	41	47	40	49	49	40	46	42	49	40	48	48	47	40	43	39	48	41	41	47	46	48	45	46	40	47	42	45	43	40	46	45	42	41	40	46	40	39	49	42	42	41	45	48	40	39	40	48	47	40	47	42	41	47	47	40	45	45	41	43	43	41	44	46	48	39	48	42	42	47	43	44	44	49	42	40	46	44	42	42	46	44	40	43	42	48	45	48	43	41	49	48	48	40	44	46	48	45	48	47	43	48	42	42	41	40	42	41	44	45	42	47	48	40	47	47	47	44	43	48	39	39	45	44	39	45	45	41	47	44	42	43	48	42	46	40	44	45	47	48	40	39	41	47	48	48	47	49	46	45	44	40	43	47	45	40	48	47	41	42	45	42	40	44	44	48	40	42	42	41	49	48	43	47	45	43	44	44	40	44	45	45	40	44	48	47	49	47	41	48	48	41	46	47	48	47	42	42	47	40
60	66	63	69	67	61	64	62	69	70	66	60	64	67	69	66	60	65	66	60	63	69	64	60	67	69	66	65	68	61	62	63	69	64	65	63	65	68	70	65	70	62	66	60	60	65	67	69	65	68	65	63	65	67	69	64	63	68	68	62	64	70	63	61	61	66	65	64	66	67	64	60	60	63	67	68	70	67	63	60	68	66	61	69	68	65	64	66	63	68	64	62	65	67	62	67	62	68	69	68	64	61	62	60	63	68	67	69	64	65	63	61	66	63	69	60	60	67	60	62	65	69	63	64	62	69	64	65	61	66	69	66	60	68	68	70	63	69	68	60	67	68	63	70	61	64	61	67	64	68	65	63	66	64	66	62	64	68	64	64	62	63	66	65	68	60	61	63	67	65	64	63	67	63	68	64	61	66	70	62	69	63	60	67	69	66	65	70	67	69	68	63	64	64	65	62	64	67	70	66	65	60	63	61	63	68	63	64	65	67	63	67	62	64	70	62	66	63	69	60	62	64	61	69	63	63	63	70	70	63	61	60	67	60	61	63	69	64	66	62	64	68	61	64	67	67	69	62	65	61	64	64	68	68	66	67	69	60	61	66	66	69	62	61	60	61	63	68	63	62	67	64	66	69	70	70	61	69	68	62	67	66	64	64	61	64	69	62	70	69	67	67	63	64	68	63	60	61	67	61	61	63	69	68	62	61	63	64	64	63	61	63	68	65	65	62	65	66	70	60	62	67	60	69	68	62	60	60	70	66	63	66	61	69	67	64	67	66	64	62	62	61	65	67	69	65	64	65	66	66	67	60	66	70	65	64	64	67	66	63	68	62	68	64	62	64	63	67	65	60	67	66	66	70	64	69	64	61	61	61	68	61	65	67	65	68	64	64	67	65	68	62	69	68	69	61	61	64	69	70	68	69	69	61	70	67	64	68	62	62	68	67	68	69	60	68	64	61	65	69	69	69	61	65	70	66	67	66	62	67	65	67	66	68	69	60	62	61	66	68	63	65	65	65	62	63	65	63	64	66	67	63	69	67	67	63	68	69	65	61	69	69	68	62	67	67	69	67	67	64	68	67	65	67	61	69	65	65	62	68	61	62	63	63	67	63	67	70	61	68	69	65	65	70	67	66	66	68	62	62	63	61	68	63	60	60	61	67	60	69	70	62	66	66	67	61	60	66	66	68	66	67	67	61	60	66	65	65	69	70	68	62	64	66	67	65	62	65	69	64	61	69	66	68	63	69	69	64	62	67	62	61	62	69	65	61	69	63	65	62	64	64	68	69	62	63	69	69	61	65	61	60	64	69	64	69	63	64	61	69	63	68	60	63	66	69	70	64	60	70	62	66	63	65	62	61	65	64	65	64	70	62	69	69	68	70	66	68	61	62	62	68	62	70	62	67	65	65	60	65	67	61	61	67	66	67	69	65	69	70	67	65	64	66	64	66	64	63	69	64	64	64	68	62	69	65	60	65	69	63	62	70	62	63	69	67	66	65	60	67	67	62	67	66	68	63	68	68	62	64	64	62	64	69	64	67	68	69	67	68	64	62	61	67	68	67	68	64	70	69	69	68	63	66	63	69	62	69	61	68	60	67	69	64	66	68	65	67	61	67	60	62	64	62	64	65	64	62	70	63	66	67	66	64	69	64	66	64	70	69	66	64	67	61	66	69	61	64	68	70	64	61	69	69	62	66	66	66	65	66	63	69	66	62	61	67	63	68	64	69	68	67	70	67	70	62	61	63	68	66	69	63	64	61	69	60	70	63	65	64	64	61	65	63	61	69	61	68	68	62	70	63	67	67	66	68	60	61	70	66	62	60	63	65	62	65	64	68	70	67	62	63	62	62	66	62	65	68	63	66	69	63	69	66	66	63	62	63	66	70	70	66	67	61	61	61	64	65	64	69	65	62	62	66	61	68	67	65	70	65	68	61	60	66	62	61	61	62	63	68	62	61	62	61	65	69	69	65	61	61	66	65	68	64	69	68	62	64	66	63	69	62	63	70	66	67	65	65	63	68	66	66	63	68	61	68	60	62	67	70	61	69	61	70	62	65	68	67	62	63	66	67	64	61	62	63	68	70	64	63	65	66	63	62	62	70	62	70	66	64	65	61	66	65	70	67	66	64	67	60	66	67	66	65	64	64	61	67	68	69	60	61	69	63	66	63	65	67	69	69	68	70	70	61	65	66	66	66	69	61	65	69	67	68	64	63	69	67	63	69	65	64	61	69	62	61	65	70	61	63	70	64	69	68	65	69	70	61	68	64
50	52	58	54	56	50	54	58	57	59	57	55	51	57	50	55	54	51	53	51	59	54	55	56	59	53	51	50	54	52	53	56	60	54	54	57	58	51	54	50	54	53	51	50	58	58	52	51	55	53	57	52	52	59	52	55	57	58	55	52	54	55	53	52	59	56	51	57	59	57	60	53	59	56	53	50	52	57	53	51	59	60	60	58	58	51	55	54	53	54	59	53	56	56	55	60	59	57	55	51	56	50	58	57	51	51	58	54	54	59	50	51	59	57	57	58	50	54	59	59	59	58	57	53	54	55	57	59	56	56	58	53	50	56	56	54	58	58	55	53	56	51	57	51	58	60	52	54	56	53	58	57	51	58	55	57	55	56	57	56	55	51	50	59	55	58	55	59	58	51	56	58	51	58	55	58	56	51	54	54	55	50	54	56	56	56	59	57	58	58	52	56	58	57	51	59	52	54	55	52	56	53	56	58	57	51	55	52	58	60	58	53	55	56	56	52	53	59	55	50	50	57	58	55	60	56	58	56	53	54	53	59	50	54	58	57	58	59	54	51	54	58	55	59	57	54	55	56	53	53	52	52	52	55	52	58	51	53	58	51	51	56	55	55	55	50	51	54	52	55	54	51	58	55	55	59	52	52	59	56	60	51	58	57	54	58	59	54	50	52	60	56	54	54	57	58	58	59	58	59	55	54	54	52	56	50	58	57	58	56	51	53	54	53	52	53	54	51	51	59	52	59	52	58	56	59	50	53	53	56	53	57	56	58	54	53	59	55	50	53	60	52	60	57	55	56	55	50	59	60	53	59	55	57	55	52	52	50	53	59	56	54	55	55	54	52	56	55	55	54	56	56	50	54	55	53	50	52	51	55	51	52	52	54	58	56	56	56	57	53	52	52	60	58	59	53	60	60	56	51	54	60	57	54	58	53	51	53	54	55	58	51	57	56	54	50	57	50	57	53	51	53	50	60	58	55	57	56	57	60	54	53	57	56	58	55	55	57	54	54	57	56	57	58	54	57	57	60	60	58	53	51	53	56	56	58	55	60	59	54	55	57	56	58	54	51	57	58	59	52	54	56	51	56	56	59	54	52	56	59	56	56	57	56	51	58	58	50	53	54	51	55	60	53	51	55	52	55	56	57	53	51	55	51	56	55	52	51	52	54	50	59	54	54	50	58	60	54	58	55	54	54	59	53	54	52	53	57	52	57	58	59	50	54	60	60	51	57	52	53	53	58	59	51	58	51	57	60	55	56	51	51	53	57	54	51	50	54	52	60	59	55	51	52	56	58	53	52	57	51	51	54	56	59	54	55	52	60	51	57	50	60	55	52	56	51	51	57	57	58	51	57	57	59	54	55	53	58	54	57	54	55	58	56	60	53	54	51	51	54	51	59	56	56	58	54	57	53	53	53	52	50	57	59	50	54	52	54	53	59	51	58	56	60	58	50	59	57	54	53	53	55	58	59	53	57	59	54	52	53	51	57	53	58	60	57	50	59	51	58	59	54	50	54	57	51	59	57	59	59	54	50	60	50	51	56	50	60	51	58	55	57	52	53	51	51	55	60	51	55	58	59	57	51	52	51	58	58	60	54	53	55	57	58	57	56	56	57	58	58	51	54	51	55	59	55	51	59	54	53	57	53	51	50	60	58	53	58	59	59	58	60	58	59	60	50	57	53	56	53	50	54	55	51	60	57	52	51	53	59	56	52	56	54	51	53	55	55	57	52	59	53	50	53	52	50	59	51	59	50	53	59	54	59	55	54	52	56	57	55	56	54	57	53	55	56	54	51	53	60	52	57	60	54	56	58	53	54	57	51	58	60	53	57	55	52	59	51	55	57	54	56	51	57	52	58	52	50	57	51	58	59	56	60	51	59	53	55	54	55	57	56	59	51	51	51	57	50	58	51	56	59	55	53	58	56	59	55	53	58	56	54	54	58	54	52	51	55	59	55	56	57	60	59	57	52	53	51	58	57	60	52	56	55	55	59	59	56	55	57	54	53	56	58	55	57	60	50	56	51	54	55	56	57	53	57	51	58	58	54	59	53	56	53	50	52	52	54	59	52	57	56	53	58	56	57	56	57	56	56	54	59	54	54	52	55	58	60	57	53	56	52	56	55	55	56	51	50	60	52	53	59	55	54	51	58	56	55	55	59	54	59	51	51	59	57	51	60	54	54	57	52	51	56	54	52	56	55	50	59	57	52	56	57	52	58	55	56	55	52	51	56	58	54	56	52	54	56	53	59	52	57	52	51	55	53	51	58	53	55
10	9	4	13	4	9	10	6	3	4	6	8	9	4	7	9	13	13	5	8	11	6	7	5	10	12	7	11	11	12	3	5	11	6	7	5	5	10	12	4	7	10	8	11	10	7	8	11	11	4	10	6	5	11	3	11	13	11	3	13	10	9	7	12	9	11	3	10	12	11	12	9	13	7	12	11	9	12	12	8	9	7	4	7	12	5	9	11	6	8	7	10	10	11	10	3	10	4	3	4	9	9	5	10	6	4	5	6	5	13	11	7	11	7	9	9	9	9	3	9	7	10	6	6	9	8	13	7	8	12	9	3	9	12	10	11	10	5	4	8	11	4	12	8	4	8	8	10	12	3	6	5	5	5	12	5	10	6	8	4	11	12	8	4	6	5	10	8	11	5	3	4	9	7	5	8	12	8	9	10	4	4	11	10	12	12	12	8	7	12	8	3	7	5	9	7	4	10	12	8	3	6	13	5	7	10	9	7	4	5	4	6	12	6	10	8	7	5	10	9	6	12	13	5	13	6	6	11	10	10	5	6	5	4	5	9	6	12	5	10	4	7	13	11	12	11	11	5	5	11	5	4	10	13	10	12	6	5	10	12	6	13	10	12	7	11	12	11	13	4	6	9	10	7	9	12	8	7	11	11	10	8	8	6	11	8	4	7	6	5	6	12	4	9	6	13	5	3	13	3	5	12	6	7	5	5	5	5	6	6	9	9	13	6	6	3	12	8	4	4	11	4	13	12	12	5	12	6	10	8	11	7	8	5	3	6	7	8	10	6	11	10	9	7	13	5	11	4	13	7	6	7	11	8	10	11	3	12	6	12	5	8	6	4	3	4	12	6	4	13	7	8	5	10	12	10	10	8	3	11	4	12	11	10	5	11	7	8	7	4	12	7	5	9	5	8	10	6	12	7	9	10	6	10	3	4	8	10	7	9	5	7	13	9	4	8	9	12	8	4	6	10	12	5	9	5	6	11	12	12	6	7	8	10	12	11	8	3	13	7	9	8	10	8	8	8	7	7	6	9	8	7	4	9	12	11	12	9	13	9	4	12	12	9	5	12	4	11	4	10	6	5	10	5	6	5	6	7	8	3	10	11	9	4	6	6	9	7	10	10	5	10	11	12	9	10	13	9	10	5	8	6	13	8	7	12	9	9	8	6	6	12	4	10	5	4	9	13	7	6	7	12	8	4	9	8	6	9	11	13	13	5	5	3	11	4	12	4	11	11	9	13	7	4	12	8	5	10	12	9	10	8	9	3	5	7	6	5	6	11	8	5	7	5	7	9	13	9	7	7	8	4	7	8	10	4	9	5	12	13	7	4	5	5	3	4	6	11	7	11	8	10	10	7	11	12	12	11	6	9	12	4	8	12	12	7	5	3	12	10	8	12	8	9	3	4	9	4	7	9	9	3	6	8	11	12	11	6	7	9	12	7	9	4	4	5	9	9	8	10	5	6	6	13	9	11	10	6	8	8	8	10	12	13	4	7	10	12	11	8	9	4	8	12	4	6	3	4	13	6	8	8	5	7	7	13	12	13	3	11	3	10	9	7	13	4	6	13	4	8	4	6	13	7	4	8	10	11	7	3	6	4	6	7	4	3	13	5	5	4	12	5	10	11	10	12	5	4	6	8	7	10	7	10	10	6	6	9	6	12	5	7	6	5	9	9	9	13	8	10	10	10	4	7	6	5	8	8	8	6	6	11	3	13	6	6	3	8	12	12	10	5	10	5	6	5	6	7	12	4	6	7	8	4	11	13	10	8	5	7	13	7	12	4	6	4	4	8	13	10	8	9	3	12	12	8	3	4	10	5	11	9	9	4	10	11	10	12	11	5	6	6	10	3	5	7	10	5	9	7	9	5	10	12	10	6	9	3	10	7	13	4	10	11	9	6	6	10	12	9	12	5	6	5	12	7	4	7	5	10	8	4	7	9	3	5	4	3	12	10	9	7	11	5	9	12	10	8	7	8	7	5	9	5	9	9	6	3	7	8	11	9	8	7	8	6	12	12	7	7	10	5	9	7	8	11	11	9	7	12	11	6	6	7	10	11	5	5	10	11	5	13	12	11	9	13	6	8	13	6	11	7	3	10	11	9	4	13	11	9	4	4	11	7	9	8	6	5	11	5	3	7	4	5	8	4	11	5	4	9	5	5	11	11	8	11	8	9	8	9	12	11	7	9	12	7	6	12	6	9	8	5	10	7	7	7	5	9	6	10	7	5	10	11	10	10	8	10	9	7	11	12	13	8	11	6	10	5	12	8
9	3	5	5	4	5	5	3	4	6	6	9	8	7	6	3	4	7	11	4	10	10	7	8	7	10	7	8	5	12	4	9	9	10	9	8	9	8	9	4	9	2	7	7	9	2	10	5	10	5	3	3	7	5	3	9	9	4	3	10	12	7	12	6	7	6	10	4	5	9	3	5	4	3	4	11	11	9	9	2	6	4	5	5	2	8	9	7	3	9	5	5	9	8	10	12	3	2	5	5	10	5	3	4	11	12	9	7	8	2	11	10	7	11	11	9	6	4	11	12	5	7	5	3	10	7	8	10	10	7	12	11	6	3	5	4	11	11	5	10	11	6	10	2	10	9	10	3	4	8	3	5	8	4	9	4	4	4	5	5	2	9	5	8	4	6	6	5	7	12	8	9	4	8	7	6	7	6	9	11	9	8	11	6	8	9	5	3	8	7	3	9	11	3	6	7	9	4	12	9	2	12	7	9	5	8	11	4	4	7	2	5	3	10	7	10	8	8	3	5	11	2	7	5	10	6	7	3	11	12	6	10	4	3	5	6	12	11	4	7	4	7	11	11	2	6	3	7	10	11	12	5	4	3	8	12	7	11	4	11	2	9	7	4	8	11	9	5	3	5	10	3	4	11	10	4	12	10	7	3	5	9	3	7	5	9	5	4	7	6	5	7	6	8	12	10	4	7	12	6	11	2	5	12	8	5	3	12	6	2	5	3	5	11	6	6	9	12	2	10	6	9	4	11	7	4	6	8	12	4	11	6	7	12	3	3	4	7	5	4	7	3	7	12	7	8	3	9	11	10	2	3	2	10	7	8	2	8	7	9	6	3	2	10	10	6	8	10	9	6	4	9	3	8	6	3	6	7	7	11	7	11	9	9	7	10	10	8	10	9	12	12	11	6	11	9	9	12	6	11	11	5	11	11	9	3	5	10	9	3	9	8	4	7	8	9	9	7	2	4	2	5	5	5	4	10	12	4	6	9	6	3	8	4	7	6	3	4	4	10	6	9	8	3	7	8	3	2	9	8	2	3	10	12	7	6	8	11	9	11	11	9	6	6	11	11	11	4	9	6	10	3	11	7	10	11	8	12	4	10	8	5	3	5	7	3	5	9	2	10	3	11	3	5	9	9	11	11	9	7	7	8	8	3	8	11	8	9	7	7	8	8	8	6	4	4	5	8	6	7	5	12	6	11	9	10	7	8	2	10	11	6	9	10	8	10	5	11	11	8	3	12	6	6	7	2	7	5	4	11	5	5	5	10	11	8	6	6	7	12	7	4	10	9	8	8	9	10	6	4	12	3	3	9	3	5	3	8	7	5	6	11	5	8	3	11	11	8	8	8	8	8	5	8	8	9	2	9	10	8	7	3	11	11	7	3	2	5	7	12	8	6	3	10	7	12	12	11	6	11	9	7	3	9	4	7	8	3	3	2	10	4	12	9	5	9	7	3	4	8	6	3	3	8	3	8	10	9	9	2	5	8	6	10	9	6	12	11	3	8	5	8	4	7	8	8	12	11	6	9	7	7	7	10	7	7	7	11	2	10	7	9	7	11	2	4	8	6	8	8	6	8	3	5	9	8	12	10	6	4	6	10	11	2	6	6	11	3	4	4	8	5	8	3	6	8	7	6	7	6	6	9	8	6	6	8	5	3	6	11	3	4	7	2	9	4	6	2	2	2	9	12	10	9	10	9	3	4	9	6	10	2	4	10	9	11	8	6	7	7	10	3	9	12	11	7	11	7	7	4	8	7	5	7	3	10	9	7	3	9	9	11	6	8	5	6	8	9	10	10	3	7	6	2	8	4	3	6	9	11	4	11	10	10	7	3	10	12	6	10	7	5	9	7	9	2	5	7	7	7	6	4	5	9	3	6	10	4	7	4	12	8	10	5	3	10	8	12	9	12	9	10	10	3	3	11	12	6	8	10	7	11	7	4	5	4	12	5	7	7	11	11	4	8	11	3	5	3	5	10	8	11	2	7	10	8	11	9	9	2	3	10	6	3	9	8	8	4	11	6	3	10	8	5	10	5	3	11	11	8	5	4	12	6	7	6	5	5	8	4	9	12	11	11	9	4	11	3	5	6	4	7	8	8	3	8	6	11	12	9	11	4	8	2	4	10	8	12	4	7	5	6	10	12	4	4	5	10	8	7	10	3	3	4	5	7	3	10	2	3	11	8	4	8	5	7	3	8	7	6	6	5	3	9	9	11	4	6	8	2	11	8	5	10	11	4	11	4	9	4	12	3	12	8	12	12	6	8	9	2
37	41	34	39	37	35	35	35	40	40	34	40	42	43	44	43	38	39	39	43	34	39	39	38	40	37	41	35	40	39	36	38	38	36	39	42	36	41	41	43	43	40	36	40	39	41	44	38	43	39	43	43	38	37	39	43	38	44	38	39	41	38	36	41	39	39	36	38	42	38	35	34	39	34	35	40	38	37	36	41	39	36	40	40	41	43	37	44	41	43	36	36	38	43	43	35	37	40	40	36	41	44	44	41	40	37	38	44	35	43	42	40	38	42	35	40	42	44	40	41	37	36	35	39	42	42	40	38	38	44	38	44	35	37	42	35	37	40	36	38	40	42	34	40	38	41	36	42	37	38	40	35	40	38	39	40	35	38	43	40	39	43	44	35	36	43	43	40	44	43	36	41	42	41	37	42	44	42	41	43	41	37	38	35	42	37	35	36	43	41	37	41	39	42	39	43	42	40	36	43	37	41	41	43	42	40	37	42	40	34	39	37	43	39	42	35	35	40	43	44	40	42	34	36	37	35	36	41	40	40	37	37	43	36	42	39	42	44	35	43	38	43	36	40	42	38	43	41	38	34	43	39	42	39	44	37	41	40	38	35	38	36	35	35	43	36	35	34	44	39	42	42	36	40	40	41	36	42	39	41	38	44	36	34	36	39	35	41	40	35	38	37	39	39	34	35	43	39	36	35	36	41	37	40	44	37	42	43	37	37	35	34	43	40	36	39	40	43	35	41	40	39	37	38	37	43	38	44	40	37	36	38	36	37	44	37	40	41	37	44	43	38	39	40	43	36	37	39	44	44	40	43	43	37	37	40	37	41	41	35	43	35	41	37	43	38	38	36	38	39	43	35	35	42	41	35	43	39	37	43	37	38	36	42	40	36	41	44	40	41	37	40	37	37	38	40	37	38	42	40	37	35	34	43	35	34	41	40	37	43	43	38	35	38	42	36	44	42	41	34	41	35	35	34	37	37	41	39	44	35	38	43	38	35	41	42	41	42	42	44	36	35	43	37	42	44	43	35	34	34	44	42	40	40	42	42	42	39	36	40	43	42	35	42	42	41	35	34	40	34	39	35	40	42	43	36	42	42	35	37	35	35	43	42	34	38	36	35	42	38	35	36	40	35	36	34	36	36	37	37	40	40	37	35	37	40	38	34	42	42	37	41	41	41	36	40	43	42	40	38	37	43	41	41	44	38	41	35	41	42	43	36	43	40	43	36	42	37	37	39	37	34	35	37	36	41	41	38	44	42	44	40	43	37	37	40	42	38	36	34	38	41	44	38	36	36	40	39	43	36	42	37	42	38	37	37	39	38	35	42	36	40	41	36	44	35	38	38	36	34	40	38	38	39	35	41	37	41	42	37	40	38	43	36	43	38	41	36	43	38	35	42	36	34	43	42	41	41	43	37	42	35	38	37	40	39	35	36	37	35	42	38	41	35	40	42	35	42	43	42	35	42	41	36	36	35	36	37	37	38	43	39	35	43	40	35	38	40	42	43	43	42	43	39	36	36	42	35	35	39	37	38	40	44	41	43	34	39	37	40	36	34	36	36	34	43	40	43	42	39	34	42	37	43	35	36	39	40	43	42	39	44	34	35	35	39	41	41	39	36	40	38	44	39	36	38	35	41	37	42	35	37	35	38	44	42	34	44	37	39	43	41	43	43	37	37	41	44	37	37	39	40	36	37	39	41	42	37	41	36	37	43	40	36	37	35	41	42	41	38	39	43	35	44	44	34	35	44	44	41	38	39	39	39	40	35	38	44	35	43	43	36	39	40	36	42	44	43	44	34	41	41	41	43	34	44	43	39	35	38	37	38	35	34	37	38	36	34	42	43	35	36	35	44	40	39	36	37	37	38	39	44	36	42	36	44	41	41	44	37	35	40	42	38	44	38	43	39	34	36	35	37	38	44	38	39	43	39	40	43	40	36	41	42	42	44	36	44	39	43	42	42	37	35	44	44	36	43	43	41	37	43	37	40	35	41	39	39	43	41	42	43	43	41	37	41	43	35	40	41	40	36	38	35	43	37	39	35	39	36	35	40	40	38	40	36	37	43	37	36	35	37	37	35	41	39	41	37	43	42	35	38	43	37	35	37	35	43	40	37	43	36	37	41	36	35	35	40	42	44	42	43	42	40	35	35	42	36	40	42	43	36	39	43	37	40	35	38	43	42	39	37	44	43	40	42	43	41	36	40	35	42	39	44	36	36	35	42	42	40	42	43	41	35	44	36	42	40	36	41	36	37	38	35	43	41	41	44	36	40
31	33	35	41	37	36	32	41	37	37	32	36	34	39	34	38	34	32	39	38	36	38	35	33	40	36	36	32	37	34	32	38	34	34	32	33	32	37	34	38	36	39	32	34	36	41	37	31	39	36	40	39	34	33	36	40	32	38	34	38	33	36	31	39	37	40	40	41	32	34	40	41	33	36	34	36	39	35	33	37	32	40	32	31	39	40	34	39	35	39	31	34	35	41	31	38	38	40	39	32	34	32	33	36	37	36	38	37	37	32	38	33	33	36	36	38	34	37	36	39	35	38	34	37	36	34	40	33	33	33	39	41	33	39	41	33	36	38	39	36	37	37	35	31	40	40	39	34	39	36	32	33	33	40	34	33	36	32	34	37	32	34	38	33	32	38	35	38	41	41	36	40	35	34	36	31	33	36	39	37	31	36	32	33	31	36	33	37	36	39	36	37	35	35	41	35	37	33	32	34	39	36	32	38	36	34	34	38	39	33	31	38	32	34	33	34	39	40	38	37	33	40	37	41	40	34	35	38	35	38	38	33	32	37	34	32	35	38	35	38	35	38	39	39	35	33	31	36	34	34	34	34	33	36	33	36	37	39	34	36	39	40	39	36	32	34	35	32	35	32	33	41	40	37	35	31	31	31	37	35	39	38	36	35	36	38	37	40	36	39	33	40	33	33	33	31	34	35	32	33	34	37	39	36	32	38	35	36	37	38	37	41	34	32	39	32	36	37	38	39	40	32	36	37	31	32	35	41	32	35	41	37	31	38	33	40	40	32	34	36	40	38	32	33	31	40	35	40	39	38	40	34	38	38	31	31	36	35	40	33	32	38	32	35	37	38	32	35	40	36	36	37	32	33	40	33	40	40	38	39	37	36	35	36	34	38	39	41	34	33	39	33	37	38	33	37	39	33	38	40	34	33	31	35	34	36	32	33	41	39	39	32	34	38	34	31	37	31	36	32	33	36	34	38	36	36	36	35	38	38	36	31	39	33	32	33	32	32	35	34	36	33	40	39	34	37	40	34	31	31	36	40	36	38	32	31	32	37	40	37	38	33	37	41	32	39	37	35	37	38	39	40	38	36	32	34	35	41	37	36	36	33	36	32	40	34	39	36	36	33	40	37	36	35	35	36	41	41	37	31	36	39	37	32	40	40	39	33	35	35	36	40	32	39	34	35	35	41	39	38	39	41	31	34	40	37	39	41	38	37	38	38	40	34	37	36	35	32	36	37	34	39	31	37	38	35	35	34	38	35	38	35	32	37	33	38	36	34	38	31	37	41	40	32	34	32	32	39	39	37	35	37	33	36	39	39	35	36	40	34	41	32	32	38	31	34	40	37	35	38	40	41	36	34	38	33	38	34	37	41	38	31	37	36	35	40	38	33	31	32	32	38	37	38	37	33	39	33	34	41	35	38	31	39	36	38	32	34	36	37	36	31	38	33	36	32	32	33	33	39	40	34	37	32	33	37	35	40	34	37	39	36	39	35	33	32	39	34	32	36	40	34	35	36	34	34	32	40	40	37	35	41	32	34	41	31	41	34	37	37	33	40	32	34	33	36	41	34	35	41	32	33	34	39	36	33	38	33	36	37	34	34	41	31	38	39	38	39	37	40	33	40	38	39	38	36	34	33	34	36	40	32	34	31	34	32	33	37	34	36	37	40	34	34	35	40	32	31	35	33	32	32	31	38	40	35	41	39	41	32	41	34	41	37	34	40	39	40	36	36	34	34	37	34	36	39	32	32	31	39	41	36	38	39	32	33	36	37	34	37	37	34	36	40	37	38	40	33	39	39	40	32	36	35	31	41	36	37	39	36	31	37	33	41	36	40	34	32	36	38	39	38	41	40	33	38	32	40	33	39	33	32	40	37	36	34	35	38	39	39	39	40	39	40	39	38	33	34	32	33	33	33	36	39	37	38	36	35	37	34	36	35	40	36	38	37	38	37	36	34	39	33	32	37	32	40	37	33	41	40	40	37	31	32	40	40	41	37	38	35	32	41	36	34	38	35	35	36	41	34	39	34	36	39	38	31	36	33	39	37	38	35	39	39	35	39	35	35	41	41	36	35	40	33	37	37	34	36	36	36	32	31	40	31	40	37	37	41	35	40	38	36	32	33	36	33	34	37	35	34	33	33	35	34	40	36	37	35	35	32	41	38	33	35	40	41	37	38	37	40	37	31	32	32	33	39	35	33	36	38	38	40	39	37	39	38	36	40	33	31	34	33	35	31	33	35	35	34	35	32	39	33	34	33	39	35	31	35	39	38
84	87	81	88	84	80	80	85	82	82	85	79	88	85	85	81	84	86	80	87	85	85	83	81	85	88	85	85	88	84	84	83	80	83	87	89	80	80	87	87	83	88	84	81	85	80	85	81	83	82	83	83	80	81	86	82	86	79	81	80	88	81	86	79	86	80	84	83	89	83	84	84	85	86	80	80	84	85	87	83	83	85	85	88	81	87	83	84	80	86	87	88	80	87	81	83	86	80	81	81	89	88	87	83	81	84	85	79	87	86	88	79	84	88	87	80	86	83	87	88	85	86	88	87	82	85	83	82	85	82	83	84	82	81	87	84	84	84	84	87	80	86	80	88	86	87	84	86	85	79	82	85	79	88	84	81	83	84	80	84	89	88	86	82	80	82	82	88	85	85	81	88	87	80	79	83	86	81	80	89	85	79	82	81	87	80	87	87	85	88	89	88	83	81	86	84	82	80	83	80	83	88	84	80	88	81	89	84	85	79	86	82	81	84	85	82	88	82	85	79	84	83	80	79	80	86	83	83	85	82	89	80	81	82	80	86	83	81	86	82	81	84	84	79	82	80	80	86	82	86	84	81	83	88	86	82	80	80	80	82	84	84	82	89	88	83	86	84	81	83	87	88	87	81	84	80	87	88	85	86	88	81	81	84	86	80	88	83	88	85	83	81	84	80	84	86	89	88	88	87	84	88	84	81	82	80	84	80	83	88	85	85	86	83	87	87	89	86	87	88	85	81	83	89	89	84	88	85	81	81	84	82	88	88	83	88	80	83	81	82	88	80	81	83	84	83	84	87	79	88	86	83	87	79	83	87	87	85	80	82	81	82	81	85	81	86	88	81	87	84	88	79	80	83	82	80	84	81	80	88	89	89	80	80	87	87	81	80	81	84	87	82	80	83	84	79	84	85	88	84	82	87	89	86	86	88	81	86	88	81	83	83	80	82	88	84	88	85	83	80	82	84	81	82	86	88	84	80	86	84	80	87	82	84	89	84	84	87	88	80	84	85	86	84	82	80	83	82	81	82	85	83	83	84	88	82	82	81	84	81	89	80	79	85	89	84	80	80	80	82	82	89	88	86	81	82	88	81	79	86	82	87	86	87	86	80	84	84	83	81	82	81	85	85	79	85	84	82	85	85	87	83	87	83	84	79	81	83	81	81	82	82	81	88	82	82	83	83	88	84	86	84	87	82	87	81	88	80	86	80	85	85	80	86	80	81	80	81	85	80	85	82	80	89	82	80	83	84	84	83	79	89	85	85	81	83	80	88	80	84	84	80	85	80	81	81	88	82	82	87	88	84	82	88	82	83	85	82	88	81	81	85	82	84	85	88	84	80	86	84	82	85	89	83	82	88	89	88	84	84	84	82	84	82	86	87	82	81	82	86	84	88	81	86	86	82	80	82	85	89	83	88	83	88	87	82	82	88	89	85	87	79	83	79	83	85	79	86	81	82	85	83	84	87	88	87	85	83	80	85	81	83	89	79	89	87	79	88	82	86	88	80	85	87	82	83	80	86	80	87	87	83	82	80	81	80	82	89	81	87	87	81	81	81	86	80	84	89	80	89	84	86	87	81	82	83	88	88	82	80	89	81	85	89	89	88	88	87	85	85	83	89	87	89	88	87	82	81	80	87	88	79	87	87	87	86	82	79	88	79	84	88	86	81	82	84	80	84	81	80	83	88	89	83	80	83	85	87	81	85	81	83	80	86	83	85	82	83	86	84	84	83	81	88	84	83	80	85	80	81	83	88	79	85	83	81	84	88	81	81	86	85	89	84	81	87	88	83	83	88	85	88	88	86	83	89	86	84	85	87	84	89	81	81	88	85	83	85	85	81	88	86	88	83	87	81	87	85	82	87	87	82	82	85	86	79	80	85	82	83	88	87	88	81	81	86	87	80	87	88	84	84	87	87	89	87	89	81	85	82	81	79	88	82	82	82	79	84	86	88	88	82	87	81	87	83	82	85	83	82	85	81	88	88	82	88	86	88	81	83	82	85	84	86	81	86	79	84	81	79	79	84	87	84	83	81	85	86	82	89	80	89	85	82	88	80	88	85	80	87	88	81	81	83	79	87	86	82	84	88	88	88	87	88	85	89	83	86	89	85	85	85	82	79	88	84	79	85	86	80	82	85	87	84	84	81	88	88	87	88	81	81	81	82	81	87	87	79	85	79	80	83	80	84	88	81	89	86	85	81	85	87	87	81	86	82	86	83	85	81	85	88	88	85	87	88	84	82	85	87	86	83	87	81	83	89	82	83	84	87
16	21	21	15	16	15	16	14	17	22	17	16	19	22	20	19	19	13	17	21	21	18	16	19	17	18	19	20	16	17	17	13	15	21	22	15	14	21	16	21	18	15	16	14	12	17	22	20	12	15	18	20	18	18	18	17	17	20	20	21	18	21	18	15	13	20	15	14	21	20	18	21	14	19	13	12	16	20	18	19	12	19	19	21	16	21	13	18	13	13	17	18	14	14	14	21	14	13	16	12	21	15	16	15	21	22	20	20	20	20	16	19	16	18	14	13	19	20	15	12	13	18	21	15	18	15	14	15	18	13	14	16	13	16	18	19	18	18	14	13	16	21	18	20	19	18	18	21	21	16	14	17	18	13	15	13	18	20	20	12	15	15	13	16	16	16	15	18	14	13	16	14	21	18	13	18	19	12	18	17	20	16	21	21	19	17	17	16	17	16	21	19	13	13	12	21	15	20	16	16	13	20	13	12	20	16	13	19	15	19	13	20	12	21	13	15	16	21	17	12	20	14	19	18	14	13	19	20	17	13	18	14	18	13	12	21	18	19	17	15	20	18	19	17	16	19	20	22	21	14	14	12	20	17	15	18	18	13	18	16	15	15	17	15	20	14	19	18	17	19	15	20	18	22	14	21	19	17	17	19	20	16	16	15	15	21	22	21	17	21	14	13	12	14	18	20	17	12	12	14	21	22	18	19	22	15	17	15	21	19	19	21	18	15	15	13	18	12	13	21	22	20	18	15	14	21	16	18	19	15	20	19	15	20	14	14	14	19	15	19	16	21	20	19	15	18	16	14	21	19	13	22	22	21	17	21	22	20	16	21	21	13	12	15	19	18	18	13	19	15	20	16	13	21	20	16	18	14	17	17	17	21	21	20	14	15	15	17	17	12	12	14	20	13	15	16	21	14	20	18	12	19	18	14	18	22	19	20	16	18	13	13	14	20	13	17	14	18	21	16	19	14	20	19	20	17	20	18	22	19	17	20	14	14	21	19	15	21	20	15	17	12	17	18	18	15	19	19	20	19	21	16	20	15	20	12	14	13	22	19	13	17	16	16	20	14	12	15	13	15	15	19	16	14	20	17	14	18	16	19	16	21	18	20	14	15	16	14	21	16	19	16	18	13	20	15	16	15	13	15	12	21	22	21	16	17	15	19	12	16	18	12	13	14	22	19	14	13	19	15	14	18	14	16	12	19	13	15	20	13	18	15	21	13	21	15	13	21	13	15	16	14	21	19	19	17	14	12	16	18	17	15	15	15	21	13	21	12	22	17	22	18	20	19	22	15	13	19	14	12	14	19	14	21	21	20	13	19	18	19	19	21	13	19	17	21	17	14	12	20	14	21	17	13	16	19	20	16	15	22	12	13	13	14	18	19	16	21	21	14	21	13	18	20	18	12	13	20	13	15	12	17	14	15	18	14	14	22	12	19	18	15	14	15	16	18	21	19	18	14	14	15	12	16	18	19	13	14	13	22	16	17	12	21	20	16	19	13	20	19	20	18	20	14	18	13	14	21	19	18	21	14	19	14	20	20	21	18	16	17	12	15	16	20	17	18	16	13	18	13	17	16	13	14	17	14	19	21	22	12	12	22	17	18	22	22	18	15	13	15	22	15	17	15	19	14	18	20	15	19	14	16	21	20	15	13	19	15	19	13	18	16	14	22	15	15	18	16	12	16	14	12	16	13	22	16	13	18	18	17	17	14	16	18	16	20	15	17	13	14	16	19	19	16	16	16	18	16	14	20	14	14	21	15	17	15	19	19	21	16	15	17	21	14	21	14	15	21	14	15	21	21	18	22	19	21	15	15	13	18	15	21	17	16	14	19	20	20	15	22	13	17	20	19	21	20	16	17	16	18	21	16	15	21	22	13	18	16	22	22	22	19	16	16	12	13	21	20	17	12	19	21	13	14	17	19	14	15	20	17	16	22	20	14	18	16	15	21	16	12	14	16	13	20	17	12	14	22	14	16	22	22	18	19	21	16	21	17	22	21	18	17	16	15	16	21	19	13	18	14	19	20	19	13	20	15	21	15	19	21	19	16	13	19	16	21	13	14	21	18	21	14	19	21	14	22	19	19	14	13	13	21	13	19	20	18	20	17	12	18	14	17	20	21	21	20	18	12	21	20	19	16	15	13	17	16	20	13	15	20	21	21	18	13	17	18	19	18	22	18	21	13	16	16	20	18	20	12	19	21	21	18	17	12	20	21	22	12	13	20	17	19	17	16	16	13	15	16	18	18	14	16	20	17	15	17	14	21	16	18
65	69	71	69	65	64	68	65	68	69	64	69	66	67	66	69	71	64	69	66	65	73	72	69	64	71	72	65	68	65	67	71	67	71	63	68	67	64	63	69	65	68	68	66	71	72	66	72	70	71	73	70	73	67	68	66	70	69	63	68	64	71	68	63	69	67	70	70	67	63	72	72	71	67	72	66	66	70	64	71	68	65	64	65	69	64	71	69	64	70	72	68	64	70	65	66	67	69	70	68	66	69	63	65	71	72	70	66	63	65	66	66	71	70	65	69	73	72	73	67	64	72	64	68	65	63	64	69	73	65	70	70	63	72	73	70	64	68	70	68	68	70	73	64	66	68	69	68	67	66	73	71	72	71	67	70	66	69	70	68	67	65	65	68	67	66	70	70	70	72	66	64	67	65	72	68	73	71	72	67	71	65	68	73	63	64	64	72	68	63	71	70	65	69	71	71	69	67	65	65	66	69	65	72	73	63	64	71	66	67	65	68	70	63	63	66	69	68	73	64	65	66	68	64	66	63	67	65	70	69	70	70	68	67	68	70	68	72	71	72	66	63	66	66	67	67	69	66	63	68	65	71	72	67	67	69	66	71	67	71	67	71	73	68	72	73	64	72	73	64	67	67	71	71	64	69	70	71	71	64	72	68	70	72	64	65	70	68	70	66	69	64	70	67	66	64	63	72	67	70	69	69	71	66	68	71	69	66	64	64	69	66	64	71	65	64	69	65	67	63	67	66	65	68	63	71	67	69	68	70	64	73	64	69	71	70	72	66	69	72	70	71	63	69	68	67	70	68	72	64	70	69	64	69	71	67	65	64	68	65	72	72	67	71	64	72	68	64	73	71	72	69	67	67	65	72	65	70	69	71	71	68	65	64	63	63	66	67	70	63	69	69	66	72	69	68	64	65	69	63	65	71	65	65	69	67	66	71	72	66	67	67	70	66	72	72	64	69	66	73	65	72	72	71	64	70	72	71	68	67	72	68	68	66	64	71	65	71	65	64	65	72	65	70	71	66	69	67	70	66	73	66	73	64	65	67	69	72	73	71	71	64	71	69	64	69	65	71	66	70	66	65	68	68	65	69	73	72	71	64	72	72	70	67	67	69	65	71	65	65	65	71	72	68	69	69	72	64	63	72	68	63	66	69	67	70	68	65	72	65	68	72	70	65	71	72	70	63	63	65	67	73	65	64	66	64	68	67	68	65	68	69	67	68	68	66	70	69	65	64	68	66	72	70	70	72	67	67	64	72	63	67	63	69	67	64	68	69	71	64	67	65	71	67	67	69	69	66	69	66	65	68	65	66	65	65	67	71	67	71	67	72	72	71	68	67	64	70	71	65	69	67	64	65	72	68	64	65	64	72	71	66	63	66	64	65	63	70	72	68	67	69	71	65	72	64	69	63	66	68	68	72	69	65	72	64	65	69	64	65	67	70	68	68	70	66	71	66	64	63	68	64	67	63	72	69	68	64	63	72	68	72	68	65	69	68	72	67	64	70	65	68	73	69	72	64	72	68	72	70	65	67	73	66	64	72	64	71	70	64	69	64	64	71	64	68	65	67	63	69	73	66	66	71	68	68	72	68	71	71	64	65	73	73	64	68	69	68	66	71	72	73	71	68	68	71	64	70	72	71	65	72	64	64	64	72	65	64	66	63	70	66	73	64	69	72	73	71	72	71	69	68	69	67	65	70	68	72	70	64	65	63	64	67	69	64	67	69	69	73	65	66	66	67	72	69	70	66	65	71	69	67	70	64	71	69	68	67	66	67	68	65	64	71	72	66	70	72	67	72	71	72	64	72	71	68	72	70	65	67	66	69	67	65	64	64	68	73	71	66	63	69	71	69	65	65	69	67	73	72	69	69	63	65	70	72	73	71	72	67	68	65	71	72	67	65	68	73	70	71	67	68	65	68	65	67	73	63	67	72	63	71	72	70	68	65	63	68	73	73	65	71	71	72	65	72	72	63	68	68	70	69	71	63	67	68	68	68	72	65	65	68	65	67	64	67	68	69	65	67	69	64	72	71	64	68	72	63	73	71	70	69	63	72	69	73	64	65	73	70	66	63	63	71	70	64	70	69	66	72	72	69	70	67	64	69	67	71	69	64	67	73	72	71	71	65	64	65	71	64	69	67	67	65	71	69	70	69	70	69	72	64	70	64	68	64	64	68	69	72	71	65	67	66	67	64	72	67	69	65	64	72	67	68	71	64	67	70	68	72	70	70	66	63	71	67	70	66	69	66	64	64	72	64	68	73	70	67	67	70
wj																																																																																																																																																																																																																																																																																																																																																																																																																																																																																																																																																																																																																																																																																																																																																																																																																																																																																																																																																																																																																																							
31	20	32	57	96	45	82	40	92	2	51	66	86	35	1	69	97	67	74	2	16	12	74	54	14	98	42	86	61	95	93	33	26	11	14	10	88	81	58	58	10	14	60	92	98	11	49	47	92	15	19	79	29	24	23	21	8	63	41	20	48	89	49	77	63	6	56	90	91	50	19	38	67	84	89	32	80	72	72	57	66	86	16	74	70	4	56	68	76	67	84	32	75	82	15	85	33	79	36	68	12	53	43	61	5	9	3	54	13	51	60	37	18	63	35	48	38	6	34	26	56	98	46	47	79	27	14	21	5	75	72	61	36	96	38	33	32	21	93	81	77	90	41	37	30	26	72	91	43	33	7	42	19	43	35	50	7	65	93	67	49	74	6	96	39	27	35	29	96	40	78	46	82	61	16	68	97	10	30	79	87	21	50	3	44	79	49	57	55	47	27	56	37	89	93	40	85	23	68	100	24	75	17	65	17	63	89	88	9	23	42	4	31	91	2	83	39	40	53	44	38	97	95	84	27	87	22	32	40	37	25	60	58	61	37	14	19	57	93	53	37	92	50	28	18	15	98	2	11	64	20	54	80	14	82	22	30	65	84	30	2	94	46	64	24	57	48	96	36	97	1	91	21	40	33	29	96	49	62	19	79	19	60	54	39	5	2	47	49	53	62	48	79	84	28	38	58	43	61	70	95	75	71	44	64	27	34	88	83	6	3	74	47	52	73	3	30	21	86	26	48	11	62	48	37	52	45	7	37	91	12	42	40	22	41	19	6	50	47	25	20	41	14	89	88	9	29	40	7	25	20	82	67	81	67	99	61	24	20	62	96	22	49	18	96	49	37	95	33	41	67	92	16	15	83	49	85	82	69	95	62	94	62	5	16	57	15	76	82	35	44	27	46	73	49	72	57	14	11	17	66	49	36	92	19	71	78	30	75	36	47	96	5	5	64	50	14	45	71	59	53	60	50	38	12	51	75	52	29	86	96	25	27	21	80	57	48	87	98	60	2	88	15	46	38	73	67	77	83	87	48	20	34	30	96	49	58	62	44	74	100	82	41	3	64	49	6	15	96	24	4	53	55	49	69	93	62	81	83	7	94	33	32	86	89	90	66	98	67	28	25	77	99	98	28	22	96	20	40	98	65	70	30	1	92	66	49	89	52	91	25	91	88	71	67	96	80	46	85	33	87	86	29	83	57	83	65	18	61	33	57	58	87	2	65	77	39	65	32	35	47	98	33	53	4	59	33	74	85	19	30	38	35	85	23	80	38	5	85	53	51	85	28	4	76	7	14	6	31	14	54	6	80	41	62	98	97	30	70	88	50	44	59	89	67	27	38	8	83	62	34	72	65	50	27	9	32	87	32	78	58	8	96	49	10	17	8	30	20	10	85	2	49	77	64	25	53	23	72	4	8	13	11	69	31	55	79	61	77	96	65	91	6	32	65	12	33	82	96	7	4	27	1	15	92	13	85	81	35	68	70	73	69	26	36	28	98	6	43	50	18	98	90	71	43	72	25	34	19	47	44	30	53	18	39	85	13	37	41	75	5	2	72	33	64	2	36	72	62	4	94	88	51	17	69	42	40	46	66	58	52	38	96	91	37	89	70	75	32	27	72	18	6	44	8	47	96	21	3	11	87	47	76	92	69	12	34	2	44	20	21	30	34	37	15	7	98	14	68	4	90	66	63	86	76	5	33	80	81	70	62	99	8	3	88	95	57	30	22	54	68	21	40	75	21	90	40	49	80	34	4	26	55	32	71	32	61	54	7	40	22	99	87	88	100	87	29	68	64	42	30	56	38	100	59	31	8	66	34	62	85	80	40	4	85	63	58	51	85	56	2	28	88	9	33	51	71	43	74	62	90	23	37	25	41	99	44	41	55	62	82	6	53	57	84	81	19	3	35	98	6	80	16	68	3	97	75	80	96	95	6	54	99	73	56	81	10	21	74	57	37	58	7	52	43	44	86	85	79	11	68	33	81	60	47	90	42	74	33	12	24	100	95	63	36	64	56	60	22	49	34	56	59	10	20	13	58	75	5	13	30	4	1	58	73	92	83	33	73	88	10	35	44	2	24	84	46	16	14	87	96	79	9	22	60	99	82	87	60	53	52	68	51	16	3	63	35	90	4	65	79	40	14	39	79	98	13	7	35	29	69	34	69	57	96	5	37	84	16	94	47	63	55	33	87	25	62	56	23	89	59	1	47	54	24	4	23	90	32	26	18	87	1	68	92	13	42	10	20	25	53	28	64	95	13	16	37	6	21	25
