pij																																																																																																																																																																																																																																																																																																																																																																																																																																																																																																																																																																																																																																																																																																																																																																																																																																																																																																																																																																																																																																							
43	45	43	51	42	51	47	45	44	50	51	49	51	47	43	48	47	46	45	48	47	44	45	41	50	50	50	48	50	49	44	44	51	49	50	48	45	45	46	50	44	43	49	49	49	46	42	44	41	47	43	44	47	44	48	47	44	48	42	51	42	49	50	45	51	42	42	49	50	46	50	49	44	49	48	45	46	42	43	46	50	44	45	42	43	46	49	43	45	49	48	48	43	43	49	43	51	49	45	47	50	42	50	41	48	50	50	45	47	46	46	49	42	46	41	43	45	46	49	47	44	44	48	49	45	45	51	49	49	50	49	46	46	42	50	51	42	48	41	47	47	43	50	42	47	48	44	47	42	50	49	44	41	49	43	47	42	41	51	42	46	48	48	42	50	41	43	49	42	44	46	48	46	50	45	46	50	47	49	47	50	48	51	42	49	49	51	45	51	44	50	46	48	49	49	43	42	43	43	41	41	44	48	48	44	41	42	41	41	48	48	41	44	48	50	47	46	44	44	50	44	51	49	47	47	43	41	44	48	42	51	42	47	45	46	47	42	50	45	48	42	47	47	42	45	48	42	42	50	43	42	45	44	47	46	42	42	41	49	43	43	44	43	41	45	49	51	42	50	44	44	44	51	51	47	46	48	41	45	44	49	43	41	44	42	51	47	41	49	47	46	44	45	41	43	50	45	47	44	49	48	48	46	42	49	50	47	48	48	51	43	44	47	47	46	45	44	45	49	49	51	47	51	51	45	41	42	43	42	45	42	50	49	46	46	43	42	48	50	41	48	44	44	46	48	47	42	43	49	42	49	42	41	50	41	45	48	49	44	47	47	51	45	49	50	47	44	47	50	42	42	46	42	50	50	45	43	44	44	45	44	50	46	42	47	43	49	48	51	44	41	49	42	44	42	49	42	50	48	47	43	42	49	48	42	49	45	42	49	50	44	41	50	42	46	49	47	46	42	46	47	44	43	43	42	45	44	41	51	44	45	49	43	44	47	47	47	45	50	51	43	48	42	45	49	43	47	50	51	44	48	46	50	44	43	50	51	42	48	43	44	43	45	43	45	50	42	43	47	48	51	49	43	47	41	51	48	43	49	46	47	49	47	43	50	45	45	50	43	47	44	41	42	42	45	44	48	50	42	45	49	48	48	42	48	48	42	49	48	51	48	43	45	46	44	48	50	48	47	45	43	44	47	46	42	48	48	47	49	50	49	49	41	47	49	48	51	41	47	48	50	46	49	42	47	45	45	47	42	45	50	50	44	42	49	43	44	49	44	51	46	47	49	45	42	43	43	47	48	42	43	48	46	44	47	46	43	43	42	43	43	48	41	51	45	48	49	48	41	41	43	49	43	43	43	49	41	48	46	47	45	51	45	43	47	44	51	47	47	47	44	47	47	50	49	41	42	42	45	48	47	45	49	43	50	42	43	45	43	43	45	47	43	43	43	43	46	50	50	46	48	48	44	49	48	44	43	50	44	43	44	47	42	48	41	44	50	44	42	44	48	50	50	46	42	42	51	49	42	50	46	49	44	46	48	46	49	41	50	45	51	45	48	48	46	50	47	51	42	48	44	47	44	47	51	42	48	44	50	44	48	46	42	43	43	46	41	46	42	49	48	44	47	47	44	44	51	42	42	49	48	51	41	47	49	42	44	47	49	48	48	48	42	45	51	41	42	41	49	47	42	49	49	44	48	47	44	49	48	49	50	48	49	41	50	46	41	50	50	46	44	47	48	43	42	46	50	42	42	47	42	43	50	44	47	45	41	48	50	41	49	46	48	47	44	45	47	43	47	49	46	46	47	43	44	45	46	43	47	46	50	49	47	48	49	47	44	46	48	51	42	47	42	48	42	42	43	45	43	43	50	45	44	46	49	48	50	41	44	45	51	45	44	45	43	51	44	42	46	41	46	49	45	43	44	48	50	44	42	45	42	42	45	45	50	47	46	46	47	46	42	48	50	46	44	45	49	48	43	47	47	49	43	50	49	44	49	48	43	47	47	43	43	49	50	45	49	48	43	50	41	44	46	41	42	42	48	44	47	50	42	50	45	47	50	49	42	43	45	45	46	48	45	48	45	42	46	47	49	43	50	48	42	41	46	46	50	45	47	48	50	46	47	47	42	45	45	44	51	45	42	43	50	47	42	41	50	48	46	46	43	45	43	42	51	50	48	48	48	43	48	49	44	50	42	43	46	43	41	51	51	48	47	46	49	42	47	47	49	44	48	42	46	43	48	45	42	42	46	49	45	45	44	47	46	44	43	47	51	49
86	87	89	85	83	87	87	81	81	85	82	80	80	81	79	79	83	79	84	85	80	81	81	88	87	84	81	82	82	83	85	83	84	89	81	89	86	83	84	82	80	85	87	81	80	86	79	88	79	86	81	82	83	86	89	80	84	88	80	84	85	80	79	87	84	79	83	82	84	87	89	88	87	80	85	82	86	84	83	80	80	87	89	85	89	79	87	81	82	81	84	88	81	86	81	85	82	87	87	81	80	82	80	82	80	87	87	87	84	88	83	82	88	83	87	83	80	86	88	83	87	86	81	81	89	85	87	85	88	85	87	83	81	81	81	88	80	81	81	84	80	84	82	86	85	79	82	81	87	82	83	87	88	79	86	82	82	80	85	82	84	82	87	79	80	82	84	82	88	81	87	88	89	84	84	85	81	80	81	80	89	83	82	89	87	79	83	82	87	83	81	85	84	80	81	82	82	87	82	89	81	81	80	82	86	80	81	82	80	79	83	83	82	81	81	80	87	84	88	87	83	88	82	82	79	84	86	86	88	82	84	87	87	82	87	84	79	82	89	85	85	86	79	81	87	89	88	89	81	87	86	85	87	88	85	86	82	84	82	87	79	81	81	85	84	89	86	82	83	81	86	81	84	82	79	82	88	87	81	81	80	81	88	81	86	85	88	85	83	88	81	79	88	84	84	84	85	79	81	83	88	81	87	85	80	83	88	87	86	81	86	88	85	81	86	89	80	88	84	87	85	82	83	84	79	84	84	84	89	80	85	88	88	83	80	85	79	84	88	82	86	84	80	89	84	85	80	84	86	82	84	81	88	86	82	80	88	82	89	81	89	80	85	88	88	87	81	84	82	86	81	89	79	87	84	82	87	82	87	79	79	84	83	81	82	87	83	80	85	81	85	87	89	87	85	82	87	80	79	80	82	83	84	81	87	88	84	86	81	86	81	84	84	83	82	87	83	82	86	81	84	79	82	89	86	85	87	81	89	89	85	85	80	81	83	83	84	80	84	89	88	79	84	80	88	87	80	88	82	87	81	83	82	89	81	88	87	88	87	82	87	81	81	88	82	80	81	87	88	80	87	87	80	80	81	80	84	86	86	84	87	82	83	83	82	87	85	80	80	80	88	88	80	86	84	86	83	80	87	79	82	87	80	86	84	86	87	87	84	87	81	83	83	84	80	87	84	82	84	88	88	82	85	88	83	89	83	81	81	86	88	81	83	87	89	85	89	83	84	80	79	83	83	88	87	80	80	82	88	85	85	82	82	83	80	88	80	87	88	84	80	81	83	88	81	80	82	81	80	86	89	81	87	83	87	79	89	84	86	84	87	82	81	87	81	87	84	88	85	79	81	88	86	81	82	80	81	86	86	88	82	82	89	86	81	86	82	88	81	79	86	86	86	84	84	87	84	88	82	80	84	80	83	87	79	87	80	80	80	88	82	85	85	85	79	79	85	81	82	85	87	81	88	86	88	84	84	83	86	79	83	85	84	86	79	89	89	88	81	85	87	88	81	83	80	82	82	89	79	81	85	83	80	83	83	81	83	83	80	86	81	86	80	83	84	80	87	81	85	88	88	80	84	84	88	88	83	83	85	84	87	84	80	81	83	81	82	83	89	84	88	85	86	82	82	84	79	88	80	84	88	86	86	81	83	81	85	82	82	88	89	86	81	84	83	84	79	84	81	86	84	80	83	85	85	85	84	87	81	86	86	85	80	81	85	88	80	86	83	86	79	82	83	86	89	86	81	88	84	87	84	82	82	88	84	85	87	83	79	84	82	81	82	85	83	80	80	85	85	82	79	83	84	84	88	80	84	83	81	80	86	81	83	88	87	80	81	82	89	81	84	84	84	85	86	87	83	88	80	79	89	82	80	80	80	87	86	82	81	84	84	80	84	80	82	84	89	79	85	85	82	85	83	81	86	89	81	81	86	86	83	83	80	87	87	84	85	87	85	85	83	84	85	89	85	84	89	81	84	83	85	86	85	82	85	88	79	81	85	80	86	86	87	81	80	85	80	85	87	83	85	81	85	82	82	84	81	86	85	87	88	80	87	80	85	85	81	84	88	81	83	89	87	79	87	88	84	80	86	87	88	87	80	86	83	85	79	88	84	81	89	87	85	88	88	83	79	82	84	81	87	85	82	79	85	88	88	84	80	85	89	84	83	83	80	88	89	82	82	87	88	83	81	81	83	84	89	82	84	85	81	81	84	80	83	86	84	85	79	88	80	85	86	83	84	81	88	82	86	83	80	84	88	83	87	88	80	87	81	82
47	41	47	44	44	44	47	45	41	42	48	47	40	43	43	46	45	42	49	44	47	50	46	41	43	48	47	45	46	48	50	41	41	41	44	43	45	42	41	44	45	46	49	49	49	46	46	46	43	46	44	43	42	48	41	43	43	50	46	50	44	43	45	42	43	48	49	43	44	48	45	46	50	44	47	49	43	46	42	42	41	49	44	41	45	40	42	44	43	47	41	42	43	48	45	45	48	44	43	48	46	41	49	46	40	41	40	46	46	50	44	42	42	41	43	48	46	41	40	47	43	49	50	46	44	48	40	50	42	44	41	46	47	46	49	47	44	43	47	44	46	47	40	41	48	41	48	40	47	41	44	41	45	42	44	43	50	41	41	47	46	46	47	43	48	46	42	48	42	49	41	50	44	44	48	42	41	47	44	47	46	43	47	46	49	47	44	50	43	49	44	49	41	45	50	45	43	47	48	46	47	43	45	41	43	45	45	42	47	46	48	42	47	46	49	42	41	50	47	43	50	46	43	48	49	45	48	42	48	48	45	49	50	45	46	46	43	42	44	45	49	44	45	46	43	50	49	45	40	47	48	45	42	43	47	49	44	50	50	49	44	42	47	43	40	49	43	45	45	49	49	40	40	45	42	49	47	47	48	41	46	41	43	43	43	46	44	49	43	45	43	41	50	41	44	42	42	50	48	49	42	50	43	44	45	46	41	47	45	45	46	49	41	50	46	41	41	41	42	45	42	46	43	41	41	40	45	47	41	42	49	43	46	43	42	41	48	47	42	49	47	48	42	48	47	44	43	45	47	43	42	49	45	46	40	42	44	49	41	48	47	41	44	47	45	46	44	47	42	42	46	48	42	48	48	45	47	49	49	50	50	47	40	45	45	43	49	40	48	46	45	47	45	42	43	45	49	43	49	45	40	45	44	41	42	50	40	44	41	42	42	45	40	43	46	46	41	42	42	47	42	42	44	45	45	47	42	42	40	48	50	50	46	42	40	41	49	41	45	44	50	44	49	41	40	47	42	49	41	46	41	46	42	46	48	47	46	50	43	42	44	47	49	48	41	46	44	43	42	44	44	44	49	49	49	44	46	41	48	43	42	46	40	45	45	40	45	42	49	45	44	48	43	44	41	49	43	40	44	41	49	43	41	43	41	42	43	48	41	48	41	40	49	44	41	42	41	45	45	44	50	41	47	44	50	44	49	41	44	46	47	48	48	49	49	46	48	43	47	41	49	45	49	49	42	48	42	42	46	42	46	47	47	43	49	47	42	46	46	42	42	42	48	45	42	49	47	41	41	46	44	42	45	42	41	49	48	44	42	41	42	47	43	44	41	50	40	40	47	47	49	42	47	46	48	41	50	49	42	47	45	48	41	43	41	46	47	42	45	49	48	44	42	46	41	43	43	49	50	43	47	45	45	49	44	50	46	48	41	46	48	47	43	40	48	45	44	49	40	49	43	49	48	45	48	42	45	42	47	42	48	43	47	47	43	47	49	41	47	49	43	44	43	47	49	48	44	42	45	49	47	43	45	41	40	40	49	42	47	48	49	48	41	43	44	44	47	47	45	49	41	43	46	50	44	47	47	42	45	49	43	50	46	44	43	50	47	46	43	41	45	40	42	41	43	45	44	41	49	48	49	49	46	48	41	46	49	42	47	45	45	45	42	47	44	42	45	41	43	45	41	44	48	45	40	48	47	42	46	47	49	46	40	46	49	42	42	49	44	50	50	50	45	48	46	40	49	49	42	45	48	44	41	41	43	45	43	47	47	45	48	48	48	50	44	49	45	41	46	49	49	46	48	50	41	42	48	45	49	41	43	43	45	44	43	45	47	44	45	46	44	48	45	43	43	45	47	41	47	45	48	41	50	45	41	46	42	49	42	47	49	42	46	41	41	49	48	45	44	43	41	45	49	50	45	41	48	46	48	43	47	46	43	48	44	43	46	47	50	47	41	42	49	42	45	41	41	40	44	44	45	47	48	49	48	45	44	42	44	46	41	44	44	49	50	42	44	41	47	45	45	49	42	43	42	48	41	41	47	48	42	50	47	41	44	45	46	45	47	48	44	40	49	49	44	44	41	42	45	49	50	44	48	40	43	40	41	50	47	41	44	41	44	48	40	47	48	50	48	41	49	41	47	45	47	43	46	49	42	41	42	49	44	48	40	42	44	44	47	46	40	44	41	46	41	48	49	44	46	42	40	48	46	41	45	40	46	48	48	45	44	48	40	44	49	46	49	49	42	47	44	47	44	42	48	47	43	40	45	45
59	55	55	57	62	61	56	55	61	62	62	57	56	57	57	60	56	54	55	56	56	57	58	55	59	54	60	59	59	55	63	58	60	62	60	57	55	57	61	55	58	59	61	57	55	55	57	62	64	56	60	59	62	63	56	56	63	55	58	56	57	56	62	57	56	57	59	56	60	62	57	59	61	60	57	63	55	54	63	59	59	57	63	62	58	55	63	58	55	62	54	64	55	58	58	63	61	60	58	55	62	56	55	62	61	57	55	63	61	61	63	58	55	55	56	58	59	57	55	56	56	60	61	54	58	63	61	57	61	61	63	55	61	63	54	54	64	55	56	60	62	56	55	58	60	55	59	57	64	57	58	58	56	57	61	57	62	61	61	58	55	62	63	58	62	58	62	58	58	63	55	55	58	56	59	62	57	57	57	61	64	59	64	64	55	54	62	57	57	54	59	56	58	56	58	60	61	57	56	57	60	54	60	62	55	56	63	59	57	64	63	59	55	57	59	55	54	61	61	55	60	59	58	63	60	60	57	56	59	60	56	55	59	62	55	55	62	54	54	56	55	60	59	55	57	56	58	64	62	54	61	63	59	56	58	59	58	57	62	56	60	56	62	56	60	62	55	56	59	55	61	60	58	63	61	57	55	63	62	60	57	61	61	55	63	54	56	60	57	56	55	59	59	56	63	62	55	61	59	61	63	55	55	61	62	57	56	60	59	61	61	58	63	57	56	54	58	60	57	63	56	56	63	62	61	62	54	54	59	59	55	58	60	63	61	58	58	63	60	61	61	56	63	61	60	58	59	64	64	55	58	60	55	63	60	55	56	58	58	62	60	55	63	56	63	57	61	55	61	55	63	56	61	58	61	63	61	63	63	60	61	61	54	63	56	62	63	61	55	62	58	61	59	56	55	64	55	61	57	59	57	54	54	63	63	55	60	58	55	62	57	55	63	56	58	63	61	59	57	58	62	59	63	54	63	60	58	62	57	63	58	59	56	55	59	55	59	59	55	62	57	56	55	55	56	64	57	62	56	62	61	62	64	63	59	60	62	56	55	59	64	58	58	61	61	63	56	61	61	60	64	58	59	60	56	58	58	56	58	63	55	58	61	60	63	61	57	58	59	55	62	57	62	62	55	56	57	54	56	57	55	57	57	63	61	62	58	59	54	62	57	54	55	59	55	56	61	60	57	57	61	62	57	61	55	58	59	63	56	61	60	54	56	55	61	61	56	59	58	58	60	55	58	58	54	60	59	64	59	59	57	58	60	58	57	55	62	64	55	61	54	59	63	59	61	62	62	59	62	64	59	63	62	55	64	59	57	59	55	64	55	61	63	58	60	61	61	60	56	62	60	55	57	55	59	57	59	61	61	56	62	62	59	56	60	56	56	63	58	55	54	61	61	63	59	62	61	56	61	63	55	57	63	57	60	57	57	56	57	62	60	61	54	57	61	59	57	59	55	64	56	56	61	55	61	63	54	59	60	57	63	64	63	61	58	57	59	55	63	58	60	55	54	61	55	58	62	60	63	63	57	60	54	63	64	61	62	63	63	61	61	61	63	57	60	60	57	57	60	60	59	62	63	58	64	62	62	60	54	60	61	54	61	62	57	54	64	56	61	59	60	59	61	61	55	60	62	62	63	55	57	61	55	58	58	61	55	56	58	55	62	54	63	54	55	55	55	63	54	60	61	60	62	61	60	61	55	60	56	55	55	58	56	64	57	60	64	60	61	57	63	63	62	54	63	64	61	64	59	64	61	57	64	62	64	61	54	58	60	62	59	54	60	56	54	55	63	64	63	58	64	59	57	56	54	61	55	61	61	63	58	58	60	64	62	58	61	55	62	58	57	58	56	57	57	63	58	64	61	55	58	56	56	56	60	63	55	57	61	55	64	60	57	55	56	55	57	57	57	58	62	59	61	59	55	61	61	63	55	59	59	59	64	60	59	64	61	61	59	60	59	57	55	63	61	64	56	61	64	58	56	63	64	61	62	63	62	56	63	54	57	58	58	57	55	60	63	55	59	55	63	61	54	60	54	59	54	61	58	55	60	61	55	55	57	64	60	60	62	64	62	60	57	55	56	58	60	61	55	60	59	61	63	55	62	55	61	60	57	56	55	57	56	58	58	59	62	54	56	64	63	57	60	62	61	62	60	54	63	62	63	63	61	61	57	57	54	63	58	59	55	56	61	57	60	63	60	58	55	56	60	55	58	60	64	57	63	58	59	63	55	60	58	60	64	59	63	55	56	62	60	58	55	60	58	56	57	64	61	63
79	76	77	74	73	79	77	79	77	70	75	80	74	76	78	73	73	77	77	80	73	79	72	70	80	78	79	75	74	77	79	76	71	73	75	75	72	73	74	74	79	80	78	70	78	72	78	76	72	77	74	75	73	78	77	71	78	75	76	78	72	76	70	71	78	80	72	78	73	80	79	73	71	80	76	75	74	72	76	73	72	79	74	78	76	74	78	74	77	77	77	73	70	71	73	77	74	71	79	77	75	78	71	80	75	76	73	74	75	74	70	78	79	78	80	74	73	74	75	80	74	71	77	77	70	79	76	76	73	74	75	74	72	75	74	72	75	72	77	78	72	70	77	70	75	75	73	70	73	75	78	75	75	77	76	70	72	70	74	72	71	70	77	76	75	71	75	73	78	72	73	73	80	75	72	73	79	78	77	77	79	72	77	77	79	76	72	74	71	71	72	77	77	73	73	74	76	76	70	77	76	76	71	75	77	77	71	76	77	75	77	79	71	70	71	74	72	74	76	76	77	73	77	71	77	77	77	76	75	71	80	78	71	78	78	76	78	72	71	78	78	73	76	77	80	79	73	71	75	72	80	77	72	71	77	75	71	77	80	71	75	76	73	79	74	77	76	71	80	75	70	80	78	77	74	79	78	73	79	72	77	71	77	71	72	79	72	79	72	75	77	73	72	78	73	78	72	77	74	76	73	71	79	71	77	75	79	74	72	76	74	71	73	77	72	72	78	72	79	73	74	71	70	72	77	75	74	77	75	76	72	76	74	73	77	73	72	74	71	71	78	70	72	75	78	76	74	71	72	79	77	79	71	78	76	74	77	74	79	78	71	79	74	75	73	72	71	79	80	72	71	70	74	79	75	71	75	77	77	76	78	73	71	80	70	77	72	76	80	72	74	71	74	74	74	73	80	77	74	70	80	77	74	79	80	73	76	74	74	79	76	78	74	77	75	78	74	79	73	77	76	73	71	72	71	74	71	75	73	77	71	77	73	71	80	74	75	76	73	76	73	75	80	80	71	77	74	72	76	72	78	72	77	78	80	71	71	77	79	72	71	72	72	74	76	74	80	74	77	74	72	79	76	79	71	71	75	72	77	77	72	79	71	80	79	70	74	73	71	76	75	73	74	79	76	73	73	75	75	71	77	71	70	77	77	80	79	72	73	70	72	79	76	78	73	76	73	78	71	77	72	74	75	77	78	74	72	77	79	78	80	71	75	70	77	77	72	77	79	72	73	72	79	72	77	75	73	70	78	71	79	77	76	73	70	71	74	71	73	72	79	79	75	72	80	80	76	78	78	78	79	79	72	79	70	71	77	76	74	78	75	73	76	79	72	74	71	78	73	72	73	80	71	80	75	77	78	79	80	77	78	71	70	78	73	77	78	72	76	70	72	79	74	78	77	70	77	72	78	75	79	75	79	78	77	78	72	72	70	75	73	74	72	72	74	80	79	77	75	74	72	73	73	76	80	70	75	74	78	72	76	71	74	73	72	74	75	78	71	77	73	71	80	72	80	72	70	72	73	76	76	74	73	77	71	71	72	73	74	79	74	70	71	75	73	78	72	75	78	77	80	72	78	76	75	78	74	78	73	76	73	78	73	72	77	76	79	80	78	70	76	75	74	79	71	79	79	76	71	79	76	77	76	74	78	80	78	77	78	75	76	75	75	74	72	78	79	74	78	75	77	74	74	76	78	76	73	77	77	79	75	80	78	74	71	78	75	73	73	79	78	77	77	72	77	78	79	79	79	73	73	79	80	73	77	71	74	73	77	78	72	72	78	73	76	71	73	75	80	73	79	72	75	72	75	73	79	74	80	77	78	73	75	80	75	80	80	71	74	77	74	74	70	73	78	76	71	71	75	71	77	73	76	79	79	71	74	71	71	79	80	70	76	74	72	73	70	71	74	74	71	76	70	76	73	78	71	75	78	76	77	70	80	74	74	72	79	79	70	76	71	73	80	79	71	72	75	71	79	78	73	70	78	79	73	75	80	71	73	77	71	79	70	80	78	76	77	70	74	71	75	76	71	77	78	70	72	74	73	72	77	72	76	71	76	77	76	79	77	74	78	79	77	73	78	76	75	72	73	70	73	80	74	77	72	79	76	72	76	71	71	75	76	71	78	78	76	79	78	76	79	70	78	72	79	71	74	74	76	71	72	80	77	71	71	72	75	80	72	79	76	79	75	74	72	71	76	73	70	75	74	75	76	77	76	80	79	78	74	78	70	72	76	78	74	73	78	73	73	77	79	77	72	78	80	73	77	72	76	75
67	74	64	68	69	67	74	65	69	71	68	70	68	67	66	73	69	66	70	68	69	70	68	72	65	67	67	67	71	71	73	67	71	69	74	74	74	65	67	71	73	65	74	67	65	73	72	73	67	67	72	73	72	72	73	73	70	69	66	67	69	65	73	73	72	70	64	72	74	64	69	64	68	73	73	71	64	69	73	67	72	71	64	68	71	67	74	70	73	73	71	69	72	69	66	68	66	67	73	68	70	71	71	67	64	69	68	69	69	65	65	72	68	66	70	66	69	70	72	67	66	70	66	66	69	67	73	68	67	72	71	67	68	66	64	65	74	66	70	72	64	65	66	67	73	69	71	66	66	66	71	68	73	67	66	71	65	71	72	68	65	67	69	74	72	66	66	71	71	68	69	67	66	70	74	72	68	71	64	66	66	74	64	70	70	74	64	72	71	66	68	72	67	69	68	71	68	69	69	74	69	66	66	65	66	72	72	72	71	65	67	66	68	71	68	66	71	67	69	70	66	72	72	66	68	73	71	66	66	70	67	71	68	70	69	65	66	71	73	66	69	64	70	66	69	69	69	74	69	72	65	66	64	73	70	73	70	72	73	69	67	65	66	73	68	65	69	67	66	68	74	66	71	72	71	74	65	72	65	73	65	67	66	65	66	69	72	70	72	66	72	65	71	67	70	74	68	66	65	64	67	70	72	69	65	69	64	66	64	72	67	73	71	71	71	74	70	65	66	72	71	73	71	70	64	71	70	64	65	65	69	69	64	65	69	73	70	68	66	66	68	73	70	74	73	70	68	68	71	72	69	74	68	65	68	69	67	64	71	69	70	67	73	74	65	71	69	64	68	73	69	72	70	68	73	73	74	66	73	73	65	64	73	73	72	66	72	73	70	71	70	73	67	66	70	71	73	74	72	70	66	64	68	71	65	67	72	66	69	73	73	73	65	71	69	67	66	73	70	74	69	69	69	69	64	67	73	66	71	70	74	67	73	68	67	73	74	67	73	70	65	72	69	71	71	64	68	67	69	68	73	67	67	70	69	69	71	70	66	72	72	70	73	69	74	71	69	71	66	64	66	74	67	66	72	70	67	68	72	70	72	71	66	71	67	74	74	71	71	70	72	66	68	64	73	68	67	68	72	69	69	69	70	70	73	64	69	72	69	66	66	64	66	74	66	67	71	68	67	69	66	65	67	68	70	64	65	66	68	71	72	70	67	71	72	64	74	70	72	72	72	64	67	65	67	74	70	68	65	69	71	67	70	71	69	72	65	72	68	73	72	68	72	72	69	73	71	70	69	69	74	67	71	64	69	70	66	71	68	71	68	74	66	69	69	69	69	66	66	73	71	73	68	73	70	73	68	71	70	70	67	72	66	70	66	70	72	66	66	71	70	70	69	71	70	65	70	68	66	74	68	68	65	64	72	68	72	67	65	67	73	71	64	68	69	73	65	67	73	68	68	67	67	65	68	65	68	66	70	69	65	65	67	72	65	69	66	64	65	68	65	67	72	65	65	68	68	66	68	72	71	72	68	65	66	69	70	71	67	67	69	73	68	68	74	70	70	70	73	65	64	68	73	73	66	64	70	73	68	71	71	65	74	68	67	69	64	67	69	73	67	67	74	73	69	64	69	73	67	70	71	69	73	73	68	65	70	65	72	65	67	69	70	67	66	71	71	69	65	69	72	67	71	65	66	66	66	68	65	70	67	74	67	73	70	64	71	69	64	68	72	67	69	74	70	68	70	67	67	65	68	67	68	74	67	71	69	66	66	73	66	74	71	65	73	67	66	67	71	71	68	65	70	73	66	67	71	67	71	72	64	71	67	72	69	72	72	69	64	66	66	65	66	73	72	66	70	65	68	70	71	71	69	71	66	66	71	66	67	72	71	67	70	67	71	71	66	73	69	68	69	70	74	65	67	67	67	64	66	72	72	69	65	72	72	73	72	69	74	74	68	68	70	67	68	71	72	68	73	68	67	68	71	65	72	67	66	67	69	70	74	67	69	68	65	67	73	66	70	65	65	68	65	66	66	65	74	66	71	72	66	73	71	67	67	71	70	69	69	72	72	70	71	65	72	72	71	70	67	64	64	69	72	67	68	69	73	71	68	72	69	74	67	64	73	69	73	71	70	71	68	69	74	67	65	71	66	66	69	70	72	68	74	70	65	65	74	64	70	64	71	65	65	67	71	68	65	73	73	70	72	73	68	73	67	66	67	70	65	66	66	65	73	73	66	73	64	72	70	73	72	71	73	66	70	69	67	73	66	70
96	103	97	99	102	102	103	98	99	97	103	102	103	96	96	101	100	102	98	99	104	96	97	101	100	96	105	97	103	100	99	105	97	102	103	102	101	100	99	102	99	103	96	104	102	104	99	97	102	102	99	104	100	96	101	98	99	98	101	104	96	98	95	98	99	98	100	96	95	101	96	99	103	95	98	103	99	104	95	101	102	100	101	98	100	103	101	105	104	96	95	99	102	102	101	101	102	102	105	105	105	99	101	104	101	105	101	97	96	104	98	99	104	98	101	102	103	99	99	103	102	103	104	99	104	95	99	105	100	97	103	95	97	99	100	98	98	95	103	100	97	101	98	101	98	96	100	98	98	99	103	96	100	102	105	104	103	95	103	102	102	98	104	103	104	99	96	98	96	98	101	103	102	100	103	104	104	105	97	100	104	96	101	102	98	105	99	98	103	101	98	99	104	96	100	100	96	104	99	98	100	104	98	98	99	103	105	97	98	105	105	104	98	95	100	103	101	96	105	102	104	101	105	102	104	105	103	101	98	100	103	101	99	99	101	95	100	101	103	102	101	99	98	99	98	95	99	103	98	97	100	97	97	102	100	97	99	105	99	104	99	102	99	97	103	98	103	102	104	97	103	99	98	100	99	104	103	99	96	98	103	96	99	102	100	99	101	98	98	100	103	95	103	100	104	100	99	105	96	102	98	101	104	96	100	104	97	101	95	103	100	99	103	103	104	102	103	105	97	98	100	97	96	103	105	97	104	100	95	96	99	99	98	101	96	101	102	102	102	105	101	100	96	102	99	101	100	95	99	96	95	101	100	99	102	105	96	97	102	104	99	99	101	101	103	98	102	97	103	97	101	98	96	100	102	101	102	95	104	105	104	104	101	99	96	96	104	99	98	100	97	100	103	101	96	102	99	102	97	103	95	101	98	99	102	101	100	103	98	99	99	98	98	98	99	99	97	95	102	99	102	98	98	99	103	96	103	96	97	98	104	96	98	96	101	103	104	98	103	101	96	99	95	98	102	97	102	96	98	95	103	102	101	97	96	103	102	98	104	103	100	98	103	99	103	99	104	103	97	100	101	96	100	96	104	96	98	98	101	97	105	105	104	100	101	104	97	103	96	101	96	103	95	97	95	102	96	102	100	98	96	101	96	103	102	101	103	103	105	105	102	96	101	102	103	99	95	95	97	101	98	99	101	104	96	102	100	99	99	103	100	105	105	104	96	96	102	96	104	103	101	96	104	99	102	101	98	98	100	95	104	97	98	97	104	105	103	101	104	98	99	95	103	95	97	102	105	105	96	104	105	102	102	97	98	104	98	105	98	96	103	101	105	102	96	96	101	103	99	99	104	98	95	98	97	103	101	102	99	95	99	102	104	102	102	95	101	96	103	104	96	104	98	101	102	96	102	102	100	103	104	103	96	103	103	101	102	102	96	103	96	99	96	97	97	96	98	100	96	99	101	95	99	104	96	103	99	102	103	101	102	105	96	97	102	103	105	100	98	99	104	104	101	96	99	96	97	97	100	102	95	102	104	96	101	101	101	102	97	100	102	105	100	97	105	100	98	98	105	104	102	99	104	97	100	105	103	96	104	97	100	98	98	99	104	101	101	100	102	103	100	100	102	101	98	96	104	99	103	98	97	103	95	99	97	97	99	97	100	101	96	105	98	98	98	105	99	98	96	102	101	103	104	97	100	99	99	97	100	98	96	99	104	97	103	101	102	100	96	100	102	101	101	97	98	97	97	96	99	104	100	95	99	101	96	101	101	98	101	99	97	97	104	100	95	104	96	98	99	102	102	101	102	95	105	96	99	98	99	105	104	102	99	99	95	100	98	102	95	98	96	102	96	96	105	99	104	101	97	101	98	100	98	98	100	103	95	98	103	104	96	104	104	100	96	103	104	96	99	103	97	96	102	101	101	104	96	98	100	105	105	99	102	103	96	98	95	97	101	98	96	104	104	97	101	97	100	96	99	104	96	97	100	98	103	103	100	104	102	99	99	103	96	101	103	98	96	98	104	101	104	104	98	95	97	101	105	104	101	95	95	98	104	99	101	98	97	95	104	103	97	100	100	99	103	101	97	97	103	104	101	100	103	104	101	103	96	96	96	104	105	99	101	103	104	104	101	98	96	95	96	102	96	103	98	104	100	98	105	98	100	98	104	104	101	105	100	104	105	104	98	105	95	105	102	105	102	97	97	104	96	98	103	96	104	99	98	104	103	100	98	95	100	99	97	103	97	103	95	96	101	101	102	102	97	97	95	100	103	105
56	60	61	54	57	55	60	56	53	52	57	58	61	55	56	58	60	57	54	60	54	59	59	62	58	60	59	56	61	52	55	55	54	56	59	61	58	57	56	61	59	62	54	54	61	57	61	54	61	58	59	53	52	57	53	61	60	58	52	53	57	54	60	53	54	55	56	60	55	53	52	59	58	61	54	60	61	54	61	61	62	61	56	52	52	53	62	54	53	55	53	56	55	56	60	54	62	62	57	59	53	60	54	58	54	62	57	59	53	58	61	55	54	56	58	61	53	55	57	54	62	57	57	61	52	60	59	59	62	58	60	55	58	60	57	59	57	56	61	62	59	56	61	61	60	55	56	58	52	56	61	53	58	55	61	56	54	58	56	59	60	56	56	56	62	57	58	62	52	57	61	59	53	55	53	52	61	54	60	55	54	60	61	58	56	59	62	58	53	59	56	54	55	52	56	60	58	58	60	55	55	58	62	60	56	57	59	60	53	52	54	60	52	53	60	58	57	58	53	52	55	62	58	60	54	57	57	60	58	61	62	59	54	59	60	55	57	60	54	57	55	53	58	60	58	61	54	55	60	61	54	56	55	54	57	60	54	58	61	61	54	55	61	56	61	60	56	59	54	53	54	60	58	61	58	53	61	55	61	61	53	59	53	59	59	54	58	57	61	55	61	59	59	60	56	55	59	52	54	58	57	55	54	53	57	55	57	58	58	55	57	55	60	56	53	56	58	54	56	62	54	52	61	55	62	61	56	52	56	57	53	55	52	53	56	57	55	53	60	54	56	56	53	53	57	61	60	57	61	56	61	55	53	56	59	55	53	61	57	62	56	54	53	52	55	62	60	55	54	54	60	53	58	54	55	61	59	60	59	54	54	55	57	58	58	56	61	52	56	52	54	58	60	56	59	56	58	54	54	54	57	58	60	59	54	59	56	57	53	54	61	53	60	56	59	61	56	55	54	54	58	54	61	59	55	62	60	53	59	59	56	55	58	59	54	54	59	60	59	56	61	60	59	53	58	58	57	59	57	54	58	54	60	59	60	54	55	61	58	52	55	55	61	53	56	56	60	61	53	57	62	52	59	61	54	56	58	59	53	58	58	59	62	59	58	57	55	54	57	60	61	56	55	55	58	56	58	62	55	59	60	62	56	56	61	58	57	61	61	58	57	53	53	59	54	61	54	56	56	59	53	62	61	52	56	61	53	52	55	61	58	52	55	56	53	60	53	60	58	59	59	57	59	52	61	61	53	59	53	58	61	61	60	60	60	57	57	56	54	59	54	61	57	56	52	61	60	54	59	62	56	61	60	53	61	58	54	57	56	61	61	52	52	55	59	59	61	52	53	61	59	52	55	60	53	62	59	60	53	62	60	56	60	55	58	57	54	59	62	57	52	57	56	57	54	56	52	60	52	61	56	52	58	54	56	55	61	58	56	55	55	59	60	62	56	53	54	55	59	58	55	61	53	58	61	60	60	56	53	61	58	59	58	58	61	59	52	58	56	53	60	61	54	55	57	57	57	56	62	57	53	55	59	57	59	57	57	59	53	58	58	52	58	60	54	56	56	57	55	54	60	60	59	57	56	59	58	57	52	61	56	58	55	62	57	57	61	58	58	59	53	54	62	54	61	53	56	55	58	55	56	59	60	54	54	59	55	53	56	55	58	54	59	55	59	56	60	58	59	61	60	61	58	56	61	55	62	61	55	52	57	61	55	57	54	54	56	56	57	58	54	56	54	56	60	57	59	54	56	56	58	57	53	61	59	62	58	54	60	58	56	55	54	55	61	54	55	54	60	61	59	58	58	60	55	56	52	61	56	60	55	53	59	54	55	60	53	57	59	53	54	56	60	58	58	61	55	60	60	58	55	60	54	61	55	57	54	60	54	58	55	57	61	52	53	53	55	60	58	54	60	58	59	61	61	60	60	54	59	58	54	54	55	55	59	53	57	59	53	59	61	57	58	55	56	59	56	57	57	56	60	54	54	56	56	53	62	59	60	53	55	57	53	57	55	56	55	54	52	54	59	60	53	53	53	61	61	55	59	55	57	54	57	61	53	60	55	59	54	60	61	57	55	58	53	58	53	61	60	56	56	60	55	59	53	54	58	60	54	53	56	54	61	60	59	59	58	62	61	62	54	55	61	62	52	60	53	55	56	59	53	61	62	59	54	62	58	62	59	62	59	60	55	55	59	59	60	52	56	54	59	56	60	59	58	62	56	55	53	59	61	56	52	59	57	55	54	54	56	53	58	62	54	57	60	57	58	60	57	62
7	8	4	8	9	9	2	4	11	5	7	6	10	10	2	2	7	8	2	3	11	6	11	11	2	3	8	8	9	2	8	7	3	3	2	5	6	8	7	2	6	10	9	2	3	11	2	10	5	10	4	7	2	5	5	10	2	4	9	5	9	1	8	6	4	7	6	4	7	1	4	6	8	10	9	11	2	3	3	11	3	11	8	11	4	10	9	8	11	5	5	1	3	4	10	8	7	8	4	4	2	3	7	7	2	11	9	3	3	2	3	9	3	5	7	10	1	8	9	7	4	2	6	6	4	8	3	4	10	5	10	7	4	8	9	4	8	3	6	2	11	9	9	7	9	10	2	1	5	10	9	6	2	9	11	10	11	4	11	7	8	6	11	10	8	8	9	6	4	7	8	2	3	9	9	2	7	9	4	7	7	4	7	4	10	8	7	8	2	7	7	8	1	3	8	8	6	4	7	11	8	4	10	9	2	11	2	10	3	9	4	5	4	5	1	3	6	5	4	4	8	2	3	5	6	8	8	7	8	7	10	6	10	7	10	2	7	5	8	11	4	3	5	6	8	10	5	6	1	1	2	5	4	5	4	11	8	8	5	3	4	2	2	4	9	10	7	7	5	5	5	3	4	8	6	2	5	8	1	7	4	10	5	10	11	4	2	5	8	6	9	6	8	10	7	8	2	11	9	9	8	9	6	8	10	7	8	9	10	10	8	9	8	3	5	9	8	11	9	9	5	6	7	4	3	10	10	11	4	9	8	8	8	10	2	5	3	7	3	11	8	3	10	9	2	10	7	4	2	11	5	1	1	7	5	1	8	5	9	6	3	7	5	11	5	8	3	2	2	8	3	10	3	5	6	2	10	5	7	4	7	7	3	1	9	5	11	10	1	8	4	11	2	6	1	1	8	7	6	3	7	6	5	2	2	5	6	9	10	2	6	6	4	6	4	8	5	2	6	9	4	3	2	3	4	5	1	5	10	4	4	5	8	9	4	3	10	1	1	10	3	2	10	5	6	3	7	7	5	5	4	8	9	7	8	11	2	1	2	7	4	9	9	8	5	5	6	2	5	3	1	3	7	11	2	2	1	4	6	10	11	10	2	6	5	2	6	7	3	3	5	5	5	11	7	5	3	5	2	11	5	3	3	4	8	10	1	4	1	4	3	3	8	4	11	8	2	7	9	11	4	7	7	10	10	9	6	10	10	8	8	6	8	1	3	5	8	9	7	5	3	10	3	8	2	7	4	3	7	9	4	6	10	11	4	1	1	10	5	9	9	1	10	2	10	3	1	11	10	7	4	5	7	5	7	4	1	4	2	7	2	6	9	7	10	7	5	8	9	8	9	5	10	3	3	1	1	8	7	10	8	5	6	8	3	6	3	5	1	6	3	7	8	4	11	9	8	3	10	5	6	2	5	10	6	11	5	5	3	7	10	9	7	11	5	6	4	4	7	5	5	3	7	9	7	7	8	9	6	8	7	5	2	8	4	8	8	5	8	9	4	5	2	4	7	11	5	6	5	4	1	5	8	6	2	7	6	2	3	5	9	9	9	7	8	3	8	6	7	1	3	8	6	5	3	4	11	9	3	8	8	6	8	10	7	5	2	9	6	4	7	5	11	8	1	2	11	9	3	5	9	1	6	10	2	9	3	9	5	11	4	3	10	8	3	7	10	8	8	11	10	7	8	5	8	9	11	4	2	2	2	7	10	7	5	5	10	2	2	4	1	2	2	6	3	11	7	9	4	3	2	8	9	2	10	5	8	4	9	8	8	6	9	8	5	9	11	5	7	4	8	8	5	11	5	8	5	4	7	9	5	5	1	8	3	8	8	1	1	2	2	1	3	9	4	11	10	4	11	11	11	4	2	8	3	6	6	6	5	5	5	2	1	6	8	6	5	5	2	9	8	7	7	4	1	3	8	10	3	5	7	6	10	6	10	7	3	9	7	6	11	8	4	10	7	5	4	6	4	7	5	9	9	6	8	10	4	8	4	4	7	10	9	2	5	2	7	11	11	5	2	1	4	5	2	2	6	6	7	4	7	5	7	3	7	2	5	6	10	4	5	6	2	4	3	2	5	11	8	11	11	3	3	7	7	3	10	6	6	4	5	2	1	9	9	3	2	6	4	6	6	4	6	7	8	10	4	1	11	4	1	5	2	6	7	5	9	6	4	8	5	11	8	1	4	2	7	4	3	6	9	2	5	10	6	5	2	7	5	10	2	8	5	8	7	5	10	6	3	7	10	10	9	2	8	3	1	9	3	1
73	81	79	72	78	81	76	74	79	80	78	81	75	74	78	77	75	72	80	76	77	80	75	78	80	72	74	76	78	76	74	72	72	71	79	73	74	78	71	75	77	81	77	75	73	78	71	75	72	80	79	80	80	76	79	79	80	77	81	74	74	74	73	71	74	77	72	77	79	75	79	75	79	72	79	75	75	76	77	74	77	78	71	74	76	74	81	77	79	75	77	75	75	78	73	78	71	77	73	78	74	72	73	76	72	76	77	79	79	76	79	72	71	72	75	78	72	77	77	71	79	75	72	77	73	78	79	74	79	77	76	72	80	78	79	74	78	77	77	80	72	72	76	72	78	78	72	74	79	77	72	73	77	78	73	76	77	80	75	79	79	79	74	79	73	72	74	73	77	80	73	74	79	75	81	71	81	79	71	76	78	75	79	76	78	72	72	73	74	75	76	79	73	72	80	75	72	80	79	74	80	74	74	75	72	76	72	72	79	78	81	80	81	75	75	81	75	77	78	76	71	72	75	76	71	79	80	78	78	74	81	78	73	80	79	81	80	72	80	78	77	74	72	71	76	81	72	75	79	77	81	76	79	77	76	75	80	78	71	73	79	73	74	73	80	73	80	76	75	75	78	76	78	72	77	78	80	77	76	80	81	80	78	80	75	76	76	72	77	73	73	81	78	71	71	79	77	76	74	78	78	75	71	73	72	74	77	73	74	73	78	74	74	79	71	77	76	76	71	80	81	78	78	78	81	75	80	77	73	79	81	74	78	80	74	72	81	74	77	80	77	78	75	78	71	74	73	79	78	72	72	80	74	78	72	71	77	79	80	72	78	73	75	73	74	72	80	75	80	76	78	74	75	73	77	73	72	71	76	81	79	77	77	77	71	79	78	76	73	74	76	74	76	75	76	75	75	77	73	73	72	79	78	80	75	75	80	75	78	73	75	74	71	78	77	77	73	73	75	76	74	78	75	77	74	81	73	75	79	79	76	75	75	81	75	74	76	80	77	79	71	71	80	75	80	78	74	72	77	79	75	81	75	75	73	79	76	80	79	73	77	71	76	79	72	73	75	76	75	79	79	71	73	74	76	71	74	81	80	71	73	77	78	74	80	71	71	73	80	81	79	76	75	72	72	77	73	79	78	74	75	79	78	78	77	78	81	81	79	77	71	79	80	75	76	78	75	72	78	80	72	71	76	76	78	75	72	79	78	71	79	72	80	76	80	79	77	80	80	80	74	79	77	75	72	78	79	79	74	79	79	74	79	76	79	73	78	76	75	81	75	74	73	80	75	72	73	72	77	72	75	73	77	73	80	76	74	78	73	73	74	71	80	80	75	77	79	76	71	75	78	74	78	77	74	71	77	74	72	76	80	78	79	81	79	77	75	78	81	72	80	71	77	80	76	76	76	71	75	74	73	79	72	73	79	79	72	81	79	77	80	77	71	79	74	78	81	80	81	74	74	73	81	73	73	73	71	78	77	74	75	77	72	74	77	79	78	73	76	72	81	81	78	78	73	76	75	76	74	78	73	76	72	72	81	74	79	78	72	81	80	76	78	78	73	79	73	75	78	78	75	72	81	74	75	76	76	79	80	76	72	79	80	74	74	75	78	77	77	74	80	78	78	77	76	71	71	76	79	76	76	72	74	75	80	74	73	72	72	80	71	75	80	78	77	79	78	81	78	79	74	80	72	76	74	74	75	72	71	76	72	71	75	80	73	78	81	81	74	76	81	77	72	72	78	81	81	74	77	75	72	76	78	78	78	77	80	75	77	73	80	80	73	78	71	77	81	76	75	78	71	80	72	72	79	74	80	71	81	75	74	78	80	78	72	74	80	71	77	81	76	75	80	72	80	78	74	72	76	76	73	79	78	78	72	72	73	75	77	74	81	74	78	74	74	74	71	72	81	81	77	75	79	77	71	72	79	78	81	75	79	75	81	79	79	75	76	74	72	75	72	72	75	78	79	77	80	72	78	73	80	73	77	74	74	78	77	71	75	77	73	75	77	76	78	73	76	80	79	81	78	76	73	79	78	78	73	78	73	76	78	77	77	72	74	80	74	72	74	74	71	77	79	74	81	80	76	80	78	74	72	76	80	80	78	78	71	76	71	72	76	80	71	73	78	76	75	76	79	77	79	80	74	79	76	71	77	72	73	72	74	79	80	78	73	71	76	74	80	80	76	79	80	76	71	79	80	73	74	73	79	72	73	76	76	78	75	76	77	76	77	77	73	72	80	73	75	79	77	76	80	72	75	72	79	80	74	76	72	77
60	59	53	52	62	58	54	56	57	54	53	62	61	53	59	60	53	54	60	54	57	56	55	57	52	62	59	59	52	53	62	59	61	57	55	62	57	55	56	57	57	61	60	52	61	54	58	56	62	52	59	60	62	55	57	62	62	55	58	55	53	54	58	61	60	53	52	55	53	61	60	56	59	59	57	57	58	61	59	57	60	54	60	61	55	57	52	52	60	61	61	60	58	60	61	56	57	59	61	55	56	59	62	60	61	54	57	61	53	56	59	53	54	62	60	54	55	57	58	55	61	56	53	55	60	55	58	61	60	55	53	62	59	59	59	59	52	60	61	54	60	55	56	55	56	57	54	55	60	56	61	53	60	56	56	55	61	61	59	58	52	60	59	54	61	62	54	62	56	54	55	57	59	53	62	57	53	62	55	57	55	60	53	59	55	62	54	59	57	55	58	55	60	54	59	52	59	56	60	59	62	56	56	59	53	61	54	60	62	58	54	57	55	52	54	61	61	52	58	54	54	55	62	57	52	59	58	58	55	57	53	53	61	60	59	55	61	55	58	57	56	57	55	62	55	54	60	62	59	58	59	56	58	58	54	60	53	56	55	52	59	57	58	61	60	60	57	61	55	53	52	53	61	54	53	62	60	58	60	59	52	56	56	52	60	52	62	61	53	54	62	55	61	53	57	58	61	55	57	61	52	56	57	52	59	58	53	59	53	59	55	58	52	61	52	59	59	60	57	59	57	61	58	54	55	57	55	60	62	59	58	53	57	60	53	55	58	57	60	53	61	57	62	56	60	53	59	56	54	57	58	57	54	53	62	60	56	56	56	52	52	60	60	58	55	53	60	53	61	53	57	53	57	57	53	56	62	54	55	54	56	60	54	59	56	60	53	61	62	60	60	59	61	56	58	56	55	55	56	52	53	59	59	52	58	59	55	54	62	55	60	53	55	61	53	62	53	55	56	57	57	60	52	62	57	52	53	59	59	60	56	55	58	52	53	59	60	62	61	53	53	60	55	57	57	61	54	56	56	55	54	57	61	60	53	59	60	54	61	55	54	57	56	57	62	52	60	56	58	59	53	53	56	57	60	61	52	53	58	60	52	61	61	59	54	61	61	61	59	60	57	60	60	56	53	52	58	59	58	57	53	53	58	58	56	58	52	57	53	56	57	53	53	54	59	53	53	57	62	60	56	55	57	61	56	61	57	53	57	59	61	56	56	61	53	55	59	55	55	56	55	58	53	60	61	61	56	55	57	58	54	53	57	60	58	53	58	53	56	56	60	62	57	57	62	53	56	58	59	57	61	61	60	52	60	53	58	60	60	58	57	55	59	53	55	58	56	58	60	54	56	59	62	57	60	56	55	56	57	57	59	61	53	62	60	60	60	54	61	53	52	61	55	52	56	60	61	56	54	61	60	58	57	53	57	58	57	56	62	57	57	62	61	59	60	55	60	59	59	62	60	62	56	54	59	52	54	53	56	59	56	57	61	58	56	54	54	61	60	53	62	60	56	61	61	54	55	57	61	61	61	61	58	54	60	59	60	61	56	53	53	59	55	62	60	59	61	54	56	53	54	52	57	56	58	61	57	53	58	60	56	56	56	55	61	54	56	59	61	60	56	61	61	59	58	57	60	59	53	57	57	57	55	58	57	61	56	58	55	60	53	57	52	55	58	59	60	55	55	62	54	60	57	54	57	54	60	60	52	54	61	57	61	60	53	57	59	60	62	60	61	58	55	55	58	57	53	62	60	57	53	61	54	58	60	56	61	55	56	57	56	59	52	54	59	57	59	56	61	53	54	52	53	61	53	57	59	56	61	62	58	54	55	54	58	59	55	58	53	53	56	57	62	52	56	56	61	58	56	60	53	59	59	61	58	55	61	57	59	57	54	54	53	52	54	59	59	61	54	59	57	53	54	53	55	60	58	58	55	58	54	58	61	58	52	53	60	54	54	55	58	61	52	54	55	55	58	59	58	52	57	60	60	56	56	55	56	57	60	62	61	56	55	55	54	54	58	61	57	56	53	60	58	61	55	56	60	58	58	55	60	61	58	57	57	61	57	56	57	55	55	55	52	54	54	56	56	60	59	58	53	57	56	54	57	53	53	57	57	55	59	59	60	53	55	54	60	54	59	57	55	57	59	62	59	61	53	58	55	56	61	61	59	55	60	56	56	56	55	52	55	54	54	61	55	59	60	56	62	56	54	61	60	61	61	58	52	58	58	56	58	55	60	56	54	61	55	60	59	56	57	57	55	61	59	61	58	58	61	54
9	12	5	10	9	4	11	5	6	9	4	9	14	13	8	8	7	7	8	8	10	8	6	8	13	10	8	11	14	12	8	6	11	7	8	9	11	10	12	10	6	9	11	6	8	9	10	8	14	14	11	8	4	13	7	14	5	8	12	11	14	11	9	7	4	10	5	8	11	10	11	10	7	9	5	10	5	5	4	10	13	6	9	5	10	9	10	5	12	5	6	14	11	7	6	4	7	10	13	12	6	13	13	13	9	8	11	12	11	10	12	7	8	12	7	8	12	5	4	7	4	11	13	6	13	8	13	14	11	9	4	9	9	5	12	11	12	6	11	13	9	13	12	7	5	9	11	6	11	11	12	8	6	10	13	6	4	9	7	11	5	5	8	8	13	13	7	9	8	9	8	12	12	13	4	5	9	9	7	7	11	12	9	12	5	10	6	7	8	6	11	8	5	7	8	6	11	7	6	8	5	10	12	14	6	11	8	14	8	7	8	9	5	10	13	9	14	13	10	9	8	6	14	7	10	5	5	6	4	12	12	14	4	5	7	13	14	13	6	5	5	13	5	7	10	5	8	7	13	6	12	11	5	5	7	7	8	11	13	11	10	8	9	6	13	7	5	7	14	11	12	9	8	12	10	4	13	4	10	14	11	8	9	9	14	10	6	9	7	6	11	8	9	5	5	4	11	4	8	9	11	4	4	13	9	10	9	9	7	7	4	14	5	13	5	13	7	10	8	10	9	11	7	10	5	12	6	8	8	4	12	9	12	9	5	10	7	9	11	10	6	12	11	12	10	9	5	11	6	8	12	5	6	7	6	11	8	13	9	7	5	8	5	12	11	6	13	13	7	8	13	11	9	7	13	9	12	7	6	10	6	9	10	13	5	13	11	9	10	7	4	9	9	9	5	11	10	5	8	12	4	11	7	7	11	12	8	7	7	9	13	7	13	7	5	9	11	9	6	5	7	5	7	9	13	13	9	11	5	5	5	8	9	7	11	8	10	13	9	12	7	12	8	6	11	7	6	10	6	14	7	9	13	5	7	9	9	11	6	8	7	12	10	11	6	7	12	8	10	8	5	5	8	9	7	10	12	13	8	10	13	6	7	13	13	13	6	5	7	6	6	6	9	14	10	11	13	9	6	4	9	5	7	11	12	5	13	4	5	9	11	5	8	12	9	13	9	5	13	14	9	9	12	5	8	6	8	6	5	9	5	7	9	8	9	13	13	10	7	5	11	7	10	6	8	6	10	7	7	8	9	10	11	7	6	11	7	13	6	13	5	10	4	5	13	13	5	9	10	12	9	6	7	11	7	12	13	6	7	9	11	12	12	7	13	12	5	13	8	7	13	9	12	10	12	13	6	4	10	11	6	5	6	11	6	12	7	4	8	6	13	6	7	14	7	5	12	13	7	9	12	4	10	7	7	6	10	10	12	6	10	5	5	10	5	4	5	5	6	8	10	6	13	9	5	11	4	10	13	12	6	10	11	13	9	9	10	4	6	13	7	7	7	9	9	11	5	6	13	4	5	5	7	5	4	12	7	4	6	11	14	14	10	14	12	13	10	10	14	14	8	6	14	11	8	12	6	12	6	12	10	7	4	5	8	7	13	11	6	11	14	11	11	5	9	7	11	9	5	11	8	9	9	9	6	8	12	14	4	11	14	14	10	12	7	13	10	10	7	12	6	14	8	7	12	7	11	6	4	5	13	9	6	9	12	7	8	11	9	6	11	9	8	5	9	7	13	13	6	13	8	4	8	10	5	9	9	13	9	12	11	5	11	7	4	8	9	8	13	8	4	13	8	14	12	12	5	5	5	13	8	4	12	7	10	8	5	8	6	8	10	9	8	9	12	4	13	5	14	6	5	13	14	10	12	8	12	6	11	8	12	5	12	6	8	11	8	8	9	7	5	11	13	6	9	13	9	6	8	6	7	6	7	7	6	10	6	6	6	6	5	6	8	9	11	10	13	5	5	13	13	7	11	13	9	5	5	13	13	5	5	6	13	9	7	9	8	6	7	10	5	6	5	14	12	13	7	5	10	7	13	9	8	11	11	11	14	11	10	5	12	13	13	6	8	6	12	7	9	6	7	8	9	9	12	12	10	11	5	9	5	10	8	12	12	6	6	10	13	13	12	4	13	11	5	5	4	6	11	12	12	6	10	11	13	4	13	7	13	13	8	5	7	11	7	9	6	7	13	6	11	8	11	4	8	10	5	6	14	10	9	13	8	6	10	8	11	12	7	9	7	13	7	4	8	12	6	6	7	8
13	13	21	18	20	21	17	18	21	15	19	16	16	16	15	16	17	22	16	15	16	20	19	15	21	15	14	21	21	20	18	20	18	13	20	16	17	16	15	13	16	12	14	13	14	21	14	14	18	15	16	22	12	14	12	15	16	21	13	17	20	15	19	16	15	18	17	14	14	17	19	17	17	15	13	21	15	19	17	20	15	16	13	20	19	16	15	18	20	17	20	17	14	17	15	14	20	19	20	19	20	18	17	15	19	18	16	12	13	17	16	14	18	12	22	21	19	17	17	16	18	17	21	16	21	12	17	21	13	20	21	13	17	14	14	14	15	20	18	19	21	18	13	19	18	17	16	15	22	16	13	17	19	20	13	19	14	22	20	18	14	17	18	21	22	17	20	19	15	12	15	22	13	19	14	14	22	18	19	15	13	21	15	20	13	20	13	17	13	15	17	14	19	15	17	15	16	17	19	13	21	17	16	19	22	19	12	20	16	16	17	15	20	15	22	12	15	14	21	19	18	20	21	13	21	13	12	22	18	13	14	19	17	12	19	18	17	13	14	14	16	20	16	16	21	18	19	13	19	14	18	13	18	13	18	21	20	15	20	13	15	15	13	15	16	19	13	13	17	15	13	18	14	16	20	18	21	20	15	15	19	21	16	20	20	19	13	19	17	13	17	12	20	14	13	15	18	14	21	20	22	13	13	13	14	20	13	22	21	15	14	19	19	13	18	19	18	16	15	21	20	16	19	13	18	16	12	13	13	20	21	16	16	17	13	12	22	20	12	17	17	16	19	21	15	14	15	19	13	17	20	16	21	21	15	14	15	20	20	17	17	13	19	20	13	14	20	16	15	17	20	19	18	20	20	20	21	13	16	16	14	20	20	20	19	14	21	21	19	19	19	19	16	16	13	19	15	15	19	15	20	20	12	21	21	13	20	18	17	19	17	20	19	19	12	14	21	14	19	18	20	16	20	21	13	19	13	14	14	20	14	14	16	18	13	20	20	13	12	13	15	21	17	22	13	15	19	20	19	17	20	17	16	15	21	22	15	19	19	16	20	21	21	20	21	20	14	20	16	19	21	21	22	21	16	18	16	21	21	19	16	19	17	16	21	21	15	21	17	18	18	14	13	19	21	21	13	14	13	17	16	14	12	12	20	17	16	20	12	16	19	12	13	21	15	17	19	15	18	21	13	20	15	17	20	15	16	20	20	17	20	19	20	14	12	14	19	17	18	13	20	20	15	16	22	21	22	15	18	19	20	16	20	12	19	22	17	18	18	17	17	21	15	16	18	16	18	19	17	15	14	15	15	12	20	20	21	20	17	20	21	14	19	17	15	19	22	12	17	16	15	15	14	20	16	16	17	13	16	18	18	15	17	13	14	22	21	17	21	13	19	13	19	15	13	18	13	13	18	15	15	14	13	15	20	15	13	15	12	12	14	21	17	18	17	16	16	14	20	20	15	21	18	12	22	12	18	16	18	20	15	22	16	18	13	22	12	19	22	15	12	21	21	12	21	14	18	20	13	21	18	13	18	15	13	16	16	21	21	21	19	13	21	15	19	21	15	20	18	21	12	17	15	20	18	21	16	15	17	17	20	15	16	18	17	18	13	20	14	19	20	19	18	13	21	17	16	14	14	14	17	15	19	13	15	15	14	17	21	21	13	17	20	19	17	21	15	20	22	19	16	15	16	14	19	20	22	13	19	15	12	18	16	19	16	13	19	17	15	19	13	12	16	13	15	13	19	17	20	22	15	20	22	15	13	17	20	13	16	16	13	17	21	19	13	14	20	20	16	14	20	19	15	16	17	17	17	20	17	15	14	22	16	12	15	22	21	21	17	18	15	13	21	18	19	16	13	21	20	15	20	20	21	15	18	16	13	21	20	20	16	21	17	22	12	22	15	16	15	16	21	18	21	17	18	20	17	21	14	21	14	13	13	22	16	21	18	16	22	17	12	21	18	13	20	21	21	21	18	19	17	22	13	17	21	17	19	14	21	22	13	18	18	19	21	17	15	13	14	12	18	15	15	18	13	13	13	21	20	18	17	15	15	13	19	15	18	16	19	22	13	18	13	15	15	16	21	14	19	19	19	18	13	21	13	13	14	15	14	19	19	22	14	16	16	13	13	21	19	17	21	13	17	15	21	16	14	17	16	16	15	12	18	16	19	21	17	16	17	22	20	13	17	21	14	22	16	14	13	21	17	13	15	18	16	18	15	20	21	17	21	22	19	16	16	18	18	15	16	17	16	21	17	13	16	16	18	13	18	14
18	25	21	23	23	21	19	26	26	18	16	25	18	20	21	26	25	21	25	19	25	20	19	22	17	21	21	17	17	23	23	23	16	21	20	20	26	17	20	22	24	22	24	21	19	21	21	25	18	17	19	20	18	21	26	18	20	23	25	22	18	16	22	21	25	23	16	20	17	21	21	19	26	21	18	17	25	19	23	25	24	23	24	26	25	17	20	18	21	23	21	26	16	21	18	19	16	24	19	20	21	24	19	23	23	21	24	19	19	24	24	22	22	17	22	20	21	24	19	22	18	25	17	23	17	19	18	22	22	23	21	18	16	18	19	20	23	19	22	18	20	21	24	18	18	17	22	21	19	25	22	18	24	26	25	16	21	20	25	19	21	19	24	26	22	22	22	24	19	18	16	21	19	23	22	17	19	16	18	24	16	21	24	18	25	18	22	19	23	17	17	17	19	18	23	19	24	26	23	26	18	19	23	19	21	16	18	18	20	19	19	18	26	23	24	18	19	25	16	23	17	25	19	19	20	20	25	22	22	17	22	21	22	20	18	23	23	19	20	23	16	16	17	22	24	26	18	26	24	19	24	25	24	26	19	25	24	19	18	17	20	16	19	16	23	21	24	20	16	25	22	17	24	18	21	22	23	23	22	19	21	16	19	17	26	20	24	26	18	23	17	23	20	20	25	24	19	26	17	23	21	18	18	20	24	23	23	20	17	26	24	21	20	21	24	19	23	19	20	17	19	25	22	26	24	25	21	26	19	16	18	23	23	17	23	23	18	20	17	26	21	20	26	26	19	16	16	25	18	18	22	19	19	17	17	24	23	21	18	24	21	17	17	19	20	24	19	19	22	20	23	20	17	17	21	23	18	25	17	26	24	20	26	19	24	18	19	18	17	21	19	17	21	25	24	21	26	26	21	21	18	24	20	20	16	17	20	24	18	18	22	20	16	20	20	26	18	21	16	21	17	20	17	25	24	24	17	25	18	16	18	22	22	21	24	19	21	20	25	20	24	20	24	18	18	25	23	22	20	18	17	22	23	23	25	16	23	18	24	26	18	26	22	25	22	21	22	17	23	22	20	17	16	26	17	18	18	26	25	23	24	22	24	19	23	19	19	25	21	22	23	18	20	25	26	25	23	26	17	23	21	16	22	21	24	20	24	18	19	24	22	24	21	21	25	18	26	16	20	16	21	25	23	22	19	19	18	21	23	20	19	19	22	18	25	23	23	23	23	24	25	24	19	19	22	18	19	26	19	24	17	24	22	16	17	16	23	22	18	21	20	23	22	18	19	22	17	23	25	17	18	20	24	25	22	23	17	24	25	21	20	22	22	17	22	19	17	25	20	18	20	17	18	24	23	25	24	25	21	20	19	25	20	24	19	18	17	20	24	22	18	21	25	19	25	25	25	19	18	25	26	16	24	19	16	22	19	20	24	24	19	24	24	25	24	16	21	18	17	16	19	26	23	26	23	17	17	21	18	23	24	21	23	22	20	16	23	21	20	17	26	24	26	20	17	25	25	17	26	23	17	19	17	23	20	21	18	20	20	21	20	21	23	19	25	22	20	24	21	24	25	24	20	23	21	20	24	19	25	24	22	25	18	20	20	26	17	19	19	25	25	25	20	24	18	21	25	24	26	22	26	21	20	22	18	26	20	19	23	25	17	18	25	26	24	25	25	25	22	25	22	25	25	18	24	17	20	20	22	24	20	24	20	20	21	24	26	17	20	19	18	22	25	18	18	19	25	22	21	20	19	18	19	24	19	24	17	17	22	19	23	17	18	20	17	23	26	19	23	23	19	20	16	18	22	23	20	24	23	24	24	18	18	18	23	24	19	19	19	21	23	25	22	23	24	25	17	26	20	25	17	22	26	26	21	20	26	20	25	22	19	20	19	24	17	18	25	21	17	22	24	24	22	23	19	18	20	22	26	23	19	22	26	18	16	24	24	22	22	18	18	22	25	22	21	23	23	24	20	25	18	22	20	19	20	21	22	17	17	25	19	20	19	21	23	23	26	17	24	23	21	22	18	25	21	19	18	18	18	25	19	23	21	19	24	25	22	21	24	20	17	19	18	19	23	25	17	23	18	21	23	23	20	18	21	18	21	24	19	18	17	25	19	23	24	25	18	23	20	16	17	21	25	17	20	19	21	23	20	17	24	23	17	19	22	25	18	21	21	21	23	17	16	24	16	17	20	17	23	16	17	16	18	20	19	22	25	16	16	21	25	24	18	24	24	25	18	23	25	21	22	19	21	25	17	17	18	18	25	21
38	37	36	38	33	32	36	36	36	34	32	35	33	37	40	37	41	40	40	39	39	34	40	36	40	36	36	35	39	41	36	33	37	40	38	38	38	34	36	38	35	32	34	31	35	41	41	35	40	31	34	40	36	40	34	37	31	32	37	37	35	39	33	34	38	33	40	32	37	40	37	38	35	32	32	38	35	40	39	37	37	37	39	39	38	40	31	38	35	38	37	34	32	36	35	34	39	33	33	36	39	40	37	33	32	39	41	39	38	32	39	38	39	37	39	33	32	38	39	36	31	33	37	34	33	38	37	34	39	36	32	36	33	41	41	33	40	31	33	39	32	35	38	34	32	31	38	35	37	40	39	33	33	41	36	31	36	32	36	33	34	36	32	39	33	37	37	41	33	39	33	40	36	40	36	38	39	33	41	35	32	32	33	32	38	41	39	36	39	41	36	31	40	33	39	38	41	36	35	32	37	40	39	35	39	34	33	35	32	34	41	34	36	31	35	33	31	34	37	38	35	38	34	36	36	32	40	35	34	32	40	40	39	37	34	35	33	38	32	38	37	36	39	35	38	36	40	37	40	35	36	37	38	32	38	33	32	38	36	40	40	40	37	38	41	35	36	40	40	32	35	39	37	37	37	34	31	37	38	33	39	35	39	40	36	35	36	32	39	33	31	38	34	38	35	41	31	41	34	38	32	34	41	40	36	35	36	37	41	36	31	34	32	41	35	36	39	40	40	35	38	33	40	34	34	33	37	38	34	40	37	34	33	32	32	31	36	32	40	34	40	34	34	39	39	35	40	35	37	38	41	31	34	36	41	35	36	36	37	33	32	32	39	37	33	37	40	32	38	34	35	40	35	32	32	40	37	33	41	34	39	33	37	34	36	39	32	41	39	33	33	34	32	33	34	37	33	40	32	33	36	36	34	32	40	33	36	36	31	37	35	35	38	37	35	34	34	41	31	35	39	34	32	33	32	34	35	35	41	35	37	41	38	38	35	32	31	37	31	37	34	37	32	41	40	39	35	39	34	37	40	31	41	39	35	34	36	39	39	33	33	41	32	35	36	40	40	38	36	36	37	33	35	32	39	39	33	36	40	40	36	32	40	40	32	33	37	35	36	31	38	36	34	32	31	32	35	40	41	36	33	34	36	37	40	33	37	34	39	38	40	32	34	34	33	38	34	34	36	36	37	38	31	37	31	33	33	41	40	38	39	34	34	39	32	37	31	39	33	40	35	41	35	34	36	32	40	35	41	41	31	38	36	33	37	36	33	36	36	32	36	40	39	36	38	37	35	36	32	37	34	32	32	40	39	38	36	36	38	36	39	37	35	37	39	38	31	35	41	36	32	31	35	35	34	33	38	39	32	34	37	34	32	38	35	33	38	38	39	38	39	39	39	40	34	34	37	38	37	41	36	33	36	38	37	37	32	33	41	34	37	36	32	36	40	38	34	38	37	37	34	39	36	34	32	41	41	35	39	40	39	36	35	41	34	37	32	38	35	31	32	32	40	33	34	35	39	38	35	31	40	32	32	34	35	34	33	41	39	35	41	40	41	31	39	37	34	38	37	34	39	41	34	31	34	33	31	35	32	36	35	34	37	37	35	36	32	35	33	32	35	40	32	36	34	38	32	35	37	40	41	39	38	39	40	32	34	32	36	36	38	36	35	36	38	37	36	31	37	32	33	32	38	32	36	31	32	38	33	33	37	31	33	33	34	40	34	35	34	33	38	34	41	34	40	39	36	38	39	33	39	32	32	40	38	35	36	31	32	41	40	39	38	41	40	38	35	37	38	35	40	40	40	33	34	38	36	40	33	32	40	40	34	38	35	40	36	37	35	36	35	40	32	35	35	33	32	39	40	31	36	39	35	35	37	36	31	38	33	31	37	39	33	37	36	32	37	38	32	32	40	34	32	39	38	33	34	36	35	39	36	32	38	32	36	34	31	41	41	32	38	37	34	32	40	33	37	35	39	40	41	34	39	35	34	32	36	38	34	36	33	32	38	33	39	32	34	40	38	36	38	32	31	35	38	33	33	31	36	37	36	31	36	32	36	39	40	35	40	34	39	35	40	37	41	35	40	38	38	31	38	37	38	36	33	32	32	33	32	37	32	37	37	34	38	37	35	37	38	38	37	32	39	40	33	37	38	38	34	32	38	31	36	41	34	41	35	38	32	34	35	34	41	39	32	34	38	39	36	41	32	31	38	31	36	31	40	41	31	39	35	40	35	37	33	36	36	31	36	38	34	40	39	37	38	34	32	33	36	36
18	18	14	12	10	19	19	18	15	11	14	17	18	15	12	18	19	12	19	12	13	20	17	14	14	15	14	17	17	13	15	16	16	12	10	14	13	18	18	19	12	11	18	13	15	17	15	11	15	17	12	18	11	20	19	18	11	13	13	12	15	11	11	18	20	18	11	17	18	17	12	11	19	16	16	20	14	17	19	14	18	13	16	17	11	19	18	12	18	12	16	18	11	11	16	14	19	12	17	19	12	11	19	15	13	11	19	19	19	16	17	16	18	20	20	15	10	10	17	15	11	17	14	19	12	14	12	18	14	15	16	13	15	11	19	16	15	14	14	17	17	18	10	12	14	13	13	19	18	19	17	12	13	12	18	20	15	15	18	16	12	16	14	17	15	11	15	11	14	20	12	19	12	18	19	17	18	12	16	17	20	18	18	14	15	14	13	19	18	19	18	15	12	13	19	17	13	15	12	17	16	11	12	18	13	14	11	14	18	17	10	11	12	18	19	15	12	19	13	16	15	11	20	11	16	20	10	13	16	19	17	13	10	17	16	14	14	14	16	14	14	20	15	19	18	15	14	20	10	12	12	17	15	16	15	13	15	15	12	13	18	13	16	15	16	11	17	12	12	12	14	16	16	12	20	16	10	13	12	19	17	12	20	11	18	12	18	18	11	12	11	16	18	17	16	20	11	20	18	17	16	10	15	18	17	16	14	20	17	13	11	15	16	19	19	14	19	20	19	15	11	11	11	12	15	15	11	10	14	12	11	14	20	12	11	14	12	10	18	17	19	18	16	15	15	17	12	12	13	10	12	15	18	13	10	14	17	12	17	18	20	19	11	12	14	12	10	19	19	19	16	16	16	16	18	12	14	18	12	12	19	18	12	15	20	15	17	15	14	19	14	13	12	11	11	20	15	15	10	15	20	12	16	11	20	13	13	11	15	12	11	12	15	11	14	11	10	12	16	19	12	11	17	11	16	16	12	17	14	15	18	18	14	19	18	17	19	14	12	11	16	10	12	18	12	19	10	16	17	13	17	16	19	15	15	16	17	10	19	20	11	19	13	11	14	15	13	13	14	10	11	12	12	19	13	13	18	12	12	11	14	19	17	16	16	17	19	19	12	17	16	11	13	11	16	18	18	14	15	19	13	12	17	13	18	14	15	12	17	16	15	12	20	15	12	18	13	11	11	15	13	17	17	18	11	20	12	14	16	13	18	16	10	12	15	19	18	14	18	16	11	11	18	18	19	15	11	18	16	12	10	15	15	15	13	19	16	10	13	12	12	18	15	20	11	16	18	15	20	18	18	10	20	19	20	15	14	16	18	17	16	10	15	17	12	11	17	13	12	14	16	11	20	14	16	19	16	15	12	17	14	14	11	20	12	14	17	14	16	17	15	11	12	17	14	12	18	19	14	15	11	20	15	18	19	12	15	15	16	15	19	18	15	10	19	12	14	20	12	16	18	19	16	20	17	14	13	20	17	16	20	18	12	19	13	15	12	13	11	16	20	20	16	13	15	20	11	18	12	12	15	18	11	14	16	19	16	12	12	12	16	16	11	19	15	10	11	10	18	14	17	12	13	12	18	19	12	17	12	14	18	17	17	16	12	11	13	10	16	12	20	16	19	16	18	18	18	16	15	16	12	16	12	11	18	13	16	15	10	11	15	12	15	17	14	13	17	10	16	12	16	19	12	12	13	11	18	18	16	17	14	10	14	20	14	19	10	17	14	13	11	11	15	11	20	15	18	15	14	17	18	16	19	10	15	16	12	18	11	19	10	14	13	15	12	18	16	12	16	15	11	11	15	14	19	12	10	18	16	15	14	16	13	12	17	12	16	18	15	11	19	16	16	16	15	20	17	12	15	14	14	14	15	18	17	14	14	19	15	14	19	18	18	12	12	10	13	11	17	15	14	12	14	10	13	18	16	11	16	14	15	18	15	14	11	12	15	14	15	13	16	14	15	16	20	11	14	10	12	14	10	14	20	14	13	19	18	12	15	19	18	20	12	17	19	14	19	20	15	12	16	17	19	17	14	16	14	20	12	12	13	13	16	12	18	13	19	10	11	12	19	14	19	20	14	14	18	17	14	15	17	14	15	11	13	12	17	11	18	12	16	10	14	13	16	16	15	13	18	11	20	19	12	12	17	13	11	14	17	15	10	17	11	19	11	15	11	11	11	19	17	17	13	17	11	10	10	13	16	10	13	13	14	12	10	10	12	17	19	19	15	17	14	12	12	16	16	18	12	17	13	13	16	20	11	10	11	16	17	15
92	98	97	94	96	93	96	98	94	94	89	91	99	95	97	95	97	95	90	92	92	90	97	97	96	96	90	96	91	97	91	97	94	92	90	90	89	89	93	96	91	93	99	98	90	90	96	91	98	98	94	97	96	96	90	99	90	93	96	93	95	97	94	96	91	93	96	93	95	94	95	97	91	97	90	90	95	94	95	92	97	97	96	99	91	90	94	95	93	91	97	98	94	97	96	92	90	92	96	95	97	97	96	93	92	94	95	90	92	92	99	94	91	91	95	92	93	94	96	92	89	98	99	93	90	94	91	95	91	94	95	89	97	98	90	90	95	92	90	94	98	91	96	97	91	90	93	98	93	93	95	94	98	95	94	96	99	98	98	95	96	94	93	94	89	94	95	89	89	93	92	94	94	98	89	90	96	96	92	92	92	98	89	92	89	96	92	89	95	89	96	94	90	91	90	92	95	90	94	92	97	92	98	93	92	94	91	95	90	98	90	96	92	91	99	98	90	98	96	89	95	90	97	98	99	92	92	96	99	96	94	94	89	97	95	90	97	91	93	93	91	93	93	96	94	98	91	96	92	90	94	92	97	92	92	90	95	96	99	96	95	96	93	98	93	95	97	99	94	92	91	94	95	97	95	95	90	95	92	94	91	96	98	95	98	93	96	92	98	89	91	93	93	99	89	95	97	89	90	96	96	97	91	91	94	95	96	95	96	97	95	99	95	90	95	92	98	93	96	97	90	94	97	91	89	93	90	94	98	90	94	90	98	99	94	91	95	94	92	92	98	90	98	90	97	90	94	95	92	98	96	92	94	97	90	96	97	92	91	92	96	91	98	89	98	96	94	95	94	90	97	95	94	94	94	98	94	98	96	96	98	96	89	93	90	97	91	99	94	99	98	97	99	95	92	95	98	97	95	96	97	98	98	91	98	95	95	98	89	99	92	94	90	98	93	91	90	89	95	93	95	89	91	94	92	98	94	93	93	92	93	97	93	95	89	98	93	98	93	95	93	93	95	96	98	92	96	95	98	97	96	90	92	90	93	95	98	97	95	89	90	89	91	91	91	90	95	90	96	93	94	97	93	98	98	93	91	98	92	96	98	99	98	95	94	96	94	89	94	90	94	95	93	89	97	95	95	92	97	93	93	98	93	94	98	95	96	98	91	99	98	98	99	94	91	97	98	99	98	94	95	95	93	97	91	90	99	98	94	97	92	93	90	89	98	97	89	94	97	99	91	94	96	92	97	96	90	97	96	99	98	91	90	96	96	99	94	89	97	97	91	97	92	91	92	93	96	97	89	96	93	91	92	94	95	96	96	97	96	92	97	95	90	91	93	91	91	89	95	97	92	96	94	93	94	93	94	93	94	95	91	92	93	92	96	95	92	99	95	89	92	91	98	89	91	91	97	93	90	96	95	90	91	96	89	97	96	90	94	91	91	91	90	92	98	96	96	90	94	89	93	98	90	95	89	97	98	91	91	97	92	98	91	98	98	92	97	95	92	90	90	91	92	90	93	94	99	91	94	94	93	95	92	90	91	93	90	93	91	96	94	96	90	91	93	95	95	89	92	92	90	93	96	97	91	97	97	90	95	93	90	98	91	90	99	92	91	95	96	97	97	98	97	89	98	96	96	91	97	93	90	95	96	99	98	99	98	90	98	91	90	95	95	94	98	91	96	91	95	91	95	93	89	92	92	90	96	94	92	97	95	95	92	94	91	94	97	92	97	95	93	91	93	90	95	91	96	99	94	92	98	91	93	92	93	96	98	95	94	96	90	93	90	96	95	96	94	97	89	91	96	93	98	94	97	92	96	97	91	91	91	89	89	98	95	95	95	90	97	98	92	95	95	92	96	89	92	95	92	92	92	90	96	97	98	95	98	98	95	91	90	97	91	94	98	90	96	92	97	92	94	98	96	97	91	95	94	94	95	95	97	97	90	89	99	97	95	92	91	94	90	98	93	98	92	97	93	98	97	90	97	91	96	97	95	99	93	95	91	90	91	93	96	98	95	98	96	98	91	93	95	93	90	98	98	94	90	95	98	90	96	97	91	95	97	94	92	91	99	90	92	92	95	99	94	96	97	90	94	94	97	99	95	99	95	91	96	91	94	89	95	89	97	94	90	98	93	99	95	97	90	92	94	98	93	96	91	97	92	99	93	96	91	93	89	96	91	98	98	99	93	97	97	95	95	92	92	90	91	91	89	97	91	93	96	95	99	98	97	97	97	90	93	98	97	91	93	97	96	98	93	90	97	94	97	96	89	92	97	96
69	64	65	71	66	66	67	67	70	72	69	72	74	69	65	69	73	69	74	66	65	64	64	68	66	74	68	73	64	72	73	71	72	65	65	71	67	70	71	72	68	73	72	70	71	69	71	71	64	65	72	65	69	66	68	72	74	74	73	67	74	65	69	71	67	72	69	69	72	65	71	70	66	67	66	69	66	73	72	64	71	70	66	70	69	69	73	70	69	68	65	71	74	73	67	65	65	74	73	65	67	69	74	70	65	71	69	73	67	69	65	66	66	68	72	71	66	74	71	67	68	66	71	66	72	72	74	69	65	66	66	73	67	73	64	71	68	66	71	68	69	71	68	73	74	72	69	73	72	72	74	74	67	72	67	71	73	68	73	67	70	66	73	67	67	69	71	65	69	71	71	70	71	68	70	66	73	69	70	72	67	73	66	71	71	72	74	70	67	69	73	73	67	74	68	68	65	71	69	69	71	73	68	73	72	72	67	74	73	74	65	72	70	65	66	67	64	71	70	65	74	70	69	72	74	69	66	71	67	68	70	69	66	69	71	67	74	67	73	72	69	67	74	68	67	71	65	70	67	70	67	72	69	68	71	65	72	65	71	72	68	73	74	66	68	73	70	71	73	73	67	64	66	64	71	69	71	67	74	66	71	73	74	70	65	65	69	66	66	67	66	70	73	65	74	71	67	73	70	71	72	65	73	66	65	72	67	72	69	72	65	72	73	69	74	70	65	65	68	68	73	65	66	72	66	67	70	72	70	68	65	67	64	65	70	74	69	65	74	66	72	64	69	70	72	72	70	65	71	64	72	69	68	68	69	71	67	67	69	68	73	68	74	66	68	74	72	68	71	67	68	73	71	73	67	64	65	65	67	66	66	68	69	73	68	70	72	71	69	74	68	69	65	68	68	65	67	73	70	68	66	72	68	71	66	69	67	69	66	69	73	73	67	72	73	64	71	70	72	68	66	70	67	66	72	71	67	67	73	68	73	71	70	67	68	64	65	73	72	67	67	69	66	72	71	73	67	73	71	65	69	67	64	73	70	73	71	69	72	69	69	73	73	66	71	68	64	71	74	69	64	66	66	69	71	70	74	74	70	66	69	64	68	66	71	72	66	67	67	73	70	65	68	65	73	72	67	73	73	65	64	70	71	69	67	68	70	65	64	67	70	65	71	68	69	70	67	69	67	71	74	73	72	72	70	69	66	65	70	65	69	65	70	65	72	72	65	65	65	65	71	65	69	66	69	65	70	68	71	64	68	72	67	65	73	65	68	71	70	66	65	66	74	69	64	73	66	70	69	72	67	70	69	68	69	67	68	71	72	71	66	71	66	71	72	65	69	67	68	68	68	68	64	64	68	67	69	73	65	72	68	73	65	69	72	66	71	65	67	67	66	68	64	71	69	66	72	70	69	67	70	67	70	72	71	68	74	69	67	68	67	64	70	72	71	72	65	64	65	70	68	64	71	69	64	69	71	67	69	73	65	71	64	72	68	65	74	65	66	69	67	68	70	70	69	64	74	69	74	72	69	70	71	72	72	71	66	70	69	72	72	65	68	67	66	70	69	67	73	73	66	69	73	65	72	71	65	74	70	72	68	65	70	68	69	69	72	73	67	65	72	69	69	65	69	72	66	70	66	71	66	74	67	66	67	68	65	72	71	73	70	65	66	74	69	70	65	73	67	69	67	71	68	69	69	73	71	71	71	71	74	73	71	72	69	64	68	66	66	71	71	69	67	74	66	65	65	70	67	65	72	65	67	73	70	73	64	73	70	70	66	69	69	67	68	70	71	64	65	69	65	66	68	68	65	73	69	73	66	64	72	74	65	71	69	74	69	65	68	68	64	65	67	68	71	67	70	71	69	70	69	66	67	74	69	74	68	66	73	66	68	71	69	68	64	71	71	68	70	71	65	69	73	65	68	65	67	68	64	65	64	69	66	69	67	65	74	74	74	69	67	68	72	68	65	71	73	70	72	67	71	73	68	72	66	74	66	68	69	67	67	66	66	69	70	69	68	66	68	66	66	73	72	74	72	67	73	67	73	65	71	65	67	64	65	65	69	65	67	71	65	73	64	72	74	71	72	66	73	70	70	67	68	73	71	72	72	74	70	72	65	71	72	67	70	70	65	68	69	68	64	69	66	68	70	66	70	66	67	67	71	68	70	66	70	65	73	66	71	69	69	66	65	72	64	71	70	71	71	73	72	74	71	71	69	70	74	69	68	66	68	69	74	66	72	68	72	69	65	73	71	74	71	66	68	69	66	66	66	71
69	73	73	74	69	75	72	75	77	79	73	69	75	76	76	75	73	72	74	79	75	71	74	69	76	79	71	78	77	71	71	69	79	74	73	71	78	72	73	78	74	70	75	76	77	78	77	77	71	77	76	70	70	77	70	78	78	73	79	74	70	74	72	75	72	72	72	75	79	73	75	78	75	69	74	71	72	69	72	74	72	75	72	72	76	73	79	72	78	75	73	78	77	70	74	77	75	71	77	73	75	75	79	70	78	78	69	75	76	78	72	75	78	75	75	79	78	78	77	71	69	74	69	76	69	71	75	79	72	77	70	71	79	79	76	71	74	75	70	70	75	75	71	77	72	73	73	77	75	77	72	76	72	71	73	72	77	77	72	74	77	75	74	77	70	72	70	71	71	75	74	77	74	69	78	78	72	76	75	75	70	70	75	69	78	70	74	71	78	72	74	69	75	72	79	71	75	73	74	75	70	70	75	74	75	78	73	70	79	76	71	77	76	75	72	73	75	73	78	75	73	74	79	75	74	71	77	75	71	72	75	75	75	71	73	71	70	69	70	71	77	75	77	78	69	72	73	72	75	76	75	75	71	73	71	77	70	74	69	74	74	69	75	70	71	77	74	70	76	79	75	72	77	71	71	72	69	77	69	78	75	74	75	71	79	77	76	70	71	74	77	71	70	71	76	75	70	71	76	78	71	70	74	72	77	76	78	72	74	71	77	72	73	73	74	77	74	79	77	71	71	78	75	76	76	71	71	72	75	75	73	71	74	74	70	72	78	74	72	77	72	75	79	74	75	71	71	76	72	79	76	76	76	76	78	74	72	69	75	76	76	78	78	73	76	75	72	70	74	77	75	72	73	69	72	74	76	78	75	76	74	73	71	78	71	75	73	78	76	76	75	75	71	78	73	74	72	74	72	79	78	72	73	77	75	72	70	69	78	76	73	74	73	71	72	76	70	77	72	71	71	70	71	69	72	75	79	72	78	74	77	73	71	74	72	72	70	73	77	70	72	72	73	69	74	79	73	75	69	70	75	76	71	79	77	79	73	77	78	72	75	70	77	71	71	70	77	71	74	79	76	76	75	79	79	73	72	69	76	70	70	77	77	74	70	72	73	73	74	73	77	71	78	76	73	75	77	72	72	71	78	71	71	72	76	73	72	72	72	71	71	76	78	70	72	72	74	73	73	75	72	76	76	74	69	78	78	73	70	79	70	72	73	75	76	71	78	72	73	77	76	72	72	76	74	77	77	72	78	72	72	78	78	69	78	72	77	72	71	78	74	75	73	77	78	76	75	78	76	75	75	76	72	78	79	79	75	69	71	78	73	78	70	72	78	76	70	79	73	75	77	72	78	74	72	76	71	77	79	71	73	73	79	73	75	72	76	73	69	70	77	74	79	70	71	73	77	73	75	78	73	77	76	76	69	74	72	77	74	72	76	76	77	79	71	70	75	76	73	73	73	74	74	72	75	77	76	77	77	78	70	75	75	78	79	79	77	74	77	70	73	76	71	77	72	76	72	77	75	77	78	78	74	79	73	72	70	72	74	70	77	74	77	75	79	69	75	74	78	71	72	76	72	79	76	70	72	79	79	79	74	71	71	70	74	70	71	69	73	73	76	74	74	77	69	72	74	72	75	75	76	74	77	76	78	70	77	69	76	77	78	75	71	78	70	79	70	72	73	75	70	72	71	76	74	72	78	71	75	78	76	78	69	71	75	77	69	70	78	79	75	71	70	77	71	71	72	69	72	72	73	72	75	78	72	69	75	70	76	79	75	70	78	71	73	75	72	73	69	77	78	78	71	71	75	78	74	74	77	74	77	78	73	71	73	74	71	73	75	71	74	75	69	72	74	72	74	77	74	78	75	75	73	76	70	71	71	72	70	71	75	70	74	74	71	73	72	70	71	72	71	78	73	70	74	76	77	74	78	72	77	71	77	73	75	76	75	75	72	77	78	78	77	79	77	77	74	73	74	69	71	78	74	70	74	74	77	72	76	77	73	72	70	76	72	78	73	77	70	74	75	75	71	77	72	69	75	73	74	71	71	79	71	74	79	76	72	69	72	75	75	72	69	78	79	76	79	71	73	69	69	74	70	73	78	70	72	75	73	71	71	75	79	70	71	70	76	75	73	77	70	72	72	77	72	78	72	75	76	77	72	70	78	73	75	75	71	77	78	72	78	75	73	71	75	72	69	74	70	74	75	76	69	70	70	75	72	75	70	73	71	76	71	79	78	69	72	76	77	76	73	73	73	72	70	71	70	74	73	71
24	20	26	27	19	17	19	24	22	20	21	24	18	19	19	21	20	25	26	20	22	22	26	27	22	26	22	22	21	20	24	18	21	26	19	23	23	24	22	21	24	22	21	19	25	17	19	27	23	20	21	26	24	24	24	26	18	23	26	18	27	19	25	24	18	20	20	22	25	26	22	19	21	21	21	24	26	21	18	20	18	20	22	21	20	19	21	22	21	23	19	18	19	26	21	25	24	18	23	25	24	20	17	25	20	25	22	23	23	25	21	22	19	24	24	24	20	18	23	17	18	20	24	19	22	23	19	20	20	20	25	20	19	26	18	23	26	24	19	23	21	21	27	21	18	18	24	26	26	19	18	23	25	21	22	22	19	22	20	24	19	23	24	24	19	20	18	20	23	23	17	27	25	27	19	24	18	19	18	22	25	21	24	18	22	19	24	26	22	19	24	26	19	24	24	19	25	19	20	24	27	23	20	22	24	25	20	27	22	25	24	23	19	23	25	19	23	21	18	18	20	18	19	24	17	18	18	17	20	19	20	19	19	19	18	22	23	17	26	18	26	19	19	27	21	18	19	18	17	23	19	24	24	22	18	19	22	23	21	22	23	26	21	26	17	22	26	24	27	18	26	17	24	19	22	26	19	19	25	23	25	22	25	26	25	26	20	25	22	23	21	23	25	20	21	24	20	21	21	19	25	19	26	18	23	25	23	22	18	24	19	23	18	17	18	20	19	18	26	23	24	21	21	27	25	26	19	22	23	18	25	21	20	20	22	20	20	20	19	26	25	24	20	19	22	20	25	17	18	25	25	20	17	22	25	24	27	26	20	25	19	20	26	21	26	21	23	22	24	24	19	26	27	26	25	23	21	20	21	22	19	21	23	21	21	17	27	27	22	25	19	24	23	18	19	19	25	21	27	24	18	22	25	19	17	25	24	26	22	19	24	26	23	27	23	17	25	18	21	19	18	17	19	27	21	24	22	22	24	25	18	19	21	21	20	20	19	18	27	19	22	20	18	21	20	20	25	18	22	23	18	23	19	17	18	25	26	24	25	20	22	23	24	23	18	23	24	17	25	23	25	23	26	24	20	25	23	24	18	26	18	26	23	20	21	24	17	19	24	18	20	20	24	21	21	27	21	26	22	19	20	26	23	18	24	18	22	21	23	21	18	23	18	26	19	17	23	23	18	25	17	18	25	22	18	24	20	17	18	17	24	26	17	22	25	23	17	24	20	20	21	20	24	27	22	26	21	19	20	18	18	18	23	19	19	25	18	18	21	27	20	21	19	26	23	26	24	17	27	21	19	19	22	21	23	22	19	20	20	26	21	23	19	19	23	17	18	18	19	20	25	24	20	27	24	24	21	22	22	23	22	23	19	23	20	22	25	24	22	25	25	22	19	19	26	25	21	17	21	26	25	18	25	20	19	20	23	25	18	23	18	17	22	21	26	20	24	25	26	22	26	24	25	17	23	23	26	20	23	24	25	22	24	24	21	23	26	22	20	21	21	19	17	21	19	22	25	24	19	18	21	19	24	21	25	21	26	25	24	27	27	21	18	25	21	24	20	21	20	22	23	26	18	18	20	23	26	26	24	24	26	23	24	26	22	24	22	18	26	19	19	25	20	26	20	19	22	26	20	27	24	20	21	22	22	22	18	26	21	21	21	19	23	21	27	25	18	18	19	26	17	23	18	21	19	23	20	26	24	22	22	23	18	22	17	22	23	22	18	20	27	23	27	27	18	24	19	24	27	22	27	23	20	26	22	23	27	19	18	19	24	22	23	20	19	25	19	21	22	18	25	19	23	20	26	19	25	20	24	26	18	24	25	24	18	26	26	19	22	19	23	25	17	18	26	26	18	26	19	17	23	17	22	20	19	24	21	26	18	24	22	22	22	25	22	22	25	23	19	21	22	20	25	18	25	25	23	26	25	17	18	26	23	18	18	23	18	22	20	22	24	18	19	20	27	21	18	18	24	26	21	20	20	22	21	20	23	23	22	20	20	19	21	19	18	19	22	26	27	22	25	25	18	23	17	22	25	20	21	21	26	19	20	18	23	24	18	20	20	18	20	26	18	21	22	18	18	23	19	23	18	23	19	18	26	27	22	17	22	23	19	22	23	19	18	25	17	23	21	23	27	26	19	21	22	19	18	26	19	21	22	27	27	23	22	18	26	25	18	23	19	20	25	18	24	26	19	24	18	23	24	25	24	17	23	19	25	27	19	18	20	21	27	22	18	17	22	19	26	24	20	18	21	25	21	27	25	20	18	24
98	96	96	95	96	101	100	97	100	101	100	95	94	97	101	93	95	97	101	98	97	98	98	95	102	102	94	94	97	99	97	94	94	97	100	101	94	99	98	94	93	103	94	102	97	101	101	100	102	100	97	102	95	103	100	97	94	98	100	103	99	96	97	93	100	97	97	99	98	99	96	96	95	96	97	101	100	101	96	96	103	99	97	99	95	95	98	103	100	102	95	96	101	96	97	100	95	95	96	100	102	94	95	100	101	97	96	98	96	100	102	99	101	101	101	96	94	103	103	100	98	97	102	102	101	94	95	95	96	93	94	99	94	94	98	101	94	98	96	101	102	93	99	95	95	94	96	99	99	94	93	100	94	100	95	102	95	101	100	101	103	93	97	98	98	93	99	98	96	103	94	102	98	99	102	102	96	97	100	96	97	99	95	95	98	102	97	98	101	99	97	98	103	103	100	101	98	97	98	93	95	96	100	100	103	97	102	99	98	97	103	97	101	102	94	94	94	102	95	101	101	98	99	101	98	95	95	96	100	102	102	98	99	94	95	96	99	101	101	102	96	94	103	100	94	95	94	95	100	97	99	99	97	99	97	94	99	101	96	94	99	96	93	97	102	97	102	103	103	99	98	100	100	99	93	98	101	94	95	102	96	94	100	95	103	100	99	98	93	97	94	94	102	96	95	94	98	95	100	98	96	93	95	99	99	102	94	94	103	95	100	98	96	93	101	103	102	96	100	100	96	97	97	102	98	100	96	98	102	95	95	102	102	101	102	100	96	96	97	98	99	95	102	101	101	95	99	99	100	98	103	96	97	96	103	100	101	96	102	102	101	95	97	96	94	101	96	100	99	96	101	96	96	103	103	100	93	101	100	100	99	97	95	101	93	100	99	97	93	98	100	95	96	102	98	95	101	96	101	101	96	95	98	99	102	101	103	101	103	96	101	94	98	101	100	101	98	94	98	99	97	97	99	94	94	97	94	97	99	94	95	94	101	94	101	101	95	95	99	102	93	100	98	103	102	102	95	97	99	98	99	98	95	99	100	101	99	95	96	95	100	101	99	98	94	93	96	100	94	101	102	98	99	101	97	99	100	95	98	101	94	96	101	98	100	98	95	101	95	102	96	101	99	102	98	96	101	101	96	96	101	94	94	95	101	95	103	98	96	101	100	96	100	101	102	101	95	96	98	102	98	103	99	95	103	96	103	102	102	102	100	94	96	96	97	96	96	102	93	99	100	94	97	102	100	99	101	99	95	99	97	102	101	96	94	102	97	98	93	102	96	95	94	102	97	93	94	98	98	94	93	94	97	97	94	97	100	103	94	97	97	103	97	100	99	98	96	98	97	101	100	96	100	98	99	97	102	97	103	98	97	98	102	96	97	103	100	95	96	94	96	93	94	100	102	102	102	100	96	100	101	101	101	95	100	95	93	97	98	98	96	96	97	96	102	99	93	99	97	99	96	97	96	102	103	97	98	99	96	103	101	99	98	98	102	99	97	102	94	102	94	96	94	102	97	99	103	101	103	100	99	101	94	97	95	93	97	101	100	103	102	102	94	97	101	94	95	102	100	94	98	94	93	94	102	102	103	98	96	97	97	100	101	100	100	102	95	99	98	96	102	94	100	93	99	101	102	96	96	101	98	97	94	98	96	101	101	94	99	95	102	100	100	102	95	102	99	101	98	95	96	96	98	95	97	98	97	95	96	102	97	101	97	95	97	101	93	99	99	99	96	94	99	95	102	101	97	100	94	98	96	100	93	101	102	101	102	103	95	101	101	101	96	94	98	98	102	95	95	97	94	98	95	97	93	101	103	94	93	100	99	94	100	100	94	94	102	98	97	100	100	95	93	102	101	100	99	95	98	94	97	99	98	98	93	96	98	96	103	95	100	97	95	101	93	103	94	95	102	96	96	96	100	101	103	97	98	98	94	100	100	100	99	100	101	100	99	94	101	98	95	97	101	95	99	98	100	97	102	98	95	100	100	95	96	97	97	102	102	94	98	99	99	93	97	100	102	95	98	93	98	100	95	102	93	95	97	100	94	98	100	96	94	97	96	93	99	102	98	102	102	96	102	98	99	101	94	102	95	100	96	96	94	98	100	100	99	94	101	95	97	96	101	97	96	101	97	93	101	101	95	101	94	97	95	98	101	101	102	95	93	100	95	102	93	97	94	97	100	98	93	93	100	100	101	94	101	94	95	94	101	94	96	94	100	93	100	96	98	100	103	101	100	101	95	98	100	97	100	97	94	94	96	93	93	96	98	98	97	102
89	89	91	90	92	90	85	87	92	91	93	86	86	91	91	93	91	88	88	85	86	86	90	87	89	92	89	87	88	92	87	91	87	93	92	92	90	88	83	85	87	89	90	92	83	88	93	90	84	87	88	88	91	90	89	87	84	92	83	92	90	86	88	88	91	90	90	83	87	86	91	90	88	88	93	90	87	88	89	84	88	90	92	89	90	90	85	87	83	86	83	87	91	87	89	86	88	86	85	90	86	86	93	89	92	87	86	85	88	89	90	85	86	88	85	83	85	89	88	88	91	91	85	85	87	93	92	90	91	88	84	91	87	83	85	90	92	88	85	83	89	87	89	87	91	85	88	90	91	90	87	91	85	91	89	93	87	84	85	85	90	90	84	87	92	90	85	86	87	88	91	90	83	92	86	93	87	85	86	83	87	91	92	87	84	83	86	84	88	91	92	92	85	87	91	86	84	91	84	89	91	92	86	91	83	87	93	87	88	86	88	84	85	84	92	85	86	90	85	84	84	91	92	90	92	89	91	90	84	84	93	84	89	92	90	92	84	90	87	85	85	89	86	90	84	88	89	91	85	84	88	85	84	83	86	88	85	84	91	85	92	88	88	85	90	91	88	88	92	89	93	88	85	90	84	88	85	92	89	91	89	85	85	87	91	83	87	87	88	92	84	87	85	86	84	84	85	85	86	90	90	87	90	92	88	91	90	88	88	84	88	86	84	85	83	85	90	89	87	87	92	92	83	88	84	85	91	89	87	92	86	91	84	89	92	87	86	83	90	89	85	86	85	92	88	87	93	84	84	84	88	90	88	90	87	87	90	87	91	89	90	85	87	92	86	87	84	90	84	88	92	85	86	90	89	86	85	87	90	88	92	90	87	89	90	88	92	91	86	91	88	93	84	83	90	86	91	84	92	89	88	91	83	86	93	85	85	91	83	86	93	88	92	89	92	89	89	88	85	87	87	84	86	86	91	90	87	90	90	86	87	88	91	87	83	89	84	92	83	92	90	89	86	92	91	86	88	87	88	91	83	88	88	88	92	84	87	89	90	89	86	87	90	88	92	91	88	88	92	86	85	86	86	87	90	91	93	87	84	85	93	89	93	87	86	84	87	85	92	91	87	84	91	84	85	84	89	85	90	89	85	86	89	87	86	90	88	93	86	89	85	92	86	86	91	88	91	86	90	88	88	84	90	83	93	92	83	89	83	90	89	85	86	93	88	86	92	93	87	87	84	88	88	86	90	83	91	91	86	88	93	91	92	88	86	90	89	86	85	93	87	84	88	93	85	87	84	83	87	84	85	88	88	92	92	88	86	86	92	88	91	85	85	93	92	91	91	84	85	86	85	93	89	91	85	85	91	89	85	87	91	86	85	90	87	84	91	86	90	85	84	93	86	84	93	85	88	89	88	91	84	87	88	90	84	85	92	87	92	85	92	85	92	86	91	92	91	90	85	84	90	90	90	83	86	89	90	86	87	91	88	84	93	89	91	85	84	92	87	88	84	90	90	92	84	89	86	85	88	91	85	90	92	88	86	86	92	84	88	86	90	85	83	90	92	92	85	86	90	89	86	85	83	90	87	89	85	90	87	91	88	85	84	87	91	88	88	87	86	85	85	86	91	83	87	89	91	92	89	89	86	87	86	89	93	83	89	84	93	91	91	84	93	90	90	87	85	85	91	90	92	86	91	93	86	88	91	89	92	92	90	90	89	88	85	84	86	84	86	89	85	85	91	88	83	85	85	91	89	90	83	90	93	90	84	86	86	86	87	88	84	91	84	84	91	91	89	84	87	91	85	92	91	90	90	86	86	85	84	88	89	84	85	93	91	83	93	90	91	93	89	92	89	92	91	91	85	93	92	84	86	88	83	89	91	88	83	88	89	89	91	88	88	86	85	86	91	91	85	91	83	83	86	92	90	84	91	87	88	88	92	89	91	87	86	84	92	88	83	89	85	90	92	87	87	84	84	86	90	87	91	90	89	86	85	88	87	83	90	91	86	91	92	90	89	88	85	83	87	86	86	92	92	92	85	88	91	87	89	88	83	86	90	85	84	85	83	92	89	84	90	89	88	92	85	84	89	89	84	87	91	89	88	91	87	90	84	90	86	91	85	92	87	87	93	89	93	91	91	83	85	93	89	89	86	84	91	88	84	93	90	92	88	92	85	84	84	93	85	92	89	84	85	88	92	84	90	85	92	87	93	87	89	84	84	92	92	87	90	89	85	90	85	89	91	91	90	86	85	86	84	86	90	93	84	93	89	91	87	90
81	83	82	80	85	84	78	84	86	79	82	80	77	84	83	80	81	79	77	77	80	77	78	80	84	81	82	77	79	80	78	82	79	81	85	83	84	86	80	80	76	77	86	83	84	79	83	84	77	77	80	78	79	83	79	78	76	77	86	85	82	82	80	78	78	80	76	79	82	81	82	82	78	85	76	82	84	79	84	85	80	79	85	77	78	84	81	84	76	83	76	83	79	82	76	80	76	76	80	79	81	85	81	79	81	85	80	86	77	83	78	83	78	79	85	82	78	84	80	84	80	78	84	80	84	82	78	84	83	82	84	76	85	83	86	76	79	85	80	86	82	81	79	78	80	83	86	76	79	83	78	77	84	83	82	80	76	86	82	80	79	86	83	79	81	78	78	76	84	79	77	79	80	80	80	85	83	79	83	81	82	84	84	80	80	84	82	83	81	81	82	77	81	80	76	79	84	85	84	82	80	84	80	85	79	82	77	78	81	78	83	81	81	81	85	77	80	78	82	77	77	80	79	85	79	81	79	77	83	81	77	81	85	85	86	86	85	86	77	80	81	77	78	76	85	81	83	79	81	79	83	86	78	82	77	82	77	86	81	77	81	76	85	77	84	85	80	79	83	81	78	80	82	76	82	84	81	81	84	78	80	84	78	81	84	80	84	83	83	79	78	76	82	79	81	81	80	78	84	80	85	76	85	79	79	77	77	76	86	77	77	84	86	85	79	84	77	79	83	84	81	84	80	80	77	78	79	80	77	79	85	83	84	83	81	80	80	78	86	78	80	83	78	86	85	79	77	77	82	82	76	82	86	86	77	81	77	84	78	82	79	86	84	82	80	83	81	77	84	76	79	84	86	77	78	77	78	77	80	76	83	77	82	79	83	78	83	79	85	79	76	82	80	78	77	80	76	80	81	79	82	80	76	78	82	77	78	80	77	76	83	82	78	77	76	82	79	84	85	83	82	84	85	84	84	76	77	84	80	83	80	85	86	79	80	78	80	83	81	77	77	85	82	77	85	85	85	83	85	77	79	83	80	82	81	79	80	76	84	84	85	86	78	84	81	85	80	83	86	81	85	76	84	80	78	85	82	80	83	79	84	84	76	83	85	84	83	81	79	83	76	78	80	83	85	81	82	76	83	85	83	80	85	80	79	85	82	80	83	85	80	79	78	81	77	82	83	81	82	79	84	78	84	76	84	85	79	84	81	80	80	84	79	84	85	77	80	81	84	80	81	84	81	76	80	83	80	83	77	86	83	83	79	80	80	86	82	81	77	82	86	85	85	84	78	80	85	77	83	83	85	85	80	85	83	83	82	81	81	83	85	81	80	80	82	84	76	78	82	80	83	76	76	83	81	85	84	78	85	77	82	80	82	77	77	84	82	84	80	78	78	79	85	80	83	77	80	76	84	82	82	85	78	86	82	81	77	80	76	85	80	78	78	85	78	79	86	85	84	80	84	77	79	79	79	86	80	84	83	83	76	81	83	76	82	86	84	85	80	78	85	83	85	82	80	86	80	85	80	80	81	84	79	78	86	83	80	81	80	78	80	86	79	83	80	84	77	80	82	77	80	86	79	78	82	85	81	85	82	82	82	79	77	82	82	86	84	86	81	81	86	81	79	79	85	85	83	77	81	80	84	79	79	79	85	84	80	76	84	82	85	78	85	81	84	85	82	85	77	81	84	85	80	78	80	80	83	77	81	82	83	76	80	76	76	85	80	79	80	84	85	76	78	85	77	77	77	80	78	81	76	80	82	80	84	78	79	83	82	78	78	78	84	76	77	85	77	80	79	78	78	81	78	79	85	85	81	79	79	77	77	84	79	77	76	82	79	84	82	79	78	82	84	84	85	84	84	78	76	82	80	84	80	79	81	86	84	82	77	80	76	85	83	78	78	83	83	80	83	84	83	79	86	77	78	78	83	81	85	83	76	79	80	84	80	77	84	78	79	83	81	85	80	84	86	77	78	82	76	82	83	80	80	82	79	78	77	84	81	82	79	77	84	77	83	81	81	79	80	78	78	81	79	81	81	83	81	83	81	86	83	86	79	84	78	82	79	78	79	85	81	77	79	77	82	77	82	79	81	78	85	79	85	86	84	83	78	77	76	83	84	80	80	79	84	78	85	77	82	80	81	79	82	80	77	77	82	84	78	76	84	85	79	84	78	80	79	79	83	84	79	82	81	83	79	77	85	83	77	78	77	86	76	78	83	85	79	76	85	78	80	79	78	83	79	84	81	82	76	85	84	81	86	77	80	84	80	76	76	80
66	65	63	64	62	62	61	66	64	63	61	60	61	63	63	69	69	61	60	66	68	70	63	62	69	64	60	68	65	65	70	61	66	61	65	64	67	64	67	62	66	60	69	68	63	61	68	64	66	61	68	65	60	62	61	65	64	66	63	66	65	65	70	64	62	65	61	62	66	63	63	66	64	65	63	61	67	67	64	69	70	62	69	70	68	62	62	66	66	65	63	63	64	64	62	67	67	69	64	68	67	61	68	66	61	63	69	62	61	69	68	63	65	64	66	64	63	69	70	67	69	66	70	70	67	68	62	62	60	66	65	66	62	67	60	62	67	67	64	66	63	66	69	62	64	61	62	68	62	66	68	68	66	67	64	63	67	62	68	65	64	68	68	68	62	63	61	69	68	70	61	61	61	70	65	66	70	66	68	65	61	62	65	65	65	66	69	67	64	67	64	65	61	60	70	63	70	61	67	67	60	62	69	62	65	64	61	66	66	64	65	62	62	66	66	64	65	66	66	62	61	63	68	62	63	68	69	65	66	60	66	65	66	61	61	66	66	66	62	68	67	63	65	66	64	67	67	63	68	67	70	64	63	67	61	68	67	61	63	61	66	63	64	68	62	67	61	69	70	60	64	67	64	63	68	69	63	63	66	65	69	64	66	64	68	66	66	64	63	66	68	70	61	67	68	65	62	66	60	65	65	69	69	63	69	68	60	63	62	61	66	64	62	64	63	65	69	66	68	69	67	68	64	64	64	61	66	64	67	68	70	61	65	61	64	61	66	61	68	66	61	68	68	62	67	68	64	62	66	60	62	64	66	63	66	68	65	63	64	65	67	63	67	64	64	68	67	62	66	69	63	63	64	65	63	69	67	63	65	61	68	68	65	66	62	68	64	68	60	67	61	68	62	60	70	64	68	65	60	68	66	67	66	70	69	60	65	68	61	70	69	67	67	61	61	64	66	68	61	60	66	60	63	63	64	69	69	64	64	68	68	63	63	63	63	64	62	66	66	70	68	64	69	68	65	65	66	60	68	66	62	60	64	67	65	62	63	62	63	62	65	66	66	69	68	66	62	66	69	61	66	70	65	60	70	61	64	64	69	68	66	61	65	64	66	64	70	63	68	65	67	69	63	61	63	64	67	68	61	64	62	67	66	61	66	64	68	68	64	69	68	65	64	63	66	67	66	70	61	68	64	65	68	67	66	61	61	64	60	64	68	68	70	61	65	62	66	66	70	60	69	70	63	65	67	61	66	69	64	68	65	62	68	61	66	61	69	66	66	69	69	63	64	66	60	68	61	69	68	69	63	64	65	69	65	65	63	61	64	67	65	66	62	62	65	66	70	60	63	69	68	69	62	65	66	69	64	62	67	70	61	66	65	67	64	63	64	61	66	64	69	65	69	69	62	65	69	62	62	66	61	70	63	68	64	69	70	60	63	68	66	68	64	61	65	67	65	70	64	64	60	68	65	60	68	60	68	70	61	62	65	61	65	60	61	61	69	67	68	68	63	61	68	66	63	65	69	69	65	69	67	66	62	63	69	62	69	65	62	70	63	65	63	65	64	67	67	68	61	68	64	60	63	69	61	67	66	67	64	65	68	66	69	63	64	68	63	63	65	65	69	62	64	66	67	66	69	62	63	66	68	61	60	65	67	62	64	60	68	65	64	61	69	67	65	61	61	63	66	66	70	60	70	61	64	61	67	65	67	66	69	60	64	61	61	63	61	65	61	68	67	63	70	65	66	62	61	64	66	67	60	64	66	63	61	61	60	68	65	69	65	65	62	60	62	60	64	64	64	67	61	70	68	64	66	68	68	65	65	63	61	66	70	66	63	69	68	61	67	70	63	65	66	62	65	60	69	64	67	66	64	63	60	69	68	64	66	65	62	68	61	66	63	68	70	68	68	67	70	67	61	63	60	66	66	69	63	68	63	68	62	68	62	64	65	69	61	64	65	68	69	62	69	63	62	60	64	62	68	69	68	61	66	62	63	66	66	65	69	63	65	65	65	65	69	68	70	69	70	64	67	67	63	65	63	61	62	66	69	67	67	66	65	63	66	68	70	67	64	63	61	68	67	67	67	65	61	63	67	61	67	61	68	67	65	68	70	69	62	64	66	65	68	69	68	63	64	62	68	64	66	69	61	67	67	69	69	62	65	65	61	65	61	64	70	62	66	70	65	63	60	66	60	68	68	60	65	70	61	62	60	64	63	64	61	65	66	68	61	64	63	62	69	68	60	62	63	63	63	69	63	67	61	60	65	68	67	66	61	69
89	95	93	92	91	89	94	94	93	94	94	92	97	94	89	96	97	95	96	95	91	94	90	91	92	91	92	96	95	90	89	98	92	93	91	90	90	89	89	97	90	96	95	95	91	96	97	92	89	92	88	89	91	97	97	97	92	97	89	95	95	96	93	89	93	90	96	94	92	88	96	91	89	95	93	90	98	88	98	93	91	94	93	97	92	94	89	97	94	90	91	93	88	89	92	89	89	92	94	89	91	93	92	91	95	97	88	96	91	97	97	92	93	95	90	98	90	97	92	93	94	98	90	94	92	92	93	94	89	94	95	96	90	92	96	90	93	92	92	95	90	94	91	90	91	90	95	98	95	90	97	96	89	90	96	98	93	96	92	90	97	90	94	89	94	95	94	95	96	94	93	94	94	93	96	95	97	90	91	97	97	92	88	98	91	89	95	97	91	95	93	88	94	98	98	95	90	92	94	91	96	90	89	93	88	94	88	90	88	90	88	93	96	91	91	88	88	93	96	90	89	91	90	93	88	93	90	97	91	95	88	97	90	97	97	94	91	95	90	90	92	93	94	95	90	91	95	93	91	93	91	95	98	94	89	98	91	95	95	91	95	89	96	95	95	98	88	94	96	92	95	88	94	90	88	94	94	91	90	90	94	89	89	90	94	96	95	93	89	88	96	93	91	88	91	94	90	91	88	92	96	89	97	94	93	90	95	96	90	97	92	96	90	97	96	95	97	95	96	93	92	89	93	96	93	98	96	93	89	93	97	93	89	90	88	90	94	96	89	96	89	93	96	95	91	93	95	90	88	91	90	94	97	97	89	91	90	92	88	96	89	90	98	89	96	95	94	96	96	92	96	91	92	88	92	92	97	89	89	94	96	95	95	93	88	91	95	89	89	94	95	90	96	91	94	96	91	90	95	90	95	96	90	91	94	96	90	89	97	91	95	95	94	93	92	92	96	97	88	90	90	89	95	98	97	94	95	88	94	92	96	97	92	98	89	96	95	89	93	96	93	97	93	98	93	89	89	91	92	90	93	92	95	89	95	97	89	89	92	93	93	88	95	92	95	96	91	89	97	91	90	90	95	98	94	91	90	97	88	94	90	97	92	89	90	90	92	97	94	91	91	92	91	90	95	92	95	93	89	97	93	98	88	90	88	97	90	96	93	95	95	95	95	95	91	96	93	91	90	88	93	96	92	93	88	88	96	88	91	97	89	89	96	90	93	96	90	96	95	89	91	89	92	90	95	89	98	95	89	92	97	89	92	96	94	93	95	92	88	89	95	92	92	98	88	95	94	90	92	92	98	91	93	91	92	98	90	89	90	96	91	94	89	94	97	89	91	93	97	98	96	88	90	92	93	89	88	97	92	92	97	95	97	97	93	92	89	89	92	89	98	95	97	94	90	98	96	96	93	91	93	90	93	94	91	96	92	91	90	89	93	88	89	90	95	94	94	89	95	88	88	96	97	89	98	90	89	94	91	95	97	97	95	94	96	98	95	98	98	97	97	89	89	89	94	91	97	95	93	89	93	95	93	92	89	91	91	88	95	91	95	93	91	93	90	94	97	88	94	93	90	92	93	93	89	97	94	96	88	94	94	90	94	97	91	97	90	92	88	89	94	98	95	92	96	91	89	97	90	91	93	89	96	95	91	89	97	97	95	94	92	96	93	91	94	90	89	89	90	94	96	96	91	94	92	93	95	95	96	89	96	91	92	94	93	95	94	92	91	97	93	95	96	88	97	90	90	90	90	92	90	93	94	93	89	91	94	97	92	89	91	95	89	96	92	91	92	91	91	97	96	93	94	88	98	96	96	90	96	89	94	94	89	93	92	98	97	93	96	92	92	90	98	97	92	88	88	91	91	93	97	90	89	96	95	90	93	89	89	96	97	96	89	96	97	93	90	98	90	92	88	93	89	88	90	90	91	91	96	89	94	94	95	93	98	92	93	89	92	96	92	94	95	93	89	98	90	97	94	97	89	96	89	92	89	92	96	92	92	95	89	91	96	96	91	96	93	88	89	92	90	97	94	88	92	91	95	97	90	97	94	93	91	90	94	88	92	95	96	97	95	94	93	94	92	91	91	97	94	94	89	98	91	89	96	94	95	94	94	89	91	94	92	92	97	89	91	88	90	95	94	92	93	97	94	89	90	93	94	91	94	90	90	89	96	89	97	96	91	98	88	88	95	91	91	96	88	89	90	89	96	97	98	94	93	95	89	94	98	97	95	89	97	95	95	96	90	88	88	91	94	97	90	92	92	96	94	94	96	89
95	87	95	96	93	93	95	89	97	89	89	90	91	94	88	89	89	90	88	91	87	96	89	91	94	93	91	90	97	93	89	90	94	88	95	92	95	91	96	89	90	91	97	90	89	96	91	89	97	96	88	93	95	89	93	89	91	97	97	92	89	90	88	89	91	87	94	91	90	93	87	93	90	96	96	93	93	95	96	91	88	89	91	95	96	94	94	95	95	90	90	92	94	93	88	92	95	89	88	90	91	89	92	97	94	88	96	91	87	94	89	96	97	91	89	96	87	97	95	89	87	94	95	92	92	93	92	97	90	94	90	91	87	93	96	91	90	95	90	92	91	89	91	89	95	93	96	90	94	93	91	97	87	93	89	95	95	92	88	92	91	91	94	91	92	92	88	94	93	95	91	94	88	90	91	89	93	93	88	91	93	93	89	92	93	91	94	92	91	88	96	93	94	95	92	95	92	90	97	88	89	91	91	90	88	96	95	96	89	93	96	93	96	92	92	87	90	92	92	88	92	88	87	93	88	88	92	92	96	91	87	96	89	89	96	93	88	93	96	97	97	91	96	87	97	89	90	87	95	93	93	94	92	95	92	96	89	91	89	91	96	89	87	95	95	93	92	90	89	97	94	94	89	94	97	90	93	92	93	93	96	91	94	88	87	88	95	94	88	90	93	97	91	93	97	87	93	87	90	88	93	92	93	89	90	87	91	92	94	90	90	91	89	95	96	87	93	91	89	97	88	91	92	97	88	90	94	93	90	89	90	91	88	95	89	91	94	95	89	96	95	94	90	96	96	88	87	88	88	89	96	97	91	94	91	93	96	90	92	88	89	91	88	89	93	89	93	91	92	90	90	91	94	90	89	88	96	87	87	97	94	92	96	88	88	93	97	95	89	88	90	94	96	94	89	95	93	94	97	94	89	91	91	92	90	91	90	88	95	90	95	90	95	90	88	87	92	96	96	96	97	95	95	89	91	93	93	90	88	93	97	95	96	91	94	93	88	91	97	89	91	90	97	90	97	90	97	94	94	94	91	88	92	95	96	96	96	94	95	92	92	93	95	91	87	92	96	88	89	91	88	95	91	95	92	87	97	89	93	96	92	91	94	96	93	89	94	89	88	90	92	89	87	91	88	92	90	94	92	89	93	93	95	91	95	87	89	90	91	92	90	87	90	93	96	95	94	90	95	93	96	90	90	90	94	95	91	89	89	95	94	91	90	92	89	91	93	97	97	95	92	94	96	92	88	94	96	95	92	92	93	87	88	96	89	96	96	95	89	95	87	90	97	97	93	87	95	91	97	94	93	92	89	90	90	90	90	87	89	89	93	94	95	89	90	94	91	88	95	91	91	93	94	96	87	90	89	95	88	96	88	89	95	90	88	93	88	96	87	97	95	89	97	89	89	93	94	89	95	91	97	88	91	89	92	89	89	94	93	93	97	90	91	88	96	95	96	90	90	95	93	96	95	94	91	96	95	91	92	88	94	94	90	94	90	94	92	94	90	95	97	97	93	93	91	90	95	88	95	90	93	95	90	96	94	97	93	93	92	87	96	94	95	90	96	92	93	87	94	88	96	91	90	88	96	94	97	89	92	87	88	91	87	92	90	92	87	93	96	91	91	88	88	92	91	91	95	93	97	96	92	92	87	94	88	96	96	91	93	93	90	90	89	88	93	95	90	93	95	92	92	94	95	94	95	89	94	92	91	88	94	95	91	88	97	94	94	97	92	89	93	92	93	92	92	93	87	93	92	95	90	96	88	96	93	88	88	94	92	96	95	93	93	96	90	91	91	95	91	92	88	87	94	94	93	87	93	94	94	90	91	92	92	93	91	93	93	89	90	96	94	90	92	88	89	88	95	91	91	94	93	91	88	90	88	92	95	89	88	93	93	87	89	93	93	93	92	96	94	87	93	96	87	91	94	91	89	93	95	91	96	95	92	92	88	87	92	92	91	93	89	96	93	87	93	89	94	93	93	93	94	96	92	96	95	96	92	88	94	90	92	87	88	95	93	94	89	97	89	94	89	93	94	92	91	96	92	89	87	95	90	89	94	89	88	90	87	95	91	93	93	95	97	89	96	94	92	88	95	92	92	97	93	92	89	96	96	89	88	96	97	90	93	89	87	96	96	94	97	96	94	93	92	91	90	91	97	90	90	91	93	94	94	88	96	88	92	92	90	92	93	89	92	95	96	87	87	92	97	90	87	95	94	97	97	92	90	95	92	97	89	94	88	95	90	95	96	96	93	90	93	96	88	88	96	94	92	90	88	94
88	92	89	87	88	85	89	92	88	85	87	89	90	92	90	84	88	84	82	88	88	85	86	86	90	89	85	91	90	88	91	83	84	92	88	83	84	84	85	85	88	89	88	90	91	88	86	85	87	88	89	90	90	84	91	83	87	91	90	89	89	86	85	83	89	83	91	90	91	84	91	82	88	89	90	82	89	83	83	92	83	86	90	86	84	90	89	88	88	82	91	87	88	91	86	86	83	85	91	91	82	83	84	84	83	87	86	90	86	87	86	91	90	83	82	89	85	83	85	87	91	86	85	89	85	89	83	89	83	84	87	90	91	84	90	92	85	90	86	86	83	84	83	90	83	82	83	83	86	92	90	91	89	84	88	90	91	84	90	88	88	83	89	92	89	92	86	84	89	82	87	86	88	91	87	84	90	91	87	87	91	90	83	92	82	86	88	92	86	87	85	83	90	84	85	85	87	89	86	84	91	90	84	84	85	89	89	88	92	86	90	91	91	83	89	83	88	85	89	90	88	83	86	84	90	86	84	91	84	92	91	83	87	89	89	83	83	89	85	83	85	89	92	88	84	85	90	91	90	92	89	83	88	90	86	90	87	85	87	90	87	91	91	84	83	83	90	92	89	90	82	83	88	84	88	84	90	90	86	86	88	92	86	86	84	84	87	87	91	87	85	92	83	88	90	89	83	83	84	87	84	90	83	86	85	86	84	89	92	91	83	87	92	91	85	92	89	88	87	84	90	89	84	85	87	90	88	82	87	89	92	85	86	90	83	82	90	91	91	91	87	89	86	88	92	84	91	83	87	90	90	88	84	92	90	84	83	88	92	86	89	84	90	87	90	88	91	90	89	89	86	84	85	84	90	91	91	83	90	83	89	92	87	84	89	83	84	83	89	84	86	87	91	92	82	87	84	85	91	90	88	89	83	90	91	86	84	87	83	86	84	84	89	84	89	91	85	87	91	85	91	92	85	89	84	89	84	87	87	87	91	85	88	83	88	91	87	92	89	87	84	87	83	84	85	87	85	92	87	86	86	83	84	87	83	90	92	83	88	91	91	83	89	86	86	88	88	89	84	89	89	87	84	87	85	87	85	91	90	83	83	82	84	83	89	86	86	90	91	91	91	90	84	82	87	85	87	86	85	87	91	83	84	91	91	87	84	87	85	86	92	83	86	82	90	83	90	85	84	89	90	89	85	84	86	82	87	90	88	83	83	86	90	85	85	83	85	83	86	82	84	86	89	91	85	91	88	82	85	91	87	90	85	88	90	91	83	85	89	91	86	90	86	90	90	85	85	85	87	83	92	85	90	92	92	85	89	91	89	89	85	90	90	91	85	84	92	92	91	88	92	85	89	90	90	85	87	86	89	89	84	89	92	91	83	88	88	86	90	87	89	83	92	83	88	91	83	89	84	87	85	85	90	90	85	88	89	90	88	84	86	85	84	86	86	86	92	90	86	83	88	90	86	91	91	90	86	85	91	86	87	85	91	86	82	89	86	90	83	86	92	85	89	88	89	91	88	88	88	82	86	83	91	91	86	83	90	83	85	90	84	87	83	84	89	87	88	89	91	91	85	88	90	84	85	91	92	91	87	86	87	87	84	91	92	84	89	88	83	90	85	87	84	86	83	89	84	89	87	84	87	86	85	91	87	89	85	87	86	83	85	91	86	89	83	84	90	85	83	85	86	87	92	89	89	88	85	83	87	86	87	82	89	89	88	87	90	92	86	84	83	88	82	91	91	84	83	88	91	87	90	82	89	83	88	82	91	87	89	90	86	89	86	90	92	84	82	89	89	91	91	92	82	92	85	85	89	87	83	89	88	83	83	92	92	87	85	86	89	84	84	87	85	83	90	85	86	87	83	88	85	89	82	87	92	88	83	90	88	83	89	91	89	92	84	82	89	87	85	89	92	87	84	92	89	83	90	87	84	88	90	90	83	90	87	82	83	87	83	84	84	90	86	82	89	83	83	89	85	85	86	88	91	84	83	90	89	87	90	85	89	90	88	90	88	83	88	86	85	90	83	84	92	90	82	90	88	92	83	92	88	88	87	86	91	88	84	87	87	89	88	85	82	87	87	86	89	88	85	92	86	91	85	86	90	89	89	91	88	90	89	86	88	89	88	87	87	85	88	89	88	89	84	84	84	89	87	89	82	90	84	91	88	89	83	86	90	86	84	82	90	88	91	91	84	83	92	88	87	88	90	87	82	83	84	92	85	84	84	87	89	88	86	91	85	91	84	87	89	84	83	88	85	87	88	85	88	83	83	82
12	21	19	13	20	13	21	18	16	15	21	20	18	22	21	15	19	21	15	20	17	16	17	12	21	13	14	13	13	14	14	20	18	15	14	21	22	21	17	21	20	19	20	19	21	13	17	14	19	16	18	14	22	15	16	13	20	15	18	18	13	22	21	18	12	19	13	19	12	18	15	21	21	19	16	19	19	22	21	21	16	15	18	21	14	17	17	18	12	15	15	17	20	18	19	18	17	17	17	22	17	21	20	20	19	14	15	19	12	19	16	17	22	20	19	19	19	17	19	13	20	18	14	19	20	17	15	18	18	19	12	14	14	14	19	16	17	20	16	19	22	16	17	15	17	13	20	19	16	22	22	17	14	13	18	14	13	15	15	17	18	13	14	13	12	16	18	15	14	15	22	22	15	13	19	21	13	14	17	20	12	14	14	14	18	21	15	19	12	21	13	22	14	20	19	22	19	16	15	15	18	12	19	21	20	16	17	12	20	13	14	14	12	14	16	12	18	17	21	13	18	21	15	20	18	14	16	12	14	21	12	21	13	16	21	16	12	17	15	19	22	16	18	19	12	16	20	18	21	13	14	18	14	19	20	16	15	17	16	21	16	18	14	13	16	16	12	21	13	18	14	15	14	13	13	13	19	18	19	13	14	17	12	12	14	18	17	22	20	14	16	21	20	17	13	13	14	17	15	17	16	15	21	16	18	21	18	12	13	13	14	15	15	21	21	17	15	15	21	18	14	14	18	19	20	14	18	14	15	16	14	14	20	21	21	21	13	21	20	12	19	13	20	14	19	13	12	21	12	20	17	17	18	18	18	14	13	17	20	14	20	22	14	12	15	19	13	20	17	13	22	12	20	14	14	17	12	14	14	20	16	12	14	21	22	17	13	18	19	20	14	19	18	15	13	16	19	17	12	18	19	16	17	12	16	16	18	21	19	20	13	19	20	16	22	20	19	21	14	16	18	14	19	22	18	17	13	19	17	21	19	14	22	13	21	15	12	15	22	18	21	16	16	19	20	15	20	20	22	21	14	16	17	19	13	15	17	21	19	22	16	13	20	16	14	18	19	16	21	15	17	13	18	20	14	17	21	18	14	16	21	13	14	22	15	18	19	18	13	16	20	18	22	21	17	14	21	17	13	22	19	14	13	14	17	14	14	12	20	13	12	16	15	16	14	13	13	18	14	16	15	21	18	21	17	20	15	17	17	13	12	16	13	16	17	21	20	15	13	16	17	16	22	14	16	17	17	19	14	18	19	22	19	21	20	21	16	16	18	22	22	19	14	20	12	20	12	15	21	12	18	12	13	20	20	16	13	17	13	18	17	18	15	15	18	12	17	19	14	18	12	18	12	18	15	14	14	12	18	21	21	13	20	18	15	21	15	18	21	15	18	15	21	15	14	17	13	14	17	14	19	13	18	13	21	21	22	21	16	18	21	13	17	18	13	12	14	19	15	17	18	21	14	17	16	14	16	17	19	20	17	19	14	13	18	13	16	15	15	13	14	20	17	20	21	21	14	15	16	14	22	20	12	21	19	18	20	20	13	20	22	20	12	16	17	17	12	17	14	20	21	19	21	14	17	16	20	20	17	20	18	15	18	15	20	18	19	15	13	22	13	20	17	17	13	20	20	18	17	20	15	19	19	13	17	13	18	20	16	15	14	17	20	22	17	14	14	12	17	18	17	19	21	19	21	18	15	16	17	14	13	17	15	16	15	14	20	21	17	13	19	19	15	22	19	18	16	17	20	20	21	18	21	21	17	15	13	16	14	16	13	15	14	20	15	17	21	17	20	21	16	18	17	18	16	21	17	21	14	14	17	16	14	17	19	18	19	16	18	17	16	16	19	13	19	19	15	19	18	14	15	21	19	18	13	12	20	13	17	16	12	19	16	13	16	20	13	17	22	19	20	17	15	17	13	12	15	17	15	21	17	22	15	14	15	22	21	16	13	21	13	19	14	13	15	18	19	18	13	14	19	13	18	21	14	19	20	19	16	18	13	19	15	14	19	12	15	21	17	16	15	21	20	21	16	16	18	14	17	15	13	17	19	19	13	20	20	17	15	16	22	14	15	19	17	13	12	14	13	14	19	20	22	15	21	18	16	19	13	22	18	16	15	22	14	13	13	13	14	20	14	18	21	16	17	20	19	13	17	17	19	21	13	18	17	18	20	15	16	17	22	15	14	21	12	13	19	19	16	21	19	17	19	14	19	14	16	18	16	22	14	19	16	22	16	18	19	13	21	16	17	14	16	16	19	17	13	15	19	21
103	105	107	103	104	109	106	103	100	100	106	104	108	100	108	107	102	100	101	106	101	105	102	100	100	108	106	107	101	108	105	101	106	105	106	101	106	103	99	107	107	107	100	104	105	104	100	103	100	107	99	104	105	103	104	106	103	108	101	103	102	102	104	104	103	101	108	105	107	109	107	105	105	100	107	101	109	102	108	104	106	103	104	108	103	105	108	101	106	104	101	100	107	109	108	107	107	108	100	106	99	107	102	100	101	105	102	104	108	105	103	99	105	101	99	107	101	105	105	108	105	103	103	105	108	103	104	102	107	106	101	103	101	106	101	100	105	102	104	108	101	107	100	107	104	105	104	100	107	100	109	101	108	107	108	103	109	100	107	106	101	107	104	100	104	100	109	108	107	101	99	103	103	100	99	107	107	106	108	107	99	104	108	108	103	109	108	104	109	107	103	106	101	108	102	106	105	104	109	103	108	108	102	99	104	108	103	108	101	102	105	108	108	104	108	103	103	103	107	108	104	100	102	107	105	108	103	101	102	103	105	101	101	106	101	102	101	102	105	104	99	102	102	108	103	107	101	108	108	106	102	102	100	100	100	108	106	109	108	100	106	104	103	103	108	104	108	107	104	108	100	103	105	104	109	107	103	108	100	108	100	102	99	102	99	105	102	101	99	104	108	107	102	103	99	107	108	105	104	104	105	105	102	101	107	104	106	100	104	102	105	108	101	101	102	104	102	99	100	108	106	102	100	104	104	106	102	101	106	104	101	103	106	102	105	108	107	102	100	104	100	101	99	107	99	108	101	102	105	102	100	108	104	99	107	101	100	100	106	107	107	101	100	102	104	103	103	101	105	101	100	107	100	106	109	106	107	108	100	108	101	104	107	104	108	103	102	103	102	105	105	101	107	101	107	108	100	100	106	105	107	100	107	103	100	104	99	101	103	104	108	107	100	102	107	108	102	101	102	100	106	101	103	103	101	100	107	105	107	104	103	100	106	107	99	100	99	104	102	103	99	102	101	106	108	103	105	105	102	107	100	102	100	101	104	105	105	108	108	105	107	104	103	107	106	109	106	99	106	107	101	100	109	108	104	107	100	102	104	99	106	102	100	108	107	108	105	103	99	102	104	101	103	105	106	107	103	105	108	103	100	101	100	106	103	100	108	104	106	99	108	100	105	99	100	101	101	100	105	103	105	106	101	105	108	101	109	105	107	101	104	108	109	99	106	108	101	105	103	102	104	102	102	109	106	108	102	103	102	103	109	107	106	103	106	106	103	108	101	105	100	101	101	103	102	101	102	109	106	106	105	107	108	109	106	103	105	101	106	99	107	109	105	106	108	103	104	106	102	106	105	104	101	103	102	103	104	107	100	108	108	101	103	102	101	99	104	105	104	102	105	109	105	106	107	100	104	109	101	108	108	104	103	106	101	105	107	103	106	105	107	100	107	107	100	106	100	105	103	108	102	108	100	106	102	107	103	104	101	108	109	105	107	107	107	100	102	104	106	107	103	104	103	101	102	106	102	105	101	103	107	100	102	100	103	107	109	105	101	106	99	101	100	101	103	100	103	106	102	103	105	108	103	102	104	101	104	105	108	102	100	109	107	105	100	106	105	106	104	108	105	106	104	100	104	107	109	103	103	103	101	107	104	102	106	102	104	103	107	100	104	100	106	106	101	103	102	101	100	105	105	103	107	108	103	108	105	101	104	104	100	104	109	105	103	108	108	107	108	103	108	106	107	105	102	104	108	102	101	100	105	103	106	109	100	108	106	102	107	100	102	103	104	100	101	100	103	100	105	101	100	102	108	105	103	101	102	102	104	102	109	101	99	104	103	104	103	103	106	101	103	109	109	106	108	104	109	101	99	106	106	106	107	104	104	100	103	106	108	107	108	106	103	108	100	105	108	104	100	104	105	106	103	107	105	107	107	108	102	99	105	102	108	105	100	107	106	107	108	103	106	103	107	105	109	105	106	107	105	108	109	107	108	107	101	101	105	100	104	104	101	105	107	103	107	100	102	105	105	107	107	103	102	100	100	102	103	106	102	100	105	106	106	101	104	107	106	107	101	100	99	99	106	104	101	106	100	102	106	108	105	104	104	100	107	106	100	105	108	99	106	106	107	100	100	107	102	103	109	103	107	106	103	104	108	99	101	100	102	105	103	106	104	109	108	105	108	101	107	106	100	104	104	108	106	105	101	107	99	101	104	108	105	100	101	100	104	101	102	106	104	101	105	100	103	100	102	103	105	105	105	104	102	99	100	102	106	100	109	103
90	95	92	92	93	91	94	91	91	91	95	90	88	91	91	90	95	95	95	94	90	90	89	88	92	88	94	88	94	88	94	89	91	89	95	93	92	87	88	91	91	88	89	92	93	90	94	91	88	95	95	92	93	86	95	95	94	96	94	93	94	90	91	95	86	88	89	93	93	92	95	94	86	96	91	93	95	92	91	94	93	95	86	95	87	93	93	94	90	94	88	89	96	94	93	94	93	95	90	96	89	90	88	90	91	87	92	88	96	87	92	91	88	94	91	92	87	88	92	87	88	95	86	89	88	88	95	93	93	92	93	90	88	89	87	87	90	91	88	92	93	95	95	88	88	93	86	93	87	88	87	89	92	94	88	87	91	87	87	91	86	95	90	92	90	93	95	93	91	96	95	95	93	86	95	91	92	88	94	90	94	90	87	93	94	90	87	92	86	91	95	95	89	88	92	94	89	91	93	93	94	90	87	89	93	89	92	91	87	91	91	94	90	91	95	91	90	86	91	90	88	88	89	93	92	90	86	92	90	90	89	90	93	86	86	93	88	88	91	88	94	91	88	87	95	92	93	92	88	88	88	90	90	91	95	88	86	94	92	89	90	93	94	86	86	86	88	94	95	93	91	95	94	88	94	92	96	94	91	91	87	95	87	93	91	88	89	86	96	95	93	94	86	88	86	92	92	93	96	91	91	94	88	92	92	88	90	92	94	94	92	87	96	87	95	90	89	92	93	87	93	93	91	91	93	93	93	94	94	95	88	86	95	94	95	95	95	90	88	90	91	96	90	91	86	93	95	94	88	86	93	94	88	94	91	91	95	89	94	89	87	90	90	92	92	91	91	88	91	90	87	91	88	92	87	86	86	89	95	89	94	90	89	93	94	87	87	96	93	91	95	91	90	90	91	88	94	91	92	90	94	94	94	87	96	95	94	86	92	91	88	87	92	94	93	90	95	95	92	90	86	94	91	86	86	86	89	94	90	90	89	92	87	95	90	89	96	89	90	87	95	95	94	87	91	96	93	93	95	94	94	90	95	90	95	92	87	89	93	92	91	87	95	90	88	95	89	89	95	93	91	92	87	90	93	95	89	93	94	93	93	94	95	87	88	88	96	93	87	96	88	93	87	91	96	90	91	91	96	91	91	95	89	90	91	87	89	95	87	87	92	89	93	91	92	92	87	89	92	90	95	92	88	90	88	88	90	91	94	95	90	89	95	92	87	93	87	90	96	86	89	96	91	89	89	94	90	87	93	90	87	95	88	95	93	89	90	89	93	89	91	91	94	95	87	92	92	88	94	87	88	92	88	96	91	93	91	88	95	94	94	87	88	93	89	86	91	89	92	91	87	96	89	88	89	91	86	88	93	92	95	94	88	93	92	94	92	86	92	94	95	96	88	92	92	94	93	95	93	90	93	91	91	91	95	95	93	90	89	92	95	94	94	95	94	90	91	94	95	91	88	87	91	95	90	87	93	91	88	88	86	88	91	90	95	94	87	89	95	95	96	90	93	96	90	88	95	87	93	90	92	95	94	90	94	88	89	91	88	92	94	89	90	96	93	87	94	91	90	95	87	92	87	87	96	96	91	86	93	86	94	92	96	88	93	87	87	91	91	95	86	94	94	87	96	88	94	90	86	95	94	90	90	86	92	92	92	94	92	87	89	94	88	96	89	92	87	95	92	93	94	89	92	90	91	96	86	88	86	89	91	91	96	93	95	95	89	93	95	91	89	95	94	88	91	93	95	90	93	95	94	94	96	91	92	92	94	92	93	87	92	90	91	88	90	92	89	95	92	86	95	91	87	91	95	90	87	91	95	90	92	92	95	88	87	89	89	87	88	95	91	96	87	88	89	87	93	93	89	94	95	90	96	91	89	91	91	90	94	96	92	88	93	86	86	95	94	93	95	88	93	92	94	94	90	94	89	92	93	90	90	88	91	96	87	95	93	90	94	88	92	96	88	91	93	95	88	89	86	92	86	87	91	93	88	89	88	89	86	86	96	91	86	90	87	93	94	89	93	94	92	86	88	89	95	95	94	88	86	96	94	89	88	87	90	95	90	92	88	89	93	89	89	93	93	90	95	91	90	89	86	88	94	96	93	89	92	93	89	91	91	88	92	88	87	92	88	89	88	93	90	89	86	88	96	92	90	89	87	95	95	90	87	94	95	89	89	94	94	96	89	88	88	89	88	93	95	96	90	93	94	86	91	86	91	92	92	95	87	93	88	95	94	88	93	90	88	88	86	90	89	96	96	94	91	94	88	87	95	89
76	75	72	73	77	76	77	71	77	71	68	70	71	69	77	72	69	73	75	75	71	78	71	75	70	71	75	72	72	75	70	69	71	76	71	78	70	71	78	77	75	78	72	70	69	74	73	75	69	68	74	72	72	72	75	75	71	78	69	75	76	75	75	72	78	71	75	74	75	71	77	69	77	75	72	71	70	74	78	72	71	77	78	73	73	73	72	68	71	77	74	73	77	76	70	76	74	76	76	69	75	72	69	74	72	74	76	71	74	71	71	77	70	72	78	73	68	73	75	76	69	76	75	73	70	69	71	72	73	69	75	73	72	76	70	78	68	74	72	73	77	73	73	72	77	76	71	73	72	76	75	78	77	72	74	71	78	72	72	76	75	73	72	71	72	69	68	69	74	76	73	72	77	76	76	71	76	78	73	70	72	69	76	77	78	72	77	77	69	77	73	75	70	69	68	74	72	76	75	73	69	74	73	71	70	75	75	75	73	73	70	73	71	75	75	73	77	74	76	73	73	74	77	72	68	77	69	74	78	72	77	76	68	68	77	69	74	77	77	78	69	69	72	76	70	70	77	71	77	77	74	70	77	78	77	76	75	74	74	76	74	72	75	70	68	74	71	72	76	71	69	76	70	73	71	73	71	77	74	72	72	76	72	70	68	68	76	75	71	74	75	76	72	70	71	77	69	77	72	74	76	76	76	71	73	77	72	68	75	77	74	73	73	71	74	73	71	72	71	71	78	68	76	75	76	75	77	74	77	74	78	69	75	73	69	69	76	69	77	75	73	71	77	73	69	72	73	70	75	73	73	71	69	69	75	75	76	68	71	69	71	71	70	68	73	75	71	76	75	68	70	70	75	70	77	71	69	76	75	75	73	77	71	76	70	75	68	75	77	71	72	74	77	74	76	75	78	71	74	74	71	72	72	73	73	70	75	70	77	77	78	72	75	77	78	72	72	77	71	68	75	72	75	69	74	68	75	75	71	70	76	75	75	75	76	75	70	77	77	75	76	68	73	69	73	72	74	75	71	73	77	69	76	69	68	77	76	77	70	76	69	71	75	72	75	71	75	77	68	71	72	71	74	78	74	78	69	74	70	73	68	69	77	69	69	71	76	69	75	71	76	73	72	77	70	68	72	76	68	68	69	71	76	74	76	72	70	68	70	74	76	68	70	75	78	76	72	76	70	74	70	78	69	74	68	77	77	73	68	71	68	76	72	72	71	70	68	70	72	76	69	78	78	69	69	70	72	70	69	73	76	71	77	76	70	75	75	76	71	73	70	75	75	72	73	74	75	71	75	75	75	73	73	69	77	72	77	75	70	69	77	77	76	74	74	77	72	69	73	73	78	73	74	78	77	74	76	77	73	70	75	76	78	71	75	72	73	69	73	76	78	74	71	69	74	70	76	76	71	69	72	75	73	73	78	75	68	78	69	68	70	75	70	73	73	73	69	71	75	69	69	77	71	69	74	68	70	78	74	71	77	72	76	71	75	76	73	73	75	76	69	69	78	72	78	73	74	69	72	71	78	77	68	72	75	73	76	72	75	74	76	76	77	69	75	73	77	68	68	71	74	73	69	73	76	75	73	76	72	75	75	73	69	78	68	76	74	76	71	77	70	75	69	77	76	77	73	68	75	77	76	71	73	76	74	70	74	70	76	71	75	78	74	75	69	73	74	78	73	71	78	74	70	71	76	69	68	74	71	70	74	72	74	69	73	76	71	78	73	74	72	76	75	73	70	70	71	76	69	73	74	71	75	70	70	73	71	76	74	77	77	77	69	70	77	75	72	72	77	75	69	76	77	75	70	75	75	70	71	72	69	74	74	70	72	69	72	69	69	71	70	76	70	68	70	76	72	72	71	69	74	70	76	70	72	68	69	74	69	73	75	75	68	70	69	75	69	76	77	71	77	74	72	75	75	78	74	75	76	72	70	72	72	74	69	68	68	69	70	73	69	74	69	69	72	72	77	73	71	72	72	72	75	77	76	68	70	70	77	75	76	68	73	74	69	72	76	78	72	70	73	73	75	74	77	70	77	76	72	73	78	73	74	74	70	69	71	76	73	75	74	70	75	75	69	74	72	77	78	75	70	69	76	70	75	74	69	70	78	71	69	76	76	75	73	71	73	71	70	71	77	77	70	73	77	70	75	77	68	75	70	77	72	74	77	74	74	68	77	68	76	77	70	75	77	72	74	74	69	69	70	73	75	77	76	78	72	74	71	76	72	72	76	74	78	71	70	70	77	74	78	68	70	77	72	74	69	74	69	69
77	74	79	75	83	78	80	77	73	78	77	75	77	82	83	83	81	78	75	78	77	75	77	74	73	79	79	82	80	73	82	81	81	83	79	73	80	78	79	81	81	77	83	75	75	80	81	75	82	75	78	75	73	80	75	73	76	83	81	74	75	82	76	80	77	74	81	77	82	79	81	78	78	75	74	78	81	73	75	81	76	77	78	77	80	76	80	73	75	75	73	76	74	77	82	75	78	75	79	76	74	78	83	78	76	75	75	81	74	81	81	75	75	76	83	77	76	82	81	79	76	82	82	78	76	76	73	74	78	81	76	77	74	81	79	76	80	81	81	76	80	80	74	77	76	75	80	74	82	74	76	74	75	76	78	75	83	75	80	82	81	77	79	82	77	82	82	79	79	81	76	77	78	79	73	75	76	76	82	82	82	75	83	78	79	83	76	82	77	82	73	75	83	82	79	73	76	76	80	77	74	79	77	74	78	77	80	74	76	74	74	75	76	73	83	81	81	76	75	76	75	77	74	82	78	74	80	80	81	83	74	80	75	78	81	81	78	76	76	81	73	80	75	80	83	76	82	75	77	81	74	77	75	81	78	80	80	78	82	77	80	75	80	82	82	80	81	83	82	79	77	77	73	82	73	82	81	73	78	80	79	73	79	76	82	73	81	75	80	77	77	78	81	81	80	74	75	76	80	83	77	79	76	75	79	80	78	82	78	77	76	78	80	79	82	74	83	76	74	78	78	81	77	78	82	73	80	80	82	79	78	73	73	77	73	78	74	76	82	75	81	81	83	74	81	75	76	79	80	83	81	82	79	80	75	80	73	82	82	78	80	79	74	81	80	76	77	78	80	82	73	81	76	83	77	78	79	82	82	74	82	79	79	79	76	76	75	78	78	82	79	80	83	74	83	75	80	74	78	76	81	77	81	75	82	80	77	82	82	79	76	76	78	82	76	74	75	74	75	75	78	80	73	83	78	76	77	74	80	81	74	77	79	78	81	78	76	74	74	76	75	80	75	83	82	78	74	78	76	75	76	77	80	82	73	81	76	75	76	78	78	76	79	80	79	77	75	81	75	74	74	79	75	76	76	82	77	75	74	73	82	76	73	78	75	80	78	81	78	74	74	74	74	75	82	77	82	74	76	82	81	75	76	77	83	73	78	74	78	78	78	82	78	79	77	77	74	73	78	81	82	78	77	79	77	80	74	73	77	73	74	77	77	82	76	79	80	81	80	81	82	80	74	76	78	81	78	78	74	79	77	73	74	79	77	81	79	75	76	76	76	81	76	80	75	76	77	76	76	80	79	81	80	75	77	75	74	77	83	77	76	82	82	76	74	76	83	83	76	79	77	82	83	82	80	81	74	73	83	83	77	79	83	81	79	79	78	81	82	76	82	81	81	77	76	81	82	79	73	78	83	77	76	77	80	80	77	73	81	81	78	82	83	74	75	76	78	76	83	74	77	81	80	82	80	75	83	78	76	75	80	78	80	75	82	82	74	81	75	82	76	78	81	77	77	79	74	76	75	74	81	76	74	78	79	78	73	75	82	77	77	80	79	80	74	77	76	81	75	79	74	80	81	77	74	73	79	79	80	77	75	79	83	80	82	77	73	74	74	77	74	79	81	82	73	82	74	75	73	81	75	81	82	77	79	79	73	82	81	79	75	77	82	75	74	74	81	79	79	74	75	76	80	74	82	75	82	82	78	75	75	78	74	75	75	74	74	83	77	75	73	78	81	79	79	83	74	76	76	79	81	83	73	75	74	79	75	75	78	81	73	81	81	77	83	75	74	79	81	76	79	79	79	81	77	81	79	74	83	76	73	82	77	79	78	82	78	78	75	77	77	78	83	77	73	77	80	73	75	78	79	81	76	73	77	83	73	76	79	75	79	82	79	79	82	78	78	81	82	76	81	81	79	78	77	77	74	82	77	73	73	75	73	77	74	73	79	82	81	80	83	78	80	79	82	75	82	75	76	75	73	77	73	81	79	74	75	75	74	74	80	75	76	73	80	82	80	77	80	83	82	73	79	75	80	73	75	78	74	79	79	79	83	79	82	81	81	77	76	76	80	73	78	75	77	76	73	82	74	80	77	81	73	77	76	82	80	82	78	77	79	74	77	77	75	76	78	80	80	81	73	76	81	78	79	76	82	80	80	76	74	74	75	81	77	75	78	80	81	74	80	76	80	77	81	81	78	77	81	77	77	82	80	77	74	82	73	81	74	77	81	76	81	81	78	83	80	82	75	80	76	77	81	78	76	76	74	78	77	76
41	46	40	48	44	46	49	49	44	42	45	40	45	43	46	48	41	47	43	44	48	44	41	40	45	44	50	49	44	50	44	43	50	47	50	40	48	50	49	49	43	43	45	42	46	41	40	43	47	43	42	48	42	44	41	50	47	42	43	46	48	41	45	42	41	41	43	50	47	42	43	41	41	47	40	44	47	41	40	48	43	50	44	45	49	47	42	45	46	44	44	46	42	48	46	45	41	43	44	48	43	44	48	46	40	49	45	49	46	40	41	45	41	48	42	49	50	47	47	47	46	42	45	43	46	41	40	46	45	46	41	50	41	41	49	48	43	46	48	42	44	43	46	43	41	42	44	42	43	47	44	45	48	41	49	40	50	45	43	45	42	46	45	44	42	47	41	43	41	41	46	42	50	45	46	42	42	43	40	44	41	45	43	47	49	41	44	41	48	49	49	44	49	47	40	49	47	42	46	41	49	41	42	40	43	49	43	46	46	50	48	45	47	48	49	41	43	42	42	43	43	43	42	50	45	41	49	49	49	41	44	48	43	46	48	45	46	46	49	50	41	44	44	41	48	48	41	47	42	49	47	47	46	48	46	43	47	48	47	47	41	50	41	48	46	49	42	42	42	50	40	41	45	40	42	48	42	46	50	41	43	44	47	43	50	49	42	41	41	46	48	42	49	40	43	50	45	43	48	45	44	44	44	49	49	42	43	41	43	47	44	48	46	41	41	44	44	46	46	47	42	48	42	43	49	43	42	48	41	41	50	43	44	48	48	41	41	45	42	47	44	48	42	49	41	49	42	49	50	43	48	45	50	45	43	49	40	42	45	49	48	46	44	48	48	44	50	45	43	41	44	49	47	42	44	45	41	41	45	41	46	47	48	49	48	41	49	47	43	44	45	45	47	43	42	44	47	44	48	41	48	45	45	48	46	42	46	42	42	41	46	49	44	46	46	42	44	44	49	47	46	41	49	47	45	40	42	44	49	43	40	44	47	45	45	42	48	43	46	41	46	43	48	42	42	41	46	46	48	48	49	41	42	45	47	49	50	47	47	50	43	47	46	42	47	43	44	41	44	47	50	46	48	42	45	48	47	49	40	42	46	46	40	48	49	49	41	46	43	43	48	46	41	43	41	42	42	49	43	46	44	45	42	47	46	45	45	43	49	47	48	47	41	42	44	47	42	46	46	47	41	49	50	49	44	41	43	47	45	43	48	49	50	41	40	45	48	47	44	42	44	41	47	44	44	43	43	45	47	44	41	48	43	48	44	43	49	43	48	45	45	50	45	46	48	48	43	41	49	40	44	46	47	47	45	43	44	46	45	49	47	44	44	47	44	44	45	44	48	49	49	46	47	41	43	42	41	44	41	47	41	46	41	41	46	45	49	45	41	43	46	47	42	45	40	40	42	50	41	44	40	43	47	46	44	47	42	48	50	49	43	43	43	44	48	41	41	45	47	48	46	46	48	45	46	43	48	49	40	44	40	47	49	44	48	41	41	44	46	42	47	45	45	41	44	48	44	40	42	49	47	43	43	41	49	44	47	43	43	49	48	43	50	49	44	45	44	45	46	47	41	49	41	41	46	49	49	50	44	45	45	48	48	49	43	41	49	45	45	50	45	47	46	45	43	42	49	46	43	48	42	43	47	47	48	44	45	49	43	42	43	42	45	45	47	46	41	46	41	48	41	43	47	49	49	47	44	40	45	49	46	44	48	43	43	50	45	43	49	46	43	49	43	48	41	40	50	47	42	46	44	46	48	41	50	43	47	43	49	45	47	43	46	47	41	50	48	49	45	42	43	41	43	43	43	42	48	45	40	41	44	50	46	44	43	46	45	42	48	49	44	42	44	47	45	47	50	41	49	49	45	42	49	45	47	45	44	40	48	47	47	49	41	47	50	43	43	40	43	45	46	45	50	43	44	41	42	43	45	49	41	41	42	43	43	48	48	40	44	44	49	49	49	42	48	48	45	49	44	42	47	46	42	41	41	44	42	45	41	47	44	41	41	50	43	44	44	43	45	41	45	46	50	45	44	46	47	44	43	41	46	43	41	40	49	46	50	45	46	41	41	41	44	47	42	49	47	43	47	46	43	43	41	47	45	46	47	46	44	44	49	46	46	43	46	48	48	41	40	44	48	47	45	42	50	47	49	49	50	44	49	44	43	42	41	44	44	46	44	46	50	41	42	48	49	49	40	45	41	42	50	43	41	44	47	40	49	49	48	48	46	45	42	43	42	47	41	43	49	50	44	48	47	41	40	45	45	48	42	46
68	64	64	61	66	66	66	63	61	66	61	68	63	62	64	64	62	65	65	65	66	61	63	67	61	65	68	65	61	66	62	66	67	67	65	64	64	69	68	59	64	64	64	64	67	68	67	68	68	65	62	62	62	65	68	63	61	67	66	62	67	61	60	62	65	69	66	67	68	67	68	62	67	67	68	65	64	59	63	59	60	63	64	66	63	62	60	61	64	64	68	65	69	66	60	68	69	61	65	69	62	62	61	61	59	66	65	64	65	65	68	60	65	64	65	68	65	65	60	59	66	69	60	69	59	62	68	60	66	66	65	59	65	68	62	61	69	68	67	69	63	63	66	59	62	62	61	60	59	60	61	63	61	64	60	68	60	60	65	59	65	63	60	65	68	63	67	69	66	61	60	60	61	67	68	61	64	61	69	64	64	67	63	68	68	63	67	60	60	63	66	62	62	61	64	63	65	67	64	61	62	68	60	59	64	60	61	63	60	63	63	65	65	60	67	68	60	66	61	60	61	66	66	64	62	68	61	61	62	60	60	64	63	60	59	59	65	67	66	60	63	61	68	62	64	62	62	67	68	63	60	68	64	68	62	59	60	61	62	68	67	65	69	61	66	67	62	59	59	69	67	62	65	66	60	62	60	63	62	64	64	64	59	69	63	61	59	65	61	65	64	62	59	68	61	62	64	60	60	68	68	60	68	69	60	60	65	62	62	64	65	60	63	61	60	62	60	65	66	61	59	61	63	59	64	60	69	68	62	63	62	69	61	64	63	63	59	69	63	60	67	68	64	63	61	68	64	65	67	62	65	64	61	67	62	68	68	59	67	62	64	67	62	62	62	60	62	61	69	63	67	65	68	68	62	66	69	68	68	66	69	66	64	61	65	69	59	69	59	68	68	59	63	65	67	64	62	64	67	62	64	62	65	64	62	63	60	62	59	63	67	60	65	68	61	68	64	63	63	63	66	59	60	60	66	64	62	64	60	60	63	61	63	68	66	62	64	68	67	63	61	65	61	62	60	69	59	63	67	62	67	69	60	67	68	69	60	65	67	60	60	61	60	65	68	66	61	64	67	65	66	67	60	62	61	69	64	60	65	59	60	68	64	69	60	61	67	65	61	63	66	62	69	60	66	64	63	61	60	68	60	61	59	62	62	67	68	59	60	63	61	65	67	68	68	60	64	62	60	66	67	64	65	65	67	63	63	65	67	64	65	63	61	63	63	65	61	60	64	65	61	68	59	68	67	63	60	67	65	65	66	63	61	61	67	61	66	63	60	64	68	63	66	59	65	62	61	60	67	64	68	67	64	66	60	66	64	62	68	65	65	62	66	69	59	59	68	67	67	65	66	68	62	66	64	61	61	66	63	69	66	66	65	62	63	69	63	62	66	65	65	59	61	64	65	62	63	64	61	60	65	67	68	63	64	59	64	68	63	63	61	60	64	59	66	68	63	66	60	64	64	60	60	69	64	60	59	62	61	66	63	61	67	69	64	59	61	68	60	69	65	68	64	59	61	63	66	59	66	65	63	66	64	68	60	64	68	63	67	63	66	65	65	68	63	62	66	67	67	66	61	66	59	59	62	65	67	66	65	60	68	59	65	63	62	63	61	65	66	65	63	69	61	64	66	62	60	64	62	62	67	60	61	67	65	68	66	66	67	69	64	69	60	67	63	59	60	65	64	65	67	65	65	61	62	66	62	61	60	68	60	67	67	60	64	62	60	63	69	61	61	66	59	61	65	64	59	61	69	63	60	63	64	67	66	67	66	61	59	61	67	64	69	63	65	61	66	68	61	68	60	66	63	66	63	60	61	62	65	62	62	63	61	66	61	68	60	63	67	60	60	62	60	64	66	68	59	62	67	67	61	64	59	68	65	63	60	60	68	64	68	62	60	64	61	63	62	64	66	60	66	61	65	68	61	60	60	68	62	61	66	62	59	63	66	65	67	66	64	66	65	66	66	66	63	60	68	62	65	64	67	68	65	69	63	68	67	67	67	60	60	66	60	66	61	67	66	65	69	67	64	65	65	62	63	64	62	62	64	62	67	61	61	69	65	61	61	64	61	62	62	68	63	60	59	60	61	69	65	68	69	64	62	64	68	68	62	62	62	67	67	66	66	63	67	60	68	67	67	69	66	65	63	65	64	63	62	63	61	63	60	67	63	65	63	61	69	61	62	66	65	59	67	64	64	66	66	63	69	67	65	61	60	69	65	69	59	64	65	62	69	64	68	61	68	66	60	60	64	63	65	68	64	61	66	64	64	63	65	61
94	86	88	86	86	88	94	86	93	94	88	88	86	86	91	91	91	92	86	87	92	89	90	95	87	93	85	90	85	88	94	88	88	90	92	88	90	91	87	91	93	89	87	86	89	94	88	87	91	89	85	86	93	92	91	86	86	89	93	92	85	87	89	90	93	86	90	91	87	91	93	90	92	90	85	93	89	87	90	91	90	88	87	93	90	85	85	86	85	93	87	85	86	92	95	89	91	95	92	92	91	87	91	89	93	92	89	90	86	87	92	92	93	86	90	90	89	94	88	88	88	86	91	93	89	88	90	85	94	87	90	91	88	92	90	91	93	85	90	95	90	87	87	93	89	90	91	89	92	95	89	90	93	94	85	94	93	90	89	86	92	91	86	92	92	86	93	90	92	90	92	88	93	88	87	85	92	89	88	94	86	93	87	91	88	88	88	87	86	85	86	94	86	94	86	94	91	92	88	92	89	86	90	91	87	87	87	94	92	89	86	91	87	94	88	92	93	86	89	86	94	91	89	94	87	95	92	88	86	91	91	94	87	92	87	89	85	95	90	87	91	90	87	87	93	93	91	92	86	92	93	91	94	87	94	87	94	85	91	90	91	91	88	89	93	85	88	85	88	89	87	90	87	87	94	90	92	94	86	87	89	87	87	85	87	88	89	85	92	92	91	86	93	89	85	93	93	92	88	91	93	89	89	88	94	90	88	88	86	87	91	85	94	88	93	93	89	87	93	91	93	94	87	89	87	85	89	89	86	91	87	90	93	94	93	91	86	85	90	91	91	89	89	87	87	87	92	91	92	85	86	88	90	95	91	90	92	91	92	90	95	88	95	85	88	87	93	86	94	92	85	89	86	94	94	94	87	88	95	90	85	92	89	93	94	86	92	93	87	94	89	86	90	94	87	89	92	87	86	91	85	87	91	92	94	89	89	93	92	89	92	86	86	89	91	88	94	94	87	92	95	87	92	85	91	90	87	86	89	86	89	92	91	88	88	90	91	89	95	94	90	94	86	87	91	91	86	95	95	90	90	86	89	87	92	91	86	89	95	87	90	88	93	92	93	86	89	89	92	86	89	93	92	87	86	85	92	92	95	94	90	91	93	86	90	88	95	89	91	92	87	92	93	87	91	85	88	85	93	89	90	86	94	91	95	85	92	93	91	92	87	87	92	92	94	90	89	89	93	87	88	94	91	93	87	92	90	94	92	94	94	94	95	89	90	92	85	92	90	89	87	87	93	92	90	85	85	93	95	88	95	88	91	93	87	89	88	89	85	94	94	90	90	93	85	94	89	85	89	88	95	94	85	88	90	86	92	91	87	93	90	93	88	88	85	87	86	93	94	87	91	91	89	92	85	90	92	95	95	86	92	93	90	86	92	88	90	87	85	90	90	85	86	93	94	89	94	85	86	86	85	93	88	93	85	87	89	94	86	90	91	85	92	90	94	89	90	92	88	93	86	89	94	92	88	86	95	87	85	88	91	88	90	95	94	89	85	86	86	90	85	85	95	90	88	95	90	89	93	90	89	85	89	89	90	95	85	93	92	87	91	85	87	87	86	90	90	89	93	90	86	88	93	87	92	89	94	89	90	88	87	94	87	93	90	90	93	94	90	89	90	95	93	92	86	85	92	89	94	88	91	86	86	90	93	87	90	91	92	87	95	89	86	88	88	91	88	88	94	86	94	94	94	93	89	90	86	93	90	91	87	87	89	91	86	92	86	92	92	92	91	94	92	93	89	93	91	91	86	90	87	91	88	86	89	86	86	89	91	85	91	90	86	93	90	93	89	85	89	93	89	94	94	85	89	92	89	94	88	91	93	94	93	94	89	89	85	88	90	88	89	86	94	89	88	87	87	86	85	86	92	95	88	86	91	91	87	90	88	92	94	87	90	87	94	85	94	93	89	95	92	95	87	87	86	86	91	86	91	93	91	90	86	90	88	85	90	87	93	86	86	92	95	85	90	85	90	92	94	94	93	88	85	92	86	90	92	86	91	90	86	88	94	87	93	86	93	94	86	89	87	91	90	91	95	87	87	85	92	88	90	94	86	87	92	86	92	87	94	88	88	87	88	94	95	93	93	94	93	87	94	88	89	92	85	86	94	94	85	90	90	93	91	89	85	92	85	86	93	94	88	88	94	94	87	88	94	92	95	91	93	94	92	88	91	89	87	86	91	92	88	91	93	85	95	94	86	94	91	90	87	93	94	86	85	86	95	92	87	91	93	88	95	89	85	88	90	94	93	94	91	90	92	87	92	85	92	91	87	90
16	14	14	10	16	15	16	10	8	10	10	15	12	12	15	12	12	13	11	15	12	8	10	10	12	10	12	10	9	7	12	17	15	16	15	11	11	10	12	11	15	15	11	8	15	15	13	14	17	16	14	12	8	10	14	9	12	10	16	7	13	14	13	16	9	9	13	9	14	9	11	14	8	8	13	13	11	7	14	12	8	15	9	10	15	11	13	7	17	8	8	12	9	13	9	13	9	7	10	8	16	13	10	11	15	7	17	8	12	14	9	14	14	10	14	9	8	11	15	14	8	15	13	14	14	12	14	10	7	12	14	17	15	15	16	15	9	10	15	13	17	13	13	9	14	13	8	14	15	16	16	8	15	16	13	9	17	11	12	15	10	11	12	17	14	14	13	14	9	16	12	9	17	13	15	11	12	15	8	8	13	12	10	7	9	9	12	16	10	16	12	8	16	14	11	17	11	8	8	12	14	7	11	14	7	14	12	9	14	13	9	13	10	10	15	12	13	7	14	13	12	16	15	12	7	14	8	11	17	15	9	8	9	8	15	15	16	14	14	7	10	16	15	13	14	10	11	11	15	8	10	13	11	10	10	16	7	12	11	10	13	12	14	15	11	8	9	11	16	8	17	13	17	9	12	7	8	10	14	9	15	9	11	15	17	14	15	13	13	15	11	9	9	16	15	16	8	8	16	13	12	15	15	10	16	9	15	10	14	9	16	9	12	8	16	16	12	8	12	12	12	16	14	16	13	14	14	8	14	13	9	12	14	14	15	16	8	16	11	8	15	9	13	7	11	8	12	17	16	17	8	10	10	15	11	8	14	14	8	7	9	15	15	11	10	17	17	14	7	16	7	8	16	9	8	12	12	16	10	9	10	10	11	10	10	10	9	8	17	13	9	14	16	17	11	13	16	15	16	17	15	14	8	8	12	11	9	12	8	14	8	11	8	8	13	9	12	9	11	12	15	11	9	14	13	16	8	10	10	17	9	12	11	14	7	11	10	12	7	9	9	9	11	15	11	11	13	15	12	10	11	12	9	7	14	15	8	9	16	8	13	15	10	7	14	9	12	12	13	9	14	9	13	9	8	8	12	13	15	8	8	13	14	11	10	11	14	10	13	16	9	15	11	15	11	13	10	15	15	10	15	14	17	8	12	15	15	15	12	9	12	16	13	12	8	14	14	14	9	17	14	8	15	8	12	15	14	11	11	12	7	10	15	11	16	16	8	15	8	12	16	15	17	8	12	7	8	11	14	8	14	10	17	14	14	10	17	16	16	10	17	16	12	10	13	17	10	10	9	12	15	13	17	16	8	15	7	13	8	12	11	8	10	8	12	8	17	13	12	12	14	10	10	8	9	14	16	8	16	7	8	16	16	15	11	9	8	12	16	9	11	14	10	11	10	12	13	13	15	17	10	12	8	8	8	10	13	7	12	13	9	13	14	12	17	13	16	10	16	11	16	10	15	14	12	13	7	9	8	16	14	8	8	12	15	13	7	14	14	14	16	12	10	13	14	14	9	9	16	13	15	8	15	10	16	17	8	15	15	10	13	16	12	13	15	9	17	16	10	16	14	11	12	13	7	7	11	12	14	10	8	12	16	9	15	9	10	14	13	8	16	16	12	9	16	8	9	11	11	12	10	11	9	13	14	7	10	9	8	14	12	14	14	12	16	17	9	14	8	14	12	15	15	16	13	10	13	15	17	11	10	11	14	14	14	11	15	10	14	14	14	11	13	14	14	15	8	9	13	12	7	13	7	14	17	10	7	14	12	10	10	13	10	10	17	12	16	14	14	14	10	9	14	10	8	7	16	9	16	14	13	12	16	13	13	11	13	9	15	16	13	15	14	12	13	16	9	13	8	7	12	9	10	9	8	8	13	10	10	17	11	12	10	13	12	13	12	12	9	13	13	12	12	16	17	9	7	17	14	9	7	8	14	14	15	10	11	17	12	16	10	17	12	8	14	7	15	7	8	12	11	10	11	11	11	10	14	8	9	12	8	14	17	12	14	15	12	10	14	9	9	14	10	12	14	10	13	15	13	12	15	11	16	9	15	12	15	9	10	11	13	8	9	16	13	16	11	8	11	14	14	8	12	16	16	11	7	15	9	11	15	9	9	9	9	13	12	16	10	10	10	12	12	16	14	8	14	14	8	16	12	16	11	12	14	13	13	12	16	16	11	15	13	8	10	9	16	11	16	8	11	10	14	16	10	15	9	8	14	14	13	10	11	14	10	8	8	7	14	12	14	16	13	9	14	12	16	16	9	14
81	85	83	85	81	83	81	81	80	80	84	85	81	84	86	79	88	80	87	82	80	88	80	80	87	82	85	87	85	86	85	89	81	83	88	84	82	79	84	87	86	84	80	83	88	88	82	88	80	84	82	88	84	88	86	81	80	87	85	88	86	88	85	82	86	87	88	88	88	86	84	84	80	80	80	81	83	83	80	87	88	87	84	87	79	84	83	88	79	82	87	87	81	79	85	89	88	80	85	85	88	80	81	88	84	88	89	85	88	84	85	87	84	80	79	85	84	86	82	81	80	89	80	86	84	80	85	85	83	85	79	82	84	85	86	82	81	85	87	82	79	87	87	83	89	83	83	84	87	83	86	84	89	87	80	87	85	82	81	83	87	85	86	84	88	84	80	85	89	86	81	89	86	85	84	84	79	86	84	85	84	81	85	88	88	80	88	87	88	83	86	80	84	86	85	87	84	88	83	87	79	84	81	83	81	85	82	80	85	81	88	89	87	82	86	87	79	79	79	83	88	83	82	84	82	81	85	86	83	86	84	84	89	84	80	85	87	82	86	80	85	83	88	81	87	80	82	88	81	89	83	84	84	84	87	87	84	82	85	86	86	83	83	79	81	79	86	84	79	87	87	87	82	84	82	89	84	80	83	82	87	89	86	85	84	81	84	81	87	81	85	87	83	80	85	83	85	87	82	84	83	84	88	87	88	85	85	82	81	84	86	88	80	83	88	81	86	85	87	84	85	81	81	88	82	79	86	88	80	82	84	85	81	89	85	89	85	89	82	83	85	81	85	86	84	82	82	83	83	84	88	88	83	79	80	81	84	88	79	80	82	79	82	83	85	88	85	82	81	86	86	88	86	84	86	83	86	88	88	80	79	87	88	83	84	82	83	80	83	87	83	85	86	82	80	88	87	88	82	86	79	87	81	85	85	83	82	88	87	89	88	85	86	79	80	82	81	87	87	82	80	83	87	79	86	83	82	86	85	87	80	81	82	81	82	86	82	83	85	87	87	85	80	83	86	85	83	86	87	84	86	87	80	85	82	81	85	87	87	85	80	80	85	86	82	87	80	87	85	86	82	88	85	87	84	85	89	86	85	83	80	81	80	84	81	79	80	84	86	88	81	79	79	80	85	88	87	80	82	86	84	79	82	89	87	85	88	89	81	84	81	84	86	84	84	82	82	85	85	79	87	89	83	88	81	83	83	89	81	80	83	79	81	84	82	79	85	88	87	79	84	80	88	84	84	86	86	85	80	85	80	85	83	81	86	83	83	86	81	87	83	88	83	84	81	86	81	81	84	80	81	87	82	82	80	88	85	84	83	86	86	83	84	86	88	84	81	88	88	88	86	80	80	89	84	88	85	79	87	86	85	83	80	81	84	88	88	89	82	88	88	86	85	86	85	87	89	83	81	87	89	82	83	87	82	81	83	79	81	82	80	87	85	88	85	88	88	89	85	81	88	80	87	83	88	87	87	87	80	81	80	87	87	82	86	86	81	88	80	85	82	88	84	79	85	86	87	84	83	85	85	83	84	84	89	88	86	80	82	84	80	81	84	89	87	84	87	87	86	81	80	83	89	80	82	85	87	82	88	86	81	88	88	85	84	83	81	86	87	88	84	85	81	80	82	86	87	88	88	84	86	87	88	86	84	89	85	87	87	85	82	83	80	83	83	84	84	85	85	86	86	82	87	81	81	80	83	79	80	88	88	89	83	88	80	84	87	88	83	82	84	82	83	85	86	85	85	80	86	83	80	85	86	85	87	85	84	80	85	81	82	87	80	88	86	86	81	85	84	84	84	81	87	85	79	81	81	83	84	88	79	87	82	83	86	83	83	82	82	81	84	82	87	81	87	80	88	82	83	81	83	87	85	85	83	80	83	82	80	82	89	84	81	84	84	86	79	87	88	82	87	89	88	83	83	88	83	88	79	86	87	86	86	80	86	82	80	82	88	84	82	87	81	86	85	82	88	82	86	80	88	85	82	80	79	84	80	83	81	85	81	82	82	84	81	88	81	82	83	88	81	79	85	82	86	85	80	83	88	87	87	80	82	81	82	80	86	85	84	82	85	86	80	88	82	79	81	82	83	84	89	80	79	87	85	88	86	82	88	87	83	82	84	86	83	81	88	88	83	84	83	81	81	84	84	83	85	84	83	88	88	88	84	79	84	86	82	82	86	83	89	86	81	88	81	83	84	84	86	86	89	87	80	89	88	82	83	85	82	86	83	87	88	86	79	85	88	81	86	82	87	86	85	87	83	81	88	80	81	88
64	61	59	63	65	66	58	64	67	67	65	63	59	65	66	63	61	60	58	67	62	61	60	66	63	64	64	64	59	65	67	68	65	68	60	63	60	66	63	63	67	65	67	60	61	62	65	68	60	67	59	61	64	58	61	59	67	67	65	60	60	65	68	66	68	62	62	61	65	64	62	59	63	58	58	60	67	63	65	64	59	62	67	67	61	65	61	67	68	61	62	62	67	59	61	61	67	58	66	64	65	61	60	61	68	62	68	61	64	58	62	65	61	67	64	64	62	65	63	62	61	67	60	61	66	62	59	62	68	60	63	67	65	65	60	65	60	66	66	65	60	58	66	65	68	64	66	64	67	64	63	64	63	65	68	64	60	64	60	61	61	59	65	60	59	65	66	64	67	65	66	62	67	58	59	64	58	61	62	61	60	62	60	67	66	63	61	68	60	60	68	67	67	58	63	59	66	65	58	63	59	67	68	65	63	60	66	59	68	62	68	61	66	68	65	59	58	61	61	59	64	62	68	65	61	63	62	59	64	66	64	67	66	63	61	61	59	63	63	65	62	67	59	61	60	65	62	67	65	67	61	63	64	60	59	63	62	61	63	59	67	64	62	64	62	62	63	60	68	64	62	61	65	64	61	63	63	59	68	60	61	65	62	62	59	58	63	60	62	60	66	66	58	67	67	66	64	67	66	60	63	60	62	64	65	60	63	62	65	60	68	65	67	66	59	67	68	64	66	60	63	65	59	66	65	60	67	60	67	59	61	67	60	63	64	64	59	68	66	61	65	64	59	63	67	58	66	58	58	66	63	59	63	58	67	63	62	65	63	59	64	60	68	63	67	64	63	66	66	67	64	63	67	68	59	59	60	64	66	59	66	65	64	65	60	62	64	61	63	58	67	64	60	61	68	59	59	60	58	59	64	68	67	62	68	58	64	61	64	62	64	60	67	67	66	62	65	65	66	61	62	58	64	59	62	61	67	67	66	61	59	64	64	61	62	59	59	64	66	61	67	61	63	62	59	62	67	60	68	60	67	66	65	63	67	62	58	65	61	63	60	66	63	61	64	64	60	66	58	61	67	62	66	66	65	64	64	65	67	58	64	64	68	68	66	62	65	60	64	67	65	66	62	61	65	65	61	61	61	67	66	64	66	65	60	58	62	59	62	58	64	58	66	66	60	64	60	68	68	66	61	66	64	58	58	59	66	65	59	65	61	67	67	58	64	67	65	63	65	58	64	67	60	67	66	66	61	66	58	62	65	62	64	63	64	65	62	66	66	60	63	67	64	67	64	58	62	65	65	63	60	67	66	62	59	64	63	63	63	66	64	60	68	61	62	60	59	62	68	66	67	61	61	63	60	66	61	65	67	61	65	65	63	61	65	66	60	61	67	60	61	59	59	67	64	63	65	64	68	64	66	65	67	65	62	64	67	61	66	62	60	60	67	63	64	67	64	62	61	59	62	68	68	64	59	66	64	65	62	61	58	60	58	67	59	61	67	60	64	67	66	60	61	67	59	59	67	63	62	64	60	61	59	60	68	61	61	65	64	65	62	64	59	64	63	60	65	60	62	60	62	68	61	66	60	63	62	63	68	62	61	68	65	63	67	63	67	64	66	67	67	61	65	67	68	61	67	68	65	67	68	62	60	63	58	62	59	63	62	66	65	65	61	61	67	63	59	61	65	60	63	62	58	65	63	65	61	65	60	62	62	66	59	62	68	59	63	58	62	65	65	67	60	61	67	58	61	67	65	60	65	65	60	60	62	60	58	62	66	62	61	67	63	62	67	66	58	64	59	64	68	63	61	67	67	61	64	68	67	67	63	68	62	64	60	61	65	66	66	67	60	63	68	59	65	61	67	61	65	59	64	63	61	67	65	61	59	67	59	59	61	64	60	60	60	65	68	62	59	66	60	67	66	60	60	59	67	64	61	62	61	67	64	61	67	59	60	62	61	63	59	66	58	63	67	60	63	66	68	63	60	65	61	62	68	64	59	60	68	67	58	65	61	68	64	67	64	60	61	67	61	65	64	62	64	59	60	64	60	67	60	68	58	60	65	64	66	66	66	63	62	63	58	61	60	65	60	58	59	61	64	63	63	63	61	60	61	63	65	67	62	62	62	67	66	62	60	64	60	68	67	65	65	61	62	61	65	68	66	64	62	67	63	64	58	58	60	66	63	60	62	62	66	63	63	68	59	59	62	59	67	65	67	66	61	58	60	61	59	59	62	65	68	59	59	66	66	67	58	60	61	62	62	65	64	59	66	61	65	58
35	43	36	36	42	37	39	44	43	42	37	44	42	36	37	37	38	42	43	43	38	40	37	39	45	38	40	36	40	39	43	37	36	40	42	39	37	39	37	41	43	38	40	39	39	37	40	44	39	37	41	35	45	41	42	45	43	37	38	45	35	45	44	43	38	43	37	37	43	37	38	44	40	41	38	42	39	42	43	37	37	39	41	41	37	40	37	41	36	36	45	38	39	37	38	36	41	38	41	43	37	44	37	43	43	37	38	41	39	44	42	43	39	41	43	41	42	44	35	44	36	45	41	38	41	40	38	43	45	40	38	41	42	37	44	45	43	40	38	40	42	35	43	43	36	43	39	40	38	44	36	40	37	43	45	42	36	42	43	42	41	39	42	39	44	37	41	42	42	45	37	41	44	42	38	43	40	45	40	38	44	37	41	38	35	40	38	38	42	35	37	38	35	36	38	44	39	45	36	41	35	44	45	38	44	37	43	38	36	38	42	39	42	40	35	41	39	44	42	35	39	41	39	44	42	38	37	38	41	41	35	41	39	38	45	42	38	36	39	42	35	40	39	38	39	37	38	41	45	42	44	38	40	43	43	42	45	38	41	37	40	38	40	43	41	37	39	43	37	36	45	35	35	41	39	37	37	43	45	38	35	38	40	36	36	42	35	39	39	42	42	36	37	45	44	42	40	35	36	44	42	35	38	40	42	43	38	37	37	36	43	40	37	35	43	40	42	35	37	36	39	42	43	36	38	36	43	37	38	36	40	36	42	41	40	39	45	44	41	38	38	39	40	38	35	44	40	42	43	45	36	42	41	43	39	44	41	37	35	39	42	42	37	35	37	41	41	38	43	40	38	42	44	38	38	36	36	41	43	45	37	37	36	37	44	37	44	39	40	44	35	36	43	35	41	36	41	42	40	36	44	38	38	36	40	36	37	44	42	43	37	45	39	37	40	40	40	45	39	42	43	38	38	35	39	44	40	41	43	42	44	38	41	39	39	38	39	38	42	42	36	39	44	44	39	36	45	38	35	42	37	43	42	44	44	36	40	35	41	44	44	45	43	40	35	41	37	37	37	44	41	43	40	40	43	36	36	39	42	40	38	37	42	37	44	41	41	43	41	41	42	38	40	38	38	35	45	42	43	41	40	35	37	43	37	36	44	44	42	35	39	35	41	43	39	44	39	44	40	43	36	38	44	45	37	44	43	41	37	45	41	37	44	40	43	41	37	38	40	42	39	35	39	41	45	35	40	37	42	43	45	43	36	42	37	43	39	43	35	43	40	44	38	45	42	37	39	40	36	42	39	35	45	44	36	42	37	42	44	36	40	37	45	38	39	43	38	40	45	45	44	36	44	36	41	37	39	42	44	39	36	38	37	41	44	36	39	40	40	36	40	37	44	38	44	41	44	42	38	39	38	41	45	45	36	35	44	36	37	36	36	37	44	43	37	38	42	35	40	40	43	37	43	43	42	43	36	44	44	43	40	40	36	43	37	42	43	45	45	44	42	39	41	43	36	40	39	36	39	43	42	37	44	36	38	42	41	40	41	43	36	41	35	44	39	43	44	41	41	45	39	41	43	43	36	37	41	41	38	43	41	39	41	35	36	40	37	38	43	35	41	36	42	44	42	37	35	40	35	41	38	41	40	45	42	39	41	40	43	39	43	41	45	42	44	43	36	42	44	41	38	39	41	40	43	37	39	37	40	41	41	42	42	38	41	41	43	43	44	38	35	43	45	41	38	39	44	45	38	43	36	39	45	41	40	41	36	42	43	37	38	42	41	43	40	45	36	39	39	37	38	43	44	36	37	41	45	45	40	36	40	38	39	39	36	41	36	41	37	45	41	43	40	45	45	41	43	40	36	38	44	44	37	38	43	42	41	36	45	41	43	39	37	42	41	39	45	37	42	36	38	36	39	41	43	43	39	36	39	42	44	43	44	37	41	38	45	41	35	41	45	44	39	41	44	37	36	44	36	37	35	36	39	37	39	39	42	45	40	38	41	35	36	40	37	36	38	44	40	40	43	41	42	42	43	45	40	35	37	37	36	35	36	40	41	42	42	45	37	35	41	41	37	40	37	45	44	43	43	40	35	39	42	41	38	42	39	41	43	37	36	44	43	44	38	40	36	41	42	37	45	37	45	36	36	42	37	36	44	38	42	35	38	44	40	44	42	35	39	39	45	36	45	45	39	43	44	44	37	36	43	40	39	36	42	35	40	42	40	43	43	40	44	39	42	38	44	41	38	44	40	37	42	40	43	35	42	38	43	43
37	42	37	38	34	36	34	41	38	36	33	34	34	38	43	39	36	39	42	36	34	43	38	40	36	34	40	33	41	35	38	34	37	39	34	41	34	35	41	37	38	34	34	39	40	37	41	38	40	42	36	41	36	39	33	38	41	33	39	37	33	41	42	40	39	36	34	37	42	38	41	41	42	41	38	35	37	33	39	40	38	34	38	42	34	36	36	34	34	39	39	36	41	41	43	43	43	35	41	34	43	40	34	40	41	42	43	42	43	34	37	41	36	36	42	36	36	34	42	33	39	36	37	40	38	35	42	40	36	34	40	41	39	37	39	39	38	34	39	43	42	39	38	39	37	42	39	33	42	43	34	34	39	35	40	41	34	43	41	34	39	38	38	41	36	34	39	37	42	39	35	39	41	40	36	37	41	43	34	43	42	42	34	35	40	35	41	36	33	40	40	40	42	37	40	42	34	38	34	38	34	36	41	37	40	36	33	36	39	41	39	35	43	41	36	35	36	38	34	39	35	37	36	37	36	36	42	35	41	42	38	37	43	39	34	37	42	40	39	38	35	42	40	38	41	33	36	35	40	37	39	36	41	35	40	38	39	36	37	41	43	42	36	43	41	37	35	36	37	38	35	35	41	37	37	36	35	42	39	42	43	35	36	39	39	36	33	36	39	41	35	42	37	38	38	34	41	36	39	42	40	37	38	36	34	34	35	39	40	37	33	36	33	35	43	42	35	39	40	42	40	40	36	41	38	41	39	41	37	35	38	37	34	35	40	38	34	42	40	34	35	41	40	40	35	38	34	41	38	42	36	36	35	38	35	37	38	38	34	35	38	38	42	42	33	37	37	41	39	38	40	40	40	34	40	39	41	40	41	42	42	37	43	34	41	40	34	39	40	42	36	37	37	34	34	40	43	38	42	34	36	33	34	34	40	42	37	35	37	35	37	41	42	42	35	39	40	41	33	41	41	34	36	40	38	41	39	42	42	41	37	34	39	41	42	42	40	38	34	35	36	41	40	37	39	38	39	35	41	36	39	36	39	36	42	36	40	34	42	36	37	42	38	41	38	39	33	36	40	36	42	37	37	33	37	41	34	43	39	38	38	36	35	43	34	41	38	41	40	35	41	42	42	33	38	43	42	34	34	36	38	37	41	39	37	40	40	34	40	33	42	36	34	35	42	35	36	35	37	36	37	34	39	36	35	36	40	35	34	37	35	41	34	37	39	33	33	35	34	39	35	39	38	42	42	40	37	39	36	41	42	39	40	37	42	36	43	41	35	43	40	39	42	42	36	43	42	33	39	38	35	42	37	40	33	34	35	34	35	41	36	34	36	39	38	33	41	41	43	35	40	42	41	39	34	36	42	33	34	42	39	43	41	40	41	42	35	34	37	42	37	40	42	33	38	35	41	38	34	38	40	40	37	35	36	39	39	34	33	33	42	43	43	39	38	39	41	41	39	37	34	42	40	38	39	41	41	39	37	34	40	40	37	37	41	38	41	37	43	41	42	34	35	41	42	37	40	42	37	40	40	39	42	42	33	41	39	38	34	42	42	40	43	43	37	41	37	37	43	36	34	34	34	34	35	35	35	37	37	37	41	37	33	40	40	40	40	42	36	40	34	34	42	40	40	35	38	39	37	42	35	33	43	38	38	38	38	39	39	35	39	40	41	37	43	38	34	40	36	35	36	41	42	43	43	39	41	43	41	34	41	39	34	37	34	37	37	35	38	39	36	38	33	40	35	40	36	35	33	34	39	36	34	37	35	40	37	43	35	39	39	38	41	42	36	36	35	41	35	43	42	40	43	37	38	40	40	38	42	39	42	38	41	40	36	36	37	35	41	40	34	36	38	38	36	36	40	38	40	34	35	43	42	40	35	40	38	40	37	36	39	40	36	39	41	38	35	38	38	35	43	39	36	41	36	36	36	41	37	43	41	36	43	37	40	36	36	36	40	36	38	41	33	40	36	37	40	34	35	35	42	42	40	35	36	39	40	41	41	34	35	40	40	38	43	34	42	41	35	34	43	39	41	36	36	36	37	41	39	42	43	38	39	41	34	34	41	42	35	41	36	39	42	38	33	36	36	37	38	41	40	37	39	38	37	41	43	40	38	38	33	39	37	34	37	37	38	39	33	35	35	42	35	35	41	33	43	39	42	39	42	38	40	36	40	41	34	37	37	36	41	39	35	33	37	37	35	37	39	38	35	37	36	36	40	43	36	38	34	36	37	43	41	37	34	39	36	41	39	42	37	36	42	42	40	41	37	39	36	38
64	71	69	72	64	68	66	64	65	74	66	71	70	66	66	72	74	68	70	69	68	69	72	70	71	67	73	71	71	71	74	66	73	67	74	64	65	67	68	68	71	74	68	65	65	72	71	72	64	68	71	73	70	65	64	70	70	71	67	72	67	65	72	65	69	73	65	70	68	70	71	72	70	70	68	71	65	67	74	68	71	67	68	65	71	69	70	66	71	65	67	66	65	69	68	64	68	73	73	70	71	66	73	72	69	66	66	67	71	71	74	68	65	66	73	68	65	72	73	65	68	67	70	65	67	70	72	72	67	67	70	69	64	74	72	64	66	71	73	71	72	74	65	69	67	72	65	69	70	66	69	64	72	67	66	72	66	68	69	71	74	66	73	74	65	70	66	67	69	67	70	70	71	65	70	65	66	70	68	65	68	67	64	66	71	68	65	74	71	72	65	72	69	65	72	68	69	65	73	70	65	71	66	66	68	65	66	72	72	69	70	70	67	65	69	69	73	68	66	66	64	67	70	70	71	67	65	73	70	65	70	68	74	64	64	65	70	69	70	65	69	68	74	71	66	72	70	68	66	64	73	72	71	69	74	72	70	71	64	72	67	69	67	71	66	71	69	67	64	66	64	73	65	69	70	64	74	70	74	73	74	66	74	69	69	67	68	72	65	72	67	74	73	68	64	73	66	73	68	68	65	74	65	72	69	70	73	69	71	68	74	70	67	70	68	73	65	68	70	72	71	64	68	67	67	73	67	71	64	70	69	65	65	65	71	70	66	69	71	70	66	70	74	70	74	69	66	66	69	74	68	70	66	67	70	69	65	66	73	66	67	67	64	66	69	67	72	66	68	68	71	70	71	67	66	70	64	73	66	70	68	68	66	66	72	73	73	65	73	68	66	64	73	72	73	72	65	66	73	64	67	69	70	70	67	68	71	72	70	68	68	68	67	71	70	64	66	69	65	73	69	65	69	64	66	73	65	69	70	67	71	72	71	71	71	68	70	69	67	67	68	65	65	67	69	65	65	67	73	67	68	69	68	71	70	73	67	72	71	72	72	71	69	73	71	73	74	68	72	69	64	66	65	64	68	72	73	68	69	69	66	66	73	71	71	70	66	69	72	73	66	66	71	70	66	68	66	73	74	69	71	71	74	70	72	67	69	72	68	69	68	71	71	72	66	71	65	71	64	68	65	68	73	69	66	73	67	65	65	72	69	72	74	66	65	70	67	72	67	73	68	71	71	73	73	71	64	73	74	68	67	68	69	69	71	66	66	71	65	73	66	66	72	65	68	72	65	73	72	72	64	70	68	70	65	66	64	64	64	74	71	65	68	67	74	69	65	69	70	67	72	74	74	71	69	74	70	72	70	70	66	65	65	70	70	72	73	68	69	72	68	64	68	67	66	65	69	69	73	67	73	70	71	72	72	72	65	72	67	69	72	67	67	64	74	68	67	68	66	66	65	67	73	74	74	65	70	71	69	69	74	72	71	65	64	68	69	67	67	65	68	73	71	66	72	65	71	72	71	73	69	67	67	69	68	73	74	69	69	71	67	74	74	66	65	73	69	66	65	67	68	69	66	67	69	72	68	72	66	68	66	71	67	67	70	67	72	69	69	69	72	67	65	70	68	66	65	68	73	73	71	66	69	70	69	67	73	68	66	72	66	67	68	67	65	71	66	68	73	64	68	65	72	72	66	69	67	66	66	68	72	66	66	68	72	67	70	65	70	74	72	67	68	72	68	71	70	65	73	70	67	67	72	70	74	66	72	73	72	69	69	70	65	74	66	66	66	70	65	65	72	71	73	64	70	66	68	70	67	73	68	68	73	66	70	72	69	70	73	69	70	70	72	67	64	68	68	65	68	69	68	70	66	67	66	70	70	72	68	73	74	70	74	71	72	73	68	71	68	71	64	72	69	73	71	65	68	71	66	72	65	69	73	68	69	74	74	70	72	72	72	73	72	66	69	71	65	67	65	73	73	65	72	69	64	74	68	66	68	67	69	67	69	67	64	65	66	73	73	67	66	67	69	67	70	69	64	73	72	65	70	74	67	68	66	65	65	64	70	68	70	71	65	73	71	71	65	70	65	70	67	68	65	68	67	66	67	72	71	68	70	67	72	68	69	67	66	67	70	73	67	71	69	70	64	71	68	64	67	66	71	72	69	67	67	73	70	70	65	69	68	67	69	73	73	67	65	74	66	71	65	71	67	73	66	71	69	71	71	67	70	65	74	68	64	72	66	73	69	69	65	66	74	66	65	70	73	70	69	66
29	23	23	22	20	29	28	23	21	27	28	26	27	23	20	27	28	26	27	25	30	21	24	22	20	29	24	28	24	24	30	22	28	29	29	21	25	22	26	25	21	26	23	29	29	22	28	23	23	26	22	26	22	28	27	21	30	26	23	23	24	26	21	20	25	23	24	21	30	27	24	27	26	23	27	21	23	28	28	26	23	25	20	28	29	26	23	22	28	27	20	26	27	27	29	21	30	22	21	26	28	24	24	29	28	25	26	26	30	27	29	28	26	29	24	26	22	26	28	27	21	25	27	29	22	21	24	23	24	28	28	22	30	26	27	23	25	24	28	29	28	22	22	30	30	21	26	25	21	20	23	23	21	22	26	25	22	27	25	26	23	25	29	26	23	20	29	25	22	20	24	21	26	23	21	26	25	28	27	21	30	27	22	24	27	24	21	27	23	23	27	21	25	21	28	29	24	29	26	23	27	24	27	21	20	21	24	24	27	28	27	24	30	20	22	30	27	20	26	22	29	20	25	29	28	22	27	26	24	30	27	24	26	25	27	25	27	28	22	23	26	21	23	24	22	29	26	23	23	27	23	25	22	29	28	28	25	25	25	26	29	26	27	21	21	25	24	27	24	26	23	24	22	24	26	28	21	30	26	22	29	28	27	24	24	29	24	23	25	28	20	21	21	28	25	27	21	23	24	21	20	27	28	21	29	24	26	27	25	20	24	25	24	29	26	27	21	22	25	29	29	29	26	24	20	23	21	27	21	24	26	21	28	24	28	26	22	25	25	24	22	30	22	26	24	23	20	24	23	21	30	29	24	30	27	28	29	20	22	29	25	25	25	29	23	22	30	29	23	24	26	24	28	21	25	25	23	22	27	22	29	22	23	23	26	24	21	20	22	20	28	22	23	21	21	27	27	25	21	27	22	30	28	23	23	29	22	24	29	21	27	25	20	26	30	30	20	26	27	28	27	21	21	24	24	22	23	29	28	26	21	28	25	27	22	29	21	26	29	25	28	22	21	29	28	25	25	26	23	29	28	20	24	26	24	24	22	22	24	24	21	27	25	24	22	24	25	26	26	30	29	23	24	29	29	25	29	20	21	26	21	21	25	21	21	28	28	24	26	25	28	20	24	28	27	24	23	25	26	30	29	30	26	29	25	23	20	25	30	27	24	21	25	22	26	23	21	27	26	23	22	21	24	29	22	26	26	25	21	28	29	22	21	23	29	25	21	28	22	23	26	28	25	24	25	22	29	22	25	23	28	22	21	23	25	25	24	28	28	22	20	26	23	26	27	20	28	26	22	25	27	22	24	28	27	27	22	28	28	30	24	24	21	29	24	26	26	22	27	27	27	26	27	22	22	26	21	24	21	21	22	25	26	24	25	25	29	23	23	24	27	30	25	23	21	23	26	21	28	21	23	25	21	20	24	28	29	20	21	20	25	21	22	30	25	27	22	28	27	20	24	23	29	23	26	21	26	29	26	29	28	23	27	26	29	23	23	23	22	25	23	29	26	24	28	23	27	24	26	27	22	29	24	21	27	26	27	27	30	29	27	28	24	21	23	28	26	20	26	23	20	29	22	23	22	26	22	24	27	20	24	20	24	30	30	30	24	23	24	27	21	23	23	23	29	22	23	20	26	25	22	28	21	29	23	27	21	22	28	24	21	28	29	27	24	23	22	24	22	25	24	22	26	28	25	21	29	22	24	20	28	23	21	23	26	25	28	20	22	28	21	27	26	29	21	27	27	26	27	22	21	29	28	23	20	29	21	21	21	22	24	28	28	29	24	23	25	25	29	27	28	27	27	25	26	26	20	28	24	26	26	23	30	22	26	20	22	28	23	22	20	25	25	21	28	26	22	23	23	28	25	28	28	23	25	28	28	30	28	22	23	30	27	22	25	22	22	26	24	26	21	24	27	23	21	27	27	24	25	23	26	30	24	25	24	23	24	20	28	22	25	22	26	23	23	21	23	25	24	22	21	25	22	24	29	29	24	23	30	22	29	21	20	24	24	22	24	24	24	26	30	23	29	25	25	23	26	20	23	23	24	27	28	24	23	24	29	28	26	22	21	22	29	22	21	26	22	28	29	29	28	24	25	30	20	30	26	23	27	30	28	28	23	20	22	30	24	20	28	24	21	28	29	24	30	23	29	20	20	28	29	21	29	29	26	26	26	23	22	23	27	28	21	30	21	29	27	28	28	27	27	21	21	28	20	30	22	24	29	23	28	23	24	25	27	25	29	21	21	21	24	24	23	29	23	23	27	20	28	23
68	62	69	70	63	69	69	66	69	62	63	68	63	65	70	62	68	64	66	64	66	69	70	63	65	64	64	67	67	69	68	63	61	62	64	63	63	66	64	64	63	71	71	63	63	61	71	64	65	62	66	65	63	64	68	64	65	69	63	61	65	69	62	69	65	68	64	64	62	70	69	69	66	67	62	65	68	69	64	64	67	70	70	71	63	69	65	65	62	64	63	64	71	61	66	70	67	67	64	68	64	68	69	65	69	64	70	70	69	65	69	70	68	64	64	65	64	61	67	69	67	68	68	68	70	63	70	68	65	69	71	70	62	64	69	62	70	69	63	62	69	62	71	71	61	66	67	69	67	64	66	66	63	68	62	70	62	69	65	62	69	64	64	69	68	62	66	71	66	66	70	62	70	64	67	62	69	70	67	68	67	65	67	71	62	65	67	62	64	62	70	65	61	64	70	71	67	67	64	63	61	61	70	69	64	61	65	61	63	65	68	67	70	71	63	65	64	69	66	69	63	66	65	64	63	63	65	70	63	62	68	63	65	65	68	67	68	71	62	67	63	66	61	63	68	70	69	69	69	61	66	71	68	65	70	69	68	65	68	66	71	69	63	65	63	71	65	65	62	71	69	67	70	71	69	70	63	62	70	61	65	66	67	67	71	67	70	68	70	64	62	68	64	62	61	68	65	62	69	64	61	61	67	65	70	68	69	69	68	63	70	68	71	63	66	64	69	69	63	71	66	68	67	65	62	69	70	65	67	65	66	68	69	67	61	66	70	63	63	68	71	65	70	65	66	71	64	66	63	68	70	66	69	62	61	71	62	70	70	68	66	61	64	65	66	68	66	62	66	61	63	67	69	67	61	70	71	65	61	67	68	68	68	63	65	64	64	65	64	65	70	66	61	62	64	66	67	66	61	65	67	63	70	68	68	70	61	62	71	62	71	61	63	64	62	64	64	64	69	65	68	69	70	64	69	63	70	67	67	70	61	64	71	67	70	69	63	66	64	66	64	68	63	68	71	69	69	68	64	66	63	67	66	66	70	65	69	64	66	65	64	66	64	68	64	69	64	67	63	69	68	65	70	68	71	63	62	62	64	71	61	71	62	68	67	68	69	62	64	68	65	63	68	70	66	66	66	68	62	70	64	65	65	71	67	64	63	70	67	61	65	65	69	63	63	66	67	69	69	68	62	68	62	61	71	71	63	69	62	62	66	66	70	63	65	64	71	69	70	69	70	62	65	64	70	65	67	66	69	70	65	68	64	66	63	65	66	68	63	70	63	66	69	69	63	68	66	70	63	66	67	62	65	70	63	66	67	67	63	70	64	62	68	68	63	70	67	63	63	71	66	64	63	63	67	69	61	62	67	64	67	65	70	61	65	68	70	62	66	61	65	67	63	61	63	68	68	71	70	62	62	71	63	68	62	71	69	65	70	71	69	67	64	67	67	67	63	71	66	66	66	66	64	66	65	67	62	65	63	70	65	63	69	71	67	69	66	68	62	70	63	70	61	67	70	62	66	63	69	67	62	63	65	69	63	62	66	70	65	63	62	71	66	64	65	70	64	68	69	69	69	68	69	70	66	65	66	67	65	69	67	66	67	65	65	65	66	66	71	70	63	69	66	65	68	67	71	62	64	62	69	69	63	67	65	62	62	64	62	61	62	67	62	63	63	65	66	63	64	69	63	65	70	64	68	66	67	64	67	62	64	63	65	62	65	63	66	65	67	66	68	70	62	67	63	70	70	62	65	68	68	66	61	63	62	67	63	64	64	65	69	70	70	69	70	62	71	63	63	70	67	62	64	67	69	69	71	70	61	67	61	64	65	67	70	65	69	65	62	64	69	70	70	70	69	62	69	70	71	64	66	69	69	69	64	69	70	70	65	68	71	69	65	63	64	63	67	61	68	66	62	69	67	65	67	62	65	70	65	68	61	71	67	66	64	63	71	63	71	65	71	66	69	67	65	63	69	62	66	69	68	62	61	61	68	70	62	67	64	66	66	68	62	63	66	63	66	70	67	64	62	69	68	66	65	66	65	62	67	65	65	62	62	61	65	69	69	70	69	65	70	64	68	70	63	63	68	65	63	68	70	61	61	65	69	65	69	64	70	64	61	70	67	67	69	67	67	61	64	64	68	65	71	63	64	69	67	65	63	64	63	66	62	64	67	63	67	61	66	69	64	66	64	66	62	65	68	65	67	65	62	68	63	63	68	66	68	64	68	66	68	62	65	65	68	70	62	62	66	65	62	67	63	67	68	66	68	66	67	65
38	37	38	39	38	36	34	34	41	39	43	43	39	34	35	35	35	39	39	37	40	40	35	41	43	38	42	39	36	39	40	36	39	42	40	38	40	42	38	38	41	37	42	37	42	33	38	41	35	39	34	41	39	36	40	35	35	33	37	41	37	37	39	42	36	36	35	39	42	37	43	41	33	39	39	41	41	34	39	33	41	43	39	39	37	38	42	42	36	35	42	37	41	34	39	35	39	36	37	41	37	36	42	37	33	37	38	34	43	35	35	40	35	34	38	40	38	41	38	43	39	34	37	34	35	34	35	39	37	36	38	37	39	41	42	36	41	33	35	39	34	36	40	35	42	36	34	42	35	34	38	43	38	34	40	42	41	41	41	39	41	37	43	42	41	41	38	37	43	36	36	38	40	37	33	39	34	35	41	42	39	40	36	41	36	36	39	34	34	34	33	39	36	41	40	38	42	43	40	42	35	42	43	41	37	41	36	34	41	42	33	39	36	42	42	41	36	41	38	36	42	40	42	38	38	39	40	42	35	40	38	34	34	40	43	38	37	35	40	40	35	35	36	39	37	36	35	34	33	39	42	39	34	35	34	40	36	33	38	41	38	37	42	34	39	42	34	38	34	42	35	34	41	40	43	41	41	43	36	37	33	36	39	35	43	40	37	40	42	33	34	36	39	36	38	39	40	40	37	37	39	37	36	37	37	37	36	35	38	37	34	40	33	36	36	35	37	41	42	40	38	42	38	34	41	34	42	40	40	34	35	41	40	34	43	42	36	35	34	35	40	39	35	41	39	40	39	40	38	42	42	37	34	39	42	43	36	35	40	35	40	39	39	43	39	41	40	34	42	36	39	43	33	33	39	40	34	39	43	35	40	42	41	41	40	42	34	34	35	39	40	35	42	38	43	33	35	35	38	40	43	35	33	38	35	41	36	37	40	40	34	41	37	36	40	35	36	41	37	40	36	34	42	43	36	43	35	39	33	42	41	35	40	39	40	34	39	40	40	40	36	41	37	34	40	39	37	38	33	40	41	41	42	34	40	37	41	36	38	41	37	34	41	43	37	34	34	40	42	40	41	36	36	36	40	42	39	39	34	38	39	41	35	38	38	37	37	37	33	33	39	43	41	34	40	38	35	40	41	34	39	39	37	40	43	33	33	35	40	37	41	35	40	42	33	43	35	38	38	34	36	36	40	35	37	37	37	42	41	39	41	36	39	35	40	36	37	35	40	34	37	35	38	36	35	41	39	35	42	39	42	33	37	40	42	42	37	35	41	42	42	41	42	41	37	39	38	34	41	40	36	35	40	41	42	40	34	42	35	40	37	39	33	38	34	33	37	39	37	41	34	40	36	40	42	40	42	36	38	38	38	37	41	38	33	43	35	39	41	37	37	34	42	35	40	38	39	40	41	37	40	39	34	35	39	41	37	36	37	37	39	42	35	42	38	39	34	40	35	38	34	36	35	37	40	40	36	37	38	39	39	38	36	36	34	40	37	42	40	36	39	35	41	35	40	41	34	36	37	42	39	34	40	37	41	36	38	33	42	40	39	38	40	33	40	39	35	39	36	33	41	38	37	37	37	39	41	35	34	38	43	34	43	40	39	37	40	37	33	40	41	40	42	38	42	43	40	36	41	34	41	38	37	42	36	42	37	34	39	41	39	36	40	36	34	42	35	34	42	39	41	41	43	38	33	39	36	37	39	33	42	34	37	41	37	36	42	43	35	33	34	34	41	38	38	35	40	34	35	42	37	35	33	37	34	40	34	39	38	41	37	34	41	40	33	43	43	42	43	38	33	38	38	39	40	37	41	34	38	38	36	39	41	43	36	42	37	37	34	43	35	39	34	38	40	38	40	35	42	41	39	41	41	39	38	42	37	40	36	40	37	41	39	35	38	34	38	34	38	41	41	39	40	36	41	36	37	41	34	39	36	41	40	36	41	33	40	39	34	43	34	39	34	41	41	38	37	42	33	33	42	39	41	39	34	41	37	35	37	34	38	42	41	36	42	43	36	42	35	37	35	41	33	38	40	39	41	36	35	34	40	42	36	42	42	43	42	38	42	38	40	39	35	36	35	41	41	39	36	37	38	42	42	39	35	40	40	42	38	39	38	42	34	36	34	39	35	34	34	42	36	35	40	38	36	39	33	39	38	34	43	36	37	39	36	41	43	35	41	36	35	37	36	42	36	43	39	42	41	41	39	40	37	40	42	42	36	34	33	40	40	37	41	42	35	43	36	42	40	42	35	34	40	35	33	42	36	36	34	37
56	58	53	48	53	52	55	54	49	51	48	53	56	54	48	56	53	53	56	55	53	58	49	57	54	52	53	52	54	56	48	55	54	57	54	57	52	53	55	54	56	55	51	50	53	51	49	57	56	50	50	52	53	53	49	50	56	57	48	56	57	57	49	49	52	48	51	57	49	54	56	56	55	54	53	52	51	57	55	49	54	52	55	53	52	58	52	50	55	54	55	51	55	53	51	53	51	56	51	57	49	53	53	51	52	55	53	54	53	58	48	48	56	50	50	55	48	49	48	53	51	57	48	49	57	56	51	55	55	51	57	51	49	53	48	57	57	50	51	56	55	54	52	50	51	52	52	51	55	49	50	53	49	51	56	50	55	53	57	56	52	54	53	54	56	48	52	56	53	55	50	52	53	50	50	58	56	55	54	51	49	55	56	54	54	50	54	56	57	55	56	55	52	53	57	55	54	50	56	56	55	53	53	56	51	52	52	50	49	50	49	49	52	56	54	55	48	58	54	52	49	49	53	56	48	55	50	50	52	54	54	52	53	51	54	50	51	55	54	56	55	49	54	57	53	53	50	52	54	51	53	55	49	53	56	49	53	53	51	53	55	54	58	53	53	54	51	55	56	53	49	55	53	48	50	56	49	49	58	58	57	50	48	56	54	57	54	48	50	58	58	48	56	57	49	56	51	57	57	56	53	55	55	57	53	52	57	53	56	51	55	58	55	53	56	51	51	49	58	51	50	54	50	51	58	58	54	56	53	55	49	53	58	52	50	55	54	54	54	54	57	51	56	48	55	52	50	52	48	56	55	53	56	53	54	54	57	51	55	55	52	57	51	48	49	55	58	54	49	50	54	55	52	51	49	54	51	54	57	50	51	49	48	50	50	54	52	49	54	55	53	49	57	53	55	54	51	48	56	54	52	49	56	58	56	57	51	50	54	50	58	49	57	57	57	53	56	58	52	52	49	57	49	50	54	57	55	51	53	53	56	55	52	58	50	50	51	56	48	49	51	54	52	51	51	51	51	51	53	52	52	49	53	55	57	50	54	54	53	53	50	48	49	49	51	51	50	49	57	51	53	57	52	50	57	54	57	49	49	49	53	50	51	49	54	48	50	48	49	49	49	51	55	55	56	56	49	48	49	55	54	56	53	48	57	55	49	54	53	50	49	58	56	51	57	57	54	49	57	56	49	50	57	52	53	52	48	51	56	49	52	55	56	50	51	50	48	51	54	52	53	52	52	50	52	54	54	53	50	49	54	57	54	51	55	49	53	49	51	50	53	53	53	55	53	57	57	49	56	52	51	50	49	49	53	56	50	50	48	49	50	55	54	51	48	51	55	51	50	58	53	50	58	53	53	58	56	57	51	50	54	56	48	52	49	54	49	56	57	50	56	57	54	50	54	53	54	51	53	50	49	51	53	51	58	49	55	49	50	53	48	52	50	54	50	53	54	52	49	56	53	56	48	58	51	49	54	52	55	49	57	57	56	50	56	55	52	56	57	54	57	57	50	49	50	52	48	51	54	55	50	51	48	50	50	51	54	52	56	55	52	55	57	52	57	51	51	56	54	52	55	57	56	50	57	50	54	56	51	55	49	55	50	49	52	56	54	56	57	55	50	52	50	53	53	55	57	57	51	53	56	49	51	50	52	55	52	49	56	54	51	51	52	48	57	57	50	50	51	51	51	54	53	52	49	57	51	51	53	50	52	48	57	56	54	52	51	55	53	55	48	55	57	52	52	55	49	52	55	52	50	51	53	49	57	56	52	58	53	52	51	53	54	52	49	54	49	58	50	54	56	53	56	55	56	57	54	50	56	50	54	48	50	57	57	53	53	56	52	56	49	58	56	53	52	48	54	54	56	58	52	50	49	56	57	53	53	52	58	57	49	49	58	49	50	55	52	56	57	56	49	57	52	48	50	55	57	53	51	51	53	56	54	54	53	48	56	54	52	56	56	48	49	57	50	51	57	49	52	55	57	53	50	56	56	52	57	51	51	51	55	57	54	51	57	51	48	54	51	53	54	52	50	57	56	51	56	54	55	49	56	53	54	56	53	52	50	56	48	52	51	53	55	48	54	53	52	52	54	49	50	57	57	58	51	56	49	54	51	52	57	51	54	56	48	54	49	53	57	52	55	57	50	54	56	52	51	54	52	56	52	54	49	48	56	53	52	52	57	56	55	54	56	49	56	55	53	50	49	54	50	49	48	53	57	54	51	56	48	56	55	50	56	52	51	53	52	52	58	49	52	51	51	51	53	52	48	57	55	51
30	28	31	36	36	32	30	31	31	37	29	30	28	28	35	28	30	34	31	35	33	28	34	34	35	36	33	33	33	31	27	36	36	36	27	28	36	37	34	29	31	27	32	31	35	34	30	27	35	31	32	36	33	36	29	37	31	34	34	31	29	30	28	27	35	37	27	33	36	29	37	36	34	33	29	35	29	36	31	29	34	28	33	31	32	33	31	31	34	33	29	29	33	36	32	35	37	37	34	33	28	29	34	34	33	34	33	29	29	27	34	35	29	28	34	30	34	28	33	37	33	33	30	32	28	33	31	36	27	29	35	31	32	28	32	27	34	31	34	35	29	29	32	37	35	31	33	28	29	28	32	35	31	33	30	33	29	28	32	36	31	33	37	29	27	30	34	30	35	33	29	29	32	28	33	35	36	31	34	30	33	29	35	31	30	28	31	36	28	27	30	34	35	28	28	30	30	34	35	36	28	36	35	35	29	29	32	34	35	27	32	34	31	35	36	31	32	36	34	36	35	36	28	36	27	32	32	33	30	33	35	32	28	34	36	31	35	30	28	29	36	34	35	31	33	27	29	27	27	30	30	28	32	35	31	34	28	36	27	34	36	35	27	29	29	35	36	33	31	31	35	34	29	30	31	32	32	30	30	35	33	29	35	28	30	31	36	31	33	30	37	30	31	33	34	28	33	33	34	28	30	32	29	31	35	33	33	36	36	32	31	36	34	36	36	29	34	30	34	30	33	31	29	30	27	37	29	31	36	37	30	33	36	30	35	29	31	30	30	29	35	32	31	34	28	30	31	34	31	29	28	35	35	30	31	35	34	37	35	37	32	32	31	27	35	33	34	28	35	36	33	32	30	33	32	35	29	29	34	34	29	36	29	33	31	36	32	34	30	30	36	27	33	30	31	33	34	31	36	34	28	35	36	36	29	36	34	35	29	31	34	27	32	29	32	34	29	30	32	30	27	27	27	35	31	33	35	30	33	30	27	34	29	37	32	34	37	30	28	29	34	33	36	33	37	27	36	27	30	29	28	27	28	35	37	27	30	28	28	29	37	30	28	30	27	33	28	30	28	29	30	29	29	35	28	37	32	34	34	35	32	33	33	29	35	31	28	27	34	29	28	29	36	31	27	31	31	31	34	33	34	36	35	31	29	29	35	27	33	31	31	30	34	33	28	35	34	28	29	30	27	27	35	29	27	37	33	28	28	36	36	37	28	33	36	34	36	34	28	35	29	32	29	33	34	35	37	27	35	30	33	28	35	37	28	35	33	30	32	32	36	36	27	28	36	36	31	31	35	30	33	36	28	30	33	36	36	36	29	35	29	29	36	36	27	27	28	28	36	34	29	35	35	28	30	32	31	35	34	31	33	32	29	27	33	32	37	29	29	32	30	34	31	36	35	27	31	34	34	31	32	30	34	29	31	31	36	27	35	29	33	29	28	32	28	37	36	32	29	34	35	29	34	37	36	33	37	35	30	32	28	34	37	36	37	37	37	31	28	28	29	32	33	34	31	30	36	34	35	34	35	37	28	35	36	32	28	27	35	32	28	32	33	34	29	35	31	33	32	28	36	31	31	35	35	34	36	27	33	33	31	28	34	29	31	27	33	27	34	33	35	33	35	36	30	34	32	29	29	35	28	31	36	34	31	35	29	31	34	29	34	29	30	36	33	34	34	28	36	29	35	31	27	35	31	33	32	35	29	33	31	35	36	27	27	27	28	29	29	33	30	28	31	28	29	35	31	30	32	31	35	28	30	28	33	30	30	30	33	30	31	36	31	27	36	30	29	35	35	36	36	33	27	37	36	34	30	27	34	32	30	36	33	36	29	33	28	36	27	36	35	37	37	37	33	36	35	36	30	32	32	33	29	35	34	35	28	31	33	33	30	29	31	36	30	29	31	32	27	27	32	35	34	33	31	33	28	28	31	31	32	29	30	29	35	31	35	29	33	33	36	34	30	34	33	36	34	35	32	31	35	32	35	32	32	34	34	33	28	27	30	28	29	28	27	32	30	36	33	34	28	30	33	35	30	33	34	29	35	36	28	29	34	37	34	27	30	34	34	33	36	28	29	33	31	29	35	34	34	31	30	34	29	34	34	35	34	34	34	35	29	37	35	34	32	28	31	34	28	28	37	33	30	27	30	29	37	32	31	30	27	27	28	27	31	35	32	28	33	36	28	33	37	29	32	30	32	28	35	29	32	35	28	27	33	33	34	31	28	28	36	29	36	30	31	29	37	28	31	28	35	36	31	32	37	33	31	32	33	27
40	40	35	37	37	42	33	33	35	34	40	37	41	39	32	33	41	34	35	41	39	38	34	37	33	39	34	36	40	41	38	37	36	34	38	37	38	37	39	37	33	39	33	41	34	40	36	35	42	41	40	35	36	34	36	41	34	35	37	36	35	40	35	36	36	40	42	34	36	41	39	34	36	41	41	41	33	33	39	41	39	35	42	36	36	38	38	34	37	35	33	41	40	33	33	36	38	39	34	33	40	38	39	38	37	37	37	41	33	40	34	32	35	38	34	35	36	39	41	35	37	34	35	41	36	42	33	37	32	32	38	40	39	39	38	35	38	37	41	35	41	33	37	33	37	35	41	32	37	40	37	33	35	40	38	32	36	36	38	40	39	38	32	32	39	36	40	36	36	33	35	33	35	34	33	36	41	41	39	33	36	39	36	34	33	34	39	41	34	33	34	34	34	42	39	38	35	33	37	39	36	39	39	33	42	34	37	42	38	40	32	39	39	37	40	32	39	34	33	39	37	37	39	39	35	36	40	33	38	38	38	35	41	41	38	39	36	32	41	34	41	38	39	40	34	32	39	36	38	36	36	36	40	38	33	42	37	34	42	33	42	41	39	33	33	41	42	38	40	37	33	41	34	38	40	37	37	35	41	33	34	39	40	41	40	35	35	38	41	41	37	37	41	39	33	38	35	40	41	42	34	36	36	35	37	35	32	39	39	35	41	39	39	37	41	39	36	38	37	36	33	38	36	34	35	39	40	33	39	41	38	32	40	35	39	37	38	37	40	32	38	37	38	33	37	33	38	39	36	37	35	38	36	38	40	36	32	41	33	42	38	35	33	38	40	34	38	39	38	36	38	36	35	36	34	35	34	41	39	32	33	41	40	40	40	40	41	40	39	35	34	33	42	38	33	42	42	41	36	34	36	42	39	33	33	40	34	36	36	34	40	40	35	34	36	35	42	40	33	40	38	39	40	34	39	38	37	35	37	42	37	39	41	35	36	38	34	40	32	37	42	38	37	37	32	37	36	35	36	37	35	36	36	42	34	36	35	38	36	36	37	32	41	41	35	38	37	37	39	33	41	34	37	42	35	37	36	35	32	37	40	41	38	41	41	40	39	37	42	37	34	38	37	38	37	34	33	35	42	34	34	39	35	37	36	40	40	41	32	41	34	34	36	37	39	40	37	39	41	39	35	34	37	33	36	36	37	40	42	35	34	36	34	39	33	37	38	41	36	33	42	34	40	36	38	34	33	40	41	35	35	34	34	36	39	32	35	41	37	42	41	34	41	36	35	36	34	38	35	39	34	42	33	40	40	34	41	35	35	39	41	37	39	37	41	38	41	41	36	37	41	42	34	33	41	38	38	34	33	38	35	37	40	42	41	38	34	38	34	38	37	34	35	36	33	38	36	39	36	32	38	33	33	35	33	36	36	41	34	38	40	33	38	39	36	39	40	33	34	41	39	42	39	39	37	34	41	33	35	36	32	40	41	41	35	36	41	39	33	34	39	36	39	34	33	37	39	33	42	41	39	36	37	34	34	39	36	42	41	36	37	33	40	38	39	39	36	36	35	38	36	39	37	34	32	32	34	36	34	32	36	33	40	33	33	37	41	36	36	34	33	33	40	37	37	33	40	40	36	39	38	32	41	40	39	40	32	39	33	36	34	42	34	33	39	36	39	33	33	33	40	41	34	34	34	37	32	34	36	39	36	36	37	36	40	39	39	34	39	34	36	33	42	39	37	34	42	33	33	39	33	34	40	36	41	34	42	39	35	32	32	40	33	40	33	41	40	37	42	38	41	41	38	33	40	41	39	38	32	34	35	41	32	41	34	37	40	36	35	37	36	39	38	36	36	34	42	35	42	35	38	34	39	33	32	39	38	35	38	33	42	37	35	33	35	34	40	41	40	41	33	35	37	34	38	35	34	40	39	35	34	37	40	33	32	41	35	36	32	35	42	38	39	41	37	33	38	40	37	36	40	36	33	41	40	39	40	42	41	32	40	39	34	34	37	41	33	33	34	36	34	38	40	34	34	35	36	38	39	40	39	39	38	36	42	34	41	37	38	32	35	40	39	40	35	33	35	34	36	32	34	42	41	36	34	41	39	34	39	34	36	41	35	36	37	37	37	41	36	37	41	39	38	40	33	32	35	41	33	36	34	38	33	35	36	33	37	32	36	36	42	34	37	39	36	39	32	39	40	42	35	33	41	36	41	37	39	36	37	39	34	37	36	39	33	39	35	35	42	42	37	35	34	35	41	32	37	36	37	34
51	52	57	50	55	56	54	59	56	58	59	57	55	51	51	57	59	51	53	52	52	55	58	50	59	57	52	52	51	58	60	59	55	50	53	51	53	60	58	57	51	58	55	54	57	59	57	52	53	54	54	51	60	52	58	54	56	59	51	58	57	53	55	55	50	51	59	53	53	58	50	60	56	59	56	52	58	52	56	52	59	58	52	58	57	53	51	58	56	54	59	54	57	59	55	51	52	51	54	57	50	60	51	59	59	50	52	58	55	55	59	58	57	57	54	60	51	58	52	50	52	57	55	52	51	59	54	53	53	51	54	53	59	50	57	50	59	57	53	59	53	52	53	55	54	53	59	53	54	59	50	51	52	53	57	52	52	54	51	53	55	60	56	51	56	59	54	58	56	57	55	54	58	57	50	50	51	60	54	57	56	59	52	53	53	57	54	53	54	55	54	50	59	59	51	53	56	51	57	59	57	57	58	56	57	52	53	52	58	55	54	60	52	59	56	55	57	57	52	53	51	53	54	59	52	58	53	59	59	51	52	52	60	55	54	53	54	60	53	52	51	51	55	59	59	52	59	59	52	54	58	54	50	51	54	53	59	54	60	53	56	57	53	58	53	55	57	56	51	59	56	59	57	51	52	55	56	54	57	51	54	58	55	56	57	59	56	53	53	50	53	51	52	55	57	54	53	57	55	57	60	53	58	56	58	57	51	55	55	52	55	50	56	57	54	57	51	51	53	53	59	51	59	59	53	59	60	50	55	54	57	57	56	59	50	56	60	57	51	55	55	60	54	57	54	58	59	51	52	54	52	60	55	51	58	57	52	59	54	58	59	60	57	52	53	51	58	53	55	51	52	52	54	60	54	51	58	55	55	55	53	60	50	59	53	53	59	51	56	57	55	50	52	55	53	55	51	53	55	58	54	52	56	52	58	56	60	52	54	58	58	56	53	55	57	60	50	58	59	57	54	55	53	56	55	53	53	55	52	55	54	53	58	57	57	54	55	59	53	58	55	54	56	60	57	58	51	55	52	51	57	53	50	59	57	58	59	55	55	53	55	53	51	53	56	55	58	59	57	50	59	58	58	54	55	52	58	54	58	52	56	51	50	52	59	57	56	54	57	56	57	57	54	54	55	53	57	57	57	53	57	53	60	58	51	50	53	52	55	56	54	55	52	57	56	52	56	55	59	58	54	52	54	55	58	51	58	52	58	53	58	54	58	58	53	59	52	55	56	53	59	54	58	54	56	52	59	53	54	53	55	53	59	58	52	58	60	52	52	58	60	55	52	57	57	60	57	51	58	57	53	52	59	57	54	55	59	54	53	57	54	55	56	58	52	55	55	58	58	54	57	56	58	52	58	60	58	54	51	54	50	50	56	55	52	55	57	53	57	52	56	53	51	51	53	58	51	54	53	54	58	50	53	53	58	54	52	54	55	54	59	55	52	54	57	56	60	53	53	54	50	56	58	52	55	55	51	55	54	59	58	55	55	53	50	55	53	57	59	54	56	54	53	52	55	52	52	51	57	52	50	59	52	57	58	53	56	59	57	53	57	59	56	57	57	59	56	50	54	52	53	57	54	53	55	59	55	56	51	55	54	50	57	59	54	58	56	58	56	55	58	51	54	59	55	58	52	55	55	53	55	56	59	53	53	53	53	57	52	55	55	57	51	57	52	58	56	52	50	58	58	56	50	51	55	57	55	53	59	51	53	54	56	58	57	57	58	59	58	55	58	55	57	60	56	54	53	53	55	52	53	56	50	53	53	58	51	50	60	55	59	55	58	51	51	53	54	57	50	54	52	50	56	57	55	55	51	51	59	52	57	53	52	53	52	54	51	58	54	55	52	53	55	58	53	52	57	53	52	57	58	60	59	51	58	59	54	58	59	51	56	59	51	57	53	57	57	58	60	55	57	57	54	58	50	50	55	51	55	57	55	55	57	59	52	59	57	59	52	58	60	52	60	57	54	57	51	55	58	51	57	57	54	60	50	59	53	53	56	52	59	51	51	52	59	57	55	54	58	56	59	54	57	55	59	52	56	53	59	51	52	60	59	60	57	59	52	55	51	54	57	50	53	52	54	60	53	58	51	59	59	59	54	56	52	58	52	56	52	55	56	58	55	56	59	51	52	53	50	55	51	51	56	55	58	58	55	58	50	55	57	55	55	52	60	57	56	59	53	52	55	60	59	56	51	55	59	58	51	51	57	58	58	50	52	53	50	51	53	51	56	52	55	58	52	58	53	59	58	54	59	57	54	57	59	56	59	51	54	56
42	39	42	43	43	36	37	35	42	43	40	40	36	39	41	40	40	34	36	39	38	37	43	38	36	38	38	36	37	39	38	36	41	44	34	34	35	36	41	43	35	39	35	41	38	38	40	36	37	38	35	41	42	42	37	40	40	43	36	36	42	39	39	43	36	41	35	39	41	34	39	41	37	39	40	37	41	34	42	39	40	41	35	42	39	43	39	43	43	42	38	36	37	37	36	36	39	34	39	37	42	37	38	42	40	43	40	38	35	39	38	35	43	42	35	38	39	40	44	44	35	41	38	37	42	43	39	34	41	43	41	44	41	41	34	43	42	36	37	40	44	42	42	39	35	38	43	40	35	35	36	41	38	38	43	38	40	39	39	40	39	36	43	38	35	38	35	43	43	44	44	36	38	43	35	38	36	43	42	37	37	37	34	35	36	36	39	40	35	35	39	39	39	41	42	43	39	36	42	35	39	35	41	44	37	38	39	40	35	42	39	38	36	34	37	42	44	37	38	37	42	40	43	34	35	43	39	42	36	42	44	39	41	35	40	40	37	39	36	41	38	40	39	38	37	39	36	36	43	41	37	34	43	43	36	36	42	34	40	38	41	43	43	38	44	37	41	39	35	35	39	41	34	38	39	41	43	35	35	39	34	39	42	42	37	37	42	43	35	39	41	38	40	37	34	37	37	40	36	41	40	34	37	40	37	39	44	36	35	37	35	38	43	39	40	37	42	41	41	40	37	39	40	43	39	35	40	44	37	43	41	36	38	44	36	37	40	41	40	38	42	42	42	38	36	41	42	35	37	42	36	40	37	39	39	38	42	42	42	39	41	35	40	37	43	41	35	39	35	36	39	35	35	38	41	37	35	35	35	34	40	38	34	38	35	40	38	39	38	40	37	42	38	39	41	35	34	38	34	43	42	39	36	38	36	39	41	41	34	39	37	36	35	39	38	38	38	36	41	35	37	35	34	37	43	41	38	36	41	38	34	35	38	42	43	36	42	35	41	34	40	34	37	40	42	43	34	41	36	40	42	41	44	37	41	36	43	43	41	37	40	35	41	37	44	37	42	40	36	43	43	35	42	40	41	37	40	42	41	41	38	41	38	42	42	37	40	35	41	36	42	35	40	39	42	37	35	39	38	43	42	41	36	40	41	41	38	36	40	39	38	36	41	37	43	39	37	39	36	36	37	42	41	43	43	38	38	44	39	44	43	35	41	39	43	39	37	35	39	42	42	39	44	37	40	39	41	41	39	39	38	41	36	37	37	34	44	35	37	41	41	35	36	37	36	34	37	37	40	37	40	42	40	40	41	40	39	39	44	37	42	42	35	36	41	36	44	39	38	40	37	38	42	40	43	40	35	43	40	36	38	38	40	35	37	39	36	34	41	35	36	39	35	43	37	38	43	43	37	40	43	36	43	35	43	41	42	35	39	42	39	34	39	34	37	35	44	42	39	39	37	37	34	36	42	39	40	34	36	38	39	43	39	42	41	40	36	36	41	37	39	43	37	34	38	42	37	42	42	37	41	37	43	39	35	38	44	36	35	35	41	39	34	40	42	39	39	42	43	38	41	40	42	37	38	42	35	35	42	43	37	39	40	37	37	43	40	36	38	41	37	35	44	39	41	40	39	37	38	43	36	40	36	41	39	37	43	42	36	37	42	34	41	40	39	35	37	42	42	42	34	35	43	39	39	41	39	39	36	41	38	37	41	39	35	38	36	39	37	36	35	35	42	40	37	34	43	42	43	34	43	38	37	40	36	35	42	41	38	39	43	39	44	35	42	39	39	37	36	38	41	35	38	38	34	36	43	40	39	34	35	40	43	35	40	34	42	37	39	38	34	36	42	40	38	39	40	38	35	43	44	34	40	41	43	44	40	42	38	44	37	41	37	41	37	42	38	39	39	39	41	35	37	35	37	36	39	37	38	42	42	38	35	36	43	43	41	43	39	36	37	40	40	43	42	40	43	35	36	43	44	35	40	38	36	42	41	39	42	38	35	40	41	41	34	40	41	39	39	35	39	40	35	36	34	35	40	39	35	41	38	39	37	42	42	38	41	42	34	37	43	44	36	41	39	39	40	43	43	34	37	36	36	42	43	44	41	36	40	43	35	44	41	36	35	36	41	34	39	39	42	41	41	40	36	42	43	42	35	41	43	36	43	35	34	43	37	36	43	42	43	40	41	38	38	34	39	42	43	43	39	40	43	36	44	39	40	35	41	37	37	42	35	41	34	34	42	37	42	40	41	39	38	38	34	35	41	41	37	44
21	13	18	23	16	20	19	14	19	18	20	18	15	16	20	16	20	16	18	14	20	23	15	21	13	22	23	20	18	20	22	16	19	22	13	15	14	17	22	17	16	16	19	13	16	16	17	14	15	16	22	21	15	17	17	16	22	14	18	20	15	16	20	17	14	20	17	15	17	21	13	22	15	20	14	14	17	19	15	21	20	23	17	19	22	22	19	17	16	17	13	14	20	21	16	22	19	19	18	15	14	19	19	22	13	17	22	19	21	20	15	19	13	16	18	22	21	17	17	19	18	21	16	15	22	16	19	17	17	13	15	14	15	17	17	19	14	22	17	16	17	14	14	14	14	21	20	15	16	16	14	14	20	18	14	23	14	17	15	14	20	15	13	18	15	19	20	17	16	22	20	16	23	17	18	15	20	17	16	15	15	19	22	16	13	19	14	17	22	14	18	17	16	18	17	17	15	22	21	19	15	23	19	21	15	13	13	13	17	21	23	20	15	21	15	15	19	13	21	18	19	16	15	13	15	21	22	17	18	19	16	14	15	13	19	15	16	14	19	19	20	14	20	14	18	21	21	15	19	20	16	16	16	14	13	16	17	22	17	15	23	23	20	20	18	13	20	20	20	21	17	14	23	14	13	15	14	18	18	16	20	20	19	19	19	13	22	18	19	20	17	21	21	15	13	13	13	19	20	22	19	14	16	20	16	22	15	22	18	18	22	19	16	16	15	15	18	18	15	22	18	15	22	21	17	17	22	19	14	22	18	14	20	16	21	16	17	14	23	20	17	22	16	17	22	15	22	18	22	19	18	23	17	14	21	22	19	20	20	21	19	19	22	20	13	17	18	15	16	17	21	18	15	14	19	21	23	17	17	16	20	16	16	23	18	23	13	13	17	19	19	22	18	21	15	23	21	14	14	17	23	23	18	16	13	14	14	19	15	19	17	23	16	16	19	21	14	18	20	21	16	17	20	21	23	22	22	15	19	19	18	19	16	17	13	20	17	17	20	15	14	22	19	17	23	16	20	15	15	20	15	22	22	22	19	16	15	15	18	16	18	16	18	15	20	16	16	13	14	18	19	19	18	14	20	15	19	14	18	17	18	17	21	20	19	22	21	13	20	19	21	13	22	22	22	18	14	22	22	13	22	14	21	14	22	18	21	19	13	21	23	16	19	13	18	22	20	23	22	19	13	23	19	19	21	20	13	23	17	16	21	14	14	16	23	21	21	17	18	19	15	16	18	14	14	14	16	19	17	17	21	15	18	17	14	20	20	19	14	13	14	17	20	15	20	16	18	23	21	15	20	15	16	14	15	20	17	18	16	21	14	13	21	19	21	22	16	13	18	20	21	20	22	19	18	21	13	16	21	21	22	16	17	18	19	18	18	23	15	18	14	18	19	16	23	14	16	16	19	16	16	14	20	20	16	16	20	22	23	23	21	23	23	14	22	13	23	20	22	16	20	20	22	17	14	16	21	22	20	15	20	13	15	19	14	18	15	19	23	18	22	20	18	13	14	14	22	19	17	23	20	22	19	21	20	17	13	22	14	15	15	14	19	16	21	13	15	16	18	17	22	14	14	15	22	23	14	20	18	17	23	21	17	13	20	16	22	15	14	18	16	15	23	21	15	22	15	20	14	21	15	15	20	17	13	15	18	20	21	17	16	22	16	16	17	19	17	21	19	22	15	19	17	13	19	21	23	15	17	19	14	21	14	13	21	15	14	22	22	17	16	15	16	15	23	19	18	14	14	16	15	23	19	15	22	18	17	15	20	16	20	20	17	23	18	13	17	17	14	18	18	18	15	17	17	21	15	20	18	16	22	20	13	14	21	20	21	22	14	23	17	20	21	16	16	20	20	21	14	15	17	22	16	18	15	18	20	23	16	16	16	18	18	17	22	21	23	21	17	20	17	17	17	17	22	19	17	14	17	20	20	14	21	22	15	21	21	16	14	16	22	14	23	14	20	19	22	21	16	14	23	15	17	17	14	20	18	23	22	15	19	19	19	18	20	16	20	17	21	22	17	23	15	17	17	15	23	14	19	23	19	15	23	21	19	18	16	19	13	22	18	22	19	15	20	21	14	18	14	15	19	14	22	22	18	21	14	23	17	14	20	18	17	18	21	22	15	18	20	22	16	21	15	21	20	16	15	14	16	14	21	19	16	15	19	16	23	19	18	15	15	17	20	23	15	21	20	23	22	23	16	16	19	15	16	21	21	18	15	14	21	16	15	17	22	21	17	13	18	20	19	14	16	21	14	23	22	15	21	20
wj																																																																																																																																																																																																																																																																																																																																																																																																																																																																																																																																																																																																																																																																																																																																																																																																																																																																																																																																																																																																																																							
15	12	37	62	52	7	48	87	62	97	53	24	57	48	64	57	39	99	79	24	18	87	35	94	65	15	41	5	37	69	56	15	16	44	18	36	51	8	11	73	90	50	75	73	9	39	3	65	8	36	52	61	42	29	31	94	29	47	17	66	83	93	79	29	2	28	48	36	73	53	77	34	54	88	97	61	96	49	32	77	67	15	25	63	99	70	83	8	70	5	48	7	21	47	28	28	19	18	79	8	36	41	9	74	89	33	42	30	33	14	84	18	28	11	68	79	87	17	48	5	99	99	36	7	51	81	64	74	21	16	46	55	52	5	57	74	54	50	82	18	3	25	74	21	46	61	36	50	50	50	46	14	1	10	61	19	36	92	80	75	10	56	15	70	66	22	10	86	33	38	3	31	58	5	5	84	89	42	83	15	12	85	50	66	19	59	32	77	93	95	49	53	16	73	43	57	69	53	75	51	78	42	72	17	72	58	27	46	39	14	61	78	25	81	89	83	85	93	59	68	87	9	13	25	89	2	64	74	91	14	30	10	55	97	99	21	17	62	78	9	99	51	59	5	7	29	23	85	94	31	36	56	63	54	79	16	71	24	18	49	7	2	26	97	15	44	61	80	24	21	6	53	58	85	19	12	59	95	28	81	61	15	84	88	86	64	35	30	13	37	52	37	36	99	21	61	16	74	47	42	10	100	94	18	49	10	100	21	24	25	41	14	58	71	8	8	76	12	40	32	14	59	88	24	65	34	98	37	92	96	64	79	90	25	77	95	45	23	62	4	61	79	50	19	82	77	79	33	37	67	17	32	83	53	98	66	57	83	67	98	35	2	71	62	94	3	4	40	39	55	16	39	38	32	54	57	96	25	7	60	64	87	35	13	58	6	28	18	7	8	19	19	78	57	23	17	1	80	42	57	53	9	89	23	9	92	25	100	22	77	37	16	5	87	36	3	66	26	35	7	85	77	47	67	37	71	39	56	67	61	53	22	25	27	37	25	80	60	53	27	55	71	7	57	91	78	44	30	40	66	58	75	53	3	76	65	96	86	23	60	57	95	27	39	79	80	92	84	32	33	78	48	60	75	69	62	61	81	58	67	87	41	70	88	42	34	51	52	33	17	67	36	94	17	77	30	97	54	78	64	16	8	71	55	92	83	28	87	84	32	6	47	34	84	83	32	10	93	16	100	32	2	30	53	44	86	22	27	17	23	72	52	48	79	25	44	63	90	20	8	9	74	64	25	28	14	52	97	18	58	10	67	1	98	97	33	54	45	84	19	73	78	84	42	78	93	86	52	86	1	58	84	38	8	49	11	74	65	98	78	70	71	79	57	47	31	77	32	44	99	8	79	5	59	16	61	55	10	91	56	24	31	46	10	69	26	37	60	4	7	77	25	74	73	74	62	32	37	99	89	35	61	27	6	74	63	85	96	68	69	59	51	57	45	9	33	80	98	21	36	96	10	11	47	96	75	81	9	36	86	12	76	58	72	56	65	86	44	57	25	40	89	59	66	7	42	32	98	2	70	12	83	13	62	82	48	45	66	94	98	6	97	86	94	3	3	56	52	56	100	25	96	85	40	73	76	87	3	58	11	3	50	15	58	34	3	13	64	100	83	90	19	44	74	69	88	16	41	51	12	94	96	75	51	61	28	70	23	17	14	65	42	3	83	30	6	76	12	50	20	17	90	51	14	31	81	24	73	22	39	97	23	5	48	65	71	26	71	27	92	94	18	81	15	84	68	87	13	21	28	3	15	72	85	88	40	79	23	18	3	8	25	54	28	27	32	30	9	96	94	43	83	41	84	23	13	7	70	26	19	5	38	38	1	27	99	41	48	60	47	45	61	29	28	58	98	37	91	7	46	100	78	63	48	46	54	73	88	32	45	43	99	98	25	67	69	82	23	15	15	66	55	74	83	29	56	98	34	81	11	85	43	59	34	95	92	90	80	88	78	89	79	45	3	99	22	15	45	27	77	54	19	16	71	90	28	44	9	29	56	5	69	62	81	65	94	37	28	85	53	8	92	61	64	94	69	13	59	9	73	22	65	81	75	49	44	19	33	87	56	59	64	18	47	22	11	6	17	31	100	60	46	69	93	7	97	24	56	71	30	11	5	46	7	5	15	63	40	13	39	55	53	31	25	67	2	36	42	11	48	12	95	70	4	12	36	85	19	65	23	31	72	89	68	97	99	77	66	2	81	13	35	28	31	89	59	61	57	55	45	97	59	55	5	59	82	47	71	11	68	38	27	44	96	2	6	66	96	77	98
