pij																																																																																																																																																																																																																																																																																																																																																																																																																																																																																																																																																																																																																																																																																																																																																																																																																																																																																																																																																																																																																																							
59	58	54	57	55	53	53	56	50	53	53	60	51	58	57	55	54	55	51	53	52	58	55	57	58	52	54	51	55	55	55	50	53	51	51	51	59	60	50	53	52	55	50	53	57	54	54	53	50	50	52	52	53	58	53	55	59	58	54	55	52	59	59	58	51	57	59	56	55	52	57	51	50	59	57	54	53	58	60	56	52	57	59	58	57	50	59	55	54	59	60	53	53	51	54	60	53	55	56	55	56	51	60	52	59	57	52	51	50	51	53	57	57	52	53	51	53	51	53	52	52	52	58	55	53	53	53	52	58	58	51	56	59	54	56	57	54	53	59	54	56	54	53	56	56	57	59	60	53	52	53	51	59	55	53	51	51	60	52	50	60	52	52	57	58	51	54	58	52	57	57	55	58	58	52	57	53	57	53	55	52	59	55	57	55	52	53	51	51	54	59	60	59	54	58	56	56	53	56	55	54	51	58	53	57	54	55	54	53	53	57	54	57	60	51	56	56	56	51	52	57	59	53	60	51	55	56	57	54	55	59	59	57	59	57	57	57	50	53	54	55	51	59	60	59	50	54	57	52	55	55	54	53	57	53	55	54	58	51	60	59	51	54	51	58	53	52	53	56	58	58	50	53	56	55	58	50	57	53	54	53	58	59	53	52	55	57	57	54	55	56	54	59	53	56	57	57	52	50	50	50	59	57	58	58	55	56	53	51	52	53	57	54	56	57	59	53	53	52	58	55	53	59	59	56	53	53	57	55	53	51	58	57	57	58	55	52	54	50	55	53	56	51	53	51	59	56	59	60	59	57	58	57	58	53	52	51	55	60	57	52	51	59	60	57	57	53	51	50	53	52	57	59	59	56	57	54	57	59	53	57	59	52	55	53	60	50	53	54	59	54	58	53	54	51	52	56	54	57	59	51	50	51	59	56	56	51	59	60	57	54	53	60	56	52	58	56	57	57	51	52	55	58	53	59	51	55	52	53	59	52	53	56	51	52	53	52	58	55	53	55	54	51	51	57	54	53	58	54	52	50	58	59	54	56	53	55	52	52	53	52	55	51	52	53	56	58	58	59	58	58	53	51	58	58	60	51	51	51	55	52	53	51	52	50	54	51	56	55	59	51	56	51	58	58	54	53	55	60	56	52	55	55	53	54	55	52	59	56	50	57	56	51	58	52	57	59	51	53	55	54	53	57	51	54	56	52	55	53	51	60	55	57	57	53	51	57	50	55	51	58	54	55	56	55	51	51	59	52	52	53	57	56	53	57	57	53	58	51	58	54	54	52	57	53	53	56	55	52	59	60	52	59	56	57	54	59	56	58	54	53	51	56	55	52	51	53	58	55	52	54	54	59	56	52	59	60	53	53	59	54	53	50	52	58	57	50	56	55	51	57	55	59	50	59	53	59	52	55	59	56	54	52	56	57	59	53	53	52	52	54	56	59	55	51	55	54	54	58	52	51	54	53	50	54	52	50	51	51	53	59	51	58	53	51	54	60	59	55	56	58	58	53	55	50	55	58	54	56	57	51	59	54	50	56	59	56	54	60	55	55	53	54	58	54	55	56	54	54	58	58	58	60	51	55	56	58	51	58	50	54	59	51	50	52	56	58	57	53	51	53	56	55	52	52	54	53	56	58	52	54	51	55	52	56	53	59	58	57	59	59	53	55	56	54	59	52	57	57	56	53	53	58	54	55	56	53	56	51	56	57	53	53	56	59	54	58	54	52	58	60	52	56	58	58	56	57	54	60	51	52	52	59	53	60	54	51	53	52	59	58	59	55	58	53	51	59	59	51	58	50	51	60	56	55	52	60	52	60	60	59	57	53	56	58	51	55	53	58	54	57	58	52	58	52	58	58	59	55	59	59	57	59	54	51	56	50	59	58	53	51	59	54	52	57	57	54	57	57	56	55	58	58	54	59	56	59	59	60	59	56	52	53	53	60	54	53	56	51	58	53	60	54	58	59	50	58	59	52	56	55	52	57	56	59	55	51	60	58	51	56	52	53	57	56	50	55	56	52	54	50	50	57	51	57	50	56	52	54	52	60	52	59	60	53	52	51	56	56	55	58	55	51	53	59	51	53	55	59	58	53	57	59	54	57	57	59	54	52	54	58	54	55	60	57	54	59	52	56	51	57	56	52	54	55	57	53	58	60	58	54	57	52	55	57	53	53	60	52	53	55	58	60	53	55	54	60	51	60	53	52	55	53	54	59	57	50	53	59	52	56	55	59	53	53	59	59	56	58	58	57	54	55	56	57	50	56	51	55	56
42	42	39	43	35	40	42	42	41	41	41	40	40	35	39	37	37	38	41	36	37	36	38	34	41	38	42	44	38	40	36	44	36	35	37	41	44	44	40	42	36	38	43	39	42	34	39	38	39	35	41	40	37	34	44	40	41	37	37	40	42	40	42	44	43	37	37	39	36	36	41	39	35	39	36	41	38	34	43	34	40	42	34	36	35	42	38	39	42	37	38	44	40	43	42	44	36	42	37	35	40	38	41	43	38	36	41	42	40	40	37	36	34	39	35	39	39	35	38	40	34	38	39	40	36	37	35	34	37	41	44	34	34	36	42	39	39	44	35	42	43	42	39	35	41	39	40	37	40	37	35	40	39	40	43	38	40	42	39	41	36	38	44	35	42	38	39	40	38	41	39	35	42	39	44	42	42	39	41	40	41	40	35	35	42	34	43	36	36	41	37	39	36	37	38	39	38	38	37	42	42	41	44	39	44	40	38	38	39	37	42	42	35	44	37	34	40	40	42	39	44	39	40	35	40	44	36	37	37	42	40	38	37	38	36	39	35	38	41	43	44	34	39	43	41	38	41	42	35	39	38	38	42	43	35	43	35	41	40	34	42	41	35	36	40	38	42	43	41	39	43	40	36	36	35	44	34	34	41	35	38	35	43	43	41	35	37	43	36	40	40	39	36	37	35	42	42	35	44	40	36	42	36	35	38	43	39	42	35	39	41	37	37	41	40	35	41	34	44	36	42	41	40	44	34	38	35	41	40	42	39	38	41	43	37	42	36	36	38	37	39	38	35	35	39	35	36	41	37	39	41	39	39	36	38	40	37	44	36	36	42	43	38	44	42	43	43	43	34	44	37	44	41	37	44	38	42	37	35	39	43	40	35	38	38	41	44	37	43	40	38	40	39	38	35	34	38	36	41	40	34	34	38	34	43	43	44	40	37	42	39	44	42	38	39	44	40	44	41	37	36	41	36	37	43	44	42	42	43	38	36	38	36	38	37	35	43	38	35	42	39	42	35	40	37	37	42	40	41	42	35	41	36	38	38	38	41	41	37	40	36	43	34	37	37	35	37	43	39	41	40	39	38	41	35	35	43	42	40	43	44	43	39	43	41	40	39	40	35	44	42	34	41	38	34	35	38	35	35	43	35	44	41	38	40	40	39	40	38	36	40	42	35	38	40	42	37	43	38	41	34	41	35	37	41	37	43	42	42	44	38	42	41	42	35	43	38	37	36	36	41	43	35	36	43	42	41	41	37	38	39	44	34	35	39	39	39	41	39	41	39	35	44	35	38	35	39	40	40	36	40	38	37	41	43	43	37	37	34	40	40	43	39	36	35	35	40	44	37	44	38	42	42	43	42	40	38	35	43	35	37	42	41	36	41	43	42	40	39	41	38	39	42	36	36	37	43	44	43	34	34	35	37	37	42	38	42	40	43	37	40	37	35	44	39	42	38	42	43	41	37	37	44	41	41	35	37	42	36	38	38	35	44	34	37	35	39	43	38	42	37	35	43	42	42	36	42	35	39	34	38	34	40	36	36	44	36	40	42	43	41	42	36	37	42	34	43	39	42	40	35	36	39	42	39	36	43	43	38	36	36	36	36	37	38	38	37	44	37	43	36	44	36	40	38	36	40	41	41	34	43	39	36	40	42	43	41	40	40	43	41	38	42	35	40	41	34	39	43	38	40	39	38	36	43	36	38	36	38	36	38	36	40	35	40	42	34	39	39	40	43	38	43	38	39	35	37	43	37	38	40	43	39	38	39	38	41	36	35	35	37	35	36	40	42	43	40	34	40	36	40	35	41	40	39	44	38	39	42	40	42	42	35	38	40	37	43	34	43	39	42	42	36	36	38	43	42	41	37	40	34	41	44	39	42	42	37	42	39	41	36	36	42	42	44	36	42	35	35	40	35	40	41	43	44	39	44	42	37	35	43	42	41	43	35	37	37	39	36	40	40	43	37	37	40	40	44	37	37	39	43	38	37	36	44	41	42	39	36	42	43	38	38	40	35	36	35	43	43	42	36	36	37	37	39	37	35	37	42	41	34	37	35	39	43	38	37	43	38	38	39	36	38	41	38	35	38	39	36	40	41	40	39	43	41	38	41	41	44	41	40	36	36	41	41	37	34	41	38	42	42	40	43	42	37	38	42	39	34	40	40	37	42	38	44	37	40	34	40	37	43	43	42	44	41	36	44	41	42	44	34	36	34	40	43	37	37	35	34	37	43	41	38	39	36	44	40	39	42	43	42	41	40	37	37	43	42	35	39	36
86	87	80	82	87	90	88	85	86	88	89	81	90	85	89	88	81	89	84	83	88	89	85	89	81	85	82	88	81	81	89	85	81	90	89	81	81	81	82	80	83	87	88	85	81	81	89	87	85	83	87	85	86	83	85	84	84	84	86	80	85	87	89	86	81	86	82	81	87	82	80	81	90	85	87	84	83	90	88	85	83	89	83	83	86	88	86	84	89	86	87	88	82	85	83	88	82	89	81	84	86	87	84	82	81	84	89	82	87	83	85	86	89	82	84	85	83	84	85	89	84	83	85	82	82	90	84	87	87	87	86	80	83	84	86	82	84	85	85	85	89	86	86	83	84	81	90	89	89	89	90	81	83	87	83	85	84	82	86	89	88	90	87	82	89	80	90	86	88	82	80	87	86	89	83	86	82	84	86	83	89	85	85	89	83	90	80	84	87	87	85	81	89	87	81	88	83	88	84	89	89	89	86	83	80	88	83	83	80	81	81	90	87	81	89	89	87	89	86	82	88	84	89	81	87	88	87	84	86	86	84	86	89	82	81	90	83	89	86	81	86	82	86	88	87	81	83	88	84	87	88	90	87	87	84	80	89	82	84	82	86	82	82	86	86	82	85	87	88	80	87	85	85	80	89	85	83	82	89	82	89	87	86	85	81	80	80	85	81	81	81	81	81	88	83	83	90	80	85	87	84	88	86	81	84	84	88	85	81	85	82	84	87	88	89	84	81	83	87	89	83	89	88	84	84	83	82	81	86	86	86	84	85	87	90	90	82	83	88	86	84	80	89	82	90	81	86	86	82	87	87	82	82	89	86	82	81	81	85	84	83	81	82	87	83	83	82	89	82	87	87	81	84	86	85	84	86	86	80	84	84	87	81	85	89	84	87	88	88	85	87	82	85	80	81	85	87	83	90	84	84	85	90	83	81	86	83	89	89	87	87	86	83	81	88	82	88	85	86	88	87	83	85	82	87	86	82	81	83	83	83	85	85	83	86	88	89	86	90	82	81	82	81	81	84	85	90	87	90	82	86	81	90	85	90	83	86	86	81	89	89	85	83	84	82	85	84	84	83	83	82	82	81	90	89	81	82	81	81	82	83	82	86	80	85	90	82	88	85	85	85	80	84	84	89	85	83	87	84	81	87	86	90	85	86	82	85	84	80	81	84	88	90	89	84	89	86	82	82	82	83	87	83	85	88	88	86	86	81	89	87	86	82	88	81	84	81	90	81	84	86	87	83	83	81	82	81	88	86	84	85	84	83	89	82	83	83	86	86	85	85	83	81	89	86	85	81	90	88	85	83	82	88	82	85	90	89	83	84	90	90	89	83	85	81	87	88	88	83	81	81	87	83	87	81	86	89	84	81	84	84	88	83	86	84	84	90	89	87	86	82	82	83	80	80	85	87	84	89	82	90	81	81	82	81	89	89	81	86	87	83	86	86	81	84	81	82	81	82	89	80	86	81	83	81	83	83	84	83	82	82	83	89	81	84	86	88	81	89	90	83	86	84	88	81	87	83	86	82	85	81	80	83	84	87	85	90	85	88	81	89	83	86	89	84	86	81	85	90	85	87	84	83	82	86	83	86	85	80	85	81	86	89	86	88	84	84	89	82	81	82	87	88	80	88	88	83	87	87	89	84	86	88	82	83	88	88	83	83	89	88	80	82	82	82	85	88	85	84	88	87	84	85	86	82	80	84	83	85	83	84	81	82	84	83	89	84	88	81	83	83	83	85	80	86	85	89	80	80	84	85	89	81	82	90	89	88	88	87	82	81	82	89	83	86	81	89	88	83	83	85	82	88	80	83	85	84	82	80	84	88	83	90	84	84	84	87	82	84	86	82	83	87	88	84	85	81	88	84	83	83	83	86	84	86	86	83	81	81	85	87	85	88	89	89	82	84	90	82	86	81	82	82	82	90	84	84	90	83	83	81	81	83	89	83	85	83	82	87	87	81	81	87	82	80	83	87	84	84	90	81	83	88	87	87	88	87	82	87	81	80	81	86	88	80	80	85	82	86	84	82	86	81	89	89	81	80	83	81	88	89	84	82	88	85	90	87	84	82	84	86	82	80	82	88	83	80	88	90	87	81	88	88	88	84	88	80	86	81	80	86	89	83	90	81	83	88	88	84	86	88	84	84	84	83	88	85	85	85	88	83	88	84	90	81	87	89	83	88	90	85	87	88	81	82	83	85	82	89	85	82	89	84	82	84	90	84	84	88	85	81	87	81	81	86	83	87	81	82	86	88	87	81	83	81	82	89	86	82	85
20	26	24	19	24	23	23	17	19	21	17	25	18	20	16	19	21	20	23	23	23	17	19	16	16	19	24	18	23	26	25	18	21	20	21	24	16	26	18	25	25	18	23	21	24	23	21	25	20	20	23	23	24	23	21	24	23	17	17	17	19	19	17	19	24	17	21	26	20	18	25	26	24	26	21	20	18	21	17	22	16	21	18	17	24	21	19	20	19	20	22	26	24	19	23	16	22	19	17	22	21	21	18	20	21	21	23	23	23	22	21	22	26	23	19	22	17	26	25	23	21	16	21	26	16	18	23	24	18	19	24	25	17	26	25	20	20	25	18	19	18	16	22	23	24	20	20	26	25	23	19	25	19	21	17	16	17	25	22	21	20	26	18	22	22	24	26	23	18	19	20	25	25	21	20	25	17	16	17	16	19	18	19	22	21	17	21	25	20	21	23	17	19	23	17	19	18	16	22	22	20	20	20	17	21	17	23	24	25	25	19	19	17	21	19	20	21	24	22	21	18	22	18	23	24	16	21	20	18	19	19	17	24	25	18	19	25	23	20	21	24	25	17	20	23	22	25	20	17	24	26	22	18	22	17	18	17	22	23	22	26	21	25	24	19	20	21	19	17	17	19	20	17	25	21	23	19	17	23	20	25	23	22	20	17	18	17	18	25	23	20	21	22	26	17	23	25	24	19	20	18	20	20	17	25	17	18	23	18	21	19	21	23	18	16	26	23	18	25	24	25	20	22	18	19	25	23	23	20	22	19	18	17	25	22	18	20	18	17	22	17	23	26	16	19	18	23	21	19	20	17	17	17	19	23	24	20	24	19	22	21	23	18	25	24	20	22	20	19	24	18	20	22	19	25	25	26	24	19	17	25	25	24	26	23	18	16	25	18	23	21	17	18	25	23	17	25	18	21	21	19	26	23	23	23	23	19	20	26	24	26	18	24	17	23	21	16	19	24	16	16	24	18	26	25	21	21	25	19	20	19	22	23	18	25	17	23	24	22	22	23	26	17	26	20	23	18	18	20	22	23	25	21	19	18	21	19	23	17	20	20	24	20	18	20	25	19	17	22	16	16	22	17	16	18	18	23	23	23	23	20	22	18	23	18	18	23	20	21	22	21	24	24	20	25	17	21	19	21	20	25	25	21	17	17	17	24	24	21	20	23	19	17	25	19	21	25	18	19	24	23	18	25	25	21	21	20	24	18	24	25	16	25	23	22	19	21	18	17	17	19	19	18	24	26	18	19	20	18	25	24	20	25	21	21	20	21	25	17	23	22	20	16	20	21	18	19	17	21	25	20	19	18	24	19	26	22	21	18	21	21	25	19	23	22	23	22	16	16	16	25	19	20	20	20	24	25	21	23	25	17	17	26	17	19	23	16	21	17	23	18	21	22	16	17	24	19	18	22	22	22	21	24	22	17	19	26	23	20	17	24	18	21	25	25	25	23	16	19	23	26	22	16	20	25	20	22	22	22	20	17	25	18	18	17	21	17	23	22	21	25	23	23	17	18	25	26	17	25	24	26	25	23	17	23	18	23	17	18	24	18	20	18	24	23	24	26	22	20	21	26	16	24	24	19	17	19	17	18	17	18	17	23	26	25	16	23	16	26	22	21	26	19	22	21	24	19	16	25	20	24	19	23	24	16	19	25	17	20	21	22	18	19	21	21	17	25	24	16	17	19	23	21	24	17	26	22	25	17	20	18	21	17	21	21	17	16	23	20	19	17	22	23	17	18	26	18	19	21	17	17	24	19	24	22	25	21	23	23	26	26	19	18	25	18	20	26	21	24	17	20	23	21	25	22	22	19	26	20	16	16	24	20	18	25	25	18	21	20	18	21	26	20	21	22	20	17	18	19	22	18	21	20	17	25	25	21	20	20	25	21	23	20	22	19	18	20	24	19	22	18	16	25	20	23	19	17	23	22	17	16	25	18	19	23	24	22	18	18	21	26	21	19	21	24	21	23	16	20	20	24	22	21	19	25	23	18	25	25	21	20	24	23	24	19	19	19	18	17	23	25	18	20	20	17	17	26	25	22	17	19	24	17	19	21	18	21	18	17	20	19	19	21	25	26	25	21	21	24	20	23	19	22	26	16	23	20	21	17	16	21	18	20	16	22	24	25	25	25	16	26	25	17	25	18	26	22	24	18	19	18	25	25	20	18	20	23	25	20	23	24	22	26	24	20	25	22	16	21	25	18	26	19	18	24	18	20	23	20	25	18	23	19	20	16	17	23	23	25	18	25	17	24	23	23	17	23	24	22	23
79	76	74	72	76	73	81	73	77	72	75	81	71	76	74	78	77	73	77	78	75	76	77	81	73	73	75	78	75	73	73	81	77	77	77	76	73	71	81	76	71	79	77	74	79	71	72	80	75	80	72	72	76	79	72	73	75	74	75	74	75	77	77	80	78	79	79	76	72	78	77	71	80	78	79	77	79	75	78	81	79	75	80	76	79	75	76	72	81	72	80	74	79	75	74	79	76	81	74	74	74	81	74	77	72	72	76	80	76	77	74	71	75	79	74	76	72	81	72	79	77	81	74	72	73	77	80	79	75	79	75	79	78	78	73	77	76	73	74	77	78	76	72	73	71	76	76	80	75	78	80	74	77	73	74	75	73	74	77	72	73	76	72	81	77	74	75	75	72	78	75	78	75	79	80	77	74	78	74	78	77	79	71	76	75	77	78	77	78	78	75	75	81	72	75	81	79	75	80	78	79	74	73	80	77	77	73	77	71	73	80	76	80	77	73	74	75	78	78	79	73	77	72	80	72	79	75	76	73	73	76	76	73	75	75	77	80	79	78	76	75	76	78	72	80	79	72	78	74	79	75	72	80	76	78	73	77	80	78	81	79	78	76	72	79	80	79	73	78	80	77	79	79	72	79	75	77	80	78	78	81	76	75	76	73	79	75	80	72	81	76	80	77	75	77	75	74	71	71	74	79	73	72	72	73	72	72	71	72	74	75	79	72	76	72	79	72	78	73	77	80	80	79	74	76	75	80	76	81	80	74	71	77	73	77	75	72	73	78	76	76	78	81	79	75	76	77	80	77	76	79	78	77	78	75	78	73	78	78	76	78	81	79	81	79	81	78	78	81	77	72	73	77	78	75	81	81	78	79	74	81	73	75	74	79	76	71	77	77	80	76	78	74	79	73	77	78	79	79	80	73	79	71	72	80	75	74	71	77	80	76	81	73	72	78	74	80	76	72	78	79	81	75	76	80	75	80	77	74	72	74	76	77	74	74	78	77	73	73	74	72	79	80	79	79	72	81	73	72	76	75	75	73	77	81	73	79	72	76	75	72	77	79	80	78	74	79	79	73	72	79	71	72	75	81	71	75	73	78	74	80	80	79	79	72	76	72	71	77	75	78	77	79	72	77	75	77	72	80	80	74	77	74	73	77	76	72	78	71	80	79	72	78	75	78	74	74	74	75	80	72	79	78	74	75	78	76	72	76	76	73	72	74	74	72	78	73	78	80	81	71	74	72	73	74	76	75	77	80	78	78	75	79	80	78	77	78	79	73	78	74	72	75	71	80	76	77	80	75	79	74	80	77	72	77	80	77	71	73	74	80	72	78	74	74	78	80	77	79	81	77	81	79	77	75	73	72	79	79	78	74	75	80	80	78	74	73	77	80	73	75	80	74	78	71	78	71	79	77	79	72	79	72	78	72	79	74	78	77	80	79	73	74	74	78	74	75	71	74	80	73	75	73	74	71	80	81	76	76	71	80	72	78	73	75	78	80	73	75	77	77	79	71	71	73	75	71	79	77	78	75	72	78	73	77	75	73	80	74	80	71	78	73	75	79	79	74	72	79	81	72	73	78	77	75	75	80	76	72	81	74	80	78	76	76	72	80	79	79	81	80	74	74	79	75	72	78	77	74	73	78	76	76	80	77	72	75	72	78	77	80	74	77	79	78	72	79	74	76	75	80	72	77	79	72	80	80	74	80	76	75	80	74	78	80	81	74	76	79	80	78	77	80	78	74	80	75	75	75	73	73	75	81	74	74	75	80	78	73	79	80	73	80	75	79	73	75	74	80	73	80	76	75	81	72	78	72	76	75	76	76	81	75	72	78	81	77	78	73	75	79	71	80	79	75	74	78	71	75	72	73	75	74	75	78	78	77	79	76	81	79	74	73	81	78	78	81	72	80	74	77	76	80	77	79	76	71	74	78	77	72	72	73	80	77	75	71	78	72	74	78	75	77	74	77	75	80	81	78	76	80	80	78	73	74	77	76	75	76	77	79	78	73	72	77	79	71	71	74	75	73	80	76	80	75	76	77	80	74	75	80	72	75	76	80	77	80	75	79	75	74	76	77	78	71	81	78	73	78	74	72	78	80	72	71	76	78	76	77	80	75	79	76	73	74	77	71	71	78	73	77	79	76	71	78	75	78	73	73	79	77	80	76	79	75	72	76	75	73	78	78	79	79	79	79	79	80	71	72	78	80	80	75	74	76	74	77	76	72	78	74	73	81	73	79	80	73	74	73	78	72	72	77	76	74	80	77	73	79	72
78	74	78	81	77	78	73	77	73	78	81	79	76	79	78	77	77	82	80	78	76	73	77	80	81	77	81	72	78	72	80	77	77	76	81	75	81	82	75	81	76	78	79	75	72	76	80	73	81	74	75	78	79	73	75	74	80	78	80	76	72	79	74	80	80	81	72	73	77	74	79	75	72	75	77	79	75	78	79	75	82	80	74	76	74	73	75	73	79	80	74	74	75	72	78	80	74	78	79	76	75	75	76	81	73	80	77	72	80	78	78	78	74	81	76	74	76	74	81	75	76	76	73	76	74	72	81	77	73	73	77	74	73	72	79	81	75	81	81	82	76	80	75	80	75	81	77	74	73	75	79	76	77	79	79	80	80	74	77	76	75	74	79	78	82	75	82	77	72	73	81	78	75	72	79	76	81	73	74	81	80	73	75	73	74	80	75	74	74	72	80	79	75	79	76	81	79	81	73	79	74	75	74	73	78	74	72	76	79	73	74	80	81	73	78	74	76	76	75	79	81	82	78	80	80	74	73	77	80	73	81	81	79	73	73	78	80	74	73	78	77	73	82	75	76	76	74	74	80	78	73	79	79	77	80	76	78	78	76	76	74	77	72	76	77	76	76	77	72	74	81	81	81	78	74	77	72	79	75	73	74	78	73	77	75	81	73	75	74	78	72	80	81	80	73	79	76	81	73	82	82	81	82	80	73	77	75	82	73	81	78	79	74	76	80	73	82	79	79	81	81	78	80	75	73	72	77	75	77	79	77	75	81	75	79	76	77	82	75	80	82	79	78	76	79	77	79	78	74	78	74	79	80	77	82	75	81	82	79	80	74	73	72	77	81	82	79	73	79	72	76	80	76	81	81	75	75	76	75	78	73	81	77	79	76	73	76	82	78	80	72	77	73	75	81	74	77	80	77	79	74	80	75	78	81	77	81	77	79	74	77	75	77	78	75	75	75	78	74	75	76	79	79	78	80	82	78	79	80	75	74	78	79	75	76	73	72	81	82	74	77	72	79	76	77	73	73	75	77	72	78	77	76	76	79	82	74	75	74	80	78	75	79	77	74	79	79	75	78	79	77	79	75	82	80	80	79	81	81	72	77	79	79	73	82	73	74	78	77	76	77	81	77	75	80	79	78	76	74	75	72	80	80	73	78	76	80	76	74	75	72	77	74	73	75	79	81	78	80	74	76	72	76	79	81	78	80	76	75	81	79	78	72	80	77	76	74	80	81	79	78	74	79	81	80	74	73	78	79	76	73	80	78	78	78	77	75	74	75	76	80	73	74	78	76	79	74	79	80	76	78	73	82	76	75	81	82	80	73	78	82	76	73	81	72	81	73	76	73	79	75	74	73	79	75	82	76	75	72	73	80	81	74	80	75	77	79	75	74	77	72	82	73	77	77	79	76	76	78	81	81	78	73	75	78	78	74	82	77	76	76	73	80	75	76	81	81	77	74	81	75	77	78	79	73	81	73	81	76	81	76	81	74	73	81	81	73	73	73	81	75	74	81	74	73	81	79	76	74	78	75	76	77	82	73	78	80	74	74	80	75	76	73	76	80	76	73	79	73	74	74	74	79	79	76	80	75	79	79	81	75	80	76	73	75	81	78	80	74	72	78	76	79	73	74	75	72	73	75	75	73	80	79	82	74	74	75	81	74	76	81	77	73	82	75	79	77	77	76	75	76	73	73	80	77	79	72	74	77	75	78	78	74	80	78	77	77	74	74	74	77	80	80	79	76	74	80	80	72	74	81	79	76	76	79	77	77	73	74	77	74	76	81	80	76	81	80	73	81	73	75	73	80	77	80	80	81	81	79	76	82	73	81	78	78	73	73	77	74	77	82	76	76	79	77	80	79	82	75	77	75	77	74	80	76	79	73	72	79	72	80	80	74	72	77	74	81	74	80	76	78	82	82	74	78	81	75	74	73	79	72	82	74	80	79	78	79	81	79	79	78	73	75	80	76	80	80	80	75	75	78	75	77	81	75	73	73	80	78	76	78	80	78	73	75	82	74	82	78	72	75	75	80	79	72	77	77	80	73	76	78	77	79	75	75	77	75	74	81	75	72	76	73	74	77	75	76	76	81	73	80	78	79	75	76	81	73	79	79	80	82	81	74	72	76	81	80	81	77	76	75	78	75	78	78	78	77	81	80	77	72	78	78	78	75	78	76	79	74	73	73	79	75	73	76	72	80	74	79	73	82	74	79	81	78	75	75	75	75	77	75	75	78	79	74	79	76	76	75	73	76	79	76	75	75	81	78	81	73	81
78	83	80	78	75	82	80	82	76	80	78	77	81	73	79	81	82	78	82	80	82	75	74	81	73	82	81	77	73	79	78	80	83	79	73	78	74	79	77	74	78	79	80	80	83	74	73	81	77	77	74	78	76	81	77	73	79	76	76	80	74	78	74	81	80	73	80	81	82	80	73	75	75	74	82	83	76	81	75	77	81	82	74	82	78	75	83	80	81	75	81	74	77	80	76	78	74	75	82	80	78	74	81	83	76	83	77	74	74	82	77	77	82	82	74	80	82	78	74	75	81	78	78	75	80	81	79	81	76	75	74	73	79	75	76	82	82	83	76	82	81	79	79	78	74	76	75	78	81	81	79	81	74	77	74	73	78	74	80	81	79	80	81	81	80	80	78	82	79	82	76	77	76	82	78	81	83	79	78	77	73	74	74	74	78	82	74	74	78	80	77	76	77	74	75	80	77	75	80	81	79	77	82	75	82	76	76	77	75	79	81	77	81	77	78	75	81	78	78	77	75	79	81	80	77	80	75	76	74	83	77	76	82	79	80	81	80	80	78	78	74	82	79	75	79	80	76	81	79	74	82	73	74	75	76	83	81	74	81	80	83	76	77	80	83	78	74	81	83	77	83	82	75	80	75	81	80	77	77	83	74	82	80	73	74	80	73	81	76	82	80	81	82	82	77	75	79	78	77	78	77	74	76	77	82	80	79	79	76	80	75	75	78	77	76	81	82	77	83	83	78	80	73	78	78	81	79	80	79	75	77	78	75	78	81	81	76	82	83	82	80	78	73	75	80	78	75	74	82	82	75	83	75	76	79	80	74	78	78	79	73	77	80	77	83	81	83	79	77	78	83	83	79	78	83	80	82	75	75	77	73	83	76	77	83	77	74	78	81	82	76	81	76	75	80	80	80	74	83	74	83	80	75	77	81	83	73	75	81	82	75	76	81	74	79	78	74	79	74	77	75	83	73	82	83	78	76	78	77	76	79	75	82	75	82	81	82	81	78	76	73	73	82	81	78	82	78	74	81	79	82	81	76	80	73	77	78	78	73	78	81	73	79	75	83	73	81	81	81	79	80	79	82	80	83	80	79	78	77	81	76	75	83	83	83	79	81	80	81	83	81	76	73	82	73	80	83	75	79	75	78	73	80	82	75	78	74	74	78	73	78	79	81	77	79	75	76	81	75	82	82	73	76	79	77	78	76	79	81	75	77	76	74	74	73	78	82	81	77	76	77	78	76	74	73	74	79	74	81	80	81	79	73	83	74	82	77	78	78	82	78	76	76	82	74	78	79	76	77	75	76	77	74	73	82	82	77	75	76	75	74	78	74	77	82	74	75	80	75	76	81	79	75	74	76	75	83	80	82	73	81	78	80	78	77	80	77	79	77	76	81	80	81	78	78	79	80	81	81	81	74	82	76	81	74	82	76	73	73	82	77	82	76	79	77	75	76	74	75	78	76	80	74	74	76	79	80	82	83	83	80	79	80	74	81	77	76	73	74	79	76	75	82	83	80	77	75	83	76	75	77	76	79	81	82	80	83	80	81	77	81	78	81	80	81	79	82	76	73	75	79	74	81	74	81	79	81	73	76	78	79	82	81	74	77	78	82	76	74	74	78	74	75	80	74	82	75	82	74	75	75	81	77	79	74	74	83	79	76	83	75	73	81	75	82	76	78	79	79	82	79	76	83	74	83	82	77	73	78	75	78	83	80	77	81	74	74	82	79	81	80	76	79	82	80	77	74	80	81	75	74	83	79	76	74	83	76	76	77	77	81	73	74	73	76	74	79	79	82	74	80	77	79	73	81	82	78	78	77	83	79	78	76	81	75	81	77	82	74	75	79	80	74	75	76	80	80	77	75	81	75	78	81	81	81	77	79	77	77	75	82	75	80	80	81	74	78	74	81	74	74	81	81	81	79	82	77	75	80	74	74	77	74	78	75	82	74	79	81	77	79	80	79	80	81	78	78	79	76	73	78	80	77	73	75	74	77	77	81	80	75	83	75	79	77	77	83	81	73	80	77	77	75	77	80	76	77	80	76	75	75	74	77	80	82	80	74	80	75	75	83	73	77	80	74	82	75	78	75	81	77	75	81	79	74	76	83	78	79	82	74	76	73	74	74	81	74	79	78	75	77	77	77	76	81	78	80	75	76	81	78	82	74	76	78	78	77	76	79	78	81	79	74	77	74	80	74	77	75	79	78	76	81	77	73	81	82	76	80	78	79	82	83	82	76	80	82	78	77	78	78	80	79	75	79	80	77	77	75	79
58	61	63	57	56	58	58	59	57	56	61	55	59	61	57	59	53	55	63	53	56	58	60	58	54	54	62	60	57	58	58	53	53	54	59	57	54	54	55	56	55	61	58	59	56	56	60	58	55	60	55	54	56	57	56	58	60	59	59	60	53	55	61	56	58	58	56	56	57	62	61	62	54	57	56	55	62	58	56	60	58	54	60	62	59	60	55	63	58	59	59	54	58	59	60	61	58	57	53	57	59	61	54	60	62	62	56	59	63	60	55	55	56	58	54	56	54	56	59	55	58	55	55	59	59	54	63	60	54	58	62	60	62	62	61	54	61	60	54	61	59	59	63	60	59	60	60	56	57	57	54	59	53	55	56	57	63	55	54	60	56	61	63	54	53	54	53	58	61	55	60	63	61	58	59	58	54	60	57	58	60	61	58	53	59	56	53	56	60	54	53	63	55	54	54	61	59	63	55	61	55	54	58	53	60	61	56	61	61	58	54	54	58	55	55	60	60	59	55	63	60	60	58	58	55	55	54	61	56	56	56	58	56	57	61	57	59	62	58	63	56	54	54	59	53	56	55	59	59	54	57	60	61	59	57	54	59	60	60	55	56	59	54	61	59	58	60	60	54	59	57	59	53	55	61	61	62	56	62	56	54	62	57	58	57	58	56	62	57	55	62	54	54	57	61	54	60	62	63	58	55	53	55	56	56	62	54	62	53	60	58	57	63	53	60	58	57	58	54	53	61	62	53	58	54	53	54	55	59	53	55	54	61	62	55	54	54	54	62	54	59	55	60	53	56	61	55	61	56	56	54	60	55	62	60	60	56	54	58	56	62	54	56	55	54	59	60	59	58	60	62	62	58	61	54	56	61	63	60	58	53	57	56	56	56	59	55	58	58	62	56	61	55	54	53	62	58	59	62	56	60	62	62	61	62	60	53	55	56	54	55	55	57	58	63	57	62	61	59	61	62	53	56	56	56	60	59	58	58	56	62	62	62	59	55	53	62	62	62	53	55	58	60	63	57	55	59	54	55	56	62	56	59	60	56	58	56	62	56	59	54	62	57	57	57	55	60	57	61	60	58	59	63	56	55	60	63	60	57	60	59	55	53	58	57	60	56	54	53	55	53	53	55	60	56	55	55	59	62	54	55	55	61	61	56	57	60	56	58	55	62	60	62	55	55	56	55	61	53	56	60	53	55	59	59	61	59	63	60	55	57	62	59	61	62	58	55	56	60	62	59	60	57	54	54	54	59	61	60	61	56	58	57	56	62	57	60	63	62	59	56	57	58	60	57	59	55	63	56	59	62	55	56	59	61	55	57	59	61	61	59	54	56	55	61	62	55	59	57	56	54	60	56	58	53	53	56	56	61	61	55	62	59	53	60	58	62	60	53	62	58	54	55	62	56	60	57	60	55	57	54	54	58	59	57	57	61	60	60	53	61	60	63	55	59	58	57	58	59	54	62	57	57	62	60	54	56	53	54	53	57	56	61	62	62	62	58	55	62	61	53	61	59	53	55	56	53	61	53	60	53	62	54	59	57	54	59	60	55	62	58	55	59	62	55	53	60	54	57	63	53	59	56	62	60	60	57	55	61	62	54	57	60	57	58	59	62	55	61	55	59	55	61	54	62	59	55	54	63	58	63	54	61	54	58	55	57	55	57	60	61	56	55	54	55	59	58	55	57	60	56	57	55	58	59	60	62	55	54	54	60	54	57	54	62	63	60	59	55	62	59	55	60	58	58	59	61	59	58	60	59	63	56	61	62	59	56	59	58	56	57	62	55	58	53	60	61	55	54	60	56	56	61	62	59	61	58	62	55	59	61	62	59	60	56	57	60	62	58	59	54	62	60	58	57	55	53	62	54	57	54	55	57	57	61	62	53	59	59	62	54	55	60	59	54	55	61	62	61	53	62	54	62	59	60	63	61	61	62	57	57	58	55	60	54	59	58	54	60	61	61	55	54	56	59	54	61	62	60	61	56	58	58	61	57	59	53	54	59	60	61	60	57	57	59	62	60	58	56	59	60	58	57	56	57	55	54	55	61	54	57	61	55	57	61	57	60	56	60	61	58	53	60	63	59	61	58	60	61	55	58	59	56	54	60	61	54	58	57	55	61	55	56	56	54	56	56	59	61	62	54	55	58	58	58	57	62	63	55	61	54	57	61	55	53	62	55	56	59	59	60	56	55	59	57	61	53	63	59	58	57	53	62	56	59	56	55	62	55	54	59	56	55	62	57	56	59	57	62	54	53	63	55	59	63	55	57	59	62	55
102	106	104	100	104	105	102	107	103	104	100	105	104	102	106	103	106	99	107	99	105	108	101	104	100	102	100	107	100	102	101	103	106	101	105	101	101	105	98	101	103	101	107	104	98	107	105	107	108	101	104	103	102	108	107	102	99	105	108	102	107	108	107	108	104	106	100	99	100	103	104	107	101	105	103	103	106	100	103	99	99	102	102	101	105	101	105	107	107	103	103	105	106	101	105	107	99	99	103	106	108	100	103	103	101	105	101	104	105	103	106	103	105	100	100	102	102	99	104	107	106	102	104	99	102	103	101	105	100	101	104	105	102	102	105	100	101	103	101	100	102	108	99	102	99	100	105	108	108	104	104	107	106	108	107	104	100	103	104	103	103	100	102	101	104	101	108	108	100	106	99	100	104	99	101	105	100	100	101	104	108	107	107	104	106	103	107	102	103	106	105	102	98	100	99	100	100	104	98	100	106	99	104	102	104	101	107	101	99	103	102	105	106	106	107	106	100	100	99	98	101	102	107	100	102	102	98	105	105	104	98	107	103	102	104	104	105	104	99	106	101	103	99	102	102	105	100	104	99	104	104	100	103	105	103	103	102	103	106	106	100	100	104	99	107	100	103	106	104	103	103	105	100	99	106	103	101	99	107	98	105	106	100	106	104	107	104	104	103	103	105	108	99	105	102	99	99	107	103	104	104	108	98	106	107	99	105	104	106	101	103	106	107	104	106	101	103	108	108	105	98	100	100	106	100	100	108	103	104	107	103	105	108	98	102	100	103	105	104	106	105	103	106	99	104	99	103	99	98	100	101	105	99	103	101	98	98	106	101	100	107	99	102	105	106	104	100	100	108	108	103	105	103	107	106	105	99	99	104	102	101	105	100	100	106	102	103	102	103	100	107	104	106	106	103	99	104	99	108	100	101	101	108	108	99	99	103	104	107	106	106	100	100	102	107	103	99	104	107	104	103	99	101	100	101	106	99	107	102	98	107	105	105	99	99	102	99	105	100	105	102	107	104	101	99	103	101	106	108	102	108	103	106	99	102	104	105	105	98	100	106	99	99	98	103	108	101	104	99	107	105	104	100	105	103	105	99	108	107	98	98	103	99	107	105	107	107	106	105	107	102	99	104	98	106	103	105	103	100	100	103	105	101	101	103	104	107	107	103	99	103	99	107	106	100	103	100	106	101	102	105	103	105	107	99	108	103	105	104	102	99	100	102	103	106	103	100	105	101	104	100	107	100	100	102	107	107	102	98	102	99	99	105	105	103	103	104	103	103	98	99	100	107	98	107	106	104	100	101	105	99	101	106	107	98	100	100	105	108	98	100	103	103	98	105	98	105	98	105	107	106	106	102	103	102	105	99	107	102	103	103	100	100	102	108	101	104	102	107	105	102	102	108	101	107	100	103	104	104	101	99	106	106	102	101	103	106	98	103	107	100	102	105	101	102	105	99	108	101	104	104	106	104	105	104	103	102	103	102	101	100	105	100	99	107	106	107	99	107	101	99	103	106	102	99	104	101	104	104	100	108	102	107	100	101	98	102	100	108	102	102	107	107	107	105	105	101	102	107	106	99	104	106	100	107	100	107	107	101	101	99	106	102	102	105	106	106	102	105	106	107	103	101	99	106	104	104	105	105	101	101	99	106	102	102	105	107	104	108	99	103	100	105	106	103	102	105	102	101	101	107	101	102	103	104	104	100	107	102	107	104	108	108	104	98	100	100	101	105	107	105	98	104	107	104	104	104	105	105	101	100	108	105	100	98	104	98	107	107	104	104	104	102	103	105	105	102	106	100	105	100	105	108	104	99	105	102	104	106	108	98	103	101	106	101	106	99	105	103	99	101	99	101	102	99	105	108	107	105	101	99	103	105	100	107	105	107	104	107	99	99	106	107	99	104	106	104	105	105	107	101	106	106	105	106	106	107	99	107	101	104	107	105	106	99	107	103	108	100	104	102	105	101	105	99	108	100	101	102	102	103	100	99	103	104	103	105	101	102	104	101	104	105	98	102	102	104	102	98	107	99	98	100	107	102	98	98	102	100	100	100	100	101	98	106	100	100	108	102	102	103	106	107	106	104	100	105	99	99	103	102	107	101	101	103	106	108	99	100	104	101	107	107	102	103	105	98	104	99	108	105	106	104	107	106	99	104	99	100	100	107	107	106	103	99	103	98	101	103	102	104	102	99	104	102	105	105	104	102	100	103	100	104	107	102	106	99	108	103	102	99	100	105	105	101	99	104	106	105	105	99	103	108	100	107	104	100	103	107	107
15	15	16	19	12	20	11	12	20	14	16	12	11	17	16	12	11	15	17	16	11	15	16	12	15	14	18	17	17	13	13	13	14	19	12	11	17	16	18	17	20	13	11	10	11	20	10	13	15	14	12	14	14	15	20	17	18	20	20	18	16	20	18	14	17	16	12	12	13	13	19	20	15	16	18	17	12	10	14	11	17	17	15	18	12	10	12	20	15	13	17	16	14	16	16	16	16	16	16	17	19	11	14	17	12	14	12	15	17	16	12	11	12	13	15	13	10	10	13	17	18	17	13	15	18	17	12	18	13	13	17	16	20	11	12	18	14	18	19	18	16	19	14	17	15	14	11	19	17	13	11	17	12	11	12	12	15	14	12	16	18	17	13	17	10	14	16	18	19	12	13	14	15	20	20	19	20	11	20	16	10	11	13	17	13	10	11	17	14	16	17	13	17	18	11	19	10	17	17	11	12	15	13	11	19	11	12	16	12	13	17	13	13	12	13	16	16	16	18	17	19	16	12	17	10	15	13	18	14	14	16	12	14	20	12	16	10	19	15	19	12	18	13	17	18	15	11	12	10	14	20	20	15	15	16	16	17	11	15	19	13	12	15	16	14	17	14	14	20	17	14	20	18	15	18	14	14	15	11	17	15	11	17	14	19	17	13	12	10	14	11	10	13	10	12	12	12	10	11	13	16	18	13	20	11	17	20	11	19	19	19	19	17	19	18	12	16	16	14	15	18	11	18	19	18	14	15	18	13	11	16	13	18	14	17	17	19	19	13	16	16	16	14	14	11	15	12	13	16	13	13	18	14	17	19	16	13	15	17	17	15	19	11	17	17	16	15	11	15	14	12	19	11	15	16	15	16	12	20	18	18	16	14	18	19	15	17	17	18	18	11	18	10	10	15	16	13	16	13	11	16	20	18	19	20	19	11	17	17	13	12	18	19	17	13	14	13	14	17	15	13	14	16	13	17	11	18	18	10	12	15	15	16	13	14	16	16	13	14	16	16	15	15	18	12	10	15	12	15	20	15	19	13	11	20	14	11	14	11	16	20	15	12	13	18	14	16	17	15	17	18	16	16	13	10	11	10	13	19	12	14	20	17	19	13	19	12	13	12	13	19	15	13	16	15	10	18	15	19	11	17	19	13	13	12	11	15	19	19	10	19	16	11	13	13	13	11	17	11	15	10	20	12	17	12	14	16	20	13	20	19	12	13	15	16	12	14	17	20	19	11	16	11	14	13	12	15	17	19	10	19	12	10	19	15	17	15	18	12	14	15	13	18	12	19	18	18	19	13	16	15	19	14	15	20	10	18	13	13	11	11	14	19	18	11	16	13	15	19	16	19	14	18	12	12	12	16	11	18	13	18	18	11	14	17	20	12	14	18	16	15	13	14	16	11	11	13	12	10	16	12	19	11	17	13	15	14	10	11	15	11	14	19	18	16	19	16	11	16	18	16	19	18	15	12	12	19	12	19	14	18	12	20	11	17	15	18	11	15	14	19	16	18	14	12	14	14	16	15	18	11	20	18	14	15	11	11	15	11	13	20	14	10	16	20	17	17	15	11	11	17	16	14	11	11	11	13	12	20	15	15	19	18	12	20	18	13	20	14	18	10	12	16	17	13	15	12	17	15	15	17	11	16	11	17	12	11	11	15	10	14	18	13	15	11	18	18	16	20	14	10	16	16	20	16	10	11	11	10	15	19	13	16	13	20	17	13	15	12	16	16	18	18	14	12	12	15	15	15	20	13	16	11	19	12	12	14	14	19	11	16	11	16	13	15	14	13	11	19	13	16	17	18	18	19	18	17	12	15	15	12	15	16	13	16	13	16	13	15	19	12	12	17	10	19	15	19	19	18	11	17	19	10	17	12	13	11	14	13	12	15	11	15	19	19	18	10	15	19	19	19	19	19	16	14	13	15	17	19	14	18	15	16	12	14	13	13	19	15	14	10	17	12	16	19	15	11	17	17	11	13	20	14	19	13	14	15	13	15	16	13	19	15	17	11	18	13	18	18	18	16	15	13	19	16	16	17	16	16	14	18	16	13	17	19	14	17	15	16	16	13	18	18	12	16	11	13	18	15	10	17	19	16	14	19	14	19	16	13	16	13	19	18	20	10	15	18	20	16	12	19	10	13	15	10	11	11	13	17	10	17	17	13	11	18	19	16	11	16	17	15	11	17	11	17	18	16	13	14	11	16	17	11	13	12	16	17	11	17	17	15	11	13	15	19	17	20	19	17	15	17	11	17	14	13	18	15	16	18	19
87	87	82	87	87	84	84	88	79	85	84	80	83	86	87	79	84	79	86	83	82	81	81	80	86	80	78	82	81	88	79	86	85	83	85	88	78	85	82	79	82	81	84	86	86	85	81	84	84	83	80	85	80	86	84	83	87	82	79	86	88	79	84	80	88	83	85	82	87	86	85	81	79	85	80	87	80	84	86	78	79	87	81	84	83	80	86	82	83	85	87	79	88	82	87	78	85	83	80	82	83	83	80	86	80	78	80	85	79	84	86	86	84	81	78	80	78	88	87	86	84	78	81	78	85	84	79	86	81	85	80	84	85	82	79	85	79	83	79	80	78	78	85	84	82	85	79	79	83	86	81	79	85	80	79	82	82	82	86	81	80	83	81	86	81	78	86	82	85	82	83	81	86	80	87	80	83	88	85	83	86	81	84	82	81	79	85	84	83	82	78	80	87	84	86	78	87	82	83	80	85	83	81	88	86	86	87	87	84	86	81	85	80	80	83	88	85	88	84	83	85	87	79	83	83	82	80	87	86	81	83	81	82	81	86	87	82	80	82	83	88	81	80	80	83	88	87	87	87	84	87	88	87	86	85	84	79	82	86	83	86	87	79	79	82	84	80	80	85	82	82	86	79	83	85	84	80	84	81	79	84	87	84	83	82	78	81	83	86	88	79	81	81	79	85	84	88	80	86	82	82	82	87	84	88	86	84	82	84	84	86	83	88	84	79	81	83	88	82	80	79	86	79	81	83	82	78	84	79	78	85	87	83	81	85	81	79	82	84	82	84	87	87	83	85	82	82	84	83	81	85	83	80	87	79	82	79	78	79	88	79	82	81	87	87	84	82	85	79	81	84	82	86	88	79	86	83	78	87	83	85	87	84	87	84	86	87	86	85	85	87	86	85	82	80	83	82	85	85	87	82	79	80	81	86	80	87	84	83	81	83	78	88	79	83	81	78	85	84	84	88	86	80	78	88	78	78	85	86	83	81	83	87	79	79	81	87	88	84	79	82	87	82	79	78	88	88	80	80	83	81	80	87	87	80	88	80	82	84	88	83	86	80	79	82	86	80	78	83	87	81	83	85	85	88	83	86	83	86	83	86	88	79	87	81	87	78	85	86	80	84	85	82	85	86	85	85	81	81	80	79	87	87	80	85	84	84	80	85	82	79	86	86	80	80	85	85	84	83	78	79	79	86	86	78	86	86	82	87	82	87	79	87	84	88	85	84	87	86	88	80	80	79	87	87	84	84	84	80	80	86	80	86	81	87	79	88	80	84	86	78	83	78	86	79	79	80	88	81	80	80	81	87	83	80	86	80	78	82	86	83	84	87	88	87	79	82	81	81	88	79	78	78	85	81	83	85	78	83	79	87	86	87	81	86	85	82	78	84	83	78	78	84	78	79	85	81	80	84	83	78	80	86	82	86	87	79	80	79	84	84	83	83	86	79	81	87	83	83	80	79	87	79	81	84	83	86	84	79	83	79	82	80	79	86	88	83	86	87	85	81	80	81	87	85	88	81	88	85	84	88	84	81	81	80	83	88	84	80	79	81	84	79	80	84	81	82	85	84	86	82	79	81	84	87	88	82	86	81	78	87	86	84	87	80	86	86	80	81	86	83	86	83	80	88	81	86	80	85	86	87	83	82	81	81	85	83	87	80	85	85	86	79	83	81	81	87	84	82	80	81	82	82	83	82	80	85	84	87	79	87	80	80	81	82	78	87	87	80	81	86	88	85	86	86	83	79	87	83	80	80	86	81	81	81	79	86	81	80	87	84	83	87	80	83	85	82	84	82	86	81	80	83	87	87	81	78	80	83	81	85	85	86	87	84	85	84	80	79	82	84	83	82	80	83	88	80	84	87	84	81	84	79	81	83	88	84	87	84	85	84	78	83	83	83	81	82	83	86	78	79	83	87	86	86	80	79	87	84	83	83	84	81	82	88	82	86	84	78	81	84	87	80	87	83	86	87	82	78	87	83	82	86	80	81	79	85	83	84	85	80	84	84	84	87	78	84	86	85	86	86	80	84	84	87	84	83	86	79	80	78	80	86	86	82	82	80	79	79	83	86	86	79	80	81	85	79	82	79	84	85	84	83	79	82	80	82	79	81	79	87	79	85	80	82	84	88	83	87	80	87	83	83	82	81	78	88	80	84	88	80	82	85	81	83	85	88	83	84	79	83	84	84	79	86	82	81	82	83	81	84	82	83	81	82	86	87	84	78	78	82	87	85	83	84	83	82	82	86	85	85	80	83	82	83	86	81	84	83	86
33	35	36	34	30	32	28	33	30	34	30	29	36	28	32	31	31	30	29	37	32	35	31	33	28	36	34	27	33	32	32	30	28	28	35	27	36	35	28	29	31	36	28	32	28	33	32	30	34	30	37	32	29	29	35	34	35	37	33	36	32	28	33	34	35	32	30	29	30	36	30	37	35	33	31	29	32	30	33	34	35	33	32	32	33	37	34	36	36	35	35	33	34	28	29	29	28	32	30	32	31	36	37	30	30	28	37	34	36	27	32	36	29	33	36	35	28	32	29	30	36	31	36	30	33	35	30	29	32	29	36	35	30	36	28	36	32	32	32	32	36	33	28	34	34	35	28	27	36	30	36	33	33	33	28	28	29	28	36	33	35	32	34	37	32	31	30	28	31	36	37	31	28	30	36	34	33	36	36	30	35	34	36	33	29	31	28	35	34	32	37	36	28	37	33	32	32	35	37	32	28	27	29	30	30	33	37	32	34	33	31	29	29	27	35	28	37	32	34	31	35	34	29	30	29	34	31	34	36	29	32	32	34	31	36	35	36	36	28	35	36	29	33	36	37	35	34	30	31	36	32	34	34	29	33	28	29	32	30	37	35	29	35	34	28	33	30	32	35	31	36	30	33	28	35	32	28	33	35	32	28	34	33	36	29	35	34	32	36	30	28	28	35	28	27	36	34	33	30	30	36	31	29	27	32	28	33	33	29	28	32	32	29	34	34	33	37	30	31	30	29	27	28	29	33	34	29	32	33	31	36	33	32	30	28	37	36	31	28	37	35	34	32	29	31	30	29	31	30	32	29	31	37	34	31	36	27	29	33	30	33	31	32	36	35	36	35	27	34	35	35	34	34	31	32	33	34	31	29	31	28	36	28	36	32	28	28	30	33	36	30	37	28	33	33	30	32	34	32	35	31	33	33	37	35	31	31	29	37	37	29	32	29	30	27	36	27	35	33	30	37	27	34	31	33	37	28	30	29	35	30	27	30	28	36	30	36	35	35	27	30	33	31	37	32	29	29	31	34	29	35	32	27	30	34	28	37	32	33	36	33	36	33	36	35	33	34	27	36	31	31	29	28	34	37	33	27	34	36	30	28	29	36	29	35	35	31	32	27	34	35	35	32	37	34	33	27	32	30	36	28	35	35	33	29	32	31	28	34	33	33	34	33	28	28	27	31	32	36	30	29	28	36	31	27	27	29	33	30	28	33	36	35	27	32	33	33	34	28	27	28	32	35	29	33	27	31	28	29	28	32	35	27	31	32	37	33	34	29	36	30	28	36	32	34	34	29	28	34	33	30	33	29	33	33	35	34	35	37	32	32	36	32	34	36	33	31	27	32	32	29	32	35	35	29	35	27	33	36	29	31	31	34	36	31	31	36	33	29	28	33	33	35	32	30	34	34	27	30	33	30	37	31	32	29	34	35	30	28	29	37	30	35	37	29	36	33	33	29	33	34	30	31	37	31	31	36	36	36	33	32	31	33	30	36	34	29	36	28	36	32	28	28	35	27	36	36	29	28	31	30	32	36	35	31	32	27	30	32	34	28	27	36	35	32	35	35	33	32	34	28	33	29	34	28	28	35	28	37	28	30	34	31	27	30	30	36	31	30	35	32	37	34	36	34	29	32	32	30	29	35	28	32	30	27	28	32	34	35	31	31	36	31	29	31	30	34	29	28	35	34	35	37	31	29	27	32	33	30	35	36	28	33	29	29	27	28	28	33	30	36	29	29	31	35	36	36	30	33	31	30	36	30	34	35	37	33	32	33	31	32	34	30	33	34	31	32	29	32	36	32	36	34	36	34	36	35	29	31	35	33	30	30	32	29	31	35	35	37	30	31	36	36	34	29	33	29	31	37	32	35	33	33	34	28	28	31	33	32	32	28	31	33	34	33	30	33	37	30	35	36	33	30	29	34	28	29	32	37	32	27	31	36	35	37	34	35	34	29	32	32	27	37	34	36	32	29	30	36	29	32	36	28	36	30	36	32	28	33	33	31	37	32	37	30	32	31	29	31	27	34	36	30	29	37	30	33	34	37	36	36	29	33	30	32	31	33	37	29	30	34	34	29	29	31	34	27	33	29	35	31	35	28	34	34	35	35	35	28	36	30	36	32	35	36	33	36	36	28	35	37	28	27	37	36	35	29	37	34	36	37	31	27	29	30	28	28	31	35	34	27	32	27	28	32	31	27	31	28	33	29	29	29	32	36	29	37	28	35	28	37	33	29	31	36	34	28	29	34	31	32	32	30	32	35	27	31	28	37	30
79	85	84	87	81	85	86	83	79	82	85	86	79	83	81	86	82	81	82	82	83	87	82	81	87	85	79	81	83	88	86	83	86	83	79	83	87	79	79	83	88	87	87	82	88	83	80	82	79	83	88	82	83	81	88	88	79	86	85	78	80	88	83	81	81	80	87	86	86	81	83	79	85	83	79	79	78	79	81	84	84	85	80	86	84	86	82	86	80	81	87	86	82	87	82	84	88	87	82	78	82	80	80	79	82	81	83	81	87	82	87	80	82	83	83	79	84	87	85	86	81	83	82	79	86	87	82	87	85	79	79	88	84	86	83	88	88	80	80	87	80	88	85	82	80	81	85	86	80	87	79	79	88	81	85	87	78	87	81	81	84	81	87	81	81	85	82	78	86	79	78	80	84	79	86	81	85	80	78	79	87	78	78	86	86	83	83	86	87	84	86	82	78	83	84	83	79	88	84	86	80	80	83	85	85	79	83	87	80	84	82	87	86	87	79	80	79	84	82	87	81	86	85	81	85	83	86	85	84	82	79	88	86	79	84	87	79	82	83	87	87	82	84	85	84	81	78	83	79	87	81	79	78	86	85	84	79	84	85	81	79	83	87	79	80	82	83	84	85	83	78	81	82	87	79	84	83	81	81	82	83	80	84	83	82	84	83	87	88	82	79	82	86	83	84	78	83	79	85	83	88	84	83	83	80	80	80	86	87	81	87	87	82	80	83	84	82	87	79	85	82	87	80	86	85	85	85	83	79	85	83	83	81	79	78	86	81	85	81	86	83	78	79	81	79	83	85	86	83	83	86	80	80	82	80	81	87	82	86	82	79	84	88	82	87	78	79	85	83	84	81	88	78	85	79	85	85	79	79	83	79	80	83	84	81	87	85	79	83	79	86	83	78	86	87	80	82	83	82	83	80	82	86	87	82	87	82	83	78	85	82	80	79	84	88	78	84	88	83	78	86	84	84	85	85	84	85	84	85	83	87	82	87	81	88	87	87	79	80	86	86	87	80	79	84	84	83	82	79	81	81	83	83	80	83	85	83	81	85	86	79	80	80	78	88	85	86	87	82	86	80	88	86	83	78	82	87	79	82	80	83	80	85	80	87	83	82	85	86	85	78	79	80	84	86	80	80	86	82	83	85	79	82	79	87	88	83	78	82	81	84	84	80	82	78	85	86	82	85	85	85	82	84	84	83	79	84	82	82	84	80	82	80	79	87	82	78	80	85	79	88	84	79	88	87	80	86	83	88	79	81	79	79	86	87	87	85	81	85	81	82	83	88	78	84	87	85	86	85	87	80	81	82	84	78	87	84	85	84	80	83	87	84	81	79	87	87	86	83	84	78	87	85	80	87	79	84	80	81	83	82	82	87	82	84	87	87	85	81	87	84	88	85	88	83	81	83	83	84	84	88	81	80	83	83	88	87	82	86	86	84	86	81	88	83	80	80	88	82	88	82	79	79	78	80	82	87	81	82	82	86	80	84	88	86	84	87	81	83	80	85	86	79	80	78	87	79	83	81	82	80	82	78	86	85	87	86	79	86	85	88	84	88	78	82	79	78	86	87	80	81	84	86	84	86	82	78	81	86	85	86	79	79	85	87	81	84	81	85	85	81	85	87	84	79	86	81	86	87	80	84	80	81	86	86	87	85	86	86	78	84	83	83	85	78	87	78	83	84	81	86	82	87	80	85	80	82	81	82	80	78	81	84	78	86	80	81	85	79	84	78	82	79	81	85	85	87	79	80	83	87	86	82	86	79	79	88	84	83	81	86	87	82	82	80	84	86	82	85	78	88	80	82	82	84	78	80	83	78	81	85	84	78	82	82	78	80	83	87	81	85	80	80	85	81	87	84	82	82	81	82	85	78	84	82	88	88	80	82	83	78	81	85	86	80	81	83	85	86	86	83	82	87	87	85	86	88	78	82	88	86	84	85	81	86	86	79	85	83	80	88	84	87	80	80	79	88	81	78	87	82	78	80	81	87	82	82	82	84	79	85	80	82	83	82	81	83	88	79	78	82	82	82	83	81	82	79	83	87	83	80	80	84	79	82	87	85	87	79	80	81	87	85	83	84	88	88	87	84	85	87	81	83	86	85	84	88	86	80	85	85	80	81	84	85	79	81	79	82	84	88	82	87	79	81	81	85	88	79	87	84	87	87	84	80	85	84	81	84	87	84	87	81	79	79	81	85	82	86	87	79	86	79	84	81	81	82	86	82	85	79	85	88	86	87	83	86	87	82	81	85	79	83	82	86	85	81	82	79	82
21	22	23	20	25	21	22	22	21	18	27	25	25	21	19	20	19	18	26	27	28	21	23	18	19	27	19	26	23	22	22	21	25	25	27	22	24	26	21	18	19	24	20	19	22	22	24	19	24	26	23	18	22	19	20	25	24	25	23	19	23	18	22	27	27	23	27	23	24	28	18	25	22	20	22	19	22	24	25	22	27	18	25	20	19	24	19	20	28	23	24	22	23	21	18	23	28	21	26	27	21	21	19	19	23	21	20	28	19	23	28	27	27	19	27	25	25	23	22	25	28	24	24	23	21	27	24	23	26	23	19	26	21	20	27	23	27	20	27	21	22	28	26	18	23	25	26	19	20	26	25	26	27	18	18	26	24	21	21	20	27	26	26	20	20	18	23	27	23	28	22	27	20	23	21	26	27	26	21	21	20	18	27	26	25	28	23	25	23	20	26	18	21	19	21	18	23	24	21	22	25	23	23	19	22	22	23	22	23	20	18	19	22	28	19	25	19	19	24	19	26	20	21	21	20	25	25	25	22	20	25	22	27	26	19	21	25	20	27	19	20	25	19	22	23	27	23	22	22	20	28	24	26	24	26	22	27	26	22	25	25	21	23	18	19	26	20	28	22	19	24	19	21	18	22	21	20	22	24	19	23	25	22	19	18	26	18	20	26	24	25	21	21	23	20	27	25	24	20	28	27	26	22	21	23	26	23	19	19	23	26	25	28	22	27	20	18	24	20	20	26	20	25	20	25	24	21	19	24	19	24	27	25	26	20	23	23	20	27	26	27	18	20	24	22	22	19	19	26	25	23	26	24	22	25	20	26	19	23	25	19	24	22	23	27	27	22	23	27	27	26	23	25	28	23	25	24	25	28	23	21	21	22	27	23	26	26	22	22	27	19	24	27	25	26	23	19	23	22	24	21	26	18	21	28	20	26	21	24	27	27	21	21	26	21	25	21	23	23	27	26	27	23	23	19	21	19	23	25	19	21	19	18	24	20	26	22	26	21	21	27	27	24	25	24	26	28	26	28	26	23	25	21	25	24	18	19	27	23	27	21	25	28	19	28	26	21	24	24	23	21	19	18	25	24	26	26	22	19	24	19	24	27	19	27	23	21	21	20	26	26	26	25	20	22	21	26	21	20	25	22	23	23	19	26	26	27	22	27	20	24	22	23	22	25	18	28	21	27	20	27	21	27	24	19	25	22	28	19	23	21	26	24	24	23	23	20	26	22	22	20	20	18	20	27	25	26	21	21	25	19	21	24	19	19	23	25	20	26	23	24	18	24	27	26	18	22	25	19	18	21	26	23	20	26	26	27	27	19	25	23	19	24	27	25	19	25	22	28	27	24	24	26	25	20	25	19	18	27	26	27	19	26	26	20	20	28	26	25	24	26	24	22	25	27	23	19	27	20	28	23	28	20	23	21	20	19	27	22	24	24	26	22	24	27	24	23	22	21	19	27	23	25	28	27	24	20	22	18	25	26	23	20	23	21	23	18	22	24	20	24	27	28	27	23	20	22	19	22	22	28	21	24	23	21	27	20	22	25	27	22	27	22	26	21	23	26	25	25	26	25	24	22	22	18	25	26	25	23	27	25	22	24	21	26	25	26	26	19	26	20	21	21	22	22	21	20	27	20	23	23	22	25	21	25	25	25	23	24	25	22	27	20	21	24	25	21	26	26	25	23	27	25	25	22	23	18	23	23	24	22	20	22	28	25	26	18	21	24	24	19	24	23	21	28	21	27	21	21	20	22	27	21	25	24	22	28	26	18	27	20	27	18	19	27	19	22	19	27	25	24	28	26	18	19	23	19	28	26	24	21	25	24	27	18	25	25	23	26	28	23	25	20	25	22	23	27	23	25	20	27	22	25	20	25	23	20	24	23	26	23	20	23	19	23	19	19	24	23	25	24	26	25	22	20	23	20	25	22	27	20	21	26	19	23	20	24	21	25	25	23	22	22	19	21	20	18	20	26	19	26	23	22	23	22	27	28	21	24	21	24	21	20	27	27	27	22	20	18	24	18	24	24	21	24	24	28	21	22	26	19	24	20	19	18	21	25	19	27	19	26	22	18	19	25	19	24	24	24	25	18	19	25	27	28	18	24	26	22	24	22	25	24	19	22	21	21	23	19	28	22	19	28	28	24	25	28	27	19	28	20	19	22	20	22	25	20	27	27	21	25	27	27	25	26	19	18	24	21	22	21	19	22	19	25	22	22	19	22	21	26	23	22	22	23	23	21	24	26	25	28	23	23	26	26	28	19	25	26	27
48	42	44	49	45	40	49	40	47	44	40	40	46	43	45	40	49	46	40	43	47	46	48	41	47	45	47	47	41	49	44	48	46	45	42	45	44	41	48	41	45	46	46	43	42	45	47	43	43	43	39	48	42	40	40	48	39	44	40	43	47	41	42	44	43	48	49	41	40	48	45	46	47	48	42	41	44	42	48	45	44	42	47	46	41	39	45	40	44	44	41	47	43	43	41	43	40	48	39	44	48	42	40	41	40	43	42	48	45	42	45	49	44	40	47	44	48	48	43	40	48	41	40	46	44	44	44	40	44	45	42	49	45	46	45	44	45	40	48	48	40	42	42	45	40	49	48	48	47	48	40	49	42	45	41	40	44	44	46	45	43	40	48	46	42	43	41	45	43	48	44	41	43	40	42	46	40	41	47	46	46	42	43	41	42	48	48	43	49	45	46	39	45	39	48	40	40	47	41	45	48	40	47	48	48	40	40	49	42	42	49	40	42	45	49	48	45	42	41	48	43	44	43	42	45	45	40	42	46	44	43	48	43	44	48	41	45	41	43	47	39	44	41	43	43	48	45	40	45	40	41	46	42	40	48	43	39	46	43	39	40	42	40	49	43	42	47	43	44	40	39	47	45	42	43	45	41	45	43	43	49	39	48	42	40	48	40	46	45	41	45	44	42	40	41	43	45	48	42	46	49	43	47	45	44	40	42	47	41	46	49	40	46	46	43	40	41	44	44	41	45	43	46	48	46	41	47	44	45	44	45	45	43	40	44	43	41	48	40	46	43	42	40	40	44	44	48	41	47	42	42	40	48	42	45	47	41	41	46	45	46	44	47	41	47	39	42	43	47	43	45	45	44	44	42	40	43	45	45	46	41	42	48	48	48	40	48	48	41	46	40	46	46	45	47	42	47	41	40	39	46	43	47	44	40	43	42	42	48	46	46	48	45	40	43	41	43	41	44	49	47	40	45	40	41	48	47	46	44	41	42	47	49	43	48	40	42	45	44	46	44	48	48	47	41	43	46	45	46	41	43	48	40	43	40	44	47	43	46	42	48	42	47	46	42	45	44	42	49	45	43	40	47	44	43	41	42	45	42	39	44	42	49	44	44	46	48	47	46	41	42	48	47	45	42	49	46	46	49	40	48	46	46	42	43	42	48	48	39	45	39	40	46	44	41	44	43	44	39	41	45	41	44	43	44	48	42	40	46	41	43	39	41	43	45	46	45	44	46	42	40	40	39	46	48	47	41	49	41	44	40	48	48	47	46	41	48	44	40	41	49	48	43	46	48	43	47	41	41	41	42	41	44	48	42	44	46	45	49	49	44	46	46	46	45	47	42	47	43	44	42	44	49	43	48	43	40	47	42	49	44	42	47	41	40	46	44	45	40	42	42	42	44	44	43	40	45	46	44	48	43	43	41	48	47	48	40	48	47	41	49	44	40	47	42	46	39	44	48	45	47	44	46	44	39	45	45	47	47	47	46	41	44	43	49	47	47	46	41	41	46	40	47	45	48	41	49	47	41	46	45	41	40	49	46	46	46	48	43	41	41	48	43	39	42	47	40	47	42	49	46	43	44	43	43	47	47	40	40	45	41	46	44	49	49	43	49	43	45	47	46	45	48	44	42	48	46	40	45	44	46	39	49	40	49	42	41	49	47	43	42	47	41	40	46	46	45	42	47	48	46	39	45	42	47	40	48	47	40	44	42	40	42	45	46	44	45	40	44	48	40	41	42	40	43	41	43	43	49	45	45	47	48	46	42	42	47	46	48	40	42	41	45	44	45	47	47	42	41	43	40	43	40	40	46	44	45	44	39	40	43	42	43	39	41	42	48	48	44	43	46	44	48	43	43	42	48	48	47	46	47	39	49	42	49	45	42	48	45	42	41	44	41	43	40	43	42	40	48	43	43	39	45	44	45	42	47	48	46	45	40	41	47	48	49	44	44	46	44	45	45	43	42	48	48	47	39	46	39	43	46	41	49	40	44	42	45	41	48	44	48	41	45	41	45	42	47	43	44	41	40	40	45	42	42	42	39	46	47	48	48	43	46	40	48	42	42	47	41	42	42	49	41	41	47	47	45	49	49	41	40	48	43	43	46	40	41	40	47	42	41	46	40	42	42	42	46	44	41	41	40	47	42	40	42	45	49	49	39	39	45	39	42	41	42	43	39	46	40	39	49	45	44	49	44	41	47	45	47	45	43	47	47	45	40	48	44	40	39	43	46	45	47	44	47	45	44	47	47	46	40	43	44	44	39	44	46	47	45	43
73	77	76	74	81	75	81	79	73	75	80	81	78	73	80	74	79	80	80	81	81	81	78	77	81	80	82	73	72	73	74	82	74	74	82	72	79	76	80	81	74	73	77	76	76	77	78	72	79	77	72	81	79	76	80	81	78	76	81	77	76	75	75	81	79	77	75	81	77	76	74	76	80	76	76	81	75	80	81	75	78	74	75	73	76	72	74	75	78	72	80	78	73	74	76	80	74	81	78	77	76	72	73	76	79	78	82	81	78	75	73	76	76	77	74	75	74	78	75	79	72	77	77	76	75	74	81	73	81	79	76	79	76	81	77	80	76	77	75	82	72	78	73	79	74	75	81	82	72	74	77	79	75	76	74	72	82	82	80	80	73	80	78	73	76	78	77	78	76	77	81	72	73	77	76	80	79	75	73	77	81	73	78	79	82	77	75	75	79	79	72	77	81	78	79	76	79	78	79	81	81	79	74	75	82	79	74	82	82	76	78	81	82	81	78	73	81	78	75	76	78	72	77	74	76	73	80	79	74	74	73	82	80	78	73	79	79	72	75	76	74	80	80	75	80	73	75	77	73	81	76	80	78	74	76	72	79	72	82	78	77	74	79	80	74	77	72	73	72	73	82	74	78	82	77	76	73	73	80	76	79	75	80	78	80	72	81	73	77	77	80	77	74	79	72	78	78	75	73	80	73	77	80	75	74	79	75	80	79	73	74	78	81	81	79	75	77	81	76	77	73	75	78	73	81	73	76	74	76	73	76	74	76	75	79	76	77	79	75	80	78	80	74	80	78	74	80	76	80	79	81	75	78	72	72	81	79	75	73	80	80	76	75	73	73	79	75	77	74	76	76	79	80	76	77	80	75	80	73	79	80	78	74	75	79	77	77	76	78	81	75	78	78	74	79	72	79	73	82	79	78	78	76	80	74	79	82	79	73	76	73	77	74	77	77	74	76	75	80	76	75	75	77	75	73	81	80	75	77	80	77	77	76	76	76	78	76	76	73	78	77	77	79	73	81	73	76	79	76	79	76	79	79	76	79	79	74	79	81	76	73	80	73	73	73	76	81	78	81	82	74	78	81	80	74	74	77	79	72	74	80	77	77	77	75	76	76	78	82	80	77	80	76	80	80	75	80	78	78	76	80	81	77	75	74	79	74	77	78	74	76	81	72	76	77	75	79	82	78	74	74	78	77	75	81	80	72	79	77	74	72	72	81	76	73	80	74	75	75	79	74	76	78	76	76	77	75	72	82	78	76	77	77	74	75	76	72	78	73	79	76	73	78	82	73	78	81	79	77	79	73	77	78	77	80	78	73	75	73	77	77	74	81	73	75	82	77	76	74	81	75	79	74	74	73	80	78	81	73	77	74	81	75	73	81	81	79	76	73	75	76	75	73	75	79	75	79	76	77	81	73	81	81	75	75	76	79	75	72	76	73	76	74	78	77	79	79	77	78	78	76	81	78	79	82	76	73	80	82	80	73	78	72	78	79	79	77	76	75	82	75	75	81	79	77	80	82	81	79	78	80	73	74	76	80	80	75	74	80	74	82	78	75	80	72	82	77	79	75	76	79	80	75	74	73	73	73	75	77	81	74	79	79	77	79	81	74	76	78	73	81	73	76	78	75	74	74	80	78	75	76	74	72	80	73	77	74	80	75	82	77	81	73	75	77	78	82	75	80	78	81	79	82	74	73	73	72	80	72	79	76	74	74	75	74	81	80	81	76	78	76	79	79	76	74	73	78	77	75	72	78	75	76	74	76	81	73	77	78	74	74	76	73	75	82	78	82	78	73	78	81	74	77	81	74	76	74	76	76	78	82	79	79	72	77	77	74	78	80	79	78	75	81	81	81	79	77	76	79	81	81	79	79	78	76	76	80	72	79	77	73	82	73	77	77	76	80	81	73	73	74	79	81	76	78	76	73	72	80	75	80	76	79	72	77	77	78	80	76	76	77	78	77	81	79	77	76	81	73	81	78	73	79	81	75	79	74	78	78	80	78	76	75	80	78	72	75	82	75	78	77	72	73	81	82	75	75	77	72	77	77	73	75	76	81	77	80	78	78	80	73	74	81	74	80	81	77	72	77	80	77	76	78	80	72	81	80	75	72	75	74	80	77	75	78	75	75	73	76	81	79	78	75	81	77	80	76	77	82	82	76	77	74	72	82	74	79	80	76	81	79	76	82	79	73	79	77	81	81	75	79	81	79	78	73	82	73	76	80	75	74	74	74	79	77	80	78	75	82	76	81	74	80	79	79	74	75	78	80	79
5	4	10	14	10	7	5	9	5	13	13	13	9	9	13	10	4	13	4	11	7	5	14	7	6	10	11	11	13	12	12	8	9	5	9	5	11	9	12	5	12	8	10	5	7	6	6	5	12	10	10	11	4	12	9	7	8	6	11	5	8	8	11	6	6	9	9	5	14	6	13	10	7	10	9	13	11	14	4	9	9	13	10	10	11	6	10	9	11	13	10	14	8	13	7	9	12	10	8	8	14	12	12	10	13	9	12	5	9	12	9	5	5	5	5	11	11	7	10	5	10	11	11	9	8	5	11	8	9	8	7	6	11	6	13	11	11	7	9	10	13	11	11	12	13	8	10	12	8	7	10	11	6	14	9	11	12	13	6	13	7	8	9	7	4	7	10	12	5	8	8	9	9	4	6	13	12	14	13	6	4	7	7	6	11	13	14	7	7	8	9	8	7	9	7	12	6	12	10	5	11	10	6	13	8	6	10	5	8	9	7	14	14	7	13	10	9	13	7	11	5	5	6	8	6	12	11	9	8	9	6	8	11	13	9	10	13	5	11	11	8	13	11	7	6	9	12	11	12	6	13	13	9	13	12	12	12	11	7	7	12	5	12	10	7	6	6	8	4	12	12	11	14	4	11	9	8	8	12	12	7	12	4	10	6	7	12	5	6	10	13	7	7	6	4	9	7	9	13	11	13	13	8	14	12	8	5	4	5	8	12	12	11	11	11	5	13	8	13	8	8	9	5	10	13	7	13	9	11	6	10	10	6	11	6	8	12	7	6	13	14	5	10	11	6	13	13	5	6	14	13	14	12	5	5	7	12	8	12	9	7	12	9	5	5	4	7	7	10	11	13	8	13	13	6	13	5	5	7	13	10	12	4	12	13	5	11	5	10	11	12	5	11	14	9	8	12	13	11	10	13	8	5	13	10	5	9	4	13	12	5	5	10	11	14	8	7	5	12	11	6	9	12	9	10	13	11	10	5	6	11	5	5	9	9	9	6	10	10	13	7	7	11	11	11	14	6	8	7	8	12	12	6	4	11	10	12	7	6	13	11	12	6	13	11	14	7	13	11	4	6	9	11	10	11	9	7	6	5	11	8	4	5	13	10	13	14	5	9	5	12	6	6	13	13	10	7	9	8	7	8	12	10	6	10	10	13	9	4	12	4	5	7	10	12	7	5	5	5	14	9	13	5	8	8	11	12	10	5	8	10	12	6	13	9	7	9	9	7	13	6	13	6	14	5	10	11	11	12	8	7	13	13	9	5	5	4	5	8	5	9	12	8	11	5	8	6	4	11	11	9	12	12	6	6	4	9	10	9	12	5	9	11	8	9	10	13	13	10	5	8	4	13	5	10	8	10	8	5	5	5	10	8	9	12	9	7	7	9	6	12	8	11	6	7	4	10	10	5	11	12	13	10	5	7	7	9	12	7	9	11	11	5	6	13	13	13	14	4	5	5	5	13	5	10	7	13	12	8	11	7	13	9	11	9	13	5	12	5	5	9	14	5	7	9	13	4	11	4	6	6	11	14	11	7	11	4	11	13	14	13	13	9	11	7	13	14	6	14	13	5	7	9	8	9	8	6	10	11	9	10	13	12	10	5	6	5	7	9	4	4	5	6	5	14	14	8	6	5	6	9	12	11	6	14	13	13	10	11	12	4	9	7	13	7	7	11	11	7	12	10	5	4	7	14	5	9	9	4	5	10	12	8	7	6	11	8	10	9	7	10	5	11	6	7	4	14	12	11	6	4	12	6	10	4	4	7	9	6	9	5	14	8	13	6	5	6	13	5	9	7	12	8	7	11	8	11	6	5	6	13	5	6	9	13	12	10	14	6	5	7	7	11	11	7	13	8	7	13	4	13	9	12	5	11	14	12	13	11	10	12	12	4	6	4	11	7	6	9	6	8	11	9	10	7	14	10	7	12	8	8	12	5	5	6	6	9	8	10	7	4	13	4	12	10	8	10	7	10	10	6	7	12	13	12	7	10	13	13	8	5	11	5	6	10	6	7	6	9	4	14	7	5	8	8	8	8	8	5	11	10	7	8	12	5	4	12	4	13	14	12	12	11	14	13	11	6	10	9	9	13	7	8	13	8	13	12	7	7	5	6	9	10	8	7	14	13	11	12	8	4	13	11	7	9	14	6	12	9	11	13	5	9	7	6	4	8	11	8	6	6	10	9	10	6	7	11	12	10	4	9	6	6	9	5	6	13	13	10	11	6	10	10	9	10	6	14	5	5	9	12	5	12	12	5	6	12	8	5	9
25	32	30	31	28	28	29	23	26	24	27	22	24	25	31	32	28	22	24	31	27	23	30	25	32	29	28	27	24	27	31	30	23	31	26	28	23	31	27	31	25	27	24	24	31	31	27	32	31	25	29	26	24	24	28	30	23	24	26	25	22	29	24	25	29	25	30	32	26	25	26	24	27	26	23	30	24	24	27	26	27	28	29	30	26	30	26	28	24	27	25	26	25	23	28	32	26	29	26	25	29	31	26	30	30	24	23	22	30	26	25	24	30	31	30	28	30	29	30	23	27	29	26	28	31	25	24	24	28	24	27	30	29	23	31	25	25	30	28	24	31	24	30	27	23	26	32	31	22	24	28	28	24	23	30	26	22	27	23	23	28	29	28	29	27	26	30	26	27	23	28	28	25	23	25	31	31	27	25	30	25	28	30	27	22	24	26	30	26	30	23	29	28	24	32	25	29	26	32	28	28	23	29	26	23	27	26	30	27	22	30	25	23	29	22	28	29	31	29	27	31	24	22	30	27	23	30	24	29	26	29	31	29	25	26	25	29	30	24	25	31	25	23	24	24	30	23	27	29	22	28	22	30	28	31	24	29	24	28	23	23	29	24	24	22	23	28	23	24	25	24	32	25	23	23	31	24	23	30	28	30	32	29	24	26	25	23	31	28	28	30	25	31	27	32	31	23	30	23	27	25	22	24	31	28	24	25	32	28	26	30	24	29	24	28	32	24	28	29	26	24	25	23	30	29	24	30	32	23	31	23	27	32	25	23	28	29	26	30	24	28	26	27	23	25	26	25	32	28	27	26	23	23	27	24	30	25	24	22	25	30	31	28	23	27	26	30	32	24	31	28	26	23	26	26	25	26	24	25	22	30	31	27	24	32	26	24	31	22	22	31	26	31	22	24	26	29	27	27	28	28	24	28	25	27	26	25	30	26	25	23	25	23	24	25	27	30	26	26	23	23	30	27	26	25	32	22	28	23	25	23	25	30	30	29	22	22	24	30	23	27	26	25	30	22	26	30	23	28	27	31	23	22	25	25	23	28	24	23	23	24	23	26	25	31	27	22	25	25	28	30	25	28	27	29	27	23	32	24	27	32	30	24	22	24	23	27	30	27	29	30	23	23	28	30	24	28	23	23	31	27	31	32	30	32	27	22	22	31	31	23	32	24	27	24	30	32	26	32	31	25	27	29	27	24	26	30	32	30	29	25	27	29	32	28	29	26	27	25	27	25	27	26	24	29	31	23	27	28	22	31	26	24	27	28	27	25	25	31	28	29	25	31	24	23	28	26	25	31	27	25	31	23	25	27	31	32	29	22	23	29	26	30	29	24	24	25	22	29	32	31	31	25	31	26	29	30	26	27	31	30	30	31	26	26	28	25	32	29	22	31	28	29	23	30	29	22	32	23	30	29	25	24	29	28	31	27	26	22	30	28	24	29	31	25	23	24	26	25	31	29	27	29	30	29	32	31	27	27	30	29	31	31	28	24	25	29	31	27	28	26	31	30	22	26	31	29	30	27	26	29	29	26	27	25	24	31	32	31	31	30	25	23	25	31	29	24	25	28	23	23	24	29	29	26	28	30	30	30	29	23	26	26	31	27	23	28	30	27	31	27	27	31	30	23	23	29	28	24	31	32	26	29	24	25	30	24	24	29	26	26	28	27	27	27	22	29	26	27	32	32	27	27	29	23	28	31	23	31	29	29	26	27	26	32	22	25	27	31	23	32	28	28	26	30	26	24	27	28	27	22	26	23	30	25	24	29	24	27	26	28	23	24	29	28	30	25	23	31	25	31	30	31	24	26	22	31	32	28	23	27	27	32	26	26	31	32	29	31	28	24	26	31	24	29	28	24	32	27	27	32	24	31	30	29	26	26	24	30	27	29	29	26	27	27	25	25	24	24	29	31	30	30	22	23	28	29	32	29	29	25	23	29	29	24	27	26	27	25	28	28	25	25	22	30	31	29	24	30	31	31	24	24	31	23	27	23	24	28	28	30	30	28	31	30	29	24	26	25	29	24	26	24	28	27	23	27	24	28	27	26	28	32	31	25	27	23	30	30	30	30	27	24	31	31	25	29	25	26	27	29	23	31	27	30	28	31	27	32	23	27	26	22	24	26	27	25	28	28	29	23	24	30	28	27	29	23	24	23	23	31	24	28	28	31	30	26	25	27	30	26	31	23	30	31	26	26	22	24	28	24	30	24	28	26	32	30	28	28	29	22	24	24	30	32	30	29	29	27	23	23	29	23	32	31	25	29	32	29	23
65	61	60	64	63	67	60	62	57	66	66	67	64	65	59	66	67	58	66	65	67	66	58	61	64	66	62	65	66	64	58	65	64	62	63	64	59	63	65	65	65	60	60	58	65	64	57	59	60	59	65	65	61	58	61	59	60	57	61	65	59	67	67	59	57	63	64	57	66	62	59	63	57	64	60	63	63	60	64	62	63	57	67	59	61	59	59	59	62	58	59	59	59	61	58	64	67	61	61	62	57	61	65	65	66	65	66	62	60	65	62	63	58	57	57	67	66	60	59	67	60	59	65	64	58	60	63	61	66	62	60	59	65	58	58	60	64	62	64	60	61	63	58	61	57	66	59	61	62	64	64	58	65	64	66	63	58	64	63	60	66	60	57	62	62	57	66	65	61	58	59	65	59	66	62	66	61	58	63	61	60	66	58	62	61	58	66	58	64	61	60	65	63	65	60	63	58	66	66	65	66	62	59	64	60	63	58	64	57	59	57	66	60	66	65	58	60	63	63	64	62	58	64	63	66	65	66	59	64	62	59	66	58	64	59	63	60	64	67	57	64	61	65	65	67	63	66	63	62	62	64	60	61	60	62	58	59	64	67	60	61	63	60	67	61	59	62	57	62	65	59	64	60	64	63	58	66	65	59	58	67	64	60	60	62	60	60	59	67	67	58	65	60	67	66	63	61	66	58	64	65	61	58	57	66	64	65	63	61	61	65	65	63	57	66	67	66	57	61	66	64	65	60	63	58	66	60	58	62	59	61	64	61	65	63	65	62	59	62	65	60	58	61	62	58	62	58	62	65	67	57	61	61	60	63	65	64	67	65	60	57	65	66	62	66	65	59	60	60	65	62	66	63	60	62	64	65	65	60	59	63	61	61	58	64	58	64	58	60	63	65	64	59	60	65	62	60	64	58	66	58	62	58	61	60	62	64	62	62	65	62	67	59	59	62	66	64	58	61	62	58	65	61	62	66	59	61	60	66	58	60	66	64	57	57	65	58	65	64	65	58	62	59	58	60	66	62	60	64	67	61	66	67	65	66	57	64	59	61	61	65	60	65	57	58	62	61	67	64	63	58	57	63	58	58	62	58	58	60	67	60	64	57	57	58	62	59	60	60	65	65	61	58	58	61	62	60	60	62	66	57	59	65	66	64	63	63	63	59	64	66	58	63	63	61	58	67	59	59	62	59	62	66	60	65	66	63	65	58	62	65	64	58	59	67	63	58	66	61	61	67	64	67	60	64	59	60	62	60	58	59	60	57	64	64	63	64	58	65	60	60	58	67	66	66	64	61	63	61	59	57	62	61	62	58	67	60	58	60	59	59	62	60	66	66	58	65	60	66	62	62	61	64	60	63	58	67	59	61	66	61	64	61	62	66	67	62	65	66	63	57	64	67	62	58	66	62	62	65	64	64	66	57	58	65	58	61	60	67	60	66	67	58	58	66	59	60	59	65	66	63	62	57	64	62	57	65	64	62	59	61	60	59	57	64	65	57	62	64	61	61	66	64	59	65	60	66	61	64	65	67	59	65	60	58	62	64	60	60	65	57	65	67	60	60	61	59	63	64	57	66	65	61	67	66	62	61	64	59	57	59	58	67	63	60	60	66	66	60	62	57	67	60	64	60	63	58	62	62	66	60	57	60	65	60	59	67	65	58	64	62	66	64	64	64	62	63	61	64	64	65	63	66	63	62	61	67	60	67	63	58	58	59	64	58	59	64	63	63	60	61	65	67	65	61	67	63	64	63	63	60	66	58	62	59	61	62	67	65	61	59	61	63	65	60	60	60	58	57	66	66	59	66	64	63	57	66	66	58	59	65	61	63	61	62	61	62	62	61	61	61	57	58	64	59	66	67	65	63	65	65	59	65	58	66	66	63	65	60	59	60	57	67	65	66	62	65	58	61	59	61	60	58	65	61	65	61	57	59	59	58	66	66	64	65	62	64	62	62	58	57	64	64	66	61	64	66	59	64	59	64	67	57	58	64	64	67	61	60	62	66	64	58	58	58	65	60	62	57	62	58	61	64	65	67	60	57	62	66	63	64	62	67	66	66	66	57	60	58	65	57	62	58	61	57	59	57	62	65	59	63	58	67	67	58	57	60	66	63	57	62	67	66	67	60	62	58	57	62	63	64	64	57	65	64	60	59	64	65	63	59	64	62	60	62	64	66	60	66	66	65	59	65	64	61	67	63	63	63	58	67	59	57	58	57	62	60	59	57	61	60	67	57	58	64	58	65	64	58	57	61	65	66	59	64	67	62	59	62	62
8	5	12	10	12	9	5	13	14	5	4	6	14	5	4	12	8	5	8	5	11	8	12	6	14	8	5	7	10	13	7	9	5	13	7	10	4	10	4	10	13	11	9	12	5	6	12	6	11	4	6	9	11	9	4	13	10	11	10	12	9	10	5	12	4	10	13	5	13	11	7	13	5	6	11	9	7	10	13	10	8	11	11	10	9	12	6	10	9	6	10	13	9	9	14	13	7	9	8	12	6	12	7	9	6	5	9	12	13	13	4	7	11	7	9	13	6	7	12	10	13	5	11	8	12	11	13	12	10	7	6	10	8	10	4	13	12	12	8	8	9	5	6	8	9	12	13	13	10	5	5	11	10	13	9	10	5	11	10	9	9	10	5	6	11	12	7	10	14	12	6	7	6	5	5	10	12	9	9	13	11	13	6	7	13	7	12	12	11	9	11	11	4	11	9	5	12	13	13	8	9	9	9	11	9	9	9	12	6	6	6	14	5	12	11	11	4	4	10	10	9	6	9	7	12	10	10	12	11	7	10	13	7	9	7	4	8	8	6	10	9	8	12	7	12	11	8	6	10	11	11	13	10	10	9	5	6	10	12	13	13	13	4	5	7	12	10	6	10	6	13	13	6	9	8	7	5	5	9	4	4	8	14	8	10	6	11	8	4	10	6	8	12	9	9	7	12	8	10	12	5	9	8	12	11	12	4	10	13	7	5	10	11	14	8	11	9	12	13	6	12	9	13	7	14	5	10	11	6	11	9	13	7	11	13	10	7	12	12	10	4	11	5	9	4	7	5	5	8	6	6	13	12	12	11	5	13	10	5	12	12	5	6	7	14	9	6	8	4	5	10	4	12	8	9	10	14	4	8	9	12	7	5	8	11	7	8	5	14	4	8	7	9	6	14	10	8	10	13	5	11	11	13	10	7	13	12	13	9	5	7	11	9	6	9	12	4	6	8	4	6	11	8	7	5	6	10	8	6	5	11	7	4	6	9	13	6	4	6	8	10	10	11	12	5	8	12	7	10	7	11	8	12	10	11	11	8	9	9	14	10	8	11	7	10	7	5	12	9	10	11	13	10	10	10	11	6	4	8	11	7	6	6	8	6	10	7	7	12	7	6	10	10	9	8	5	10	6	13	9	12	11	10	10	11	8	7	9	6	6	12	6	9	10	10	7	5	6	9	10	10	8	8	8	6	5	8	13	9	12	13	9	4	12	8	6	8	11	10	11	8	10	11	6	9	9	5	11	7	4	9	4	11	11	13	4	9	14	6	13	4	11	7	5	8	13	10	13	11	14	13	11	6	14	8	6	10	7	4	14	7	8	10	13	9	5	13	5	4	4	5	6	7	6	7	13	13	4	14	5	6	8	12	5	12	11	8	8	11	11	5	6	6	13	7	13	13	13	5	8	8	10	7	8	5	12	9	8	5	9	7	7	8	11	14	10	12	10	14	5	11	5	9	12	12	7	9	13	10	6	4	5	8	11	13	8	5	12	5	8	4	8	11	11	10	12	11	12	10	13	11	9	12	12	9	7	10	11	8	7	10	9	12	6	5	9	4	5	8	12	12	10	14	11	10	8	8	13	5	12	9	8	9	6	14	7	12	7	12	10	8	9	13	5	5	9	4	6	7	8	8	6	13	10	5	14	14	8	9	11	11	13	7	6	11	14	11	8	4	8	7	7	7	6	7	5	6	5	11	12	14	12	8	6	12	6	12	7	8	7	12	13	13	7	4	9	4	9	5	12	13	10	5	10	13	4	5	14	8	6	5	11	5	6	6	14	6	9	6	10	7	13	12	10	4	4	8	11	8	13	5	13	9	7	11	11	10	8	7	8	10	12	7	9	6	10	5	13	13	7	11	13	13	10	14	5	13	7	14	13	7	12	7	4	7	5	10	10	7	11	7	13	12	12	14	12	5	4	11	6	10	10	13	8	11	10	5	13	5	5	6	10	5	13	9	13	12	6	11	5	6	11	6	4	8	6	12	9	5	7	10	11	10	8	4	13	7	8	14	9	9	7	13	7	7	11	8	6	12	12	11	6	6	9	8	7	8	7	12	8	13	12	7	6	10	5	6	10	9	10	12	12	5	6	9	12	12	12	6	7	8	10	4	8	7	5	5	13	7	7	9	10	11	6	14	13	14	7	8	12	6	7	5	5	8	14	5	10	4	5	9	5	6	9	10	7	13	10	13	13	5	14	10	6	5	12	6	11	12	7	12	5	9	9	7	6	13	13	5	14	4	8	8	10	11	9	13	12	5	9
6	9	12	7	12	10	11	7	6	15	7	6	12	15	6	7	12	15	11	9	11	14	15	11	14	15	15	14	12	15	12	8	7	8	11	13	14	7	9	9	8	13	8	9	13	10	10	14	11	15	7	8	7	14	11	14	11	13	10	7	10	11	6	12	13	10	8	12	11	8	8	14	7	13	10	8	8	12	9	14	9	9	16	10	12	8	6	8	11	14	9	14	15	13	8	12	13	6	15	12	11	6	13	15	13	14	15	11	15	9	14	7	6	12	7	13	16	7	8	15	7	8	8	12	9	11	11	11	7	12	10	8	13	7	8	8	10	8	13	11	14	7	7	15	8	11	10	14	10	7	10	12	7	7	10	8	13	15	12	13	15	14	16	8	9	7	12	7	6	9	12	16	10	12	9	10	13	15	16	14	8	15	9	10	12	15	7	10	13	10	12	15	10	8	8	11	12	14	15	10	11	8	16	9	15	6	15	10	16	9	14	15	11	12	10	12	8	6	16	10	13	8	16	11	15	7	9	8	10	10	12	8	8	11	15	14	6	6	11	15	7	14	14	13	12	12	8	9	14	9	16	10	12	14	8	13	14	10	12	7	9	10	14	14	15	11	13	8	10	11	12	10	11	6	12	12	8	13	13	7	15	16	16	11	11	15	15	16	7	13	7	12	14	11	14	11	14	14	10	10	15	8	11	12	11	9	8	11	6	13	10	13	10	8	15	10	15	13	12	15	11	13	9	8	10	7	9	14	15	14	15	11	11	6	13	11	10	12	6	16	12	7	12	11	8	13	12	12	15	8	16	9	8	7	11	10	11	16	7	14	7	10	10	6	11	9	9	14	12	13	8	13	12	8	10	16	9	15	8	9	6	15	12	13	9	8	14	12	7	15	6	10	12	15	15	10	8	7	8	9	15	7	8	14	10	14	9	12	13	8	11	7	8	14	11	8	13	14	6	14	10	16	12	8	16	12	10	7	6	9	7	12	16	14	9	8	7	15	14	14	6	8	15	13	11	14	14	15	12	10	8	14	9	11	12	8	11	7	16	16	13	15	15	15	7	8	14	13	14	14	7	14	8	11	13	8	6	12	9	10	7	7	12	10	14	11	10	10	14	6	7	14	9	14	7	14	12	7	9	13	8	8	14	13	14	7	9	15	8	7	13	7	9	15	9	7	15	12	11	7	14	7	11	8	11	16	8	13	12	14	15	16	15	11	14	9	6	15	7	12	6	15	11	14	9	8	9	13	12	15	10	7	13	10	12	12	7	14	7	11	12	8	10	7	15	9	12	10	11	14	15	8	10	9	12	6	15	16	9	7	10	7	15	8	8	11	10	6	10	14	14	7	11	12	16	7	9	15	15	16	6	9	14	13	7	12	9	11	15	9	9	15	7	12	8	15	10	14	16	11	8	10	7	16	14	6	7	13	11	14	7	9	12	12	6	11	12	14	11	12	10	12	10	15	7	7	14	14	7	14	9	12	10	14	16	7	7	7	13	11	16	13	15	15	15	16	15	11	15	8	11	16	11	12	14	8	15	15	10	7	6	8	14	14	11	15	6	9	6	12	6	13	10	11	8	12	11	12	8	7	11	10	13	13	10	10	11	8	12	7	12	15	9	15	10	8	13	7	6	13	13	9	7	14	10	6	8	6	11	11	11	9	14	11	12	11	16	12	16	15	11	7	12	9	7	11	8	15	15	13	15	16	16	6	10	15	10	12	6	12	13	9	10	13	9	15	11	15	7	8	14	13	6	7	15	13	14	7	10	15	12	8	13	15	12	7	14	15	14	15	8	7	13	8	10	12	9	13	13	12	11	11	15	8	14	13	13	8	11	11	13	12	13	9	12	11	12	12	8	14	16	12	9	9	11	8	11	10	9	14	11	8	10	15	14	11	16	11	11	12	13	16	13	8	15	16	11	13	11	14	8	10	9	10	7	13	13	15	10	14	15	15	16	14	11	11	7	7	15	9	13	8	7	13	9	10	15	8	8	12	9	15	15	7	12	6	13	13	13	12	10	9	13	10	7	13	9	8	14	11	10	8	14	10	15	6	11	6	11	14	13	12	11	9	11	10	11	8	9	15	13	13	10	11	16	16	14	14	15	6	7	10	9	12	8	14	13	15	9	13	9	8	13	7	9	9	13	15	13	13	7	12	10	9	11	14	10	10	11	9	14	12	6	8	14	12	10	9	16	7	10	15	13	9	8	13	6	7	14	14	10	9	15	13	10	13	13	7	10	8	12	10	7	7	10	10	11	16	13	11
23	19	26	19	21	19	24	23	19	25	26	27	19	18	19	22	24	24	21	23	25	25	23	20	21	27	23	18	18	27	27	27	23	27	23	22	27	26	18	23	25	25	18	22	20	25	27	25	27	25	26	24	23	27	28	25	23	21	24	23	25	27	23	24	23	21	22	23	19	28	21	27	23	26	22	23	24	21	27	27	28	27	27	19	27	21	21	22	25	24	25	20	25	24	20	27	22	22	26	24	23	28	21	19	21	19	28	22	22	24	26	27	27	26	22	25	22	19	20	20	18	28	19	19	23	23	20	18	27	24	22	19	22	24	25	23	19	23	21	21	22	26	27	26	26	22	24	26	21	20	20	25	20	21	26	26	21	25	22	18	23	22	27	27	28	18	22	19	22	27	19	25	19	23	19	19	21	21	24	23	21	25	27	22	25	18	25	23	23	25	22	24	20	22	23	25	26	22	23	26	28	27	21	28	22	25	25	19	27	18	26	20	26	19	26	21	23	22	23	25	23	26	22	19	20	22	24	25	20	27	27	23	21	26	23	22	20	27	18	24	18	27	24	20	21	22	19	19	27	19	26	21	27	19	19	27	27	21	20	21	19	25	21	23	26	25	22	25	23	21	27	27	19	20	20	27	27	18	22	19	27	26	24	20	26	22	19	21	21	22	27	19	27	24	22	28	25	23	23	20	24	25	23	20	23	25	24	23	23	28	28	22	27	24	21	23	24	26	18	19	25	25	20	18	28	25	18	24	23	27	25	23	19	26	27	20	19	26	19	21	26	25	24	27	22	21	18	28	20	22	25	19	21	26	24	27	28	27	25	21	25	19	25	22	19	25	26	24	24	25	24	22	18	22	22	23	26	19	27	18	25	22	20	21	22	25	24	22	23	23	22	23	19	20	21	23	19	22	21	23	25	26	20	19	19	21	26	23	23	23	21	25	24	26	20	18	27	23	22	23	25	18	26	23	27	25	25	20	26	23	20	21	27	20	24	23	27	25	20	21	22	18	19	18	19	22	24	22	19	23	21	26	21	19	20	25	27	20	23	28	27	18	21	23	24	20	27	19	20	25	21	23	25	26	27	27	21	20	26	25	26	22	19	21	28	27	23	20	25	26	22	26	27	26	20	25	27	23	27	23	25	20	21	21	24	27	26	21	22	19	22	23	28	23	19	27	26	24	20	24	22	27	22	26	22	24	26	26	23	18	20	23	24	22	20	20	26	26	24	24	18	18	25	23	18	20	20	19	27	27	19	27	19	21	27	20	19	25	20	24	23	24	23	27	23	24	26	22	25	21	20	21	27	20	28	24	19	19	22	22	19	18	23	28	28	20	25	25	19	19	21	22	27	26	18	19	20	25	19	27	19	23	26	27	18	27	27	18	22	27	27	27	22	19	21	19	25	28	21	27	23	27	26	27	24	24	20	26	23	24	24	21	20	27	25	25	19	24	23	23	20	22	23	19	25	19	19	18	26	21	18	23	27	20	21	23	22	20	26	21	24	19	22	24	21	26	23	28	26	20	27	25	20	24	20	27	28	22	24	25	25	24	22	22	27	27	21	19	23	23	20	20	22	24	28	25	21	23	23	23	24	28	27	25	20	22	19	19	20	20	24	27	23	25	18	26	18	28	19	28	24	19	20	21	19	23	26	18	24	25	27	27	23	23	18	24	28	24	24	21	28	20	27	22	24	22	19	18	23	27	25	22	19	25	23	26	21	24	25	27	27	26	22	22	18	27	23	20	21	27	22	25	25	26	21	26	20	23	20	20	23	20	21	23	20	27	23	27	23	18	19	23	22	21	27	20	28	22	22	19	26	19	28	25	26	26	18	24	21	24	21	19	27	22	23	23	24	24	21	20	21	27	22	24	21	21	21	27	27	22	24	24	24	27	22	23	27	24	22	25	23	27	20	25	26	26	22	27	21	23	26	27	23	27	25	21	25	28	23	25	19	22	22	25	19	24	19	19	26	28	19	26	27	21	23	21	22	24	23	21	18	19	24	24	21	19	25	19	27	28	26	21	22	19	20	20	20	23	18	19	20	21	19	22	21	24	27	20	28	21	23	19	19	23	28	23	21	27	24	28	26	28	20	27	25	21	22	22	26	28	23	26	23	25	24	27	23	27	21	22	27	21	20	22	23	21	22	27	23	23	21	22	25	20	27	18	22	21	20	19	19	19	20	22	22	21	20	24	21	23	25	18	20	23	24	22	23	27	25	25	25	21	28	22	28	27	18	27	27	24	25	26	24	23	27	20	26	27	24	20
18	23	26	21	25	25	26	24	28	24	25	22	26	18	25	23	21	21	20	22	21	26	22	21	23	26	21	18	21	19	22	18	23	21	27	27	28	27	28	23	27	22	27	21	25	27	23	25	23	18	23	27	20	23	22	24	26	23	21	18	21	20	18	18	24	22	24	19	21	22	20	24	18	24	25	21	28	27	27	25	18	18	23	26	24	22	18	20	20	25	21	21	24	20	27	22	25	26	20	25	26	22	19	20	23	26	24	27	22	21	19	23	19	20	21	23	19	27	23	18	27	26	23	24	27	25	25	20	26	25	18	22	20	22	22	26	20	20	28	21	27	25	28	23	26	28	19	19	22	18	24	27	27	25	27	28	22	19	18	25	20	21	24	21	24	24	26	25	27	25	23	27	21	22	20	23	26	26	19	28	20	22	27	18	28	21	21	25	19	18	19	19	25	19	28	22	23	27	21	21	21	26	24	27	22	23	25	27	22	21	27	27	26	20	18	18	21	27	22	20	23	20	19	23	27	21	21	28	20	18	26	28	23	24	21	24	27	19	26	26	23	26	21	18	23	21	22	26	25	24	19	23	24	27	27	26	19	20	23	21	25	21	22	19	28	25	25	19	22	20	22	25	25	25	26	21	22	20	19	27	19	19	21	26	19	22	21	22	27	19	20	22	24	20	18	22	25	25	27	20	21	26	24	27	28	19	18	25	25	27	27	26	25	22	26	20	23	26	21	20	27	24	23	23	20	24	26	23	21	27	24	24	23	21	26	23	28	25	24	21	26	19	24	25	25	25	23	18	22	23	18	21	18	19	21	21	20	19	25	24	26	24	18	22	27	19	26	23	27	26	27	25	25	22	22	19	25	20	19	18	19	21	22	21	28	21	19	28	22	22	27	18	23	26	26	23	24	24	19	25	18	19	19	28	25	28	27	20	26	21	20	21	26	28	24	26	25	27	24	25	27	25	22	24	23	23	27	21	24	19	21	27	26	26	28	23	21	22	24	24	25	25	19	24	26	23	26	26	28	22	25	19	27	19	22	24	20	20	20	27	20	27	25	18	19	26	23	22	19	20	22	19	25	27	22	21	19	24	25	27	23	23	28	24	26	19	26	27	23	27	27	22	28	22	24	19	26	22	23	18	26	26	23	21	28	27	28	24	19	23	25	26	28	21	27	25	19	24	26	22	23	26	19	27	27	24	18	22	21	19	26	21	24	26	26	25	23	18	27	26	20	18	21	19	19	27	28	22	18	27	26	25	25	22	18	19	22	26	24	24	20	25	19	21	27	24	25	23	20	22	22	21	24	26	27	25	27	20	20	26	27	19	28	20	19	26	21	25	23	24	28	27	21	20	23	20	24	27	27	26	19	26	20	27	21	20	23	26	23	24	24	24	27	26	24	19	27	22	20	20	19	25	24	25	23	20	25	27	19	25	20	19	18	25	25	27	19	20	28	26	23	26	19	28	19	25	21	24	24	25	22	27	18	22	21	21	24	22	26	19	21	22	20	19	27	21	21	26	26	23	27	24	26	25	22	20	19	18	23	27	23	21	26	20	26	21	28	24	24	23	18	18	28	26	25	22	27	26	25	24	25	20	26	24	24	24	21	23	26	21	19	24	18	18	19	20	22	26	23	24	26	19	18	21	20	24	18	25	26	26	21	21	27	26	26	28	23	25	19	27	22	23	22	20	20	20	23	21	19	26	25	22	20	18	20	21	22	18	22	20	23	26	18	26	21	24	25	22	26	21	23	26	26	26	24	25	27	24	19	26	22	26	23	27	21	18	19	23	27	26	21	21	23	28	25	20	26	19	22	19	22	26	25	19	22	25	20	23	22	24	22	23	21	20	20	24	22	22	18	28	19	24	27	24	22	26	26	26	18	21	24	21	24	27	20	18	19	19	25	21	18	21	23	23	22	21	23	20	25	20	22	19	27	26	22	24	28	27	22	18	21	26	20	21	27	25	25	21	28	27	23	19	24	27	22	27	21	23	24	25	25	19	22	21	21	25	27	23	27	26	26	23	27	23	21	25	19	25	25	28	22	21	24	23	23	21	26	27	22	19	24	27	18	24	21	18	23	22	28	21	27	22	27	21	23	22	22	18	24	25	22	24	26	19	22	26	26	24	19	19	20	22	23	19	19	20	24	28	26	23	22	19	25	26	24	27	28	22	25	21	25	23	22	27	23	21	23	27	21	24	26	22	20	18	20	28	24	21	24	23	25	19	21	20	25	18	26	24	25	19	20	23	26	22	26	24	27	20	21	20
72	66	73	69	69	71	74	71	69	67	67	72	68	69	72	67	70	72	66	73	65	67	70	72	66	74	73	74	74	67	73	74	73	71	73	71	71	72	67	69	68	69	72	66	70	73	70	69	69	72	67	66	71	71	67	67	73	68	67	70	71	72	68	67	75	69	74	74	73	68	74	67	71	66	69	71	71	71	70	74	69	67	69	67	72	68	70	72	71	69	69	74	68	70	72	66	65	73	68	66	69	69	66	66	70	73	73	73	70	72	74	69	68	70	70	66	74	72	70	70	70	70	70	72	66	73	73	74	68	67	69	75	70	73	66	71	67	70	69	67	72	75	69	66	66	68	71	68	67	66	73	71	71	66	69	66	70	74	70	69	68	67	70	67	72	73	74	73	73	67	70	65	74	72	67	74	71	69	74	72	70	72	70	75	68	67	75	71	68	74	66	65	66	74	67	74	72	74	69	67	73	69	66	68	72	70	73	72	68	66	74	66	69	66	68	75	71	71	73	67	68	66	71	69	72	72	71	71	71	66	69	66	72	75	70	67	75	73	67	67	67	70	67	74	67	67	67	69	70	74	74	69	65	74	72	75	72	67	67	67	74	72	68	69	72	71	65	75	66	71	66	71	72	70	70	68	71	65	67	67	70	67	73	70	72	70	73	66	71	70	66	67	67	73	68	67	71	68	65	69	67	72	66	67	74	72	67	66	70	67	70	70	69	67	73	69	74	71	71	71	72	69	70	71	74	67	65	69	70	71	69	68	68	73	65	73	69	74	73	71	68	75	73	65	65	66	68	70	67	72	73	67	71	70	68	67	65	71	71	69	74	67	67	73	66	66	68	68	75	66	67	67	70	66	71	66	68	65	73	69	71	74	70	73	66	68	73	70	71	69	67	71	70	74	68	74	72	74	74	75	74	69	72	66	67	69	72	74	65	71	67	68	75	69	74	74	74	74	72	70	72	71	70	69	71	66	70	71	73	66	69	65	75	73	72	70	68	67	75	67	71	69	74	69	70	73	74	69	72	72	74	67	71	71	70	69	67	70	69	69	72	72	65	73	70	68	72	70	75	71	72	70	70	71	70	67	74	74	75	71	68	74	67	72	72	65	71	72	71	70	72	67	69	73	73	70	70	75	67	75	67	68	75	73	72	68	66	67	66	71	68	72	68	69	71	68	73	74	68	71	70	73	73	72	69	75	71	73	68	73	69	75	74	66	72	66	70	70	70	72	72	68	68	65	69	66	74	71	68	66	69	65	67	68	67	74	65	75	66	66	68	70	71	72	74	73	66	70	74	74	69	66	71	69	71	68	70	66	66	66	73	74	73	75	74	65	73	67	68	71	68	74	75	70	69	68	73	75	73	72	70	72	70	72	70	66	70	73	65	71	67	67	72	73	67	65	67	68	72	65	68	74	65	67	75	66	69	68	74	69	67	73	75	67	74	71	73	72	73	69	75	67	71	75	66	69	69	71	71	69	74	71	68	70	74	66	67	65	74	67	73	67	65	70	71	69	66	65	67	67	69	71	65	74	73	71	75	66	74	67	74	70	68	71	73	68	75	72	67	67	68	65	72	71	70	66	67	69	69	69	68	74	70	67	72	72	73	65	73	73	73	75	72	69	71	68	66	75	73	69	65	71	68	71	72	65	72	74	71	69	68	65	72	73	65	73	68	72	68	71	74	70	67	75	68	71	72	73	74	73	71	73	71	71	68	73	70	67	73	69	70	66	69	67	71	72	67	75	70	74	65	73	74	74	69	75	69	69	71	75	70	69	74	70	66	66	67	67	74	66	71	73	70	74	69	72	71	68	74	66	72	74	66	67	67	68	75	69	72	66	67	72	71	71	65	73	73	74	68	72	69	73	66	68	65	67	65	71	67	74	72	65	67	74	71	68	69	72	69	72	71	73	67	67	68	72	69	66	70	70	67	73	69	73	75	72	71	73	70	66	67	71	75	68	66	68	68	75	68	72	71	74	65	73	67	65	71	68	73	73	74	73	74	68	66	69	71	71	67	70	67	67	74	75	69	74	73	69	72	69	67	68	75	69	74	66	71	74	67	75	66	69	68	69	71	72	67	74	75	73	72	71	66	68	71	69	75	75	71	74	68	74	66	66	74	72	73	69	66	70	68	65	69	68	69	66	70	66	69	71	69	66	73	66	71	71	70	72	69	65	67	71	73	72	67	67	73	73	71	68	73	74	67	72	74	67	69	68	73	70	68	71	70	66	67	70	75	69	68	66	69	66	66	71	68	72	68	65	75	70
69	66	65	67	68	65	70	64	65	61	65	61	66	63	61	69	67	67	67	68	65	64	66	63	60	65	63	70	64	65	64	69	64	62	66	61	64	63	70	61	65	60	69	61	60	61	61	68	63	60	61	70	69	67	63	69	63	61	65	69	63	69	62	65	68	62	60	65	67	60	65	65	68	63	65	61	65	66	63	64	68	66	69	62	65	66	61	70	64	66	62	61	60	68	64	61	69	69	68	62	65	61	62	62	62	62	70	66	69	65	61	62	60	62	69	61	61	61	68	68	65	61	61	60	66	62	65	61	68	62	68	61	68	62	68	62	69	69	64	67	62	67	68	61	62	64	64	61	65	65	61	63	63	66	68	61	61	62	64	65	68	65	64	66	68	68	66	63	64	67	62	64	64	68	63	66	67	61	64	67	61	61	63	60	65	65	62	62	68	63	69	68	65	63	64	61	67	64	61	63	66	61	67	64	60	68	69	64	61	69	67	62	61	66	67	65	64	69	69	64	69	66	70	66	68	68	64	64	70	61	65	66	61	64	62	60	65	70	68	69	70	67	65	61	67	63	70	66	61	66	63	62	67	66	62	61	67	67	67	64	67	67	68	66	69	63	69	63	60	68	63	63	67	69	63	64	65	66	63	62	69	69	68	69	67	62	63	67	67	63	69	70	66	61	61	62	64	68	63	61	69	66	62	68	68	60	65	66	63	63	66	63	69	67	64	67	64	67	63	66	65	61	61	64	63	61	67	65	66	67	61	68	68	62	61	62	70	70	62	69	63	69	61	61	68	67	62	69	65	60	63	68	68	69	60	69	62	67	65	67	69	64	62	64	64	64	64	69	70	63	61	63	70	60	61	66	68	66	60	67	62	65	68	63	67	69	67	66	67	66	67	69	65	69	67	64	63	61	63	68	65	70	64	70	67	62	63	65	65	69	61	69	67	61	66	62	60	61	62	64	62	70	68	60	61	62	62	68	61	62	61	65	69	60	67	67	66	62	69	61	61	65	61	60	68	66	66	65	68	63	68	64	67	66	65	68	62	63	65	63	68	65	65	66	68	67	65	64	64	67	61	64	61	62	62	69	66	67	65	67	66	70	68	66	63	69	62	61	65	65	64	65	70	68	66	65	61	63	60	63	68	61	63	69	67	63	62	68	60	68	68	68	69	63	62	60	62	61	68	61	65	68	61	63	67	63	67	60	67	65	69	63	67	62	65	66	63	66	68	65	65	65	67	62	64	63	67	62	65	60	68	66	61	69	63	64	61	65	69	64	68	68	66	63	61	61	61	66	69	60	69	69	69	63	67	70	66	67	64	69	68	65	68	65	68	68	69	68	63	69	64	64	63	63	62	63	63	62	60	69	69	62	61	62	66	63	61	60	62	68	66	63	60	69	66	68	62	62	67	68	63	69	67	61	68	61	68	64	70	66	67	67	68	68	64	65	62	61	62	61	65	60	64	68	64	60	60	68	67	60	68	65	65	63	63	69	67	69	69	65	68	69	67	62	62	64	64	65	64	66	60	63	66	67	62	60	62	63	62	67	64	69	69	67	64	62	68	61	60	65	68	63	68	65	61	61	69	68	66	65	61	65	60	64	61	66	61	60	63	68	70	67	64	60	67	67	63	62	66	61	62	61	67	65	69	65	60	62	67	65	63	66	64	67	66	68	67	61	61	60	62	60	65	65	68	62	68	61	67	67	63	61	70	63	66	66	60	67	60	63	65	61	64	65	62	66	70	65	70	66	60	65	64	64	64	64	69	69	69	60	63	62	66	64	60	62	69	70	62	70	64	60	61	70	67	65	61	68	62	60	67	66	65	65	66	64	62	61	63	67	60	69	69	66	64	70	62	61	62	62	67	66	69	68	63	65	69	61	70	67	64	61	60	66	62	67	61	70	69	62	68	63	66	65	64	70	61	61	61	61	69	70	66	70	62	63	60	61	69	63	65	68	67	63	64	69	67	68	65	62	67	67	65	62	65	63	67	69	66	67	70	65	67	60	69	66	65	63	64	64	61	63	68	67	65	68	63	63	66	70	65	67	67	60	62	65	61	66	70	67	67	69	67	64	70	68	61	68	61	64	67	69	64	64	65	62	62	68	61	64	63	66	64	64	61	69	60	66	63	66	68	67	67	66	65	61	69	64	68	62	70	65	67	61	69	63	64	64	61	68	62	68	61	69	62	63	67	68	67	68	63	66	61	68	69	61	69	66	69	64	63	68	69	62	67	68	64	69	62	69	67	63	68	64	65	67	70	62	66	64
58	51	60	51	56	58	58	58	51	53	60	59	51	54	54	59	55	56	57	56	59	57	53	54	50	57	54	59	58	54	54	52	57	55	55	56	56	56	57	53	55	57	60	56	58	50	56	52	55	59	56	54	58	51	52	51	52	59	57	50	51	58	57	57	59	50	51	51	52	60	58	57	55	52	55	56	55	57	59	53	59	58	54	55	60	57	56	55	58	59	53	55	56	50	53	53	54	57	56	58	55	55	58	54	55	51	52	51	53	50	55	52	52	56	57	60	52	57	53	56	51	57	52	53	57	60	53	50	51	54	59	50	56	56	52	54	52	56	58	57	52	51	55	55	58	51	51	50	57	54	58	51	60	52	51	58	58	58	56	57	56	56	52	55	59	59	58	51	56	51	53	52	52	56	56	54	54	57	55	54	58	50	56	59	55	53	51	52	58	54	53	51	52	58	52	55	51	52	57	58	53	59	52	52	59	54	52	57	55	57	55	58	53	57	59	58	57	56	54	54	50	59	51	54	56	55	55	57	53	54	54	58	53	55	56	55	53	51	50	58	50	56	51	58	59	52	53	56	52	58	53	58	50	51	59	57	50	50	58	55	52	53	58	56	55	59	51	57	54	52	58	58	51	52	55	57	52	53	56	51	52	51	54	50	59	51	51	58	51	51	51	52	60	54	54	57	56	53	56	54	58	58	57	55	53	59	53	55	58	55	57	60	54	53	55	56	59	50	58	59	57	60	53	51	58	55	50	55	53	54	53	60	55	54	55	55	60	58	51	53	54	57	54	56	58	53	55	57	59	54	54	57	57	56	58	50	53	55	57	51	52	53	51	56	51	52	53	54	58	53	59	54	58	51	51	60	51	54	54	55	57	51	50	51	53	55	58	51	60	54	57	58	51	54	58	55	52	54	53	52	51	55	54	60	50	50	55	53	57	58	58	57	58	57	51	59	50	54	51	53	57	57	59	57	53	55	57	51	53	54	55	56	59	57	60	53	54	52	54	56	60	58	59	53	56	54	52	58	57	50	54	59	55	60	54	53	51	57	50	53	59	59	59	50	54	59	53	53	52	58	57	55	55	54	53	52	50	56	50	58	52	60	59	57	52	57	53	60	51	59	58	52	58	50	53	54	60	58	60	53	56	52	59	55	50	60	58	58	56	55	55	57	57	51	57	55	59	60	59	56	55	55	51	52	52	54	54	56	56	60	50	59	51	55	59	54	60	55	57	52	53	55	60	56	51	55	52	51	54	54	60	53	54	51	51	55	59	55	50	51	55	53	59	52	50	50	55	55	57	55	51	59	53	54	52	54	52	53	52	52	57	54	56	52	54	59	53	57	51	52	59	54	54	52	54	52	56	54	56	54	58	51	56	59	52	59	57	50	53	60	59	54	52	52	55	50	54	53	58	54	52	54	52	59	53	59	59	58	55	52	51	53	59	57	55	57	52	59	58	57	52	50	58	53	53	59	55	54	51	56	58	52	50	57	52	59	55	50	54	60	55	53	57	56	55	58	60	53	55	52	57	60	51	60	58	52	55	58	51	60	59	54	51	60	51	57	60	60	54	54	50	57	56	51	52	59	58	51	57	53	52	55	53	56	50	58	52	52	52	58	54	52	57	56	58	60	50	54	53	56	57	58	59	54	51	53	58	52	52	59	53	59	58	60	51	50	53	57	60	51	52	55	51	57	55	59	51	56	53	57	58	60	53	53	53	53	56	58	53	54	52	52	51	56	51	59	58	53	56	50	57	58	58	53	55	52	53	53	60	57	57	54	51	53	58	51	60	51	51	56	55	56	52	56	56	54	51	60	58	57	55	55	53	57	51	53	59	58	59	57	53	52	58	52	58	58	56	57	54	59	58	58	54	56	54	60	58	50	54	58	58	50	54	55	54	53	52	51	53	57	55	50	52	53	53	52	60	60	53	54	53	57	55	55	56	59	54	57	53	53	58	58	54	55	51	59	54	54	57	59	55	57	54	54	56	52	51	51	52	56	50	56	52	54	52	59	53	51	55	56	52	57	52	59	53	58	51	58	56	50	55	59	60	59	56	54	51	58	54	54	58	54	58	52	56	51	56	57	58	60	58	59	51	50	57	53	54	53	55	52	54	59	50	53	59	54	50	57	54	54	55	54	52	54	56	57	52	53	54	57	59	53	53	53	57	53	55	56	55	56	60	57	59	53	54	51	52	58	55	55	54	50	60	50	57	56	51	53	59	50	55	60	54	57	53	59	59	59	58	51	58	51	53	59	56	53	54	56	59	51
90	96	90	97	93	98	93	92	92	99	95	92	92	90	90	96	99	93	90	91	90	96	97	95	95	99	93	98	90	99	90	93	91	97	96	90	90	90	95	97	93	98	95	94	92	90	90	96	99	95	97	91	97	96	94	96	91	96	98	98	99	92	91	99	89	96	90	91	97	94	97	95	95	92	92	99	92	91	92	97	98	98	90	97	91	96	91	95	95	90	91	95	98	92	95	89	92	95	95	94	92	99	92	99	95	96	96	89	96	97	94	91	90	94	91	94	95	99	93	97	96	95	93	93	97	98	94	98	91	91	94	94	93	98	90	93	97	93	92	98	99	95	91	98	99	98	93	97	93	98	93	90	97	94	92	97	94	96	93	97	94	97	94	94	91	95	91	98	97	91	97	90	92	93	90	97	90	92	93	94	96	95	91	92	93	94	92	95	95	91	95	92	91	92	95	94	93	95	99	97	89	91	90	93	96	98	95	97	89	99	93	96	95	90	92	90	92	96	95	90	98	89	94	90	95	97	92	93	94	96	94	90	97	97	97	90	95	97	96	96	94	92	97	98	96	96	97	99	92	99	93	95	93	91	91	91	99	92	99	99	95	98	96	94	97	97	90	97	95	97	98	94	98	90	92	89	95	93	97	91	97	94	94	90	96	93	92	98	96	95	90	98	89	92	95	92	89	97	91	97	93	99	92	96	99	98	96	92	99	92	91	97	95	93	96	95	89	96	97	98	92	98	95	89	96	94	99	98	96	98	95	98	95	91	91	89	90	92	97	95	91	91	91	95	95	99	95	99	94	90	95	95	97	99	96	92	94	94	89	97	92	97	94	89	95	97	97	92	90	90	97	93	98	92	91	96	95	94	90	96	99	97	95	89	97	93	96	99	90	91	98	98	90	92	97	98	90	91	93	89	91	95	97	89	89	97	94	91	96	89	94	91	97	96	93	90	92	97	93	90	93	92	94	96	97	94	91	95	95	93	99	95	97	95	94	97	92	91	91	93	93	91	96	96	99	90	94	92	91	96	97	90	95	93	97	94	93	90	96	90	96	92	95	95	98	95	93	92	91	97	90	96	91	90	95	96	93	96	97	95	90	90	96	92	98	95	91	98	97	93	96	93	91	95	95	96	95	92	93	93	91	91	93	91	91	91	90	97	91	90	94	94	98	95	92	92	92	97	96	97	89	90	90	93	97	96	99	94	93	91	95	95	97	99	90	97	99	97	92	96	96	96	93	98	92	91	91	89	90	92	92	93	89	91	91	89	91	96	90	89	93	96	97	96	90	97	97	90	95	96	96	95	97	90	94	96	90	92	90	94	94	93	97	97	98	94	97	94	97	92	90	94	95	91	98	96	99	91	91	99	93	93	92	96	89	89	93	93	91	94	94	93	98	97	90	92	92	94	95	91	96	98	97	95	96	96	92	98	92	92	97	94	96	90	91	92	97	91	91	97	97	93	95	96	99	95	95	90	97	89	91	97	91	92	97	95	92	92	97	95	94	95	92	90	98	93	98	95	95	89	91	93	94	89	93	94	91	95	89	92	94	89	91	96	92	99	93	89	93	93	90	93	99	90	98	96	97	98	96	93	93	93	91	91	94	99	98	95	98	93	93	97	96	91	92	91	91	92	91	96	97	95	96	90	91	93	97	97	94	93	94	97	92	98	94	98	93	98	98	94	92	98	93	96	96	90	93	92	97	98	98	96	91	97	97	91	89	94	97	96	98	95	91	95	96	95	93	94	90	90	99	94	90	92	97	92	95	98	92	94	95	95	97	92	97	96	98	96	96	96	95	89	98	92	97	90	97	90	94	90	99	92	98	95	98	94	96	95	91	94	91	93	96	95	95	95	91	98	96	95	97	98	94	95	93	95	97	95	92	90	99	96	96	91	89	90	93	96	90	95	96	97	98	98	95	91	89	96	91	94	98	95	94	91	92	98	98	95	98	89	98	93	97	92	93	92	94	91	92	90	97	90	91	95	91	89	96	89	97	93	90	91	94	94	95	96	95	95	97	95	90	91	98	90	92	98	94	92	96	93	93	90	90	90	91	93	94	93	92	90	92	90	91	92	90	98	94	94	93	97	92	97	95	89	94	91	99	93	91	98	95	95	96	99	98	94	98	97	91	95	92	93	96	98	89	90	97	91	95	91	92	94	94	93	95	89	90	93	91	94	93	91	96	92	91	98	98	97	91	94	98	91	96	98	94	92	90	91	91	97	97	95	91	92	94	91	94	92	97	93	99	99	97	91	98	96	94	92	99	93
81	74	79	81	81	76	80	82	79	75	79	74	75	78	81	78	78	73	81	74	81	82	79	80	82	75	81	75	77	79	78	79	78	78	75	80	77	79	73	73	76	81	74	80	77	82	74	82	78	81	76	79	76	77	76	80	80	81	80	78	75	73	78	81	72	80	76	81	82	79	81	81	74	82	74	74	80	77	76	81	79	78	76	82	81	80	79	77	74	73	74	75	76	80	81	76	80	75	78	80	73	74	80	78	73	79	77	79	73	79	75	81	72	80	73	72	76	76	73	79	80	76	79	81	79	74	81	78	76	78	80	78	77	75	73	79	76	77	76	75	74	78	75	79	73	72	82	72	76	73	79	74	79	80	76	77	78	80	79	73	79	79	75	73	77	77	78	75	81	79	79	74	76	78	72	77	77	75	81	77	80	82	73	76	73	74	72	79	82	74	80	74	72	82	76	77	77	75	74	79	80	79	74	73	72	75	79	80	76	76	76	73	75	81	75	78	76	74	75	74	75	78	80	77	79	79	79	80	73	74	80	78	74	76	73	74	79	76	80	73	77	74	78	74	80	78	82	77	74	72	76	81	76	76	74	76	75	74	76	80	79	81	77	77	81	76	79	74	76	74	75	76	74	79	79	74	75	76	82	75	79	79	74	81	77	81	76	81	75	75	73	74	79	74	72	79	81	72	75	77	80	77	81	82	75	72	81	75	81	79	79	73	75	80	73	74	75	72	78	76	77	78	81	73	76	77	79	74	82	79	76	79	74	82	81	77	81	80	74	81	73	81	81	73	82	75	76	79	76	72	72	74	81	76	75	76	79	82	80	80	78	82	79	77	75	79	75	78	81	82	77	75	76	72	78	78	77	74	77	76	80	82	75	76	81	73	76	78	76	82	79	82	76	82	81	72	81	81	78	79	78	72	78	81	75	75	82	80	72	82	78	77	80	76	73	79	77	78	76	74	74	74	79	80	75	73	75	72	75	75	73	81	75	80	81	79	79	77	78	73	73	81	74	73	77	82	78	73	78	74	74	73	79	81	74	80	78	75	75	78	73	75	82	77	72	78	74	76	78	80	73	81	77	74	75	80	76	74	80	81	77	80	77	75	74	76	73	75	80	80	76	72	80	77	78	82	80	80	74	74	80	80	78	75	72	79	82	75	75	77	80	75	80	72	81	74	82	79	75	73	76	78	73	78	75	80	81	78	79	73	77	79	78	81	78	74	76	80	77	82	80	73	82	80	75	78	74	76	75	80	76	76	74	79	75	75	75	78	74	80	77	81	81	81	73	77	80	77	79	80	75	81	80	80	77	74	79	76	79	80	79	76	74	79	79	74	78	74	73	80	72	72	76	76	79	78	81	82	82	78	77	73	81	74	79	77	73	76	79	76	82	75	75	81	77	73	75	72	73	80	73	79	74	82	75	74	74	80	74	76	78	78	76	75	73	75	74	79	73	75	80	75	72	75	73	81	74	79	76	76	80	74	75	80	82	79	79	75	79	75	78	80	74	78	81	82	75	82	80	78	74	80	78	73	79	80	74	82	77	80	72	74	78	75	73	80	77	76	73	74	75	78	81	79	78	77	81	82	75	76	76	77	79	76	74	73	78	79	78	82	78	78	77	76	78	79	80	79	79	74	80	77	76	76	75	76	79	81	76	74	80	77	72	76	73	79	78	81	81	77	75	76	72	82	76	77	74	76	74	75	73	79	73	73	80	78	81	72	79	73	82	80	81	73	80	79	74	75	82	74	75	72	78	80	82	72	78	73	74	73	80	82	80	73	73	74	72	76	78	80	77	74	79	73	74	74	80	73	73	75	80	76	74	77	79	78	73	82	72	80	76	78	75	79	73	80	78	74	72	75	82	81	76	75	78	74	75	75	79	80	76	76	75	74	73	72	77	76	75	74	78	81	76	81	72	74	76	73	77	81	73	73	74	76	77	82	79	81	81	79	77	79	74	80	81	74	74	77	74	80	75	79	80	76	77	78	79	73	76	81	73	73	78	75	79	74	81	76	78	74	73	79	74	77	79	80	74	77	73	76	78	77	81	80	73	73	74	72	73	75	72	81	78	77	76	77	76	81	75	76	79	81	82	80	76	74	76	77	74	81	80	77	77	78	74	73	74	77	80	75	72	76	79	79	78	77	78	76	75	73	77	76	78	77	77	77	73	75	82	75	76	78	81	79	76	73	77	76	82	78	81	76	77	74	73	73	73	75	80	73	81	74	78	75	78	81	78	81	77	77	81	76	75	82	74	79	75	82	79	75
61	66	64	69	60	69	61	64	64	59	62	62	65	64	64	61	62	68	65	65	60	60	64	69	66	61	64	67	62	63	64	67	61	66	64	65	63	60	62	61	67	61	69	59	67	65	63	63	64	60	65	68	68	65	64	65	60	60	62	63	64	62	63	68	59	69	61	59	62	67	66	65	66	62	66	61	62	59	63	63	60	65	64	66	67	60	62	64	59	62	69	68	63	69	67	62	62	65	59	66	66	63	66	68	60	59	64	59	69	64	68	60	61	65	68	59	64	62	63	59	67	69	64	66	63	67	64	65	69	65	63	67	62	62	59	60	66	67	62	63	68	67	67	62	68	66	64	60	62	64	61	69	60	69	67	59	62	66	62	61	63	67	68	62	61	60	60	66	60	61	64	68	68	66	63	62	68	64	61	61	61	64	64	65	62	68	66	64	68	65	67	62	65	63	61	67	63	63	62	60	63	63	61	59	66	68	66	68	64	62	66	64	62	66	59	64	65	68	65	66	64	60	59	61	63	62	64	61	67	67	67	63	65	60	65	59	66	67	69	62	69	60	64	65	65	65	67	63	67	67	61	62	60	67	65	68	63	69	69	68	63	61	69	63	62	62	64	65	67	61	62	65	64	61	69	61	69	65	65	62	65	69	68	60	64	67	59	64	60	64	63	62	61	62	62	66	61	60	65	65	60	69	63	62	60	68	62	65	60	63	61	60	69	60	62	60	68	65	65	69	64	60	63	60	60	66	68	65	60	61	59	65	61	68	68	60	60	68	60	68	66	61	63	68	59	64	66	66	63	69	63	66	59	62	59	63	68	67	64	64	67	64	64	61	60	69	67	65	68	67	67	63	67	68	61	66	65	64	65	64	63	63	65	65	68	61	60	69	60	68	68	66	68	61	63	62	59	64	63	64	63	62	69	66	62	65	66	67	59	62	62	67	67	61	59	67	61	62	69	61	64	68	64	59	67	62	68	63	69	65	68	60	64	61	60	61	62	68	61	66	64	63	69	66	66	68	59	66	59	61	65	69	66	60	67	61	67	67	68	66	66	62	67	67	64	67	61	66	60	61	65	62	67	65	59	68	65	63	67	62	69	69	67	64	65	67	68	64	66	62	67	63	64	68	69	64	66	68	63	68	65	60	69	68	60	67	69	61	65	64	67	66	59	67	59	63	60	59	68	65	62	63	64	64	68	66	62	68	59	61	67	62	62	69	63	59	68	69	61	62	66	68	67	65	61	62	68	60	64	67	64	67	63	60	64	60	67	61	62	63	66	61	66	64	63	68	59	60	62	64	59	63	66	59	63	61	68	64	63	64	59	62	68	64	61	65	64	62	65	60	66	68	67	59	68	60	66	61	65	61	62	69	61	62	64	63	62	64	65	64	67	64	64	64	68	66	67	69	60	65	64	65	63	65	66	65	65	62	65	68	67	60	67	60	62	67	62	64	60	63	61	67	65	68	61	68	61	65	62	62	63	63	61	63	67	67	65	61	66	63	65	69	63	68	62	62	66	63	62	68	61	68	62	67	61	61	60	64	61	61	59	61	67	61	64	66	67	62	66	68	64	64	60	69	62	67	68	60	66	60	66	68	66	63	63	60	61	67	68	63	61	61	68	66	67	68	59	60	60	60	66	65	69	65	66	61	68	68	62	67	63	64	65	63	61	66	65	62	69	61	68	67	68	69	65	61	67	63	64	68	68	65	65	60	66	67	61	64	60	67	59	62	61	67	67	62	68	67	62	64	59	64	63	67	68	66	63	61	60	59	68	60	65	62	62	69	65	63	62	60	66	65	68	61	59	68	68	60	65	67	62	68	60	68	63	65	64	63	63	68	64	66	64	64	60	67	63	66	67	69	61	61	62	67	60	63	61	64	65	68	66	60	61	62	66	65	61	69	64	59	61	69	67	62	64	69	65	63	63	62	65	67	61	63	67	66	61	68	65	65	61	68	62	67	65	66	61	60	66	68	67	63	63	64	64	66	65	61	67	64	64	61	64	68	61	67	65	59	66	68	66	60	69	68	60	64	64	62	68	66	61	62	62	60	64	68	59	65	63	61	61	65	64	67	61	59	60	68	67	67	65	64	63	64	65	60	59	62	60	61	69	59	61	63	68	68	68	68	59	67	60	67	65	63	66	61	66	60	61	66	68	68	60	60	65	60	60	67	64	69	62	59	61	62	59	68	67	60	67	64	60	62	63	59	66	59	65	66	62	66	65	64	64	65	67	69	69	69	65	62	65	64	68	60	60	65	59	67	64	62
48	51	50	49	49	53	49	47	47	49	53	47	55	54	55	46	54	51	49	51	48	50	49	53	48	49	49	48	47	49	52	52	50	54	53	49	46	49	55	47	48	55	53	47	51	52	52	48	54	51	55	54	50	52	55	55	47	51	46	54	53	50	48	48	50	49	50	52	51	46	54	51	49	48	56	46	55	56	53	53	51	53	53	52	52	51	53	50	54	48	52	54	48	46	52	50	53	54	54	54	55	50	47	51	47	49	51	47	47	47	56	54	53	52	55	53	52	52	49	54	54	53	54	47	50	48	53	52	53	50	50	50	51	52	55	55	49	53	49	48	52	50	48	47	47	55	54	53	55	46	55	49	51	49	46	47	50	53	54	48	48	48	49	46	53	47	47	50	53	47	50	46	49	49	52	52	47	54	53	52	54	56	53	47	52	52	51	53	46	50	54	48	50	51	54	47	53	49	48	53	50	54	51	51	54	53	53	53	50	55	53	51	50	48	47	50	54	55	56	54	52	50	46	55	50	55	46	55	46	48	50	49	47	49	49	47	49	52	49	52	48	55	49	48	48	52	53	52	48	55	48	51	47	54	52	50	52	49	46	55	54	54	55	54	47	51	53	53	55	49	50	55	47	49	51	48	51	56	47	55	47	54	54	51	50	55	52	55	52	56	49	49	51	49	46	54	53	49	47	48	55	47	50	48	48	48	56	53	55	49	53	55	47	53	55	54	49	48	55	48	52	55	52	54	51	55	52	52	47	52	49	51	49	49	51	50	53	47	47	52	55	52	48	51	53	54	52	52	49	50	53	54	53	50	49	54	48	52	49	51	50	56	48	48	51	50	48	51	51	48	52	48	51	56	48	53	55	48	47	54	53	50	48	51	53	51	48	51	54	47	47	52	51	53	52	51	49	53	50	52	55	47	55	50	51	47	54	50	53	51	50	55	50	56	51	50	51	48	55	49	47	47	46	46	47	53	55	49	53	53	52	51	53	51	52	54	51	55	51	48	51	53	52	48	50	54	53	48	49	51	50	52	46	51	55	53	50	48	49	48	54	46	53	48	48	48	55	51	48	50	46	54	54	53	54	48	47	48	50	54	47	48	50	47	48	55	55	53	53	46	47	51	46	52	54	49	53	56	48	46	54	53	50	53	47	55	48	50	50	49	48	47	46	49	53	48	54	52	51	54	52	56	55	51	55	55	53	52	52	52	47	48	47	52	47	48	51	55	48	54	49	49	48	47	47	51	50	51	52	50	54	49	48	49	47	54	52	54	55	55	47	48	48	50	53	52	53	55	53	55	51	50	51	55	52	53	52	55	53	54	48	54	47	55	54	46	50	51	50	54	47	55	55	48	47	47	48	52	49	47	53	56	56	51	52	47	54	50	55	50	50	51	47	51	46	50	56	48	49	49	52	47	50	51	52	49	47	48	47	49	53	55	50	52	49	51	54	47	56	48	50	56	47	49	49	55	52	48	49	54	52	52	53	54	50	49	49	54	50	53	47	50	52	47	55	52	55	48	55	47	51	55	52	49	50	52	47	50	51	55	49	47	50	51	49	48	49	47	48	49	48	56	48	50	48	50	54	52	50	56	54	50	49	50	48	54	53	55	53	49	46	48	47	50	50	53	55	47	47	56	53	48	50	49	48	49	50	54	51	50	56	52	51	56	47	49	48	49	51	50	52	51	54	47	50	51	46	56	53	46	48	52	46	49	47	53	52	49	49	48	50	46	55	49	54	48	46	46	51	49	55	46	51	52	53	47	48	49	49	54	48	51	54	49	52	48	54	54	54	49	56	47	51	53	51	46	46	55	54	55	47	54	55	54	46	52	49	52	55	54	48	47	47	52	54	50	52	52	51	51	56	47	52	53	49	54	49	52	53	54	47	54	54	50	49	53	49	55	50	55	52	47	48	47	55	48	53	53	47	53	53	52	56	53	54	56	50	53	46	47	54	54	49	46	51	54	52	49	53	55	54	48	55	55	46	49	48	52	49	46	46	54	51	49	52	51	50	54	49	49	52	47	49	50	48	47	47	52	54	52	56	47	51	51	53	51	56	55	46	49	48	56	55	55	51	47	54	51	52	54	47	48	46	54	47	55	46	48	51	52	48	48	55	48	55	48	46	53	52	55	48	48	47	55	53	50	47	47	50	49	52	53	54	53	51	51	50	54	49	55	55	49	50	53	50	50	55	50	47	49	56	51	47	54	47	54	52	47	52	49	49	50	50	47	51	51	50	53	51	48	49	52	50	54	50	47	54	47	53	53
79	84	86	86	86	79	81	87	78	85	79	80	84	87	79	83	82	87	85	87	87	81	80	79	79	79	81	79	85	83	83	83	87	80	80	82	86	85	87	83	84	79	78	84	86	79	77	79	84	81	81	85	82	84	80	84	86	84	83	86	87	79	79	80	81	80	79	83	78	79	86	83	85	78	83	79	77	86	84	82	85	79	85	80	87	81	85	82	79	77	79	82	78	82	82	85	77	85	81	81	86	82	79	80	84	80	86	78	87	78	85	86	83	79	79	84	82	78	79	79	85	80	84	79	79	85	79	80	80	86	86	80	85	80	77	86	81	83	84	85	84	86	80	87	82	80	87	77	83	85	79	78	78	79	82	81	77	81	87	80	79	77	79	81	79	83	79	78	84	86	83	84	84	85	83	82	79	79	87	84	82	86	77	77	83	80	85	85	87	85	79	80	80	80	85	84	78	82	78	86	82	85	85	78	79	85	85	77	84	84	81	82	86	84	83	85	83	78	83	84	83	83	85	77	79	77	86	87	87	86	83	82	78	78	83	85	80	84	83	83	84	86	85	84	86	85	78	80	79	87	83	82	81	82	84	83	81	85	83	82	82	86	80	81	86	84	81	80	82	84	77	86	81	82	81	85	82	78	83	77	77	85	83	81	82	87	83	80	78	87	79	84	81	80	82	81	86	85	80	81	80	82	80	86	78	85	77	80	78	82	83	86	81	81	78	85	80	85	80	82	81	84	81	87	83	81	80	86	86	86	80	78	77	84	86	79	79	77	80	78	85	85	87	84	84	81	79	83	87	83	78	81	78	78	83	85	79	86	85	83	86	80	82	83	78	78	81	82	80	84	77	84	78	78	79	81	79	83	82	81	81	85	84	81	83	83	84	85	83	85	82	78	86	86	78	82	86	77	86	84	82	81	78	81	87	85	84	83	78	82	85	80	81	81	78	85	87	80	77	83	84	86	78	83	84	84	78	84	85	87	82	79	82	84	78	78	82	84	87	84	86	81	79	84	80	87	83	83	85	78	84	82	83	77	86	85	85	85	82	81	83	83	80	82	78	78	84	82	81	83	78	84	85	81	78	86	77	80	83	77	77	82	87	78	80	86	83	79	81	79	77	79	80	78	78	80	87	80	85	84	77	82	86	87	80	77	78	77	78	83	86	82	77	83	81	79	79	84	86	85	86	87	81	82	84	80	83	85	80	78	83	84	83	87	82	85	79	82	82	84	82	79	79	84	78	86	79	79	83	78	79	80	81	87	81	81	87	86	84	77	79	84	86	87	80	80	86	86	82	79	83	78	84	80	80	78	84	84	81	84	78	78	79	79	87	80	78	80	84	84	81	79	79	78	82	83	86	81	77	80	85	78	80	85	86	80	82	78	79	78	81	84	80	78	86	78	83	83	84	82	80	84	78	77	79	83	77	87	86	81	80	87	80	87	78	80	79	81	84	81	77	85	81	82	78	83	81	77	82	87	83	82	83	80	86	84	81	78	79	78	79	79	83	81	86	81	83	86	85	78	81	85	86	86	82	82	78	81	81	84	85	79	80	86	86	79	87	80	80	83	81	78	81	85	83	84	80	86	85	78	85	83	80	80	84	83	87	79	85	84	87	82	79	78	84	78	79	86	78	84	82	77	81	80	86	83	85	79	85	84	82	78	86	78	86	86	81	87	77	85	77	82	84	82	84	87	81	85	78	82	80	81	80	85	80	81	80	86	82	79	84	83	83	79	80	83	83	79	79	84	79	80	84	78	85	80	80	85	83	80	80	78	83	78	78	83	86	83	79	86	86	86	84	82	82	81	77	81	81	87	83	82	85	82	81	79	87	84	83	84	82	85	81	82	83	86	85	78	84	78	85	85	81	79	79	84	77	79	79	78	78	77	80	84	85	78	84	81	79	77	84	86	83	86	79	86	85	79	84	83	82	79	84	80	86	82	84	79	80	77	79	79	79	86	78	80	79	84	80	85	80	82	86	81	87	85	86	81	79	78	85	79	78	77	85	85	81	85	78	84	78	84	78	87	83	84	78	78	82	80	81	86	79	84	80	78	86	79	78	86	78	77	85	79	79	78	77	81	82	84	82	84	81	85	83	79	83	81	83	82	79	78	79	84	86	86	80	84	81	82	80	83	81	79	80	84	83	83	87	86	87	84	79	84	77	81	79	82	77	80	85	85	78	83	87	85	87	82	83	78	87	81	83	80	80	81	86	85	83	77	86	83	77	86	83	83	86	80	79	81	83	79	85	82	81	85	80	80	81	79
48	46	51	49	52	51	46	47	52	54	47	49	47	53	52	55	55	48	54	48	52	48	55	53	55	49	52	47	50	50	55	55	50	47	51	49	51	46	52	56	50	48	55	48	46	53	54	52	49	47	54	47	54	54	51	53	55	52	53	52	52	49	54	47	48	47	50	49	54	52	52	55	51	50	51	53	52	51	50	51	46	46	55	48	53	46	53	49	50	47	50	56	53	47	53	49	55	51	48	55	54	48	52	47	51	56	49	56	55	53	55	50	48	55	54	51	48	46	54	47	50	49	52	51	49	53	53	54	48	49	50	50	53	47	52	48	50	55	51	51	46	50	48	46	49	47	56	54	48	50	53	48	54	51	50	47	47	47	53	56	54	48	48	47	52	47	55	55	49	47	50	50	50	46	48	47	48	47	49	48	47	47	55	50	56	55	55	56	51	49	54	48	54	51	55	54	55	53	46	56	52	55	53	53	51	47	49	52	54	49	50	50	50	46	52	50	53	49	49	53	52	53	48	47	53	47	49	54	51	53	46	46	53	53	55	48	55	55	48	51	55	49	49	55	52	50	51	49	47	47	54	52	51	47	51	51	55	48	55	49	51	47	49	52	56	47	55	47	55	54	47	52	56	48	47	54	51	53	52	46	55	50	54	49	51	53	49	48	53	53	53	50	47	55	46	49	48	51	47	55	47	50	55	51	50	52	50	49	51	56	54	48	47	46	47	53	53	51	53	49	50	54	55	54	46	48	49	47	50	52	55	47	50	53	51	50	49	51	50	55	52	53	48	48	52	55	47	53	55	55	51	56	48	46	54	55	50	51	54	55	48	53	52	54	46	50	55	54	52	52	55	52	52	56	52	54	54	47	56	52	54	50	49	50	48	52	49	51	52	46	53	49	47	49	54	55	48	50	47	46	52	53	47	56	52	52	50	50	46	56	51	50	50	52	52	55	47	56	48	49	49	51	52	48	47	49	55	49	55	47	50	56	54	49	49	55	54	52	48	54	53	49	50	54	50	50	50	50	56	53	46	51	46	53	52	46	47	54	48	56	53	54	54	50	55	51	50	55	55	46	50	54	51	53	54	50	47	48	52	52	53	56	48	52	52	46	51	53	52	53	54	55	48	56	54	49	46	53	55	50	52	49	52	51	48	52	49	49	55	56	54	46	51	47	48	53	51	55	48	52	48	50	53	54	49	51	50	47	54	50	51	46	54	48	55	52	51	51	49	54	53	55	49	53	53	46	49	47	51	48	53	53	53	55	47	55	49	49	56	50	54	50	47	49	52	52	53	50	51	47	55	49	51	46	49	46	46	49	56	47	49	51	54	49	55	51	55	48	51	51	48	55	47	55	52	48	47	54	48	52	46	53	48	51	52	56	47	50	55	53	46	55	47	52	52	56	51	54	52	55	56	54	56	50	48	50	55	49	56	55	51	46	48	55	55	46	52	53	48	54	48	53	50	55	55	51	50	54	53	49	50	55	48	50	49	54	47	52	53	50	50	50	48	54	52	48	49	54	53	48	49	51	52	53	51	47	56	52	49	49	47	48	55	50	50	47	53	47	54	55	51	54	49	49	50	49	51	55	48	47	52	53	48	50	47	54	50	49	50	53	48	56	54	50	56	49	47	52	50	52	53	52	55	47	49	55	55	55	47	53	47	53	55	50	55	48	54	49	49	54	51	52	50	46	51	46	52	54	47	55	47	48	56	54	55	51	46	47	53	47	51	48	53	54	51	49	50	55	50	48	48	48	47	47	51	52	49	50	48	49	53	51	53	47	48	53	50	56	55	49	55	54	50	48	50	53	52	48	56	54	56	47	53	51	48	48	52	47	54	54	52	50	52	46	56	51	51	49	55	51	47	55	48	50	53	47	49	53	47	48	48	53	47	51	55	51	55	50	50	48	52	51	49	50	47	55	55	54	50	51	52	49	56	55	56	51	50	54	49	49	49	48	55	54	51	51	55	54	52	48	48	52	49	52	48	50	49	55	55	52	56	55	53	55	50	52	55	47	50	55	50	46	54	51	52	53	55	46	52	55	51	47	46	56	54	47	49	49	49	46	51	50	52	47	48	51	50	48	47	50	48	52	56	51	51	56	47	55	52	55	52	48	46	53	51	51	53	50	55	52	49	49	46	48	51	47	48	50	49	50	55	55	51	49	55	55	50	50	52	53	51	49	51	46	46	47	48	53	51	53	53	50	53	46	50	48	48	48	54	47	48	51	51	53	47	46	50	54	48	49	53	52	48	50	55	54	51	50	52	54
30	28	33	37	34	30	36	31	27	27	32	33	34	29	37	32	36	34	32	28	27	29	37	37	29	34	33	34	35	30	30	28	36	35	31	35	32	32	35	31	31	36	32	35	35	32	36	37	35	36	27	33	36	27	31	37	34	35	35	35	29	34	28	30	37	28	29	30	35	35	30	33	28	35	32	29	36	32	32	36	36	31	31	31	37	30	28	28	33	28	36	33	28	31	30	31	37	32	33	35	28	30	27	28	29	35	36	28	33	32	36	35	35	31	28	34	27	31	28	31	31	28	34	34	30	36	32	35	32	32	35	34	34	33	29	27	27	33	31	33	32	32	35	29	32	31	28	27	32	30	27	36	27	32	35	32	36	29	37	35	33	30	34	35	36	36	30	30	36	28	29	34	33	33	34	35	29	35	37	36	28	29	29	37	34	36	28	31	33	34	30	29	29	29	33	30	31	27	36	31	37	32	29	33	29	29	31	31	30	36	31	33	29	30	27	29	37	28	35	30	33	33	32	28	35	28	34	29	37	34	30	32	31	31	29	35	31	33	36	33	31	28	33	35	32	34	27	30	33	31	33	31	28	32	36	37	27	35	32	31	36	29	29	35	28	32	30	36	37	33	34	35	33	32	36	29	32	33	31	34	30	34	35	28	29	34	30	33	37	30	27	32	36	35	29	27	35	36	27	27	34	36	30	34	35	31	36	32	31	34	36	32	32	28	33	29	30	36	29	31	35	29	34	30	32	35	28	31	36	30	31	30	28	27	36	37	31	37	35	32	37	29	31	28	31	30	29	28	36	28	32	35	33	32	29	30	29	33	30	29	31	33	36	30	33	37	31	33	35	30	29	31	31	31	35	34	27	35	36	30	28	30	31	29	29	29	30	36	34	31	30	29	30	35	37	34	34	30	31	30	27	31	33	36	37	31	36	36	33	33	29	36	30	29	27	35	32	37	33	31	33	27	29	32	34	27	30	29	33	33	34	30	36	35	30	30	30	32	33	28	30	29	32	31	34	32	28	29	36	28	28	34	30	36	34	28	34	37	36	29	33	37	36	35	29	37	37	29	36	27	35	32	36	29	30	30	31	34	33	36	36	35	35	31	32	32	36	37	33	28	30	30	34	34	33	33	34	30	30	33	33	29	28	36	30	31	33	37	28	34	30	33	29	34	27	35	33	29	32	28	30	36	34	34	27	34	33	34	34	31	34	28	34	34	27	31	29	34	35	31	33	31	35	30	33	28	29	37	37	36	35	34	27	33	29	34	31	36	36	34	29	28	36	28	30	33	36	33	33	27	32	32	35	30	30	35	36	29	29	30	33	31	29	35	31	32	31	28	29	37	34	27	31	35	28	34	35	29	29	28	36	31	36	31	33	29	28	34	36	37	30	30	31	30	28	28	36	32	30	36	36	34	31	32	34	36	35	32	36	34	34	35	29	33	30	35	36	35	29	31	33	37	36	36	29	36	31	29	32	34	32	28	36	37	36	35	30	33	34	35	29	29	33	29	35	32	35	34	35	37	29	30	27	35	31	29	32	37	29	36	32	35	31	28	34	35	37	33	36	35	30	32	30	34	30	33	33	28	30	37	29	28	28	28	28	30	32	34	32	32	32	32	33	33	32	33	30	33	27	28	35	31	36	35	28	36	35	32	33	32	34	30	32	30	35	31	34	36	36	27	35	29	32	33	31	31	30	37	34	33	34	36	36	30	33	30	32	34	28	31	35	33	35	37	34	28	33	37	35	30	29	33	28	30	37	33	35	31	34	28	27	33	32	28	32	35	35	35	28	31	28	32	27	32	28	34	30	35	32	35	31	30	31	29	29	35	28	28	28	36	31	30	31	33	28	30	33	31	28	29	32	33	37	31	28	28	32	27	35	33	36	34	28	32	37	33	36	34	37	31	29	29	33	33	32	31	36	36	33	36	37	35	37	35	34	29	31	36	36	30	37	33	31	31	34	34	33	31	27	30	28	30	37	33	35	33	31	27	30	30	29	28	28	29	33	34	33	36	35	36	29	32	29	33	33	28	31	35	31	34	28	35	31	29	35	31	36	34	32	35	32	35	27	30	30	31	28	35	33	35	31	28	27	27	36	33	36	34	28	31	30	32	34	28	27	30	31	36	28	28	29	34	35	32	29	35	30	36	30	33	33	28	31	36	33	31	34	34	35	31	32	30	36	36	29	36	37	32	34	28	36	32	31	31	31	30	29	37	27	29	27	34	34	35	35	31	33	30	31	35	36	28	36	33	30	36	34	33	35	31
62	55	61	61	62	62	61	56	55	57	58	59	61	60	58	58	61	60	58	56	56	54	62	56	60	55	54	56	61	63	59	56	63	55	60	55	62	64	54	55	59	63	63	58	61	57	58	61	60	55	55	64	64	58	60	54	56	56	61	58	63	61	60	60	59	62	55	62	59	57	60	63	55	62	55	61	61	61	64	54	63	56	55	59	64	55	61	61	58	59	63	63	56	56	56	61	56	62	55	62	62	60	58	58	54	60	54	57	56	60	58	56	63	60	54	55	54	54	61	63	55	57	59	60	54	57	61	64	59	64	58	55	55	55	62	55	61	59	57	64	62	62	58	60	54	61	58	56	56	61	60	63	57	63	58	56	63	58	60	60	62	55	61	58	61	61	54	63	62	62	55	56	59	59	62	60	55	61	57	60	60	62	55	58	54	56	56	63	56	61	62	64	60	63	56	58	60	58	56	56	60	61	63	63	54	59	56	58	64	61	59	62	64	59	55	62	64	58	55	58	58	54	57	57	60	56	58	55	59	59	57	56	60	57	61	54	59	56	57	56	55	64	61	63	58	60	62	63	64	60	62	54	61	60	57	55	63	63	58	61	54	58	54	54	59	63	60	64	55	55	62	57	58	56	58	55	59	62	57	64	56	58	63	63	61	59	56	61	57	61	56	56	56	63	55	64	56	63	58	56	54	62	60	59	59	59	58	59	54	58	63	56	63	59	55	57	63	60	59	54	57	58	58	59	57	62	55	58	58	64	62	58	64	54	60	58	54	59	61	60	58	57	58	57	61	58	63	58	63	57	56	54	63	63	63	58	63	60	63	55	62	58	61	58	62	59	61	58	59	55	55	59	58	58	60	55	59	61	54	64	63	62	61	61	59	56	63	59	59	63	59	56	62	64	62	56	61	58	59	61	55	58	61	61	57	61	61	60	58	62	61	59	64	62	56	56	57	62	60	61	54	56	61	62	58	62	55	56	61	55	63	64	63	57	64	60	60	54	62	56	59	55	59	60	55	62	61	57	58	64	57	62	55	60	55	62	64	54	56	57	62	58	55	58	60	61	57	59	60	59	60	64	58	61	62	59	55	62	57	56	58	64	61	62	63	54	59	57	61	55	60	58	59	55	61	55	56	61	61	60	56	59	58	62	62	57	58	61	60	59	60	62	59	55	58	61	54	55	58	54	64	56	61	55	63	54	61	55	59	61	54	56	61	54	60	57	56	60	61	56	62	60	64	54	60	57	63	60	59	57	60	57	62	62	57	59	60	61	56	60	55	60	62	56	59	63	62	57	56	60	62	64	57	56	56	59	56	60	64	55	63	55	63	62	56	60	62	58	60	62	57	55	55	61	56	64	59	63	56	59	55	59	57	58	62	61	62	63	55	54	56	55	55	56	63	57	59	56	60	58	59	63	58	61	64	57	63	59	55	63	57	60	59	62	61	61	60	54	62	61	58	61	62	54	57	64	60	59	61	59	63	59	63	60	57	61	64	61	61	55	62	57	58	58	56	55	62	58	57	62	63	63	64	62	60	63	60	54	61	63	61	58	58	59	55	61	60	57	59	60	59	63	62	61	62	56	61	57	54	58	58	62	62	61	63	56	64	56	55	61	56	55	56	59	63	57	62	54	54	60	61	59	61	56	59	57	60	61	58	57	56	58	63	62	61	58	62	58	59	57	54	61	63	62	56	55	61	54	59	61	57	62	56	54	58	54	56	58	62	55	63	56	64	59	63	63	62	60	63	55	55	56	57	58	56	63	55	61	64	56	58	57	58	61	62	64	64	63	64	62	59	64	55	60	64	60	60	54	55	60	62	60	57	59	56	61	54	58	58	61	55	55	59	63	60	63	58	64	58	62	63	63	54	63	57	54	58	62	55	63	57	57	59	58	60	62	60	60	57	59	62	63	56	64	59	60	62	56	55	57	57	61	63	64	56	63	64	61	56	59	55	63	61	63	60	59	56	63	60	58	60	63	62	57	59	63	58	57	54	56	58	64	60	55	60	63	60	58	54	61	55	56	59	59	54	56	60	59	63	54	54	55	56	55	60	58	60	62	59	57	63	64	60	59	62	63	57	60	57	60	64	62	56	58	63	54	63	62	58	61	64	61	63	58	63	63	62	62	56	55	60	56	60	59	58	64	56	62	55	63	60	61	60	56	56	60	55	58	63	61	59	56	63	56	56	61	56	62	62	55	56	58	59	56	56	61	62	56	61	58	61	56	54	55	55	57	63	57	62	55	58	60	63	59	60	59	58	54	56	54
18	18	12	17	13	10	16	10	12	14	14	12	13	18	19	15	17	15	10	12	17	12	10	12	17	14	11	17	16	10	17	17	18	18	13	10	17	19	17	18	16	11	16	18	16	12	11	9	13	19	14	9	10	10	9	10	11	17	15	13	12	16	16	13	10	12	9	17	14	18	10	12	15	10	14	16	15	10	14	16	15	18	11	12	12	15	12	18	16	12	15	12	13	17	12	12	14	19	16	11	12	15	14	15	18	11	16	18	11	17	16	16	11	13	15	9	15	10	10	17	14	17	13	15	13	16	19	14	19	14	11	18	15	17	11	12	11	13	14	14	18	13	18	12	12	16	9	18	16	10	15	15	15	12	16	13	10	15	9	17	10	11	17	13	19	18	12	18	18	17	19	10	13	17	18	18	18	18	18	15	13	17	10	12	13	17	14	11	15	18	15	14	18	11	17	16	12	16	13	19	12	14	14	9	16	13	11	13	12	18	9	12	18	14	10	18	12	17	11	19	19	17	15	14	13	12	15	10	12	18	11	11	9	15	16	18	12	9	15	9	17	12	18	12	10	11	11	10	14	10	10	16	18	18	11	13	14	13	19	13	18	14	15	16	11	14	16	12	13	12	14	9	18	12	16	19	19	17	17	18	14	12	14	17	19	10	10	10	11	14	16	15	14	16	14	11	18	17	9	14	19	17	9	16	15	18	10	11	13	10	11	14	19	10	9	14	19	9	17	9	15	12	10	17	12	12	11	15	11	12	13	10	13	18	10	13	16	16	12	14	15	13	18	18	10	11	11	18	12	12	16	18	13	15	12	14	13	10	19	14	10	10	9	11	15	9	11	12	12	11	19	16	17	9	18	19	15	15	18	18	16	16	10	10	10	12	17	18	14	18	12	17	17	9	18	16	9	18	15	14	13	18	14	10	16	13	14	16	15	17	12	14	9	13	10	17	18	16	11	18	14	9	12	16	18	18	19	10	18	10	11	10	14	12	18	18	16	15	16	15	11	16	19	9	19	10	13	11	16	12	16	9	13	13	14	12	18	11	12	15	13	14	18	15	15	12	13	19	10	19	15	14	9	14	13	18	18	12	13	17	15	11	11	19	10	16	12	10	15	15	11	18	15	14	16	9	11	15	10	17	12	15	17	17	14	17	16	13	13	12	17	13	11	10	17	19	18	10	18	13	14	19	17	12	9	12	16	16	13	15	15	15	9	12	13	14	19	17	11	16	17	10	10	10	10	13	16	9	10	14	11	15	13	14	19	16	13	11	10	14	10	18	18	9	15	14	14	19	11	15	15	16	18	18	10	12	10	11	16	17	14	16	16	15	9	11	14	10	13	15	11	19	15	16	18	10	16	15	16	11	9	18	13	15	11	14	16	12	13	10	13	10	14	18	12	17	16	13	13	15	10	18	10	10	16	15	10	15	17	13	15	16	16	12	14	12	17	18	16	12	11	10	13	18	18	15	12	10	11	18	19	11	13	11	18	10	16	13	16	12	11	11	12	15	17	9	11	12	18	10	17	12	13	16	15	19	11	9	18	16	10	12	12	10	19	17	9	14	18	9	14	10	12	18	19	11	18	14	18	13	14	19	10	18	11	16	15	11	12	10	10	13	11	12	12	18	16	17	17	10	10	17	12	17	17	14	13	11	11	15	13	14	15	19	16	11	16	19	15	18	13	11	19	11	10	14	16	14	15	11	16	18	12	17	18	12	10	12	11	9	10	18	14	19	19	11	18	12	11	13	13	15	18	11	16	13	19	16	11	10	12	10	13	13	13	19	14	16	14	19	10	18	15	16	14	17	16	13	13	14	10	14	15	15	10	18	14	12	13	13	17	14	12	16	10	14	10	16	16	15	10	10	10	10	12	16	14	14	19	10	16	13	14	12	16	13	13	11	17	15	10	15	14	17	17	14	13	10	14	13	13	16	14	9	12	10	12	14	11	16	18	17	15	15	11	15	16	15	17	12	11	14	13	19	13	16	13	16	15	14	17	18	12	14	14	11	11	17	15	15	19	13	11	17	15	15	11	14	14	19	18	11	12	13	11	15	15	14	11	19	14	18	16	11	13	12	16	18	10	18	13	9	11	17	17	9	12	10	17	15	15	10	15	11	13	16	18	18	18	19	11	13	10	11	13	12	17	14	9	11	16	17	15	15	15	11	14	18	15	10	13	12	12	17	19	14	12	14	12	10	16	15	14	13	15	9	13	16	19	12	12	12	14	16	16	17	9	15	14	14	9	16	12	11	14	12	9	16	14	17
94	86	94	95	92	94	85	91	91	88	88	94	90	89	90	90	90	86	92	88	88	92	93	95	89	87	93	91	94	89	87	92	92	86	90	90	94	92	88	93	90	92	87	93	90	94	89	89	89	91	95	92	95	87	93	95	87	93	93	92	94	86	90	88	85	87	94	87	87	94	94	90	91	92	89	93	92	92	90	89	93	86	89	91	87	91	95	93	91	86	86	87	93	90	90	93	86	90	86	86	90	95	86	86	90	88	94	88	87	89	94	91	85	87	95	85	91	88	88	89	90	93	90	94	95	93	95	94	88	89	85	92	86	90	89	94	94	91	88	89	85	87	90	86	91	91	89	94	92	89	86	91	94	86	88	85	94	87	92	86	85	90	85	88	93	92	87	93	92	91	95	86	94	94	93	88	93	88	93	88	93	94	86	89	91	90	87	92	92	93	91	92	91	92	92	91	94	87	86	86	95	85	95	86	89	93	88	85	88	95	88	94	88	89	95	88	88	94	92	91	94	86	92	93	89	90	86	87	85	90	95	90	88	92	91	88	93	87	87	88	92	93	86	93	87	85	91	94	86	88	87	93	94	85	95	86	94	86	89	94	88	94	92	91	87	86	95	93	85	87	87	87	90	85	86	88	93	93	90	95	88	85	89	88	94	94	91	87	89	88	90	88	93	93	90	88	95	92	91	93	92	93	94	89	90	94	94	90	86	91	86	89	93	94	86	95	88	87	86	92	92	94	88	94	92	92	86	86	91	87	88	94	89	85	87	95	90	85	87	86	89	95	88	89	91	87	85	92	92	88	91	86	91	86	90	92	86	92	86	89	89	93	94	85	93	92	86	93	92	88	90	85	88	94	88	86	90	90	87	94	92	88	89	90	91	92	93	87	90	87	91	94	94	95	88	91	85	88	90	91	92	91	90	92	94	91	89	86	91	88	93	93	90	91	94	87	88	91	90	91	92	91	86	89	92	91	86	91	91	92	90	93	90	90	85	93	92	94	91	91	86	88	95	88	88	85	91	88	88	94	91	92	92	92	86	87	91	94	85	90	86	91	90	95	92	94	86	91	92	94	87	86	90	85	91	86	88	86	88	92	86	86	91	87	86	92	87	92	88	95	94	93	86	86	88	86	91	91	89	92	89	92	89	92	93	88	87	93	89	88	92	93	91	90	85	86	93	94	89	95	89	91	95	86	93	86	94	89	89	89	92	94	89	86	87	95	95	90	90	89	94	91	90	91	94	92	87	88	93	87	90	95	88	92	85	87	92	92	91	94	93	90	91	90	93	91	86	95	88	92	95	91	93	92	95	91	93	87	92	93	86	87	90	91	95	86	85	88	93	94	93	93	92	93	90	90	87	88	85	87	94	89	86	95	93	86	87	91	91	90	92	90	90	91	95	89	89	91	85	87	94	93	89	90	89	89	88	86	89	86	94	88	89	95	88	91	88	94	90	91	88	90	93	89	90	94	88	87	89	86	93	86	92	87	91	87	94	94	88	92	86	89	90	93	95	93	94	91	90	91	88	91	92	94	87	94	93	92	94	85	93	86	92	87	90	95	92	89	85	94	90	94	94	90	93	90	86	94	86	85	87	92	91	88	95	88	90	94	93	87	92	92	89	92	89	95	94	94	89	89	89	89	95	92	86	93	87	94	94	94	89	92	89	94	88	93	92	91	88	85	89	86	93	90	90	86	91	94	86	91	86	90	95	95	91	88	95	90	92	87	92	92	91	93	91	86	93	90	85	88	95	86	89	90	92	87	90	94	92	94	90	93	92	92	87	91	92	85	92	95	93	90	88	89	91	88	88	90	94	93	89	93	87	85	91	91	94	88	92	87	93	91	89	88	95	85	93	89	85	85	92	89	93	91	87	94	91	91	89	94	90	86	94	89	94	87	91	91	91	85	91	88	94	86	95	89	88	89	89	91	93	93	93	92	88	94	86	94	91	94	89	95	87	94	93	94	95	86	95	95	95	90	88	94	86	92	86	93	90	86	92	94	86	89	89	87	91	88	95	87	87	90	89	94	89	85	87	90	93	86	95	93	95	90	85	86	91	92	85	94	91	91	90	87	93	88	89	85	90	90	93	85	89	88	94	88	92	95	93	89	86	90	91	92	93	92	88	92	88	92	93	87	95	90	86	95	93	94	92	93	87	92	92	87	87	88	88	88	87	94	89	91	91	90	87	94	87	92	92	94	95	88	88	89	93	87	91	91	90	86	90	92	93	91	93	86	87	89	88	92	94	86	87	94	86	89	86	85	91	95
60	65	64	66	64	66	59	60	60	67	58	59	66	59	60	62	61	63	64	62	65	60	63	61	66	61	66	66	60	63	65	63	68	58	67	64	60	63	66	61	62	68	59	60	59	65	59	65	60	62	61	61	59	61	63	61	59	64	60	68	66	64	68	67	58	66	63	61	68	61	66	66	66	63	67	59	63	66	62	60	62	62	59	64	62	66	59	60	64	61	65	63	66	59	66	65	65	63	59	60	59	66	68	65	66	59	65	68	64	65	60	64	68	60	66	58	61	63	61	65	67	63	66	62	65	59	65	66	67	62	66	66	59	61	66	66	60	68	61	58	68	65	59	64	65	61	61	59	67	67	66	63	67	60	63	59	63	59	64	64	59	67	60	66	63	60	68	68	59	60	66	66	65	64	60	59	64	64	64	62	62	59	62	64	66	59	63	61	61	64	60	66	59	58	65	64	63	63	65	60	63	58	63	62	60	63	60	66	67	64	60	62	61	66	68	66	61	61	61	59	59	65	62	64	61	60	60	62	66	62	64	66	61	66	63	67	66	68	66	61	60	62	58	63	60	67	67	61	64	62	67	66	59	67	66	66	60	66	64	58	67	59	68	60	60	67	61	67	62	59	63	65	59	66	62	60	59	62	61	63	63	65	67	60	60	58	58	65	67	59	61	64	58	68	68	67	59	60	63	61	68	59	62	66	65	66	63	65	65	64	61	63	62	62	60	61	67	62	58	68	65	66	66	67	64	59	63	65	64	61	63	60	63	59	62	66	66	64	60	65	63	61	65	66	64	64	67	64	66	65	62	68	63	61	59	63	61	58	64	64	60	66	64	64	59	63	62	60	63	66	61	67	63	61	60	60	62	63	59	65	60	64	61	66	64	61	59	64	58	61	64	62	62	63	67	65	60	59	61	66	63	60	60	63	62	67	64	58	66	65	62	60	67	59	65	59	61	63	66	59	67	66	64	60	65	67	61	65	63	60	61	66	62	61	63	62	63	60	67	67	65	60	65	66	60	58	67	65	59	67	66	65	58	62	66	60	67	61	60	59	63	67	67	65	59	64	66	63	66	66	62	67	60	60	64	58	66	62	65	65	65	59	61	68	65	67	65	65	63	66	62	67	60	63	63	61	66	67	66	61	63	67	59	67	64	63	60	64	67	66	61	60	65	60	61	61	64	59	63	67	65	64	64	66	59	65	64	64	60	62	64	65	67	62	66	60	68	60	62	67	60	66	65	65	63	61	68	58	64	61	62	61	58	65	58	58	66	62	66	64	68	62	65	61	65	65	62	68	65	59	64	60	59	62	61	65	65	66	65	60	67	65	59	64	59	66	63	64	65	61	64	66	66	62	65	60	64	64	61	62	58	62	62	68	59	59	66	63	65	65	67	65	66	61	66	61	61	62	61	59	60	61	64	64	65	62	66	67	58	59	61	67	65	67	60	60	61	61	59	63	63	63	62	60	64	59	58	68	60	66	63	63	65	60	64	62	66	63	66	61	64	67	68	66	64	62	65	62	64	58	61	66	62	66	62	66	68	60	60	60	62	66	62	62	61	65	61	60	62	66	62	59	64	64	61	65	59	67	59	65	60	62	65	63	60	59	60	61	60	64	59	65	61	67	67	66	61	67	61	60	60	68	67	66	67	63	60	63	61	63	62	61	63	61	61	63	67	63	64	60	65	66	61	67	58	65	63	61	61	67	58	66	62	61	64	67	61	61	62	65	62	61	61	61	64	58	68	67	60	60	59	63	62	66	60	58	68	58	65	58	58	67	66	59	61	60	61	67	60	66	63	64	60	62	60	64	60	59	59	66	67	60	62	59	61	66	65	60	63	67	61	64	61	67	68	67	65	60	68	60	66	64	65	68	64	59	64	66	66	60	61	60	64	63	66	60	66	60	68	66	65	63	64	66	59	60	60	61	60	62	60	66	66	58	61	64	59	64	61	62	59	58	60	59	60	61	63	59	66	65	66	61	66	68	62	61	60	63	59	63	62	61	61	66	67	59	65	62	67	67	67	63	61	65	64	59	62	66	63	61	67	67	60	61	63	66	66	66	63	67	61	58	67	61	67	60	64	67	62	65	61	62	61	59	63	66	60	63	61	61	65	60	62	65	65	64	66	59	66	64	59	59	63	65	59	59	60	62	66	66	60	63	65	66	66	61	61	64	66	59	59	63	62	63	68	68	66	63	64	65	59	61	62	62	66	60	66	63	65	67	67	58	62	68	65	66	65	61	67	59	67	62	63	61	59	63	62	68	59	62
31	26	28	28	28	26	31	30	25	31	23	30	29	32	25	31	27	26	29	31	27	28	29	23	29	28	32	28	28	31	23	32	32	29	24	30	25	24	29	23	33	26	27	29	23	31	25	24	27	29	32	24	28	27	31	28	30	23	30	30	32	28	28	25	28	26	31	31	24	27	31	27	31	31	32	29	32	26	27	31	25	29	32	24	25	26	30	26	24	24	25	28	24	28	30	32	24	32	31	33	29	25	24	28	24	32	28	30	24	30	26	27	29	23	31	29	28	23	26	23	24	33	32	28	33	27	30	28	30	25	30	33	32	33	26	29	30	30	25	32	26	27	32	26	31	31	25	26	29	29	28	23	30	33	27	25	26	24	27	29	32	33	26	25	25	24	31	24	26	30	28	32	24	26	25	25	33	31	32	29	24	24	27	31	25	30	24	29	25	33	32	31	26	23	24	28	28	29	30	33	32	27	32	28	25	30	32	30	25	32	26	30	30	26	30	31	25	25	29	27	32	27	31	24	24	29	28	26	25	32	33	30	29	31	30	31	25	28	26	32	24	32	26	24	32	33	27	31	27	27	29	24	25	30	24	32	24	31	31	31	25	33	31	24	31	28	28	28	31	24	28	23	25	25	31	25	31	28	26	26	23	26	26	33	26	31	28	26	26	30	32	23	24	27	26	31	32	29	32	26	27	29	29	25	24	24	28	29	25	26	33	28	27	31	24	31	24	29	27	32	30	29	23	28	23	28	26	29	32	26	23	23	32	30	29	28	25	32	29	27	32	31	28	26	28	29	25	29	29	26	23	24	29	29	29	32	27	32	31	26	24	28	27	32	32	30	32	26	32	28	26	28	28	27	25	26	24	28	27	24	24	32	31	26	29	25	27	30	31	25	29	27	28	24	24	30	30	25	31	26	23	29	29	24	30	23	32	29	31	31	24	26	28	27	30	25	28	25	32	26	31	30	23	32	27	27	23	27	27	31	26	30	31	26	33	30	31	25	25	32	25	30	32	29	28	24	31	28	28	33	32	33	29	24	31	27	30	29	23	32	30	23	28	31	24	31	26	28	24	29	28	26	29	23	33	30	32	25	29	28	29	27	31	31	25	33	33	29	23	23	32	27	30	32	27	26	25	29	32	28	25	25	30	23	27	25	33	27	32	30	23	31	25	31	29	29	28	31	26	24	28	25	23	28	30	24	24	25	25	29	25	28	25	24	33	24	31	32	26	30	23	24	27	23	24	30	30	29	26	26	33	28	30	26	32	29	30	30	27	33	25	27	32	25	32	24	28	25	26	33	32	26	31	29	25	27	25	28	30	32	29	26	31	31	25	31	28	28	30	28	25	24	32	29	31	25	33	28	24	28	31	29	30	24	27	27	28	31	32	26	27	23	25	28	30	27	27	30	32	28	24	26	24	26	25	28	33	27	29	32	28	27	23	25	33	26	32	24	26	28	24	27	25	32	26	31	28	29	24	23	32	31	26	28	28	23	23	26	28	30	31	29	25	23	28	24	24	30	30	33	32	33	32	32	25	30	24	29	29	32	33	28	32	26	25	30	26	30	27	28	31	28	27	24	29	28	25	31	27	29	28	27	31	26	31	26	28	29	30	24	25	29	29	28	24	24	29	32	24	29	30	31	26	27	30	31	29	28	24	25	23	28	26	31	24	30	26	29	23	23	27	25	29	29	28	31	26	26	32	32	28	24	24	26	30	30	26	29	29	31	23	32	27	31	32	32	27	31	27	29	27	32	28	26	32	32	23	29	25	31	26	23	27	33	32	30	32	28	30	30	30	31	31	32	31	27	32	24	27	27	23	31	25	28	25	27	31	29	26	30	32	24	24	26	25	25	24	23	31	31	29	28	25	28	27	27	27	30	28	28	27	24	25	23	30	31	26	25	27	30	24	26	24	29	24	27	33	28	30	27	27	28	33	24	25	28	29	31	25	31	23	31	32	27	29	26	25	27	27	23	30	26	23	24	29	24	31	30	27	31	31	25	25	27	27	27	28	26	26	26	23	25	30	31	28	31	24	31	32	26	27	30	32	31	24	25	30	24	29	32	25	30	31	33	33	24	28	28	30	31	30	30	27	26	31	26	33	25	30	32	33	30	27	31	25	32	32	27	33	25	26	33	23	31	28	29	27	25	31	25	27	24	24	30	30	26	29	29	23	31	25	27	27	26	29	28	28	25	26	30	31	31	26	26	32	27	25	33	31	26	25	30	23	25	32	29	26	23	25	31	29	28	28	25	29	33	29	25	29	27
29	24	21	25	22	25	23	23	21	21	23	23	22	20	20	24	22	25	21	28	28	26	23	27	22	27	27	24	21	21	24	23	26	21	28	23	22	22	21	30	28	21	23	25	23	22	27	29	25	25	25	26	26	21	27	22	28	22	26	24	24	26	25	28	21	22	20	21	25	27	22	29	25	26	29	24	20	20	27	29	28	29	27	27	20	28	22	20	27	25	27	27	23	28	23	26	20	28	28	22	21	27	21	26	30	21	21	29	29	20	22	22	29	28	24	24	27	25	28	28	20	25	29	27	22	25	30	24	29	21	24	28	28	27	27	21	29	22	25	28	27	29	21	29	24	22	23	26	25	20	20	28	27	26	24	26	26	21	22	28	28	21	22	22	20	23	29	28	30	23	29	25	24	29	21	26	24	21	29	28	26	28	22	28	25	25	26	23	24	22	29	29	30	24	21	27	27	28	22	25	25	22	20	23	27	30	29	24	20	26	27	21	25	25	26	21	28	28	22	27	27	27	30	20	28	23	29	20	22	25	20	27	26	24	29	25	28	29	21	24	22	25	30	22	23	24	25	22	23	20	27	25	21	25	26	25	28	20	23	23	21	23	29	22	23	29	22	22	21	28	24	25	23	22	30	30	28	21	30	30	29	26	22	28	26	21	28	28	24	22	28	26	23	27	21	26	21	26	21	25	25	24	27	21	26	25	26	29	28	23	27	28	23	27	28	26	26	28	28	28	23	30	26	27	21	30	25	24	21	24	24	28	26	28	25	27	28	29	26	27	29	24	30	24	24	21	21	21	21	24	25	26	24	29	28	27	29	24	20	27	28	27	27	25	21	30	21	24	29	25	29	22	24	20	24	23	21	28	28	27	23	24	27	23	25	26	21	29	21	27	28	28	22	25	23	26	26	27	26	23	24	25	29	21	22	23	22	20	30	26	23	22	21	29	23	28	26	23	30	24	26	24	27	30	29	26	25	22	26	28	24	30	25	24	20	26	27	23	25	23	21	27	26	20	30	22	24	30	22	27	28	26	21	26	24	24	26	28	22	27	28	29	20	27	22	25	29	27	23	22	20	25	20	22	29	26	25	30	28	23	21	20	24	25	29	28	27	26	22	25	20	28	25	27	21	21	26	29	21	27	29	28	26	27	29	27	22	26	24	27	22	27	29	24	21	21	23	23	22	25	29	28	24	24	27	28	28	21	30	24	20	27	29	24	21	22	24	26	26	24	26	21	29	23	25	26	24	28	29	27	20	29	24	24	25	27	21	27	24	28	22	20	26	21	25	23	23	25	28	25	22	26	22	24	21	28	24	28	22	25	21	24	22	26	27	23	29	29	27	22	23	29	24	29	26	29	22	25	23	23	29	26	26	27	30	28	30	26	26	28	21	26	26	27	30	20	26	29	27	21	27	26	22	25	28	25	27	26	22	22	29	24	25	20	26	20	26	24	21	27	29	28	29	29	28	30	24	21	22	23	20	21	24	23	29	23	24	29	25	20	26	26	26	23	29	30	26	28	30	28	22	26	22	20	28	27	25	21	23	23	24	28	26	29	28	27	28	24	25	24	22	26	28	23	30	24	26	22	26	25	30	21	21	28	21	25	24	23	24	20	28	28	21	21	26	25	27	30	27	24	20	28	23	24	26	29	28	22	27	26	25	29	28	24	29	27	23	30	25	24	29	22	28	23	20	24	30	21	30	29	22	27	28	23	27	23	29	22	24	26	24	22	21	26	21	30	29	24	28	25	21	23	21	21	23	22	26	27	22	28	28	21	26	27	25	24	29	21	22	21	20	26	26	28	23	26	28	21	25	21	28	29	27	25	26	21	26	24	30	28	24	27	23	26	24	30	21	28	23	22	28	20	21	25	29	23	23	23	23	22	22	23	28	25	22	20	27	24	20	23	27	25	21	22	26	28	26	25	22	22	23	25	29	25	23	28	21	23	24	20	21	25	28	23	26	26	21	21	30	21	28	29	24	28	28	24	24	29	25	23	24	22	29	28	21	23	25	26	22	28	30	30	23	23	26	30	28	23	25	26	24	30	27	24	20	24	26	30	25	29	30	25	21	27	26	29	21	26	20	23	25	30	25	27	29	29	23	30	29	23	24	26	27	27	22	25	24	23	27	26	30	28	28	23	23	23	21	29	28	25	24	27	23	29	29	29	26	22	26	21	28	21	21	23	25	24	23	22	21	25	23	29	23	29	25	25	26	24	25	27	27	29	23	21	25	28	22	23	28	22	22	23	23	21	28	30	29	27	30	28
43	40	38	42	39	35	37	35	38	39	33	39	37	43	41	41	43	33	41	39	43	34	38	42	39	33	35	34	36	39	37	40	42	37	36	40	34	37	37	37	43	38	36	39	34	39	40	42	40	34	41	36	35	36	41	35	41	39	37	40	35	33	37	42	33	34	35	34	39	39	42	41	40	36	36	35	39	39	42	34	43	43	37	33	41	42	37	38	36	38	42	36	40	41	42	35	33	36	42	40	43	37	36	35	35	42	36	36	39	42	34	35	33	33	38	38	39	34	37	33	42	41	41	40	37	35	42	42	42	38	40	33	35	34	37	37	41	35	39	34	39	35	35	38	37	38	40	38	36	41	37	35	37	39	36	39	35	43	42	36	35	36	40	34	39	36	37	36	33	40	36	38	36	38	36	40	42	42	34	40	42	34	37	41	36	35	42	39	38	39	39	36	33	37	35	36	41	34	34	37	38	43	37	35	41	37	36	33	39	42	35	33	37	36	42	37	38	39	38	35	38	38	36	40	40	37	38	35	34	43	38	42	43	43	39	34	41	40	39	37	41	39	39	36	34	42	40	43	35	36	42	37	37	34	34	34	39	36	40	33	39	43	41	42	36	42	35	33	35	41	37	36	38	39	38	37	43	39	36	43	39	42	33	35	41	40	35	33	38	41	34	40	40	39	41	34	40	37	34	38	39	43	33	37	33	33	41	35	39	38	40	34	37	38	34	38	42	35	38	33	41	36	42	35	36	41	42	35	33	34	37	34	35	39	34	36	40	42	40	33	36	34	39	35	41	40	34	42	42	35	36	40	33	38	38	34	40	37	39	36	38	36	41	41	42	37	38	35	35	36	34	42	43	38	38	39	35	36	35	36	37	40	38	34	39	36	33	36	40	40	42	38	38	40	39	41	41	36	39	36	40	40	35	33	38	40	34	36	37	38	39	34	36	41	42	42	35	38	37	43	36	38	35	36	36	36	40	39	40	42	34	37	39	42	34	36	34	33	41	40	34	36	41	42	40	43	38	39	33	36	41	36	41	36	37	35	42	33	34	36	41	41	35	38	36	36	38	40	33	43	35	41	33	35	36	43	37	34	35	40	35	35	41	38	42	36	43	41	40	37	42	42	39	37	37	36	34	37	41	40	34	39	35	33	36	41	35	36	39	36	42	37	38	35	37	35	41	38	38	38	38	35	35	39	43	35	37	34	34	40	36	34	34	35	36	35	43	40	34	38	36	43	34	38	38	40	43	37	34	36	42	41	37	40	39	34	34	41	41	33	38	36	41	40	42	35	36	42	36	35	38	41	42	42	41	34	33	33	43	39	39	39	42	33	43	42	43	34	36	37	37	38	41	34	40	38	34	40	43	41	37	40	35	33	41	39	35	36	41	42	42	36	40	40	41	38	43	39	33	41	35	35	37	41	39	38	37	35	37	35	38	41	36	40	35	36	33	37	41	39	39	43	33	40	39	36	34	41	38	38	41	38	42	40	41	38	33	38	42	36	33	38	38	37	42	37	41	40	37	42	34	35	40	39	38	42	34	36	34	40	39	40	38	36	35	39	35	39	34	41	38	41	40	34	43	37	42	34	38	40	35	43	43	36	34	42	42	36	33	42	38	40	40	36	38	37	38	37	39	38	33	37	39	38	34	35	34	40	39	36	43	41	38	41	38	39	40	42	33	34	35	42	40	39	42	39	36	40	35	37	35	42	41	41	38	35	36	36	38	38	40	40	42	33	38	38	34	42	34	36	33	42	34	34	34	34	40	39	36	36	42	38	37	35	38	43	43	42	36	38	39	34	42	42	33	38	37	35	39	35	34	35	41	40	34	36	39	42	39	41	35	36	43	33	36	40	34	38	42	39	36	35	33	36	42	36	42	36	38	40	40	42	39	34	39	35	39	42	36	37	38	37	40	33	41	34	38	40	35	37	36	39	40	38	42	41	38	37	39	39	36	39	39	34	34	40	37	33	42	41	34	39	34	35	34	41	38	36	39	41	41	35	34	38	38	38	42	40	36	42	38	37	34	35	39	39	38	42	36	40	34	36	34	34	34	42	37	43	36	39	36	43	42	39	34	39	33	40	37	35	34	39	35	42	34	42	41	39	40	41	37	41	33	33	41	36	40	40	39	41	38	42	38	40	36	38	38	42	43	36	43	40	42	41	34	36	37	34	39	35	34	40	39	41	35	35	36	37	40	34	37	37	34	35	35	41	43	38	34	37	36	42	39	35	42	41	41	42	34	34	37	33	41	36	38	34	34	39	39	42
76	77	71	74	70	75	72	78	75	68	69	71	76	73	76	71	74	74	69	75	74	73	75	74	76	72	71	74	69	74	69	75	73	71	77	77	78	75	72	72	72	77	70	78	74	72	74	70	74	77	75	72	72	68	70	76	68	73	76	71	73	70	71	72	75	77	68	71	70	68	68	73	76	69	73	73	77	69	74	69	78	69	76	76	69	72	76	72	72	68	75	68	72	72	74	74	72	73	71	77	76	70	77	76	69	74	69	74	69	68	75	72	73	73	77	74	68	71	72	76	71	73	70	73	74	74	72	76	77	70	74	77	71	70	70	75	70	77	78	68	78	75	77	74	70	72	71	73	71	76	77	70	73	73	72	73	74	75	74	76	73	70	78	74	73	72	76	73	76	72	69	69	71	77	77	74	75	75	69	75	77	73	73	76	70	74	68	73	75	78	72	70	76	76	71	76	73	76	75	69	72	71	73	76	76	76	71	77	70	69	71	72	73	74	74	75	74	74	74	69	72	71	75	74	78	69	77	72	71	74	77	76	77	77	69	78	72	75	70	68	76	76	73	78	69	71	75	69	70	71	75	76	71	71	73	71	77	71	78	78	71	77	76	69	70	76	71	71	73	77	68	68	75	72	77	71	77	78	71	69	71	73	70	76	74	78	70	70	69	70	69	75	69	77	71	74	72	74	75	74	74	74	76	75	77	69	70	71	68	77	75	70	70	74	73	78	77	68	72	71	75	72	72	71	72	76	76	69	70	70	71	74	73	77	71	73	74	72	74	69	73	74	74	76	72	73	72	76	76	71	77	69	69	69	74	72	74	73	69	69	68	78	75	77	69	75	74	69	70	77	70	77	70	76	76	75	76	74	69	69	73	78	75	77	78	72	71	70	69	69	70	70	76	77	72	74	77	68	69	73	69	76	72	71	71	74	69	73	72	77	71	68	69	78	76	68	78	69	76	71	71	73	75	69	69	78	74	76	69	72	74	69	73	73	73	76	78	77	71	76	77	73	73	75	76	68	76	71	75	75	76	68	68	77	74	71	76	69	71	76	77	73	74	69	69	74	71	76	73	69	71	71	69	75	70	72	71	74	73	75	71	73	68	69	70	72	72	70	72	74	74	69	72	71	72	72	72	73	75	75	78	70	77	74	72	70	72	71	74	72	72	71	71	68	71	69	71	77	73	68	73	68	76	72	74	70	72	77	69	69	74	71	74	72	77	76	77	69	69	77	70	75	77	69	74	77	78	70	77	76	76	69	69	77	76	70	74	71	69	75	70	74	68	78	75	77	74	73	78	74	69	70	72	72	70	74	69	75	69	70	71	77	72	76	75	72	68	76	74	74	71	73	72	71	73	74	73	69	69	78	71	70	72	75	70	76	74	78	75	78	68	78	74	76	73	73	69	78	76	71	76	69	68	71	76	76	76	69	74	75	74	70	70	78	77	75	71	75	71	72	77	69	69	78	68	77	70	77	71	70	74	70	78	77	77	69	75	72	73	76	68	68	75	72	68	74	72	73	77	78	77	71	77	69	74	76	76	69	74	73	70	69	73	75	70	70	72	74	77	70	71	72	76	73	76	72	74	71	71	73	72	77	70	73	75	75	73	74	71	75	74	73	70	72	78	68	70	77	76	70	74	69	69	74	77	73	78	72	78	71	68	71	70	73	70	73	72	70	73	75	74	75	75	70	68	69	72	74	72	77	70	71	77	75	74	75	73	77	70	77	77	74	73	71	73	74	72	75	72	71	76	71	71	73	73	73	76	73	73	73	77	78	76	69	73	76	71	70	71	76	77	77	72	71	77	77	71	76	73	75	74	72	75	77	74	77	73	70	72	68	71	73	68	73	76	68	71	76	75	72	72	78	74	77	74	75	71	77	74	70	69	70	71	76	75	75	77	76	71	71	77	74	77	76	72	68	73	71	69	77	76	76	74	76	77	68	74	77	75	74	74	69	70	70	77	76	73	76	75	72	75	74	70	72	72	77	75	73	71	70	75	76	73	71	78	76	71	75	69	78	70	75	73	74	70	71	77	76	73	75	76	71	77	73	70	69	74	77	77	68	76	68	78	74	72	72	77	69	69	75	71	77	76	70	69	69	69	73	71	69	72	76	69	71	69	73	72	78	70	75	76	69	68	69	74	74	69	74	75	69	71	70	74	74	70	74	69	74	75	69	76	76	73	72	76	69	74	69	78	74	77	73	75	70	70	72	76	70	73	69	69	75	78	74	68	70	75	72	68	77	70	73	74	69	78	70	71	69	70	77
44	44	43	41	47	44	44	44	48	49	44	44	43	46	48	40	47	45	47	42	49	39	40	39	41	44	42	47	44	46	42	41	42	41	43	46	45	43	46	47	44	47	45	49	49	47	39	41	42	48	46	44	40	47	48	48	49	45	42	41	48	45	42	44	41	45	44	43	42	45	46	49	41	48	48	46	47	41	47	42	49	43	45	45	44	44	39	41	40	47	49	46	49	47	41	41	44	40	45	42	48	45	48	40	41	47	44	46	45	43	46	45	46	45	43	42	40	46	42	44	46	41	40	43	44	48	46	45	44	42	47	48	42	48	41	45	49	39	45	45	39	48	39	48	48	47	40	43	39	46	48	39	44	46	46	46	49	47	41	42	39	49	42	40	42	46	40	46	47	45	44	44	42	42	47	45	45	42	41	47	45	45	42	41	46	40	40	48	39	46	40	42	48	41	44	48	40	45	47	43	49	43	42	48	44	45	40	42	43	48	48	40	46	46	45	41	47	43	47	42	48	48	40	48	47	41	46	41	40	39	40	43	45	44	48	44	45	39	47	40	44	43	42	46	42	46	41	47	47	44	40	41	47	48	44	46	46	48	41	47	40	40	43	44	43	44	40	46	40	41	45	44	41	49	42	42	44	47	40	42	47	45	43	42	47	48	39	45	47	40	42	40	47	40	47	49	41	42	47	47	47	44	39	47	47	44	40	43	45	41	43	46	46	42	44	43	39	43	45	46	43	44	48	48	41	47	47	39	39	48	40	45	48	44	43	39	47	43	46	40	45	44	40	41	49	40	46	48	47	44	43	40	46	49	42	49	46	41	44	40	41	41	45	46	41	41	44	43	45	48	45	44	42	44	49	48	45	41	46	41	43	45	47	41	47	48	45	40	41	42	42	39	46	42	43	44	48	46	41	49	43	48	44	43	45	48	46	49	41	40	48	43	48	46	40	42	40	44	48	46	44	43	45	44	42	43	45	42	42	43	46	47	47	48	39	40	46	46	40	46	46	42	49	46	43	42	44	44	43	44	41	43	40	41	40	42	44	42	41	42	41	47	47	43	39	41	44	41	48	47	40	48	46	42	40	39	46	40	48	42	39	45	46	43	48	43	42	44	46	43	41	45	41	49	40	41	48	47	42	45	46	47	48	45	45	40	47	44	46	48	43	47	43	43	47	43	45	43	49	42	48	39	46	41	43	47	45	43	45	43	46	41	39	43	42	41	47	48	47	40	45	47	45	42	44	42	44	40	47	45	40	49	43	43	42	43	47	49	42	46	46	42	45	39	42	42	46	42	40	42	40	48	41	47	40	41	46	39	40	48	48	42	41	41	42	47	49	46	43	41	39	42	46	48	42	43	43	41	47	45	47	49	44	39	41	47	41	41	43	43	46	45	46	39	44	45	48	45	48	44	47	45	47	45	49	49	47	40	42	42	39	47	40	48	45	39	42	39	40	40	43	42	48	41	45	43	48	40	41	44	44	41	43	46	41	42	47	46	40	44	48	39	43	45	48	47	41	45	40	49	48	47	48	41	40	46	48	45	44	46	47	43	40	40	40	47	47	40	48	47	48	47	48	45	48	49	46	45	44	42	47	48	49	46	49	44	42	47	44	45	43	46	47	39	40	42	49	39	46	40	42	40	43	47	42	47	41	44	39	46	41	40	40	46	41	47	45	41	44	48	43	39	48	39	39	46	40	45	43	42	47	41	42	46	45	43	46	43	43	39	46	42	46	41	48	43	45	43	46	40	43	48	49	48	48	44	46	44	45	46	39	44	45	44	45	46	42	40	46	47	47	45	45	44	48	40	42	40	48	48	49	45	41	41	46	43	42	49	48	39	46	46	49	41	42	46	48	48	40	41	48	47	40	48	40	46	44	40	44	41	40	45	43	39	45	42	41	43	42	47	47	48	42	42	48	46	44	47	48	44	43	44	44	46	46	48	44	46	47	47	45	45	43	47	48	41	46	44	39	45	44	43	48	39	45	48	41	42	39	43	40	48	47	39	45	47	45	41	48	41	46	43	44	40	48	43	42	43	45	49	44	44	48	44	45	43	47	40	41	44	46	45	48	43	46	42	42	46	40	49	44	48	42	42	42	40	46	46	45	45	48	40	46	40	45	48	45	43	42	42	45	48	47	40	45	48	45	40	40	47	43	42	43	47	45	47	47	42	49	40	45	48	48	45	42	41	43	40	39	46	45	47	42	45	45	40	48	48	49	41	41	46	46	39	47	49	44	46	46	46	47	47	47	45	42	46	48	44	41	41
91	94	94	94	99	91	98	90	95	98	98	89	98	92	95	91	94	93	97	97	96	93	92	93	98	95	92	92	96	93	96	92	93	91	92	89	91	98	95	99	91	92	97	92	91	92	97	90	90	90	96	97	95	98	94	98	91	92	95	95	97	91	96	91	89	91	96	93	93	94	93	98	90	89	99	95	98	93	99	91	93	97	89	96	95	94	94	94	98	93	90	97	97	96	98	92	95	93	92	98	93	97	89	91	91	93	89	90	99	96	93	94	91	94	97	95	91	91	94	94	94	96	92	94	97	93	89	95	94	91	98	94	89	94	90	94	94	97	91	91	95	93	94	92	98	93	98	90	89	91	94	98	89	97	90	96	97	98	91	97	94	98	91	89	90	94	91	94	95	96	97	96	89	91	92	92	96	95	93	99	94	91	91	89	91	92	92	98	97	98	97	95	99	89	90	96	97	92	93	91	89	96	93	97	95	93	98	96	96	96	92	93	91	90	90	91	93	98	92	91	93	92	96	99	91	95	98	95	95	97	89	96	91	96	91	99	94	97	96	90	99	90	93	95	90	97	98	94	92	96	92	90	91	89	95	98	91	94	97	95	92	96	96	95	94	97	99	91	91	91	99	91	96	92	96	93	92	95	94	96	99	91	95	91	97	93	89	94	94	96	91	89	92	95	97	94	98	92	98	93	91	93	97	93	94	92	99	90	97	93	92	96	99	96	92	94	98	95	94	90	99	92	93	89	95	94	90	96	96	92	92	97	97	92	97	94	93	95	90	90	94	99	90	89	98	92	98	89	98	95	99	90	89	92	99	94	93	92	96	95	98	93	97	95	92	90	91	98	96	90	94	91	90	93	98	98	98	90	99	93	95	96	92	95	97	89	98	94	92	98	90	89	98	95	94	93	98	89	91	98	94	94	90	94	98	92	96	97	90	94	97	94	95	94	93	89	96	98	97	95	93	94	93	97	94	90	93	97	97	98	91	96	95	93	97	89	93	93	95	96	93	99	98	97	96	90	98	94	99	97	97	93	93	98	98	93	93	92	94	94	93	94	92	95	96	95	93	96	90	89	92	92	97	94	99	90	92	97	98	89	97	92	95	94	98	90	92	94	93	99	99	92	97	91	96	94	90	96	95	95	91	95	93	93	90	92	96	96	90	91	91	90	94	91	97	93	93	97	94	93	93	93	98	91	98	97	93	97	98	98	90	89	99	96	99	90	98	90	91	91	94	95	97	96	97	98	92	90	92	97	98	90	93	94	98	91	94	98	95	93	95	98	99	96	92	94	96	91	92	98	91	99	91	92	95	99	98	98	97	94	91	91	96	90	94	93	90	95	96	90	98	99	90	98	95	90	97	98	91	90	90	92	97	98	91	96	93	96	90	99	93	90	99	93	97	98	94	93	99	94	94	98	93	89	92	96	92	97	90	99	94	95	91	90	89	97	94	94	91	94	92	94	95	91	95	91	90	97	90	98	89	91	97	97	89	92	99	96	94	94	91	96	98	98	92	91	89	97	93	92	97	91	90	90	92	92	92	93	91	99	90	95	91	94	91	92	92	91	93	98	91	91	95	95	96	94	98	95	94	99	97	90	92	94	97	89	98	92	99	93	92	96	97	98	90	90	96	91	93	92	96	95	93	96	97	93	98	99	90	90	98	94	92	98	97	97	96	91	98	93	93	90	92	95	99	97	91	92	95	98	98	94	92	91	93	95	97	93	92	93	96	97	94	91	98	90	93	99	97	97	96	93	95	98	95	98	93	92	94	90	98	94	98	95	97	94	89	94	91	92	96	98	96	90	94	95	96	92	91	90	96	98	94	93	98	97	90	96	90	95	94	94	97	90	91	94	95	91	96	94	93	91	91	92	98	90	90	95	94	90	93	93	92	97	94	96	93	97	91	99	90	96	96	93	93	92	98	90	92	99	98	92	99	99	97	98	96	96	89	94	90	90	96	91	89	93	97	96	96	94	98	97	93	99	91	92	99	98	91	96	91	98	99	90	90	97	92	91	97	98	91	95	96	93	96	97	92	95	96	90	98	92	90	96	89	94	96	98	96	93	97	91	98	94	91	90	89	90	90	91	96	95	94	95	97	94	90	93	94	91	94	94	94	95	90	98	92	89	96	98	90	94	91	98	95	98	90	91	91	98	91	97	97	92	90	92	97	95	90	98	91	93	93	94	90	92	92	93	90	93	98	93	91	92	89	91	94	99	95	99	90	97	91	97	98	96	91	92	98	91	93	89	92	97	90	89	97	92	93	92
35	36	39	33	30	33	40	32	31	32	35	34	34	34	36	32	33	34	35	38	39	39	35	37	36	39	36	39	37	36	34	35	37	33	32	31	31	32	38	34	36	31	38	39	33	35	31	32	40	33	40	35	39	40	36	38	35	38	36	31	39	36	34	33	39	35	31	32	34	34	31	30	38	30	31	39	33	31	35	33	31	38	36	35	32	37	39	36	34	31	34	32	40	35	31	33	34	33	35	37	38	39	34	31	38	40	38	40	33	33	32	39	38	36	31	39	36	40	38	38	35	34	36	35	35	30	33	38	37	34	40	34	32	37	32	36	38	32	33	37	36	33	36	34	33	40	32	32	31	39	39	34	37	39	36	35	34	31	39	35	32	35	33	31	32	37	34	33	30	33	39	35	37	30	38	40	37	39	40	36	38	36	33	32	39	31	35	35	30	35	40	36	40	36	35	40	33	32	35	39	34	33	39	31	39	38	31	37	35	35	38	35	38	33	39	37	35	33	33	36	31	36	30	33	32	33	30	36	34	34	32	37	38	37	37	35	35	35	31	39	31	33	35	38	34	38	38	31	30	34	33	34	36	39	39	32	36	39	35	38	36	31	34	40	39	34	38	39	30	36	37	33	31	31	31	36	31	36	35	36	34	33	35	33	37	40	38	32	31	32	30	35	32	30	30	34	36	39	31	35	33	37	35	40	37	31	37	38	31	37	30	32	36	40	38	40	40	31	39	39	31	36	34	37	38	32	36	38	38	31	34	35	31	33	34	34	34	39	32	38	33	33	32	39	37	39	38	34	34	32	38	36	31	37	35	38	32	35	36	33	33	34	36	31	38	37	39	31	38	37	35	39	38	37	35	39	38	32	39	40	35	33	32	39	39	36	40	38	38	35	39	31	37	37	39	33	38	31	37	32	36	30	35	34	37	35	33	31	38	37	37	33	36	31	38	38	35	40	33	38	37	40	39	31	31	33	30	31	38	32	37	35	37	34	36	34	31	40	32	37	36	30	33	40	30	30	35	33	37	33	40	33	31	31	39	39	34	34	36	33	31	37	37	30	36	35	40	39	30	33	31	32	36	35	34	40	38	34	32	38	34	33	34	39	33	39	35	37	38	31	35	35	38	34	31	38	32	32	39	37	34	31	32	37	34	31	36	31	34	34	30	34	36	32	33	31	39	31	34	34	35	35	35	31	33	39	40	36	39	33	37	36	36	31	35	38	32	36	34	36	31	31	31	34	32	40	38	37	40	35	39	38	33	31	39	33	35	39	38	39	40	39	36	32	32	31	34	34	39	39	32	40	32	30	31	33	30	34	35	35	31	35	35	39	37	38	37	39	36	38	33	33	35	35	40	35	30	36	37	34	38	33	39	33	35	32	39	30	33	34	31	34	37	38	34	32	36	37	36	35	33	39	38	38	37	30	40	34	39	34	33	39	37	34	33	31	32	40	36	34	35	33	30	40	38	34	38	33	39	36	30	34	39	33	32	39	39	39	39	38	31	33	35	33	38	31	40	31	32	36	37	34	37	32	33	39	32	32	33	39	32	37	34	35	32	40	39	38	31	32	35	34	34	33	36	32	31	36	37	33	36	38	39	37	35	32	30	37	40	38	32	30	40	33	31	33	33	31	33	31	38	36	33	33	40	37	36	33	33	30	37	36	31	32	31	38	33	34	36	39	36	33	31	33	34	37	32	38	39	35	38	31	32	39	37	33	34	30	35	40	38	30	40	38	37	38	34	31	31	39	36	34	33	40	39	36	34	36	36	33	33	39	38	35	36	33	37	35	32	37	38	32	32	38	33	33	39	36	34	31	38	35	39	37	31	34	36	38	32	31	33	30	31	36	36	31	39	33	33	31	35	34	36	35	35	34	39	32	38	38	34	39	36	33	40	39	37	32	37	36	34	34	37	31	31	34	39	34	34	36	33	31	40	39	30	34	32	38	37	39	34	32	32	40	32	40	38	33	35	32	33	33	31	32	38	39	34	33	39	37	33	38	38	39	31	35	36	35	32	35	35	32	31	32	30	31	34	37	38	30	31	31	34	36	34	32	33	39	37	37	37	35	35	32	39	32	38	32	38	36	38	35	35	39	39	31	31	36	34	37	37	33	40	40	37	38	31	34	33	30	39	38	30	32	36	38	38	35	34	32	33	36	31	35	38	33	40	35	35	35	33	37	31	39	37	34	33	33	33	36	37	33	37	39	35	34	40	38	31	31	37	34	32	39	37	39	36	36	40	40	34	32	31	39	33	31	35	35	34	30
11	8	7	10	12	8	14	12	8	6	12	11	6	8	5	9	14	13	14	11	12	8	6	8	13	6	5	9	10	5	7	11	10	12	14	13	12	13	9	7	14	7	7	15	9	14	8	11	10	6	8	9	11	8	9	8	8	12	12	12	8	13	13	9	11	8	6	8	11	7	7	11	14	9	10	12	10	9	14	6	8	12	13	12	11	6	11	6	11	14	14	12	8	11	7	8	15	11	5	8	6	14	12	11	10	8	11	15	6	13	12	11	8	10	11	11	6	9	15	13	13	11	13	9	15	6	12	13	14	11	15	11	6	13	11	11	6	5	13	13	11	13	13	11	11	10	8	8	6	14	8	5	6	12	15	10	5	11	15	14	11	8	12	15	9	7	10	6	6	13	11	5	14	10	9	15	6	5	12	10	13	10	7	11	9	13	6	7	9	11	12	8	10	13	13	12	12	6	6	7	13	14	6	13	8	8	9	9	10	14	12	5	14	8	7	5	10	13	11	6	9	10	10	6	14	10	14	8	11	7	13	15	11	14	11	7	14	6	8	10	7	9	11	15	13	8	13	10	12	15	9	13	12	12	13	9	14	11	12	6	10	8	6	13	12	7	9	9	10	9	15	11	12	14	12	13	11	11	10	8	14	7	14	7	12	11	13	13	8	5	8	9	11	12	10	6	8	13	12	11	14	12	14	6	12	11	10	8	9	14	11	14	13	10	6	6	9	13	13	7	13	9	6	10	14	5	7	10	11	10	12	8	15	9	8	10	9	6	9	14	12	10	6	6	6	9	7	13	6	12	13	7	12	15	14	14	12	9	7	8	12	7	12	8	12	13	12	13	9	14	9	9	10	6	7	15	7	13	10	7	13	10	7	13	15	10	14	8	8	15	6	8	5	7	7	10	11	8	7	7	11	8	8	14	13	6	13	10	14	12	7	14	14	7	11	9	6	15	12	8	6	7	14	8	5	10	12	15	9	13	14	8	12	12	12	8	11	13	5	11	10	13	13	15	10	5	5	10	12	7	9	12	9	14	14	13	5	7	7	12	5	9	11	11	14	7	13	13	12	12	5	14	13	8	8	14	15	12	11	8	8	8	10	7	6	6	5	12	10	12	10	6	11	11	14	6	10	11	6	13	12	11	9	11	14	9	8	15	8	11	13	6	8	6	6	15	12	12	6	5	14	13	10	10	6	10	12	11	6	8	14	7	11	14	7	13	8	12	10	14	5	12	6	7	6	9	8	9	14	9	13	13	10	15	8	6	5	13	11	8	14	6	14	11	10	10	8	14	12	9	13	15	12	10	11	15	12	14	7	10	14	5	9	7	8	5	7	5	9	15	12	6	8	5	13	12	6	13	11	8	6	8	12	5	9	6	7	7	9	6	9	9	13	12	12	7	9	13	9	9	12	11	9	12	10	7	12	5	10	14	6	9	10	7	12	13	12	10	13	6	9	6	6	5	14	13	9	6	15	13	8	13	10	14	13	11	12	12	15	10	11	10	7	7	13	12	9	13	7	13	8	10	13	6	12	10	7	8	13	7	11	12	10	7	7	13	13	14	7	5	13	13	14	15	7	11	7	10	7	11	9	10	12	15	7	10	14	8	8	12	5	7	15	13	7	12	11	14	15	6	7	15	11	11	14	12	15	6	13	9	13	13	12	15	6	12	11	11	14	8	6	9	8	14	12	11	9	9	7	7	14	8	5	7	7	8	8	8	10	14	13	12	14	13	7	15	8	6	13	11	11	7	15	11	8	9	6	7	12	6	15	15	8	8	8	7	13	8	11	11	7	12	7	6	5	13	10	12	7	8	12	9	7	11	12	8	6	12	12	13	12	6	6	13	5	14	11	14	14	10	7	13	10	12	13	5	14	6	11	11	10	12	9	14	6	6	10	7	12	14	11	7	8	12	7	9	9	15	8	15	8	11	13	13	7	11	15	12	7	9	14	10	10	6	5	13	9	11	15	11	6	5	7	6	10	13	7	12	7	7	14	13	12	11	9	9	13	7	14	8	12	10	13	7	9	14	14	8	12	6	6	11	6	9	6	11	7	9	9	5	14	10	5	14	15	7	9	8	8	8	15	8	9	15	6	6	10	13	13	13	14	15	7	5	10	13	6	8	11	6	6	11	8	12	12	6	13	14	9	10	15	9	14	11	14	8	7	15	10	15	8	9	11	11	12	9	13	6	14	6	9	12	10	14	10	6	6	10	13	12	13	6	8	11	7	15	11	12	13	13	14	11	9	13	6	12	11	14	8	9
89	91	90	87	90	91	84	91	89	83	84	90	90	86	87	84	90	87	88	84	89	82	87	87	90	83	84	88	91	83	89	89	88	83	87	88	85	88	85	86	90	91	88	88	86	89	87	90	90	89	89	84	92	87	84	85	86	85	89	87	88	90	84	91	84	89	91	86	89	87	90	87	86	91	89	89	92	85	91	88	85	90	88	91	87	83	85	91	92	83	90	88	91	88	85	90	85	87	92	90	87	83	82	92	91	91	85	88	92	89	88	91	88	87	83	87	84	87	84	89	83	88	90	84	92	91	89	86	90	87	92	92	90	85	91	87	92	88	85	85	88	90	91	92	82	86	88	85	86	85	85	85	86	87	88	86	89	91	85	85	89	89	84	92	91	88	85	91	90	89	84	87	87	83	89	86	91	86	84	85	91	83	89	84	86	91	86	87	83	86	89	89	88	87	90	88	86	83	86	83	92	91	83	89	89	87	85	92	91	86	92	88	89	91	88	83	89	87	82	90	89	88	91	89	83	88	90	83	85	88	91	90	87	89	90	91	88	84	87	88	88	84	86	90	92	87	89	92	91	87	88	83	85	84	83	85	90	92	82	92	87	88	84	85	89	88	86	86	92	86	90	85	90	89	88	90	89	82	86	88	88	88	88	89	86	84	84	90	83	89	87	87	88	91	90	82	86	87	91	89	84	86	91	83	88	84	83	86	92	83	85	87	88	88	87	84	91	85	86	90	90	87	85	85	91	88	83	92	85	85	90	90	83	89	83	82	88	89	82	90	91	90	87	90	83	88	83	87	84	84	86	86	91	85	88	87	89	85	87	90	82	90	88	84	86	90	84	89	90	85	88	85	85	87	85	92	89	83	90	83	83	88	86	88	87	89	88	85	83	86	83	84	88	85	84	85	90	82	83	87	88	85	90	86	89	88	84	86	88	87	89	92	82	91	83	91	88	83	88	90	83	92	91	83	91	89	85	86	90	89	88	84	92	84	88	90	90	91	91	83	84	82	83	88	88	88	88	83	92	84	84	90	83	87	88	88	86	82	90	91	82	90	84	87	82	87	92	84	92	85	86	86	85	82	90	84	86	92	83	86	89	85	90	85	90	88	84	90	87	82	86	86	83	87	90	87	84	87	89	87	87	86	92	86	84	83	90	90	82	91	91	90	88	90	90	87	89	86	85	87	91	83	86	84	85	91	88	89	82	91	89	84	83	83	85	83	91	82	86	91	83	92	83	84	83	87	86	91	84	90	84	82	83	85	91	88	83	83	92	92	88	88	85	87	86	82	88	89	87	82	88	83	90	84	82	88	91	89	89	92	83	85	89	91	87	91	90	87	82	91	90	89	83	89	83	83	90	86	90	86	91	88	91	83	87	83	86	87	92	90	91	90	83	84	87	90	88	83	82	88	87	83	84	86	84	90	83	86	84	90	83	88	89	86	84	88	89	85	82	91	89	85	87	84	88	83	86	88	86	89	82	90	83	91	84	83	82	85	91	83	84	82	83	85	89	91	90	90	85	85	85	90	84	89	89	91	87	87	88	82	84	89	83	89	87	87	88	83	84	83	90	88	82	91	90	85	88	87	92	85	84	84	86	92	87	83	90	85	82	85	85	88	86	90	82	83	87	89	91	90	83	90	86	89	89	90	89	87	91	83	85	85	87	84	85	85	83	91	83	84	92	83	91	89	90	85	86	92	84	87	88	91	88	91	84	83	89	84	86	85	92	89	89	92	87	82	83	88	88	87	90	88	88	88	87	90	82	91	82	87	83	85	85	89	89	83	82	84	85	84	82	90	82	92	87	87	88	84	83	87	89	85	88	88	82	83	86	88	90	84	89	86	83	90	88	87	90	87	88	83	91	88	91	90	86	90	84	89	83	86	90	89	85	85	87	86	83	84	90	85	90	90	88	83	90	86	87	90	86	91	87	83	83	88	85	90	82	83	86	87	82	92	85	89	83	88	87	85	89	91	89	88	84	92	86	88	82	87	87	87	85	91	89	90	91	87	88	92	83	84	89	85	87	88	87	88	87	91	91	88	89	86	83	88	89	82	82	86	88	87	84	82	87	90	83	83	90	88	87	84	90	86	91	84	86	90	87	87	89	88	84	91	88	83	89	90	84	87	85	89	82	82	91	90	88	83	86	85	90	89	89	84	90	89	84	89	83	83	87	86	85	88	89	87	85	86	86	83	86	84	83	91	90	87	89	82	87	83	88	86	85	90	83	92	82	87	85	87	82	90	87	92	91	83	92	83	85	86	88	88
32	31	28	32	36	29	28	30	28	29	32	30	32	32	29	29	34	30	26	29	36	34	35	35	33	28	29	27	34	26	35	35	28	26	28	30	27	33	31	28	29	34	34	34	29	31	28	31	32	35	36	26	28	34	34	34	27	36	31	28	28	26	31	26	35	32	31	26	27	30	32	31	30	30	30	26	35	34	33	27	36	35	30	26	33	32	31	33	33	35	34	29	35	28	36	29	28	35	28	35	31	33	28	34	33	36	31	30	32	34	33	31	36	30	29	34	28	34	29	35	36	33	33	34	33	32	31	32	26	33	33	35	31	27	31	31	27	31	35	29	29	35	31	27	27	28	34	28	34	33	29	28	31	32	33	28	29	31	34	29	32	31	34	33	32	28	28	29	29	26	28	30	26	29	33	35	30	28	32	29	29	27	27	28	29	36	32	28	27	27	29	29	27	31	27	35	32	32	28	27	30	27	29	36	26	33	30	27	31	28	27	35	36	29	26	36	28	33	28	29	34	33	28	30	32	31	35	29	30	27	27	28	35	34	29	36	27	28	33	27	36	29	35	28	31	35	29	27	36	26	35	31	29	30	29	29	32	30	33	35	35	27	29	26	29	28	28	30	34	32	32	32	32	33	30	26	34	36	33	29	27	34	27	35	34	28	35	27	28	29	32	26	27	29	34	30	26	30	34	28	32	30	29	34	35	33	26	32	36	27	27	27	30	27	31	31	31	33	31	29	31	34	30	33	34	26	30	28	31	30	29	35	33	33	27	31	26	29	34	27	28	36	27	27	31	29	33	32	36	27	29	33	34	36	29	28	27	32	28	33	33	34	33	31	33	30	30	31	36	34	34	28	31	33	34	35	30	28	31	33	29	30	36	27	33	26	27	31	33	27	35	33	27	27	28	32	34	26	27	32	27	36	33	26	28	36	33	33	36	27	34	28	32	27	31	30	29	30	30	33	26	29	32	32	35	29	26	29	35	27	28	30	29	28	30	31	36	28	33	26	36	29	31	33	30	31	34	27	30	31	26	27	26	33	32	27	31	33	29	26	27	33	32	27	30	27	29	34	28	31	33	29	31	29	30	31	29	30	30	33	31	32	34	28	31	30	28	33	30	33	29	34	30	30	30	27	28	30	31	32	31	35	30	33	31	34	30	34	35	28	29	32	31	28	32	35	32	26	32	35	33	31	27	26	29	32	36	29	26	31	35	32	28	29	32	27	28	33	27	27	34	31	28	29	27	28	33	31	30	35	31	32	32	35	35	33	30	34	31	32	32	29	32	30	29	28	34	29	31	30	30	28	34	33	30	31	32	30	26	35	28	35	27	31	29	36	33	26	30	31	29	27	32	33	29	34	35	33	28	31	26	31	32	26	33	29	29	32	29	32	27	32	29	36	31	28	31	31	32	28	30	26	32	30	35	28	33	27	34	31	32	34	33	27	33	34	32	26	31	35	36	32	35	30	34	27	33	27	30	31	27	34	33	31	27	32	36	34	34	33	30	32	27	31	35	32	31	34	33	35	35	28	32	27	36	34	33	30	31	32	33	33	26	32	31	28	26	31	32	36	28	35	34	26	29	30	36	32	36	31	35	27	28	27	34	36	35	29	29	31	29	33	34	27	27	33	26	35	35	28	34	36	27	28	35	26	29	35	31	27	33	34	28	35	29	34	26	32	26	28	30	33	33	30	29	32	28	33	31	35	30	35	36	27	35	32	34	33	30	33	35	28	26	31	35	29	33	31	28	35	26	31	30	30	29	30	27	35	28	31	30	31	28	28	36	32	35	34	36	31	28	31	29	32	34	30	35	30	30	27	31	35	28	31	31	35	29	33	30	26	26	31	28	34	34	29	29	34	26	28	28	28	33	29	33	27	29	27	28	32	29	32	31	28	30	31	32	28	29	28	35	35	33	26	31	30	27	30	30	36	30	29	31	27	32	27	32	32	28	32	28	36	35	29	32	35	33	30	33	33	33	29	33	30	29	35	35	33	33	30	34	27	31	34	31	34	27	29	27	26	30	29	35	27	31	27	29	35	29	29	28	34	31	33	27	29	30	27	28	34	32	26	30	35	28	30	32	27	34	29	33	29	31	26	27	31	36	30	35	31	34	35	30	34	28	30	34	34	27	28	27	33	31	30	27	29	33	27	36	33	33	35	26	34	27	28	26	30	33	30	33	36	32	34	26	33	33	34	36	35	33	31	36	28	28	31	35	30	33	34	32	30	31	34	34	29	33	26	32	28	27	28	29	27	31	27	33	32	33	36
54	57	49	54	57	47	50	55	55	50	48	55	56	52	47	56	51	56	49	53	49	53	53	56	47	50	54	51	53	47	55	47	53	52	52	57	57	56	48	49	49	50	57	55	51	54	49	47	55	53	53	49	51	50	50	49	51	48	52	54	47	49	52	53	55	50	49	54	52	56	56	48	47	55	55	51	56	53	51	53	47	55	56	56	52	51	54	52	55	56	56	55	56	47	53	55	52	51	49	51	47	47	53	49	56	50	51	53	49	56	47	56	48	55	50	56	57	55	50	50	53	56	49	54	51	53	50	50	53	48	57	48	47	49	53	55	54	49	51	57	55	50	54	48	55	51	51	49	55	54	55	47	55	56	48	54	51	55	53	55	50	49	52	54	53	50	56	50	57	50	51	48	47	55	53	51	50	47	48	48	51	51	47	49	50	50	49	53	55	48	54	48	55	54	57	49	47	55	53	50	49	50	55	56	50	53	50	53	50	53	47	52	47	49	52	48	48	55	51	50	50	48	55	48	47	54	54	56	54	51	52	51	55	53	50	56	51	53	49	56	50	48	48	53	50	47	47	51	53	51	53	52	49	55	52	51	54	50	54	48	54	52	57	50	56	49	54	51	56	55	54	55	50	50	49	55	47	51	54	52	50	51	51	50	57	56	48	49	50	56	48	47	48	48	48	47	56	48	57	53	49	50	55	50	56	55	56	48	51	50	54	51	48	54	48	55	53	50	51	53	56	56	56	49	53	55	55	49	49	51	51	48	52	51	51	48	49	54	51	50	56	53	51	57	52	55	55	53	52	52	51	48	54	51	52	56	54	53	50	54	48	56	55	55	48	54	54	48	48	51	54	53	54	55	50	54	49	57	49	55	56	52	52	54	55	57	54	57	56	55	57	55	53	47	55	51	55	47	53	53	51	50	47	55	49	48	51	55	49	49	50	56	56	53	51	49	51	49	57	51	52	50	53	51	54	52	53	50	47	55	54	56	50	53	53	55	53	51	50	52	50	52	56	56	48	56	52	56	54	50	49	51	50	51	48	49	49	48	55	49	53	49	52	57	54	49	48	50	55	53	51	53	48	54	56	51	51	49	49	47	49	54	47	56	52	52	54	49	56	53	49	49	53	54	52	52	50	53	48	48	52	50	55	47	54	56	49	51	56	54	52	57	50	51	55	54	49	56	47	47	54	55	53	52	55	56	48	53	48	48	54	48	50	55	52	55	51	56	53	49	56	47	54	55	49	56	51	57	56	49	50	52	52	50	50	48	50	53	53	55	49	56	50	50	50	48	53	56	54	51	47	49	51	52	51	49	54	50	51	54	55	54	47	56	53	54	51	48	51	49	56	47	47	47	48	54	53	55	52	49	53	48	47	56	51	55	56	49	55	54	51	50	48	49	55	52	48	49	54	54	51	50	50	49	48	49	54	50	56	47	53	56	50	54	55	55	54	52	53	51	52	53	52	47	53	48	57	51	55	52	53	54	51	56	52	49	51	55	53	55	49	50	49	55	55	49	48	55	57	53	51	55	52	55	48	54	52	51	52	56	50	57	50	49	54	48	56	48	48	48	52	50	47	49	54	57	50	49	50	48	56	48	56	52	53	47	55	50	57	49	50	55	51	52	51	51	56	54	57	48	53	53	53	55	50	50	56	52	50	48	47	48	53	51	56	51	56	48	57	50	56	51	54	48	52	52	52	50	54	49	49	49	55	52	56	56	52	47	52	54	47	53	54	49	56	57	56	48	56	56	53	48	53	56	56	47	48	56	51	48	51	57	53	52	51	52	50	56	50	51	50	52	55	49	48	56	56	55	51	48	50	54	52	50	50	50	55	50	54	55	54	52	56	56	55	55	56	50	48	48	56	53	53	53	57	50	50	51	49	54	57	53	50	50	47	55	53	54	48	57	55	51	51	54	56	53	47	51	51	56	56	52	55	56	55	48	55	54	47	57	52	54	50	57	50	51	52	53	57	57	54	52	52	51	52	52	49	49	49	50	57	55	51	53	56	54	48	56	50	50	55	52	52	51	51	57	47	55	54	55	51	52	53	48	51	50	55	52	54	50	53	54	55	54	51	50	47	55	56	54	55	55	53	50	47	53	54	54	54	56	49	48	55	50	56	50	52	51	48	53	55	50	53	50	55	56	53	54	50	56	56	51	50	54	52	56	50	51	49	47	52	54	52	53	51	49	50	50	56	57	57	53	55	52	53	57	55	56	52	54	54	52	56	51	56	56	52	51	48	50	51	48	47	48	56	53	48	55	55	51
60	55	57	61	59	60	60	52	56	53	60	55	53	58	56	52	57	57	56	57	61	55	62	59	56	53	52	55	59	59	53	61	61	61	57	55	58	58	53	62	61	52	56	61	59	59	58	53	57	59	58	62	61	60	52	52	60	56	61	53	58	53	56	58	56	56	53	59	53	56	61	54	56	53	53	61	54	55	57	56	61	53	52	53	60	59	55	62	54	60	54	60	52	53	59	57	62	58	54	58	56	56	54	58	57	57	59	53	59	56	61	59	53	61	61	56	55	59	53	60	53	56	56	60	58	58	60	58	58	61	52	62	60	58	59	60	53	54	60	54	56	61	61	56	58	52	59	61	58	57	55	54	58	58	53	53	60	58	59	52	56	57	56	62	61	55	59	61	52	52	61	54	53	57	53	53	58	62	62	59	59	55	59	59	57	52	60	59	60	58	56	52	54	60	53	58	57	52	59	58	55	58	59	60	53	59	61	58	54	54	53	58	54	53	53	57	57	52	56	54	59	55	53	56	58	54	57	55	60	56	57	56	55	58	52	57	58	52	53	52	56	59	59	62	59	57	60	61	62	59	56	59	52	54	58	61	56	61	56	57	59	60	55	54	60	59	62	58	58	59	62	58	57	55	60	57	55	61	54	60	62	53	53	58	53	60	56	62	55	56	52	62	59	55	54	58	58	60	59	59	54	61	61	52	59	54	61	60	61	56	54	59	55	59	52	53	54	57	54	61	55	55	57	55	53	61	61	60	57	60	56	60	60	59	53	61	55	55	58	59	56	59	57	56	56	56	52	54	53	60	55	58	55	61	54	61	58	60	52	61	58	57	57	60	53	53	56	60	54	56	57	60	52	60	56	60	57	59	57	53	61	58	59	54	55	56	59	60	60	55	54	59	60	59	61	54	57	58	58	60	53	58	52	60	55	53	59	53	59	58	61	60	53	53	62	61	55	59	59	53	58	55	57	59	55	58	62	56	56	61	53	60	56	54	53	53	57	55	56	55	58	56	58	56	55	57	56	58	53	58	62	52	58	62	52	62	59	53	53	56	54	59	57	54	62	58	60	57	60	58	57	59	56	55	53	56	57	58	61	53	56	56	54	58	53	58	53	55	60	53	57	55	55	61	62	55	56	58	57	55	56	62	60	58	57	52	59	54	55	53	58	57	62	60	57	57	59	52	56	54	59	61	55	59	61	56	58	56	55	56	61	55	57	55	59	57	59	61	57	58	59	55	59	53	57	55	53	53	56	57	60	54	60	55	61	61	58	54	55	55	57	52	55	60	52	56	60	54	55	52	54	53	59	59	52	59	58	58	58	60	55	61	57	61	58	57	58	56	56	55	53	56	57	61	60	54	57	58	59	61	53	58	56	54	56	54	55	53	55	61	58	54	56	62	55	56	58	55	53	52	60	60	57	54	60	56	56	60	61	58	54	53	61	56	54	58	61	57	54	57	60	53	54	59	58	59	62	55	54	55	60	55	59	57	55	55	55	52	53	59	56	56	52	53	53	61	61	60	60	53	53	60	53	59	62	56	58	61	59	62	53	61	61	62	58	53	56	60	62	54	61	54	61	54	57	61	58	55	57	61	55	59	59	57	61	52	56	56	60	53	60	53	55	60	57	53	55	60	54	61	61	55	58	55	57	62	59	58	52	58	55	54	53	58	60	57	61	61	62	62	53	56	58	59	54	56	55	58	52	55	56	58	56	55	56	59	54	59	53	57	53	56	55	60	56	54	55	54	56	60	56	53	54	55	57	58	58	56	59	62	57	57	57	57	53	56	61	53	61	55	58	60	57	52	53	56	55	56	55	61	59	54	61	58	61	62	61	61	55	57	58	61	60	54	55	60	54	52	59	55	60	61	59	61	52	54	56	54	55	55	53	62	61	52	58	56	52	52	59	59	56	60	61	59	55	60	54	55	54	53	52	57	58	59	60	54	52	59	58	55	62	57	60	58	55	53	61	58	59	61	56	62	52	54	60	54	54	61	62	54	55	57	58	53	61	56	59	55	56	58	56	55	52	56	55	57	56	57	56	58	58	53	58	59	58	54	62	61	54	57	58	59	58	58	54	56	55	57	60	55	55	56	53	58	59	58	61	57	59	61	52	56	57	54	53	61	56	56	61	56	58	57	54	58	52	59	58	59	53	62	60	53	60	53	61	55	53	55	55	56	53	54	54	60	61	56	52	58	59	55	52	58	53	62	52	61	56	56	57	60	56	61	60	58	57	59	55	57	53	55	52	54	54	61	56	53	58	53	53	57
24	16	16	14	18	16	17	22	17	23	21	22	21	17	17	15	24	18	22	22	16	21	24	22	18	23	21	22	18	15	21	16	20	21	23	15	21	23	17	15	24	18	20	14	20	21	24	17	14	17	22	23	20	23	18	16	21	15	17	15	22	20	20	24	15	19	20	22	19	16	15	21	19	18	17	20	19	24	18	17	16	21	22	20	17	14	17	23	20	21	24	24	18	22	17	16	20	18	24	15	18	20	18	18	17	24	15	17	20	14	15	16	21	23	20	19	21	22	15	22	21	19	19	15	19	19	16	17	17	21	22	24	22	22	21	23	18	21	16	24	19	18	22	23	22	16	16	21	16	22	19	16	23	21	22	24	15	17	14	15	21	16	16	15	20	20	16	16	22	17	22	19	15	15	23	23	17	21	24	15	19	23	22	16	21	17	20	22	16	17	18	23	22	15	20	15	17	24	21	16	21	17	15	19	14	23	17	19	18	15	18	17	22	17	14	17	21	21	17	19	20	19	22	14	22	15	17	23	17	21	17	20	21	17	18	22	23	14	15	19	16	14	23	15	23	18	24	22	15	18	17	23	21	15	18	22	17	18	17	14	21	21	17	19	23	22	19	21	15	16	18	15	24	24	24	16	22	16	16	21	23	23	23	23	22	21	23	17	23	16	22	20	17	20	16	15	22	15	22	15	19	15	19	18	19	23	16	21	19	16	17	22	23	22	17	20	22	14	17	20	18	20	15	24	22	15	14	24	14	23	18	23	15	22	16	21	19	24	15	15	19	17	16	19	17	16	16	20	15	15	16	23	14	23	19	23	14	18	23	18	22	17	14	24	17	19	20	20	22	15	16	22	15	21	16	19	19	19	15	19	14	15	17	16	15	16	20	17	14	14	24	14	23	15	18	23	19	20	19	22	15	17	15	17	18	23	22	17	23	17	22	15	22	17	16	21	19	22	21	19	15	17	17	24	18	18	18	15	17	21	21	22	22	15	20	14	20	24	23	22	19	19	18	16	16	19	19	22	20	18	20	20	22	21	15	23	15	20	24	18	15	14	24	16	18	23	24	18	21	20	23	20	17	21	22	20	17	14	22	20	22	23	17	17	22	21	21	16	17	20	17	18	22	18	19	24	19	21	18	23	16	19	21	20	20	19	21	23	21	16	14	17	15	15	21	22	19	16	19	23	23	24	21	17	22	21	18	24	17	17	22	23	17	17	16	22	22	15	20	19	23	22	23	24	22	23	22	20	22	22	19	23	15	23	14	23	21	21	22	17	20	23	19	17	21	22	15	23	23	24	18	22	14	17	24	23	17	19	14	19	23	21	15	19	19	21	15	21	16	18	24	16	17	17	20	15	21	17	17	23	16	20	20	21	20	22	21	21	16	21	23	21	17	20	18	20	17	19	17	23	18	21	17	15	22	21	19	23	16	17	15	22	15	17	17	24	24	21	21	21	18	18	18	22	14	20	14	22	23	18	14	21	24	16	21	20	22	16	23	19	24	18	19	20	18	14	18	21	15	23	15	21	20	19	14	23	23	17	19	15	21	19	21	21	14	17	23	18	18	21	23	16	24	18	19	23	19	22	21	24	14	18	17	16	23	23	21	14	22	17	23	16	22	23	22	16	17	15	19	15	15	23	19	18	16	15	24	22	16	15	19	15	23	19	15	21	20	22	18	18	18	17	23	14	21	22	21	19	17	20	16	16	19	24	19	15	21	23	19	15	18	24	18	18	18	19	19	21	16	22	19	23	15	19	22	18	23	17	21	15	16	15	15	23	23	18	23	18	17	18	15	15	21	16	17	23	14	14	14	23	18	17	16	18	19	17	24	16	16	21	14	22	19	14	15	17	23	18	14	14	16	19	23	19	23	21	18	19	15	18	22	23	15	17	19	16	16	16	20	18	21	15	23	22	19	14	22	19	18	21	21	18	20	16	16	20	14	21	18	18	23	14	18	19	17	15	17	20	19	18	19	20	21	17	20	20	20	21	22	23	22	21	20	18	23	23	16	21	15	19	20	16	18	18	20	18	15	23	15	19	14	18	17	19	19	22	17	16	18	22	17	16	20	23	19	19	16	16	22	16	22	20	20	18	22	18	24	17	17	16	20	19	17	15	24	16	20	22	18	23	24	20	22	15	21	17	20	24	16	24	18	15	23	18	23	21	21	21	18	22	14	23	24	16	23	20	21	24	21	17	21	19	18	15	14	21	21	17	19	15	14	17	18	21	20	21	21	23	20	15	21	23	15	15	15	21	21	18	18	22
wj																																																																																																																																																																																																																																																																																																																																																																																																																																																																																																																																																																																																																																																																																																																																																																																																																																																																																																																																																																																																																																							
46	58	85	53	53	5	16	41	44	92	9	91	51	35	70	28	13	63	4	94	27	94	96	3	89	68	88	74	21	3	29	82	20	20	78	52	87	44	80	92	83	54	62	56	81	33	65	82	69	89	5	55	68	81	73	55	18	89	6	24	5	81	75	83	45	97	17	59	9	21	68	11	53	53	8	69	32	97	86	70	93	86	15	72	23	25	49	26	24	88	90	10	27	16	46	97	52	71	70	95	88	15	62	22	63	47	13	79	18	56	50	41	25	11	75	26	88	5	95	64	38	94	71	38	73	99	41	84	39	42	40	21	73	51	94	88	78	52	88	32	11	65	17	4	69	49	74	64	23	99	38	85	2	32	94	40	94	49	94	43	36	73	19	71	70	67	37	64	23	47	97	31	33	35	36	52	21	57	9	15	51	36	10	6	93	90	88	96	14	94	86	19	71	47	6	21	45	2	79	20	54	12	93	59	10	50	97	71	39	71	74	76	79	51	61	77	2	9	26	100	62	11	76	95	23	58	15	78	46	86	76	11	94	59	9	71	65	28	45	38	99	75	33	92	36	10	4	35	55	10	70	99	5	33	16	81	20	82	68	87	71	41	15	19	26	59	84	90	55	38	86	32	73	11	98	85	36	57	36	25	82	18	49	44	60	35	36	62	8	92	16	31	18	44	6	61	83	42	90	24	89	6	56	78	69	69	30	40	94	39	36	100	80	34	10	12	23	72	32	17	34	86	13	71	87	89	7	98	11	86	43	82	94	7	92	94	33	52	99	38	24	19	93	77	52	77	39	14	47	50	75	43	48	89	61	72	25	79	21	22	82	20	55	78	87	55	62	60	32	15	73	46	68	28	2	83	28	92	1	44	62	34	48	25	47	90	28	85	24	94	62	29	59	9	2	14	34	47	29	86	83	8	26	3	56	67	37	15	70	38	5	8	73	12	38	92	65	61	79	72	96	39	60	53	9	99	8	55	16	74	48	99	57	47	18	69	25	38	68	56	83	82	34	4	96	67	36	94	37	39	95	23	63	54	65	99	22	16	42	74	83	30	23	72	97	23	51	20	24	15	88	40	73	51	15	83	69	75	77	99	73	17	98	80	90	75	44	20	80	75	81	33	27	50	9	52	11	3	14	41	37	32	61	76	24	66	47	45	46	6	36	36	36	47	49	84	91	60	61	24	92	17	30	10	45	53	22	24	95	78	80	90	2	75	72	9	3	36	8	88	46	34	35	70	3	59	73	15	28	70	70	36	12	34	80	42	72	78	26	80	74	18	83	67	65	45	68	14	66	21	16	90	29	35	87	14	39	28	14	41	59	92	85	39	61	51	29	84	81	89	93	90	68	24	91	31	39	53	69	94	91	11	81	48	99	77	76	62	98	63	58	25	66	37	75	49	80	14	60	19	80	98	98	58	59	69	37	40	90	15	98	37	78	18	89	19	15	85	71	54	86	27	48	48	60	56	49	42	22	83	60	4	3	34	61	8	3	6	57	48	89	40	78	49	81	38	53	64	15	55	30	26	15	57	65	31	17	63	94	52	93	7	35	87	65	71	85	4	52	27	67	29	82	63	6	54	10	72	20	6	91	81	20	73	65	98	65	69	56	61	81	78	2	43	2	63	48	9	12	46	70	78	12	95	56	2	34	30	46	4	88	70	29	93	9	78	97	84	4	69	82	98	28	91	68	69	19	99	25	58	31	55	78	18	8	69	8	79	71	11	39	47	66	26	36	12	61	76	54	67	22	81	93	44	45	75	37	49	16	13	19	37	86	36	21	20	11	49	91	68	43	27	84	72	88	19	22	44	7	99	24	10	17	39	90	46	30	7	64	55	50	83	48	28	73	88	21	93	99	31	22	21	22	91	49	74	98	80	24	50	50	62	57	17	5	28	55	4	50	56	54	60	27	65	78	11	38	65	67	35	98	81	74	51	65	18	5	5	64	24	42	52	3	91	43	11	47	27	79	17	34	67	2	76	77	31	39	3	33	9	81	28	92	21	40	100	50	93	94	58	56	23	24	12	65	2	95	58	33	77	51	24	12	78	6	1	82	29	69	82	73	74	23	45	64	19	98	62	82	8	44	53	36	64	38	8	53	62	65	46	12	5	16	83	86	85	8	26	90	44	64	15	74	37	10	64	71	48	58	36	95	23	50	79	42	83	4	41	31	87	41	69	71	28	16	76	93	95	96	52	12	79	8	72	93	58	80	65	74	45	12	45	58	79	30	54	5	74	23	37	48	47	38	8	74	46	93	85	22	23
