pij																																																																																																																																																																																																																																																																																																																																																																																																																																																																																																																																																																																																																																																																																																																																																																																																																																																																																																																																																																																																																																							
42	37	44	41	38	43	38	39	37	41	36	42	37	40	42	45	36	37	41	39	37	40	40	40	42	37	40	44	36	44	40	35	36	43	37	43	42	38	42	43	37	41	39	41	40	37	45	42	40	44	40	38	35	37	43	42	41	41	38	40	37	35	43	45	36	38	41	41	35	41	45	41	38	40	38	40	38	43	45	39	43	40	44	43	41	42	38	37	37	43	43	37	44	36	38	40	42	36	45	39	41	41	44	36	41	39	43	39	41	41	40	39	44	39	41	39	39	38	40	45	43	37	35	36	37	43	41	39	40	42	40	38	42	44	44	40	39	38	38	44	40	39	45	44	39	37	37	45	42	36	38	42	35	37	39	38	35	42	36	44	39	42	41	40	36	36	41	38	38	36	40	42	43	40	44	42	36	41	38	43	38	41	44	38	41	45	39	36	41	40	42	39	42	35	43	41	43	36	36	38	43	41	42	41	42	35	38	40	38	44	39	44	36	37	36	39	37	40	36	37	35	35	43	41	36	43	41	35	39	36	45	42	42	41	36	40	38	35	40	38	36	44	39	36	45	43	40	38	36	38	40	43	44	42	35	35	42	44	42	43	38	42	37	37	37	38	41	44	41	36	37	38	40	44	37	45	37	44	39	42	44	41	39	36	40	44	36	39	37	43	36	37	40	43	45	37	43	40	40	37	37	40	35	39	42	39	39	38	43	43	36	38	44	37	36	36	39	42	44	35	37	41	43	38	42	42	41	40	38	43	38	36	36	35	42	45	39	36	37	41	40	39	43	37	45	44	36	40	43	45	35	40	41	44	41	38	38	39	44	40	40	41	44	45	44	36	38	40	45	42	43	44	43	44	35	41	38	44	40	40	40	39	43	44	39	39	40	41	43	41	40	45	40	41	38	38	44	38	39	40	38	38	38	38	35	37	44	41	44	35	42	44	41	44	44	42	40	41	41	36	42	43	40	43	41	42	39	42	44	38	39	43	39	40	35	43	36	36	36	45	38	38	38	41	37	36	42	38	42	41	37	45	40	37	43	36	43	39	43	37	45	41	38	38	41	40	41	41	42	44	35	41	37	42	42	40	42	38	37	40	43	38	40	38	42	44	41	42	40	38	38	39	36	42	41	38	36	39	42	42	36	44	38	40	44	43	43	38	36	37	38	39	45	43	45	41	44	36	36	44	43	36	45	37	39	36	37	39	36	40	36	44	43	35	36	40	45	45	35	37	41	42	36	35	36	37	35	44	39	36	41	43	40	41	36	38	41	38	40	39	40	35	38	44	41	41	40	36	44	38	40	37	43	35	40	45	44	38	37	41	36	37	39	45	37	38	42	39	38	37	42	36	35	37	39	36	42	38	37	38	37	40	43	37	40	37	43	43	42	42	36	45	39	43	36	41	40	37	38	37	40	37	44	38	38	39	41	36	42	45	35	41	39	41	38	45	39	43	43	45	43	39	40	44	38	43	35	44	36	37	39	35	37	39	42	38	44	40	42	38	44	39	44	43	37	37	43	36	40	41	41	45	40	41	36	38	39	37	36	37	35	35	37	38	39	42	42	38	42	42	37	38	38	43	38	39	38	43	45	37	44	35	45	44	39	38	43	41	38	38	40	37	42	42	43	44	37	44	41	37	42	43	38	44	43	44	37	39	44	39	40	44	39	35	41	40	44	45	42	38	43	36	43	41	43	43	41	44	42	43	40	42	40	38	44	38	42	43	36	40	40	43	36	40	37	37	43	43	43	42	41	41	40	35	44	43	41	41	43	42	40	37	39	39	39	37	38	42	38	42	37	41	37	40	45	38	40	45	44	41	43	36	42	38	35	41	38	36	35	35	44	41	36	42	45	40	36	45	40	42	36	44	36	40	40	44	43	44	44	39	43	44	37	42	36	39	37	40	45	41	38	43	35	39	42	38	41	36	38	36	36	35	36	36	43	44	44	37	41	41	41	37	40	40	37	43	38	43	40	36	35	41	38	41	44	38	44	43	37	40	42	37	39	41	35	41	45	38	35	36	43	39	44	38	42	37	41	38	40	36	42	38	37	41	38	44	43	41	37	40	35	42	39	36	35	41	45	45	37	37	41	39	35	41	38	36	41	44	42	44	38	44	37	36	38	45	43	45	41	36	42	45	37	42	40	40	35	44	44	42	43	38	44	37	40	43	40	39	37	43	39	44	42	35	42	39	40	40	38	39	41	40	42	45	35	40	42	36	41	43	42	37	42	40	42	35	37	40	37	43	39	36	43	42	43	44	43	35	37	41
58	57	57	57	50	58	51	58	52	51	54	57	56	55	56	52	57	57	58	50	55	54	52	54	50	52	55	55	50	50	51	56	52	50	58	57	57	54	49	58	59	50	55	54	49	54	52	56	51	54	53	52	52	52	58	59	53	55	54	56	55	50	57	58	57	52	59	56	49	58	55	57	50	53	52	52	58	56	58	58	52	51	55	52	50	55	49	57	57	50	54	53	50	55	57	49	51	50	58	59	52	59	58	51	52	57	59	53	50	58	51	51	54	49	53	56	54	58	50	50	54	54	50	49	55	50	55	49	58	57	53	51	56	49	56	50	58	54	49	52	52	58	58	55	59	51	55	51	50	56	58	58	53	54	57	56	58	50	54	50	53	54	57	57	53	56	52	58	51	58	58	56	57	57	50	51	50	57	57	54	49	51	51	58	50	57	58	58	51	52	51	51	58	53	55	53	58	59	51	56	58	55	57	59	50	58	49	59	51	49	56	57	51	58	51	58	57	59	58	58	52	55	51	53	55	54	51	54	50	54	53	53	59	53	52	52	51	53	55	51	57	51	56	58	52	56	55	57	52	52	50	59	54	57	52	51	50	55	59	51	50	59	58	56	51	50	56	50	56	59	53	55	52	51	52	57	50	50	54	56	50	52	52	54	56	56	53	50	55	49	51	53	59	56	56	50	58	52	57	59	51	51	54	49	57	56	49	50	51	49	50	59	59	50	50	49	51	57	55	54	50	51	57	49	51	56	58	55	54	54	52	55	59	53	51	54	55	50	58	55	51	56	56	54	49	55	57	51	52	58	51	51	54	53	51	51	57	52	56	51	53	55	50	58	57	50	52	53	53	55	51	58	59	50	50	56	51	58	50	50	53	55	58	53	50	56	51	58	52	50	57	57	55	50	55	54	59	49	51	54	52	52	57	59	58	51	58	53	56	50	51	57	52	54	52	50	56	55	50	55	57	50	55	59	50	51	54	53	51	57	50	54	55	50	57	52	52	50	54	55	55	58	55	58	50	57	54	51	50	54	51	53	52	56	56	52	58	57	54	56	51	52	49	59	55	57	51	59	55	52	54	55	55	53	50	51	52	53	54	52	50	52	57	58	59	53	57	50	51	53	53	57	51	56	52	54	57	54	50	49	59	54	58	53	59	57	50	51	54	58	50	58	53	49	49	56	53	52	51	53	51	51	57	50	50	53	56	51	55	50	51	52	57	56	50	52	55	56	52	58	51	54	55	52	56	50	54	55	56	58	55	52	49	58	53	51	58	58	55	51	51	57	55	51	54	54	51	58	57	52	58	52	51	51	49	53	54	58	51	59	52	56	58	51	56	50	51	54	52	51	49	52	56	56	54	55	49	55	54	52	51	54	58	58	51	58	59	55	59	55	53	53	57	49	55	49	52	49	54	53	52	55	58	50	52	56	50	57	49	57	54	58	53	54	57	56	59	50	50	55	53	50	53	51	58	53	54	55	59	58	51	52	55	58	52	50	56	55	54	58	52	52	57	56	51	51	54	51	54	50	59	57	50	59	54	51	55	55	51	52	56	51	50	55	54	51	50	58	56	55	52	54	54	50	57	52	57	54	50	55	50	56	56	53	52	49	58	55	51	54	54	58	53	52	54	52	58	56	59	57	53	58	57	53	55	57	49	50	53	55	54	54	55	52	52	58	50	55	58	59	49	51	56	50	56	55	59	59	51	51	57	51	56	58	51	56	58	52	56	53	55	50	59	57	55	54	58	55	53	57	55	50	58	54	49	58	51	57	51	58	55	57	55	50	51	58	55	57	57	55	58	53	51	52	59	55	52	56	50	57	52	52	53	51	59	54	56	55	55	52	56	57	51	57	53	58	58	50	58	53	58	49	51	57	53	55	51	58	55	56	54	58	59	54	57	58	55	53	49	58	56	53	51	59	59	57	51	59	56	57	52	54	59	54	56	50	54	52	54	50	58	52	51	56	53	55	54	52	56	56	55	58	53	55	58	50	49	55	56	53	59	54	55	57	54	55	53	59	54	55	57	55	54	57	59	50	51	54	50	59	57	59	56	50	52	53	59	53	56	59	53	53	57	58	57	56	54	56	58	50	56	53	51	49	57	55	58	57	56	54	58	55	53	57	58	49	51	56	55	52	53	51	53	57	58	56	57	51	53	55	57	54	57	51	50	57	58	49	54	55	55	53	58	58	56	50	58	51	57	54	50	56	49	55	53	53	59	50	55	54	54	51	57	56	49	54	54	56	55	58	57	52	52	51	58	52	58	50	56	53
33	32	33	38	40	39	35	33	40	37	34	34	39	36	32	37	36	39	35	36	32	36	40	41	37	35	40	35	40	33	41	35	36	39	37	39	38	32	35	37	35	34	39	34	39	38	36	40	39	40	41	34	34	33	35	36	37	40	32	35	42	37	35	42	34	39	41	36	42	35	35	32	35	39	32	41	37	36	38	39	34	37	34	32	39	41	33	41	42	34	42	41	37	41	32	32	32	41	36	36	40	37	36	33	39	33	42	41	37	34	40	38	38	34	36	35	34	37	41	32	37	35	39	39	39	34	33	39	42	36	39	33	34	36	42	39	39	40	38	34	41	34	36	33	33	40	36	37	33	39	38	32	42	40	36	33	37	38	38	33	36	40	42	41	38	32	38	41	34	35	40	40	39	41	34	40	37	34	34	35	40	37	38	37	40	38	35	34	41	42	39	42	42	41	39	42	40	42	36	33	38	35	42	33	38	37	32	37	35	42	40	38	40	39	38	39	36	34	42	35	41	33	39	34	39	38	42	39	37	41	38	36	35	38	40	37	34	34	39	34	40	38	38	37	36	36	38	38	39	39	33	32	37	38	34	34	37	35	34	33	33	42	41	40	36	33	34	32	38	42	42	36	33	40	34	35	42	38	33	35	41	39	34	32	41	37	40	32	36	34	34	33	39	42	36	39	37	42	38	35	41	41	33	32	38	42	39	36	36	33	33	36	36	42	33	35	33	36	40	35	35	39	39	41	37	37	41	40	33	36	35	40	34	38	40	41	36	40	33	34	36	38	32	39	38	41	36	38	42	38	37	36	41	41	35	37	32	35	37	34	42	35	39	34	37	39	36	33	37	36	33	33	35	37	41	35	35	38	40	36	40	38	37	41	37	42	35	41	35	39	33	36	39	33	32	39	34	32	34	35	34	39	39	38	35	36	32	33	35	37	35	41	42	40	35	40	34	38	40	38	34	39	39	38	39	34	33	35	36	38	41	35	37	35	34	41	40	36	41	40	36	39	37	40	42	40	42	36	40	39	37	32	35	38	35	34	34	34	34	40	37	37	35	37	41	41	36	33	33	36	35	36	33	42	35	39	40	37	39	41	42	37	39	38	34	36	34	34	41	42	35	41	37	39	38	39	34	33	37	37	39	40	33	33	37	35	40	33	38	36	38	32	38	33	36	36	38	41	35	40	37	39	41	34	41	32	39	36	42	41	35	36	39	32	37	39	33	34	37	35	38	37	37	33	39	37	33	38	37	36	32	40	38	33	41	37	33	42	33	36	42	41	38	32	37	32	36	38	41	33	41	33	33	33	39	35	33	37	34	39	32	33	35	33	41	40	37	38	41	41	38	34	39	34	38	40	37	35	42	34	37	34	42	37	42	36	38	32	35	37	39	39	32	42	36	36	41	38	36	40	34	40	34	32	41	36	33	35	38	36	32	36	36	35	35	40	39	33	41	37	38	40	40	42	40	38	32	41	38	34	34	34	39	36	38	38	42	36	41	41	32	41	40	36	36	41	36	40	40	40	40	37	35	35	38	36	38	40	35	32	34	35	41	37	40	40	40	38	32	36	37	32	36	33	33	36	34	40	37	42	40	32	41	34	39	41	38	34	33	42	33	35	37	37	34	35	40	32	37	40	35	35	34	41	37	39	35	41	34	38	34	39	35	34	39	35	35	37	35	40	39	34	42	36	39	38	37	41	37	36	41	40	37	37	34	41	39	37	38	32	37	37	32	37	35	39	32	38	39	36	38	40	38	38	39	37	40	33	38	36	35	34	37	42	32	41	32	39	39	41	33	39	41	41	37	37	41	34	33	34	34	38	35	40	33	34	32	41	35	40	35	34	33	34	37	40	38	36	34	35	35	40	34	38	35	36	35	36	33	41	41	34	38	34	33	37	41	34	35	35	37	40	38	38	37	41	33	35	40	37	39	39	40	37	32	33	40	34	37	41	35	38	33	38	42	33	33	36	34	42	33	41	40	35	32	33	33	35	40	36	37	36	39	35	33	39	33	42	35	33	40	36	39	42	38	37	35	35	39	38	36	39	40	40	39	37	38	34	34	36	41	38	37	39	36	37	38	40	35	36	34	33	42	36	38	38	41	41	37	38	41	40	33	35	34	37	35	33	34	33	36	34	42	35	38	41	36	35	32	35	32	32	35	36	32	39	39	38	35	39	40	40	37	37	36	33	38	36	40	32	38	35	36	42	34	40	37	39	40	40	35	36	42	38	37	35	39	41	33	40	35	36	35	36	37	39	36	41	37	37
100	98	99	93	94	94	93	100	94	94	102	98	92	96	95	98	99	102	95	95	100	97	96	96	97	100	100	93	100	94	93	100	93	95	98	98	101	100	102	95	101	94	100	93	97	101	96	94	94	97	96	94	93	95	95	99	92	94	94	93	99	96	100	100	95	93	99	94	97	98	100	97	95	99	102	98	94	95	99	96	102	94	100	97	93	100	93	97	98	101	96	99	92	101	98	95	101	97	94	96	93	96	93	96	100	99	93	94	100	93	98	96	98	102	96	96	99	95	98	93	96	92	95	93	95	96	98	100	94	94	97	92	93	94	99	98	95	99	101	99	95	97	93	93	96	93	93	92	95	101	97	93	100	97	100	99	95	101	97	101	94	102	99	97	101	94	94	99	99	99	98	98	99	102	100	101	94	97	94	93	100	94	100	96	95	97	100	94	92	96	92	94	97	95	97	98	97	95	99	97	97	100	93	97	96	101	93	94	95	99	94	97	100	101	98	94	93	98	97	95	94	93	96	99	93	94	102	98	96	100	99	98	93	93	99	101	92	98	101	98	96	94	96	96	98	100	98	98	97	97	97	95	100	101	93	101	100	100	96	95	93	101	101	94	98	97	98	100	94	100	96	97	96	102	96	94	93	100	99	93	96	101	96	99	94	96	93	102	92	101	96	94	98	94	93	94	98	93	92	92	94	94	95	102	94	97	94	95	102	99	97	98	93	98	98	99	94	100	94	93	101	98	98	101	102	95	101	99	95	95	94	97	97	93	98	102	102	95	98	94	94	101	95	95	93	100	96	98	98	93	95	97	93	94	98	93	100	96	93	101	99	94	100	97	100	101	94	100	100	97	98	101	101	93	96	94	95	97	93	98	93	99	101	102	93	98	102	92	99	97	99	93	101	101	100	101	99	97	96	97	96	94	93	98	97	96	95	93	101	94	93	93	99	97	98	92	95	95	94	101	96	98	99	99	101	93	100	100	100	101	94	98	93	92	100	101	93	98	95	95	98	92	99	94	99	98	101	97	99	98	100	96	96	98	98	99	98	93	97	102	94	98	96	101	93	99	98	97	101	96	98	93	101	101	93	96	96	93	99	94	94	92	101	98	97	94	96	95	94	99	93	93	102	92	97	100	99	101	93	100	95	94	94	98	99	100	93	98	95	99	102	92	93	93	95	100	93	95	93	97	92	100	101	97	99	98	97	96	92	96	99	97	93	98	98	95	99	100	93	96	99	100	92	94	97	99	93	94	101	101	97	96	97	93	96	98	100	93	94	96	95	96	101	98	100	102	98	97	99	94	95	98	101	94	98	92	94	98	95	92	101	102	98	100	97	100	95	93	97	93	94	92	92	100	101	93	97	100	96	100	97	94	98	97	96	98	96	98	94	95	100	100	93	98	92	98	99	102	97	100	96	97	92	94	99	99	99	100	100	95	98	102	95	99	102	101	96	98	93	93	97	93	101	96	102	95	97	98	92	94	92	96	101	92	97	99	99	93	100	100	93	94	96	92	101	100	100	101	99	101	92	102	98	99	96	94	95	101	100	92	100	94	101	99	97	102	93	92	98	95	95	100	92	95	94	97	97	99	100	96	97	95	97	95	97	102	95	92	93	94	102	94	93	99	97	99	92	95	93	101	101	99	99	92	95	102	94	95	97	101	100	96	94	101	96	101	99	101	97	101	96	100	98	99	99	98	95	100	98	99	95	97	99	98	102	101	99	100	96	98	94	98	98	101	97	99	101	101	99	99	95	101	95	101	100	95	97	100	94	94	101	100	95	93	94	95	94	99	93	96	97	100	94	100	95	97	94	94	98	96	95	102	97	101	93	94	96	102	94	100	101	98	101	92	94	98	93	95	93	99	101	102	92	98	97	98	95	97	100	99	100	94	93	96	97	101	101	97	98	102	97	96	98	98	100	98	99	98	98	101	97	98	99	101	95	94	99	102	95	97	102	97	97	92	101	102	94	98	97	98	93	97	98	92	102	96	97	93	99	96	97	98	97	99	94	101	95	99	93	101	93	95	97	101	94	96	92	94	92	95	94	95	97	99	96	93	97	99	95	94	96	101	97	100	98	99	93	93	99	100	98	96	92	101	99	98	101	96	95	98	98	99	98	95	93	98	93	94	101	95	101	94	94	96	95	97	101	92	93	101	92	97	101	99	101	93	98	94	100	96	98	98	93	93	94	97	101	92	99	97	98	92	99	101	100	98	99	102	96	99	95	99	98	100	95	93	96	98	93	98	98	97	99	100	94	99	100	99	101	98
20	24	19	19	16	24	21	18	19	22	22	17	21	25	20	17	19	23	19	23	22	24	21	20	18	19	17	20	25	23	25	22	22	23	22	16	20	26	19	26	18	20	24	20	21	17	17	23	20	22	23	25	25	21	25	18	23	25	25	19	17	25	18	25	22	17	20	25	20	16	19	23	23	17	18	22	21	22	18	25	19	25	17	19	16	23	25	23	23	24	17	22	20	19	25	18	21	18	24	21	17	24	24	24	20	19	17	19	16	23	24	25	16	17	17	23	18	19	22	16	26	19	20	22	22	24	18	19	24	21	20	20	25	22	16	24	24	25	20	18	22	17	17	24	19	19	17	23	21	23	17	23	23	22	24	17	20	20	21	20	17	17	20	19	20	22	23	17	24	20	17	21	18	25	16	22	21	19	25	18	18	16	17	16	20	22	17	17	26	21	22	17	17	23	20	16	19	22	21	25	16	24	22	17	20	17	22	26	23	21	16	26	25	20	21	24	20	19	24	19	21	23	21	24	23	25	17	16	24	21	25	18	20	17	22	17	24	21	24	17	22	25	17	21	21	20	18	22	26	16	24	21	21	23	20	18	20	25	19	21	25	23	24	21	17	21	18	17	18	20	22	23	23	17	25	17	18	23	18	18	20	18	19	18	16	19	24	25	18	25	17	22	25	21	24	21	16	22	22	26	17	26	24	19	24	20	19	16	22	24	19	26	25	22	20	16	18	20	22	25	19	24	22	17	24	20	26	20	25	21	17	23	20	24	18	21	20	19	22	17	20	20	25	23	21	19	21	23	19	26	23	24	21	24	24	17	25	20	19	24	16	23	19	25	17	18	25	19	26	20	26	22	17	21	19	23	24	25	18	18	25	25	22	19	22	16	16	24	23	19	18	26	24	21	21	22	20	22	20	20	19	25	20	22	24	25	22	23	17	21	20	25	19	24	19	19	21	25	20	20	18	17	21	24	24	18	24	20	25	24	23	21	26	26	25	18	19	23	19	24	16	19	26	24	17	24	19	24	22	24	17	26	25	20	21	22	22	20	19	17	17	24	20	26	23	20	26	17	17	25	17	21	18	23	24	20	17	19	22	26	20	25	23	19	23	19	22	23	25	22	25	22	24	21	22	16	23	22	20	22	18	24	25	22	18	24	21	20	20	18	25	24	19	19	25	17	22	23	24	17	20	19	26	22	20	22	22	24	21	18	19	17	22	23	24	21	17	20	20	16	17	19	18	25	19	24	16	21	25	21	22	23	19	26	25	23	23	23	22	16	21	17	20	24	22	24	24	20	24	22	18	25	23	21	20	16	19	19	19	26	25	21	21	17	19	18	22	17	22	16	21	19	18	17	25	18	24	18	23	16	23	20	20	21	24	20	25	17	16	25	18	22	17	20	25	26	22	22	20	24	17	20	19	18	22	19	25	23	20	18	24	19	18	21	19	20	19	24	25	25	17	17	22	26	17	19	23	22	25	23	18	24	22	18	20	25	21	17	22	19	21	18	18	22	23	17	16	23	23	17	22	17	24	25	18	21	22	20	22	18	24	19	21	19	23	22	22	17	25	23	17	16	21	20	22	18	18	24	18	25	20	24	24	19	22	20	22	19	24	18	26	21	20	17	23	23	25	22	22	24	23	17	23	25	18	19	25	24	18	22	26	24	20	18	22	17	18	21	19	23	17	17	16	26	21	24	17	18	25	17	18	23	24	18	16	17	24	17	17	25	24	19	19	24	23	20	24	17	17	18	18	24	25	18	18	23	25	23	22	23	22	18	24	19	22	18	21	17	19	16	16	16	20	26	20	18	21	22	20	19	20	24	21	23	16	21	20	18	20	21	21	20	19	25	22	18	22	19	22	23	17	23	21	25	16	23	19	25	24	25	24	19	24	18	23	23	20	25	23	19	26	24	26	21	19	26	21	25	18	16	23	20	26	23	22	24	22	19	25	18	22	19	18	18	17	18	25	17	22	18	20	23	24	19	19	26	17	19	20	16	22	16	20	23	22	25	20	24	23	18	16	17	23	26	17	26	23	18	25	16	20	16	25	23	21	22	22	23	22	20	26	16	16	18	24	22	23	20	20	18	25	19	21	17	19	18	24	20	21	19	17	20	16	21	24	19	19	16	17	24	20	17	25	24	23	23	21	22	23	25	19	21	18	16	24	22	19	20	18	17	21	20	22	20	23	17	17	19	18	25	23	24	21	19	23	24	19	25	18	21	23	18	21	19	17	19	17	21	23	16	18	25	20	22	22	21	24	19	25	21
105	102	103	106	108	108	102	109	104	103	107	104	109	102	107	107	103	108	105	109	104	102	108	100	109	107	105	101	105	105	108	109	106	105	103	109	103	103	103	101	108	106	101	108	107	108	109	102	103	107	101	102	105	101	106	105	106	107	102	104	105	100	107	101	106	104	101	100	110	105	107	107	100	109	109	109	106	106	105	105	105	107	102	105	102	107	102	106	108	105	109	102	107	106	108	106	108	100	105	107	107	103	106	106	100	100	105	103	107	102	108	107	108	109	106	107	110	101	103	104	107	101	108	104	105	105	100	100	105	108	107	110	103	110	101	105	105	104	100	106	100	110	105	102	109	102	105	101	107	105	108	101	101	106	109	108	101	106	101	101	107	104	103	102	103	101	105	101	105	108	110	106	105	101	106	100	102	108	109	102	101	104	109	110	104	100	108	107	109	101	102	106	109	108	105	104	107	107	107	104	104	109	105	110	102	102	106	108	108	106	107	102	107	103	102	108	102	108	103	106	103	104	102	108	108	108	106	104	109	103	109	107	104	105	106	103	104	109	102	101	108	105	107	106	104	104	108	106	109	103	100	110	107	104	109	109	108	109	104	104	107	101	106	105	109	103	108	110	102	108	107	104	101	109	107	105	101	107	105	104	105	102	108	104	109	107	102	109	108	102	102	107	107	109	108	104	108	102	108	108	105	103	109	108	109	104	108	106	105	105	102	106	101	108	103	103	108	100	100	100	102	100	108	101	103	105	101	110	105	104	103	100	102	101	106	104	104	101	103	103	105	103	101	100	108	107	107	106	110	105	102	107	104	105	107	106	105	100	101	101	109	108	103	101	103	102	106	107	100	105	107	104	109	102	109	106	106	107	108	109	102	101	108	102	104	106	109	109	101	104	110	109	108	101	107	109	110	107	101	104	110	104	106	102	100	105	100	102	108	110	102	100	107	108	108	105	105	101	108	105	107	108	102	100	102	105	106	109	104	103	107	106	109	109	104	105	102	109	101	103	101	110	102	105	101	101	102	103	104	101	103	103	108	108	107	104	106	109	105	104	106	103	101	105	100	107	105	106	100	107	109	107	107	109	106	100	108	104	104	105	104	105	110	103	107	102	101	100	103	103	101	106	105	102	105	106	105	104	108	106	105	106	103	110	107	108	106	105	107	104	108	101	101	107	108	102	104	108	103	107	104	107	103	100	109	110	103	108	100	107	106	107	104	103	101	109	104	104	108	108	101	106	102	105	104	110	101	104	103	106	109	102	104	106	102	101	105	107	101	109	110	108	100	102	103	106	100	106	101	108	101	109	106	101	105	105	103	103	104	104	108	105	102	105	102	105	101	100	102	105	102	109	106	108	101	106	101	103	105	108	103	106	109	104	109	104	107	106	100	101	101	102	107	109	109	104	103	103	103	102	108	105	108	100	108	100	102	103	101	103	105	110	102	108	108	103	107	103	109	107	106	107	102	106	110	100	107	105	101	103	103	104	109	103	107	106	104	108	102	101	105	108	103	103	109	100	104	105	109	108	103	105	100	106	102	107	107	106	108	104	107	102	106	105	110	109	107	105	105	105	109	102	109	103	101	101	110	108	110	104	109	107	102	108	107	109	106	110	103	103	109	109	109	109	102	104	106	103	105	103	108	107	102	110	103	110	110	105	109	108	102	102	110	101	108	105	109	102	105	107	103	101	101	106	110	100	107	101	100	106	105	105	101	106	100	105	110	104	101	104	104	103	105	108	107	108	108	106	105	104	107	105	104	102	106	105	107	106	102	108	101	107	108	106	100	109	107	108	102	106	100	102	103	102	109	108	105	107	109	105	103	105	109	106	105	100	108	104	100	102	103	101	101	101	109	104	108	103	108	102	102	100	106	107	101	103	101	110	101	103	108	108	102	110	103	103	105	108	107	102	104	105	110	102	102	106	109	105	109	107	103	104	103	107	101	104	103	109	107	101	104	103	109	108	107	102	106	101	104	109	102	101	105	106	101	109	107	105	100	105	103	102	105	108	110	106	102	102	108	110	103	100	100	109	100	100	109	109	109	102	108	104	104	109	106	108	108	104	106	109	104	105	110	102	102	109	104	104	107	110	102	108	108	108	108	104	100	107	104	101	105	109	106	108	102	105	109	103	101	107	110	107	102	105	106	105	105	101	104	107	109	102	107	104	102	100	108	100	105	105	103	110	105	105	107	109	103	101	107	101	108	104	104	102	107	106	104	101	109	107	106	104	105	108	108	104	104	109	101	102	100	105	102	103	102	106	102	108	108	101
10	14	12	17	16	8	12	14	13	7	15	11	13	10	16	12	8	15	14	8	14	9	14	15	15	7	15	16	8	14	9	11	9	10	13	16	16	13	10	12	17	12	10	10	12	12	11	11	12	15	12	13	16	8	11	11	10	12	8	10	11	11	14	9	10	11	12	10	14	13	14	12	8	14	8	10	16	9	8	13	14	14	15	14	16	14	9	12	7	12	10	16	10	16	15	13	13	10	16	16	13	11	7	11	12	15	12	17	16	14	16	11	10	11	16	12	11	7	12	11	9	13	13	15	15	14	17	8	9	9	10	13	8	10	13	14	9	11	17	7	9	13	11	16	8	15	9	9	14	8	12	16	12	10	15	8	12	12	16	9	9	11	14	11	10	8	12	15	8	12	15	16	14	8	10	10	10	16	15	12	13	15	12	15	12	8	7	7	15	10	9	16	13	7	15	13	10	13	12	7	7	9	17	11	10	15	12	16	17	13	8	10	11	15	11	15	10	13	15	13	7	17	9	13	14	13	17	12	9	16	10	15	11	14	17	9	14	17	11	12	11	8	8	12	17	15	13	9	8	9	13	12	8	8	16	9	12	10	15	12	10	15	7	10	17	16	16	14	12	10	15	11	17	14	12	7	12	11	10	10	14	13	16	15	15	9	10	14	15	11	8	10	8	9	12	16	11	9	17	13	13	10	8	8	13	12	8	8	12	16	8	9	11	11	10	8	9	11	13	9	10	15	14	17	10	13	12	14	12	10	8	15	9	7	8	12	11	17	8	10	10	10	11	8	8	14	14	8	13	11	15	11	17	12	15	16	15	17	14	14	12	10	11	8	8	13	16	14	8	12	15	9	8	9	8	9	13	8	12	17	14	13	16	15	11	7	17	15	8	17	14	7	13	16	13	17	11	11	15	12	14	11	14	9	11	8	13	16	10	10	17	17	16	10	15	8	14	17	16	15	17	13	9	11	16	17	12	7	15	14	8	7	12	8	7	12	13	10	8	8	12	10	13	13	10	12	7	17	9	15	12	12	8	8	16	12	14	16	16	14	12	15	7	12	12	15	16	17	10	13	10	12	14	14	17	15	13	10	7	8	8	10	11	7	11	15	14	12	14	8	10	14	12	12	13	10	13	16	17	10	11	7	12	14	8	17	14	11	14	13	14	14	17	9	12	14	16	11	16	16	10	16	10	9	15	9	8	10	17	12	8	16	16	11	17	14	8	16	11	13	16	12	11	10	12	11	10	15	8	16	16	8	10	10	15	16	16	14	17	10	17	12	13	13	8	8	14	16	17	8	7	12	9	11	10	13	10	7	13	16	12	12	10	12	17	14	7	14	13	11	10	16	8	10	13	7	14	16	13	12	17	7	14	15	12	9	17	15	12	13	14	13	10	9	8	7	10	10	14	13	8	14	13	10	12	12	14	13	8	8	17	10	12	16	17	15	17	10	17	16	12	16	16	16	11	10	16	16	12	17	8	15	10	8	10	14	15	8	12	17	10	12	11	15	14	16	16	14	8	12	12	16	12	15	10	15	14	17	14	9	12	8	16	9	8	16	8	12	14	11	15	12	8	12	15	13	15	9	7	16	15	16	8	12	8	11	12	14	12	16	8	7	12	11	13	12	11	9	14	11	10	14	16	9	10	11	16	14	16	9	11	7	8	15	13	14	10	12	12	14	10	16	10	8	14	17	16	9	13	16	12	14	8	11	12	12	15	15	12	13	11	14	11	10	10	13	11	13	14	16	16	9	10	15	9	8	12	14	13	10	9	10	15	17	16	8	9	13	17	10	8	15	16	17	12	12	12	11	16	16	13	13	8	14	8	13	17	11	14	11	11	9	16	16	14	16	11	8	7	9	16	13	16	16	14	15	17	8	12	16	10	16	11	14	12	12	14	15	8	10	15	15	9	11	12	8	12	15	15	14	17	13	10	10	17	12	14	10	14	15	12	8	8	7	8	14	15	8	14	17	11	8	11	17	9	17	16	13	11	8	10	11	11	9	15	9	8	14	12	15	14	16	17	7	10	10	11	9	17	9	8	11	13	12	11	10	16	16	8	15	13	12	8	12	8	16	10	8	11	9	12	9	12	9	12	12	14	7	14	11	12	14	10	11	16	7	16	14	8	10	8	8	11	16	13	11	10	7	14	16	12	13	17	15	11	8	9	10	9	9	9	9	13	9	14	10	13	16	14	9	15	10	13	8	7	13	11	8	8	14	8	11	9	10	13	12	17	8	12	14	10	16	13	14	9	13	15	7	9	15
72	65	71	71	69	72	66	67	66	71	65	70	66	64	71	72	71	69	64	71	72	67	63	66	64	73	69	68	71	64	65	71	73	66	66	70	68	72	72	66	68	68	63	64	68	72	63	70	66	67	64	73	64	72	72	66	63	70	72	65	65	66	69	72	70	69	66	73	67	68	71	64	72	66	64	72	71	70	67	70	63	71	69	73	66	64	69	68	66	67	70	63	68	65	69	64	71	63	72	64	73	72	68	64	65	64	65	70	64	71	70	72	68	63	66	63	70	69	73	73	67	66	64	66	70	67	71	67	68	67	67	69	64	66	70	72	70	69	70	73	69	68	68	65	64	63	71	69	67	70	73	72	67	65	66	73	64	70	69	70	69	66	65	68	68	67	64	71	66	66	70	71	64	70	63	72	63	68	71	64	67	65	69	69	72	67	67	66	66	70	72	70	64	67	71	70	68	66	70	65	65	71	67	67	64	65	66	68	67	63	64	66	69	67	65	65	70	69	73	65	64	70	73	64	64	63	73	68	67	71	68	69	69	72	66	70	64	72	70	69	69	65	67	63	64	70	66	64	67	72	64	66	65	70	69	68	64	70	65	69	64	69	68	67	65	71	72	71	69	73	72	63	71	66	71	68	63	67	70	66	71	66	71	64	65	67	68	69	69	64	67	68	68	65	65	64	68	69	65	65	63	73	65	72	68	63	67	72	67	66	71	69	68	69	71	69	70	68	72	67	65	66	71	64	65	73	72	69	68	67	64	73	72	67	70	67	73	72	69	69	64	64	67	66	68	69	67	67	65	68	66	72	66	67	69	68	64	73	70	72	69	69	68	69	69	68	64	66	68	67	64	68	69	68	66	70	66	68	71	66	65	64	65	64	68	73	67	64	66	71	64	71	65	71	65	67	69	72	70	65	65	67	65	69	66	66	67	64	72	65	65	70	71	72	67	68	64	67	68	73	69	67	64	71	72	68	71	65	70	71	67	64	64	66	71	67	66	72	72	69	64	64	73	68	71	66	66	68	63	72	65	67	73	70	65	68	65	64	69	68	66	73	73	72	66	72	64	70	67	72	67	69	71	68	73	65	63	66	65	73	70	69	70	67	67	65	67	66	70	72	65	72	66	72	64	67	64	70	68	71	73	68	72	72	72	70	66	65	65	70	66	67	65	67	71	63	66	71	70	68	67	71	69	64	65	68	68	65	66	64	72	72	68	69	64	70	64	71	70	71	65	72	65	71	66	73	67	72	73	65	64	68	72	72	71	72	69	64	65	70	66	69	68	71	69	72	65	70	72	67	71	66	63	66	72	66	67	72	64	64	72	73	69	73	68	63	70	65	70	63	69	73	69	69	72	70	71	69	70	69	67	69	68	67	70	73	67	70	71	65	68	64	63	73	69	71	70	64	71	64	67	65	63	65	73	71	68	66	71	73	70	68	71	67	70	72	72	71	71	69	73	70	67	68	66	71	68	68	73	73	66	64	63	71	66	66	65	69	67	64	72	68	69	64	72	72	66	63	70	67	72	67	72	68	70	72	69	72	72	71	70	67	66	69	72	73	71	64	72	64	72	70	66	70	71	68	68	71	66	64	69	65	66	65	70	65	72	68	72	70	72	71	66	71	72	69	64	68	71	67	65	66	69	68	67	70	65	68	71	73	72	64	70	67	63	66	66	66	65	71	68	70	63	72	65	66	66	64	66	68	71	67	69	70	72	71	67	70	66	72	64	63	73	64	67	73	68	68	70	65	65	71	71	68	73	73	71	68	65	65	66	67	69	72	71	71	66	65	70	63	72	67	70	65	67	63	66	65	72	70	64	64	64	67	67	72	72	66	70	68	71	66	72	68	72	72	64	66	65	68	72	67	72	68	69	67	64	64	71	70	67	65	67	70	67	71	63	65	71	68	65	65	66	72	68	64	65	65	67	70	72	66	64	68	71	70	71	64	63	65	64	73	72	64	69	66	65	64	71	69	72	71	67	70	69	70	72	65	69	63	66	70	66	65	68	69	69	64	70	72	72	70	64	64	67	64	64	72	64	64	73	65	64	70	66	68	65	66	71	65	73	69	65	73	65	72	70	69	65	70	70	68	64	71	65	71	69	71	70	66	73	69	66	67	72	64	68	64	69	70	72	65	64	64	73	71	73	66	67	70	65	67	71	69	72	72	69	67	73	72	71	73	71	72	67	71	65	65	72	65	72	68	72	69	69	69	68	68	64	67	64	64	72	69	67	64	69	65	72	69	67	63	67	72	72	67	71	69	68	69
86	77	80	77	83	83	78	84	87	86	83	77	83	82	81	79	85	84	83	80	83	80	81	78	83	87	85	77	82	80	77	78	81	83	82	77	80	83	83	78	82	80	80	80	86	85	85	84	86	83	77	77	87	82	80	86	80	86	86	80	79	84	87	84	85	87	84	86	86	82	84	83	79	78	85	79	80	87	87	83	81	86	81	82	82	80	85	85	81	85	86	84	84	85	85	78	77	86	77	78	84	80	81	81	77	83	84	85	82	87	78	80	82	85	80	84	85	85	79	78	87	86	85	86	80	87	79	84	79	84	87	82	86	82	80	80	80	84	80	82	82	82	84	79	85	79	85	77	87	85	82	83	80	78	78	77	81	78	85	79	85	78	80	79	85	81	82	86	87	79	86	79	81	78	83	79	78	86	80	78	84	79	86	79	86	84	80	82	79	84	85	82	78	81	82	83	86	83	79	78	80	80	84	84	85	84	86	81	86	81	83	85	80	80	85	79	77	82	83	79	85	82	85	79	87	78	85	80	77	84	81	78	86	81	79	78	85	85	82	78	83	83	82	83	87	82	84	86	78	81	79	84	77	82	79	84	79	79	85	82	80	87	80	82	77	83	84	81	79	80	87	85	79	85	86	78	82	84	85	86	85	86	83	78	81	86	87	78	83	79	79	81	82	85	79	79	85	80	83	84	84	77	81	82	77	78	84	81	80	81	87	82	82	87	78	81	79	86	79	78	80	80	80	78	80	78	79	79	83	84	86	83	87	86	82	84	77	81	86	79	80	82	83	84	84	77	84	79	84	86	79	81	87	78	84	80	86	85	79	77	82	80	84	83	87	82	80	87	85	81	87	81	82	86	79	80	86	80	86	87	82	85	81	85	81	87	86	82	78	80	85	86	82	83	81	83	82	85	85	86	77	84	80	80	85	79	85	87	79	84	79	82	78	83	82	86	79	81	79	80	82	86	84	79	87	83	84	84	85	82	79	79	84	85	82	83	79	79	77	85	80	83	83	86	85	80	84	85	78	81	78	86	79	86	78	77	83	83	83	80	85	82	85	84	84	82	78	87	85	78	85	82	78	84	85	82	78	83	80	78	86	85	87	82	81	80	81	86	84	83	82	82	82	79	82	82	80	81	81	79	81	85	83	80	85	79	77	82	77	78	87	84	84	79	81	79	83	77	81	83	81	80	87	85	80	87	82	84	83	80	85	86	77	84	86	84	83	86	79	86	83	77	83	86	86	77	80	86	79	79	79	84	79	77	77	83	83	85	79	79	79	78	80	82	80	82	85	87	78	78	82	81	80	79	86	84	86	80	83	81	82	81	82	84	84	84	80	79	83	87	80	81	86	87	86	86	86	79	80	81	85	78	84	86	83	86	84	80	85	81	83	81	80	82	80	82	83	84	84	80	79	82	83	78	77	77	83	84	81	84	83	81	79	77	79	87	80	81	79	83	86	81	87	82	86	84	86	82	81	81	79	80	83	86	85	78	82	86	83	79	82	86	86	77	86	80	81	86	82	86	80	81	83	78	84	83	85	87	81	79	82	85	85	82	84	79	79	86	87	80	79	79	85	83	86	86	82	82	80	79	82	83	82	82	84	79	80	87	83	86	84	81	79	84	83	77	80	79	79	83	82	84	82	80	82	79	80	79	83	84	80	86	86	86	86	82	83	87	82	81	82	82	82	86	87	83	80	77	83	82	83	86	79	84	85	85	81	83	85	78	86	87	78	77	78	77	78	77	87	80	84	81	83	82	81	78	84	85	82	84	84	80	83	82	81	80	80	80	83	78	85	81	83	85	83	82	81	87	81	82	87	87	80	81	79	77	81	86	81	83	85	86	79	82	85	81	79	81	84	79	83	80	79	80	85	85	81	79	79	80	78	85	86	83	84	82	78	87	81	80	82	84	81	83	86	84	85	82	82	80	83	84	84	84	86	86	87	84	82	85	85	82	86	87	83	79	82	81	84	77	78	80	86	82	84	84	87	78	80	87	86	77	82	78	83	86	84	80	85	81	83	87	86	84	80	87	85	78	84	86	82	85	85	79	87	79	81	87	86	79	81	78	77	79	81	83	87	85	78	83	82	86	83	81	82	85	81	81	78	86	84	80	83	85	83	84	84	80	85	82	87	86	83	84	83	79	78	78	84	82	84	85	82	81	81	80	86	83	79	84	78	84	82	79	83	87	86	78	84	82	84	84	85	85	81	87	78	78	86	84	80	79	83	79	87	85	86	79	84	82	79	79	78	81	77	86	83	82	83	84
1	10	2	6	8	2	4	6	3	7	3	4	4	2	1	8	7	11	5	5	6	6	6	10	9	7	10	2	4	9	9	9	7	4	6	11	5	3	7	2	6	6	10	3	2	9	7	6	1	4	3	2	8	5	8	7	4	4	2	10	10	2	9	4	6	8	7	3	4	5	2	9	7	10	10	2	11	3	2	6	10	5	9	11	5	10	4	6	5	1	8	7	8	6	2	4	11	9	5	7	3	4	10	1	3	3	1	4	11	6	6	6	9	2	3	11	6	9	3	2	7	10	6	1	4	8	4	5	10	10	3	4	11	6	4	4	10	1	2	4	6	7	7	3	6	5	4	11	7	2	4	10	5	5	4	11	7	1	3	5	3	2	10	8	8	3	9	5	1	9	4	2	4	7	1	10	4	11	8	3	6	10	4	3	6	8	6	8	5	3	9	1	11	5	2	6	10	2	8	8	8	1	5	5	3	8	9	5	9	8	5	3	6	3	4	6	8	9	8	7	9	7	8	5	4	3	10	10	10	7	5	4	4	7	10	8	3	1	2	1	6	5	6	6	10	3	6	6	9	10	6	4	10	9	8	5	5	2	3	5	5	3	6	6	10	5	3	5	2	4	3	2	9	7	10	4	9	2	4	4	11	9	3	3	8	9	4	3	4	10	7	3	5	8	7	11	6	2	9	4	6	9	9	9	8	8	11	11	5	7	7	9	5	8	1	2	2	10	6	6	2	7	4	7	2	3	6	2	6	10	10	8	2	9	2	4	11	3	10	7	2	4	8	6	9	2	4	1	3	9	3	4	8	10	4	6	6	10	9	5	2	11	1	6	8	2	5	3	10	3	4	10	3	5	8	8	4	7	5	11	11	2	3	8	2	10	6	5	3	7	6	3	6	8	5	7	5	2	3	4	3	11	8	9	8	8	6	3	11	5	7	4	3	2	9	8	6	6	11	9	7	7	8	10	5	2	1	3	8	10	10	3	7	8	8	7	4	6	6	10	9	1	10	10	3	7	2	4	11	5	7	9	2	6	10	9	4	8	4	10	11	3	9	2	9	4	5	9	9	4	3	2	9	1	10	3	8	10	8	3	6	11	4	7	8	7	9	7	8	3	3	4	10	1	7	2	6	2	10	6	2	2	2	7	8	4	4	9	10	10	4	4	3	7	3	4	9	6	10	7	4	10	3	2	6	10	4	7	3	5	6	6	2	6	2	4	6	5	11	10	6	3	6	10	8	2	5	3	2	5	8	1	3	5	4	2	4	8	2	8	6	2	1	11	10	7	4	9	2	7	5	2	4	4	11	9	3	10	5	9	6	1	11	9	10	9	5	8	6	3	9	3	10	1	11	7	10	7	5	2	2	10	9	10	6	9	5	5	10	3	2	6	5	2	6	10	3	4	3	6	9	8	7	3	2	5	8	6	4	3	4	2	8	7	5	10	7	6	1	9	6	2	2	3	2	11	3	7	2	5	10	4	8	9	11	4	3	4	6	4	5	6	3	3	3	9	4	5	9	11	7	11	3	2	3	10	11	9	10	8	9	7	3	8	1	3	5	4	9	6	6	7	9	2	2	10	7	8	3	4	4	4	10	3	7	4	2	3	9	10	3	11	2	2	9	2	4	2	2	9	8	2	8	5	6	10	3	3	2	1	1	10	5	4	11	8	5	5	8	3	8	9	1	5	7	5	9	1	10	3	7	10	6	9	1	7	2	9	1	8	9	11	2	9	5	10	2	4	2	1	10	10	6	9	5	8	4	1	11	3	9	10	7	5	7	4	4	3	10	10	1	10	4	1	5	9	7	7	10	2	3	1	3	4	8	6	10	2	4	10	5	8	6	2	7	11	9	9	5	1	9	4	10	7	9	4	10	11	9	8	4	7	2	3	8	8	7	2	10	6	1	4	3	1	5	6	2	2	5	10	9	1	7	4	10	2	6	4	2	3	9	10	9	3	2	8	8	2	3	10	2	1	8	10	7	3	8	7	4	4	3	5	6	2	6	5	8	8	4	5	8	8	10	10	6	5	4	9	11	11	3	2	1	8	1	10	10	4	5	6	7	10	5	3	3	7	6	3	5	4	8	3	10	4	6	4	8	7	2	7	3	9	10	3	7	10	2	4	2	2	5	6	7	8	9	11	2	5	6	9	10	8	11	8	9	11	5	2	11	7	10	4	10	2	2	1	4	3	11	7	4	6	5	7	9	4	8	6	7	6	3	1	9	1	8	2	6	8	10	7	6	8	7	10	4	9	11	2	9	1
80	83	80	75	81	84	79	81	76	81	81	82	81	82	85	82	78	77	80	81	80	77	83	79	85	79	77	78	77	76	75	79	79	81	77	80	81	84	81	85	79	81	81	85	80	79	83	83	84	79	76	78	84	84	78	84	84	83	81	83	78	81	78	84	83	75	82	81	84	80	80	84	79	79	77	79	81	80	76	85	80	84	84	80	82	84	77	76	76	84	76	77	81	76	76	83	79	75	84	84	82	80	81	81	79	79	84	83	77	81	81	83	75	79	75	76	82	82	79	83	82	82	81	84	81	82	79	81	76	80	82	84	82	77	76	80	83	75	84	80	83	85	84	79	82	83	80	83	77	76	75	79	80	84	82	77	82	76	78	76	78	80	83	76	78	78	85	76	78	83	81	82	77	81	78	85	82	81	84	84	84	80	76	78	85	85	77	84	80	81	79	80	85	82	78	79	81	82	80	78	76	77	79	83	80	83	83	82	79	82	77	83	81	85	85	78	76	82	81	81	83	81	84	84	78	76	81	75	79	84	76	78	78	82	75	81	77	79	81	82	78	81	77	82	81	75	80	81	85	78	79	77	80	82	77	76	84	84	82	77	75	79	79	82	83	84	80	79	83	76	77	81	81	84	79	78	76	77	77	76	81	81	78	78	80	84	80	84	77	76	81	84	83	80	81	76	80	85	85	82	79	82	79	81	84	84	81	77	78	78	84	80	77	82	84	82	78	79	82	82	75	82	81	81	81	77	83	77	78	84	77	85	81	85	80	77	84	77	79	77	80	75	78	79	79	77	79	85	84	75	81	84	83	78	85	83	83	78	80	77	80	76	83	77	79	78	77	78	79	75	84	85	83	83	75	82	80	83	77	80	76	84	76	81	81	85	83	85	79	77	83	77	78	81	77	77	78	78	77	84	83	80	78	81	78	75	80	84	80	78	79	76	78	79	76	83	76	85	77	79	84	84	80	83	82	75	81	76	83	85	82	80	77	78	85	82	78	81	82	76	79	82	85	84	79	75	77	76	84	79	78	75	75	81	78	83	78	85	83	84	82	83	82	76	76	81	78	82	81	77	76	85	78	76	78	76	79	75	83	77	79	80	82	84	75	80	80	79	77	83	81	78	82	84	76	78	84	79	80	76	77	77	77	77	80	84	77	80	83	84	78	84	77	83	78	80	79	75	81	83	81	84	76	84	79	83	75	75	84	80	77	78	83	78	80	78	83	75	77	79	77	76	81	78	84	78	81	80	76	80	77	75	75	83	82	81	77	79	80	81	80	79	78	79	85	79	83	79	83	80	83	80	79	85	77	78	79	78	83	84	81	79	81	77	75	76	83	76	79	77	81	82	76	83	77	80	84	85	75	76	83	82	80	84	79	81	81	81	76	77	84	83	77	83	77	79	82	80	83	78	83	80	78	79	77	75	79	83	79	78	75	78	81	81	85	84	75	80	75	84	84	83	79	79	81	77	84	82	79	82	80	75	80	77	78	79	76	76	79	84	75	84	79	75	81	76	81	84	82	76	81	75	82	81	84	79	76	75	84	80	80	77	77	76	84	84	79	83	79	75	79	77	79	85	80	77	80	82	82	81	76	84	79	79	76	79	83	79	82	76	77	76	77	75	80	83	84	79	80	76	81	78	82	76	79	76	83	78	80	79	84	82	85	76	84	82	76	78	79	77	81	83	78	78	83	83	77	78	80	79	77	81	83	83	84	84	78	79	84	82	81	81	84	85	84	79	80	78	82	84	83	83	81	83	79	84	76	85	83	84	80	82	85	75	76	84	85	81	75	83	78	82	83	78	85	81	81	78	79	83	78	82	78	79	84	84	80	75	85	83	76	76	82	77	81	75	82	75	77	82	83	78	83	79	78	77	81	78	83	83	81	80	84	81	75	77	79	83	79	83	80	76	78	83	85	78	79	75	76	85	76	83	77	82	83	76	81	79	76	81	76	79	78	78	82	85	78	78	78	78	82	80	75	75	77	77	83	80	82	83	85	83	83	79	81	81	77	76	76	82	77	83	84	82	76	83	78	83	81	75	78	82	84	79	79	81	77	83	82	84	77	75	81	78	84	80	84	81	79	79	77	78	80	76	83	76	84	80	84	75	84	77	78	75	76	75	83	80	84	76	84	76	76	77	81	75	83	77	76	76	79	78	83	85	79	77	85	76	82	76	84	78	82	75	81	82	84	81	75	79	76	81	77	81	83	80	81	77	81	84	80	76	80	82	82	83	78	84	77	83	79	83	82	82	76	76	77	83	76	78
16	19	21	16	16	23	16	17	21	19	21	19	24	23	14	20	23	17	21	19	15	15	18	22	24	24	16	19	15	19	19	21	21	16	17	19	17	24	23	23	14	19	14	16	19	22	16	23	19	20	16	24	20	18	19	23	24	17	23	24	17	22	15	16	16	14	16	21	19	18	14	15	14	22	21	16	15	24	16	16	14	21	20	15	23	16	16	20	21	15	20	18	16	21	17	15	18	15	16	17	20	18	15	15	19	17	24	23	15	23	20	22	21	23	23	21	19	22	21	18	18	20	22	16	23	23	23	17	21	16	17	15	14	15	15	15	16	17	14	21	21	22	17	17	21	23	23	15	19	23	15	15	23	18	17	20	18	17	19	24	15	22	19	19	23	16	17	21	15	22	21	19	22	18	23	21	24	20	20	21	15	14	18	20	20	23	14	19	19	18	22	16	15	24	15	21	19	19	22	20	22	24	15	24	20	18	20	16	15	18	23	22	22	21	20	21	18	24	19	18	23	16	21	21	24	18	18	15	20	18	19	18	19	20	23	16	17	17	21	24	23	24	18	22	19	23	21	15	23	21	14	17	20	20	20	18	18	16	17	20	18	22	22	15	22	24	23	20	23	15	20	18	23	24	20	14	16	20	14	22	24	19	23	21	20	23	21	23	24	17	19	19	15	16	23	21	22	20	22	16	23	20	20	15	23	22	21	22	14	21	23	16	18	15	15	19	19	18	21	17	14	22	23	23	21	19	20	20	18	20	23	15	14	23	24	23	17	17	19	20	21	19	21	17	18	20	16	19	23	16	14	21	23	19	21	17	14	19	17	21	20	19	16	19	21	17	18	19	22	24	20	24	17	24	23	21	22	20	20	22	17	22	21	15	24	21	17	17	18	16	24	20	21	23	17	14	20	22	16	18	23	20	23	18	22	20	23	18	15	17	15	18	17	16	16	16	14	16	19	17	16	22	16	23	17	14	24	14	20	22	21	19	22	21	15	18	15	22	17	19	18	20	16	21	16	24	21	19	19	19	24	17	18	15	17	22	23	15	14	17	21	18	23	14	15	23	15	21	20	16	24	23	16	18	24	15	23	16	20	22	18	16	19	24	16	20	19	22	16	18	18	14	23	14	18	16	19	23	18	23	20	17	17	16	19	24	19	20	20	16	17	19	24	23	16	17	19	22	21	24	20	19	16	21	19	21	18	18	16	14	22	19	24	19	17	14	18	22	16	18	22	17	16	22	17	18	15	18	20	20	14	16	18	22	20	18	19	17	16	18	15	21	17	23	20	21	17	15	17	21	16	22	18	18	17	23	16	17	22	17	21	17	15	17	20	18	20	18	15	15	23	21	19	18	17	22	24	14	22	22	20	20	19	15	19	17	17	19	18	18	22	23	23	16	17	17	20	15	16	23	15	19	23	15	15	19	15	23	24	21	24	18	18	17	23	23	18	15	15	23	19	16	17	15	22	24	21	18	16	14	22	24	19	20	20	18	15	21	22	17	15	22	15	18	15	18	16	18	15	15	18	16	17	19	24	24	19	17	15	20	17	21	23	23	16	16	17	24	20	18	23	18	21	22	17	22	23	21	22	18	21	15	21	22	22	20	20	16	19	19	15	16	21	19	15	22	15	17	21	16	23	21	17	22	18	21	22	15	21	22	22	23	18	22	20	16	22	17	17	20	22	17	21	24	17	16	19	14	17	15	21	22	21	16	16	24	18	15	15	23	15	15	16	20	14	24	16	15	22	21	23	20	22	15	22	24	24	21	23	18	20	23	21	19	19	15	24	23	22	14	23	14	20	17	20	19	21	16	24	17	23	16	16	23	16	17	23	17	20	20	16	21	17	23	16	21	15	23	18	17	21	19	24	15	15	23	22	23	20	22	22	19	18	19	19	15	18	15	18	18	20	21	16	14	16	22	21	23	24	20	16	19	21	24	20	21	22	19	15	18	16	15	16	17	23	24	19	23	21	15	14	20	22	20	19	19	19	14	22	19	16	15	22	22	21	15	16	21	23	15	16	23	16	22	21	23	16	21	23	15	16	23	22	17	22	19	14	15	22	20	24	18	15	18	20	19	16	20	21	21	20	16	22	21	18	18	16	19	16	22	21	14	15	14	17	16	20	18	15	16	18	24	22	17	20	23	17	22	18	24	17	24	20	21	20	16	17	16	15	16	20	19	17	19	14	24	15	22	22	17	17	17	21	17	17	22	22	20	20	14	15	19	19	15	20	18	18	15	14	16	23	19	17	22	19	23	19	23	24	15
8	14	13	11	13	10	10	9	9	14	12	15	7	16	13	13	9	10	8	14	15	9	8	12	8	14	8	13	10	15	14	14	16	17	13	14	15	11	12	14	14	11	12	14	14	17	13	10	14	16	10	8	9	10	16	9	14	9	17	13	17	11	17	13	8	10	15	11	10	9	7	11	12	16	15	12	15	9	15	13	12	11	8	9	13	10	13	14	15	12	14	10	10	12	17	14	7	8	13	13	8	10	13	11	13	17	12	14	14	10	13	16	11	16	13	15	11	13	14	8	8	15	16	10	16	13	14	14	13	13	8	16	15	11	12	14	17	15	13	16	9	11	11	15	11	9	14	11	17	10	15	15	9	8	9	9	9	10	13	16	12	9	11	15	17	9	17	9	11	13	11	16	12	11	10	14	14	15	15	10	7	13	16	15	15	8	12	11	10	14	8	14	8	9	10	9	12	13	12	13	16	15	12	12	10	15	8	8	13	9	13	14	9	7	7	7	8	13	15	16	7	11	16	17	11	16	12	12	8	7	7	12	12	12	8	11	14	16	15	8	9	10	9	15	17	9	14	8	10	10	17	9	9	15	13	11	9	7	8	16	8	10	17	12	9	12	11	11	16	9	7	14	10	13	16	11	12	13	14	11	14	16	8	9	15	16	8	14	15	14	14	8	15	16	11	17	9	8	9	15	17	11	10	13	7	10	17	10	12	11	17	16	7	15	13	15	10	12	7	15	12	9	7	10	15	9	8	15	8	11	12	14	16	11	10	8	11	14	16	12	17	7	15	16	11	8	10	9	9	14	8	10	11	15	8	9	8	11	14	15	9	16	11	17	11	16	13	10	8	8	7	10	15	8	7	12	15	11	14	16	11	14	13	7	9	13	15	17	16	12	8	12	16	12	14	9	14	11	8	12	16	15	12	7	10	16	14	10	11	11	9	16	15	11	14	14	8	8	15	9	16	16	15	8	9	14	9	10	17	13	16	16	15	7	9	10	13	16	16	16	9	16	8	15	17	7	15	13	15	11	14	9	12	11	15	14	11	12	16	13	13	10	14	14	12	9	8	11	14	12	16	13	14	12	13	11	17	14	13	12	16	13	7	12	12	7	9	11	13	12	13	11	15	8	7	17	15	11	11	13	7	13	13	13	10	10	16	8	12	16	8	11	14	13	16	15	15	15	13	14	9	7	14	15	9	14	15	11	17	9	14	8	7	7	7	9	16	13	10	17	17	16	8	13	16	10	17	15	14	12	14	14	8	11	7	11	7	14	8	17	15	10	15	16	11	13	15	14	10	14	12	16	12	13	16	12	16	16	8	11	11	8	9	12	8	8	9	13	9	10	13	15	10	10	14	15	12	10	13	10	8	16	8	8	13	13	8	15	12	11	10	7	12	9	15	8	8	14	13	14	13	14	13	11	9	17	9	15	13	13	11	15	13	15	17	7	16	8	7	16	12	11	13	13	8	15	15	12	8	12	9	11	16	16	10	14	15	12	7	13	15	8	7	10	11	12	12	8	7	16	12	8	12	14	7	10	9	10	10	8	14	9	11	10	10	12	14	8	10	12	14	14	15	15	16	11	14	10	8	9	11	11	14	9	10	10	10	16	12	8	14	14	12	7	7	14	12	16	13	8	13	9	17	12	13	9	14	14	17	10	15	14	16	12	11	17	8	17	13	11	8	8	16	7	11	12	14	14	15	9	16	17	15	12	13	14	9	15	13	16	17	12	16	10	9	10	11	12	12	17	14	11	8	17	14	15	10	13	14	10	16	17	10	8	10	13	12	10	12	10	9	12	11	11	17	15	8	9	14	10	17	15	9	12	15	9	14	9	16	8	17	15	11	12	10	16	9	10	16	15	12	11	16	9	16	15	15	14	14	9	14	15	17	15	12	10	8	9	16	10	9	13	14	16	15	12	8	11	15	10	10	13	9	17	12	9	9	9	17	9	8	14	11	9	9	11	12	16	12	12	8	14	7	13	9	16	9	13	12	8	15	7	14	17	10	15	13	15	12	15	8	10	10	15	7	15	8	11	10	9	13	12	8	8	14	13	10	17	8	8	8	13	16	16	11	16	13	10	16	12	12	7	11	15	10	14	15	13	11	9	15	13	10	15	8	7	9	9	13	11	7	11	15	10	15	10	12	13	11	11	11	13	7	17	13	7	16	11	16	7	16	7	16	17	15	8	13	12	13	16	16	7	17	12	10	9	16	14	15	10	12	8	8	14	8	13	9	14	8	7	15	14	10	15	16	17	7	17	11	17
41	45	42	45	43	46	45	39	48	49	46	39	48	44	39	48	42	48	42	41	44	43	47	46	44	41	44	46	47	48	42	43	41	49	48	46	41	40	43	48	41	49	47	48	46	41	49	42	44	43	46	41	40	44	42	48	42	44	47	39	39	43	40	44	42	44	42	48	49	42	41	48	43	48	43	44	40	44	45	42	47	47	44	48	39	49	40	40	40	43	42	49	47	43	47	42	42	40	42	47	39	48	43	46	47	41	43	41	48	45	42	41	44	39	47	46	48	43	46	45	46	48	43	45	45	40	45	45	40	42	43	46	48	40	44	47	48	46	41	44	47	48	40	42	47	43	47	42	44	47	44	41	46	46	44	46	48	48	45	43	44	42	42	42	42	43	46	42	42	43	45	42	42	45	42	47	47	40	47	46	43	46	46	48	44	40	45	48	47	48	42	39	42	47	42	42	48	47	46	49	40	42	47	47	39	46	46	48	45	46	44	47	42	48	42	47	41	44	49	41	45	46	48	43	45	46	49	44	40	43	43	40	40	43	44	41	47	40	44	45	41	44	46	48	44	43	48	44	40	47	40	43	48	41	46	47	44	46	47	47	40	47	44	49	43	46	44	40	45	40	48	46	43	42	45	45	41	49	44	46	43	42	44	44	41	49	48	46	48	48	46	42	45	48	47	44	49	48	41	40	47	41	48	40	44	40	44	45	44	48	47	42	41	40	47	46	46	40	42	41	48	43	48	40	43	48	42	49	47	42	41	41	47	47	47	45	42	48	39	39	46	47	46	39	48	46	47	47	41	40	40	41	44	43	48	42	45	43	48	46	45	42	48	41	47	46	44	47	44	49	48	41	47	43	45	40	43	46	48	44	40	49	42	49	39	42	45	45	49	47	41	46	43	48	39	40	40	42	45	49	43	46	45	46	48	44	43	41	42	46	43	45	41	48	45	43	48	42	44	43	45	43	48	49	47	45	41	47	45	45	42	49	40	41	41	43	40	41	49	44	48	41	48	45	49	42	45	42	45	49	43	40	46	41	48	46	39	43	45	47	40	47	48	49	44	40	45	40	45	47	47	47	40	44	40	43	41	45	42	43	44	40	40	44	39	45	49	40	48	48	42	47	44	43	49	43	46	41	48	48	47	48	47	43	44	47	48	39	39	47	41	40	48	42	41	40	48	48	49	43	42	41	46	44	49	39	46	49	48	45	45	46	40	39	41	48	46	41	46	48	44	44	47	48	43	48	46	41	41	46	45	44	43	40	46	49	43	46	46	43	39	43	40	42	45	49	43	39	46	40	47	44	45	43	47	40	47	46	41	45	41	46	41	44	47	45	47	49	48	43	49	45	41	43	48	45	44	41	45	42	41	45	40	45	47	41	40	43	47	43	49	42	46	42	41	44	47	41	39	44	46	44	40	41	46	45	42	44	41	40	46	39	45	40	41	40	44	44	46	41	43	43	42	39	42	49	41	43	46	48	46	41	43	42	43	48	40	46	39	48	43	44	44	40	40	44	45	45	46	45	48	45	41	44	42	43	43	49	47	45	48	46	40	42	42	41	48	44	46	39	46	44	47	40	45	41	47	40	39	47	42	40	46	46	41	46	49	45	44	44	40	44	45	45	42	49	40	48	45	45	45	41	46	48	46	46	48	46	45	40	44	45	49	43	39	44	45	41	42	47	41	46	40	46	43	40	49	42	45	43	45	48	46	42	40	40	48	43	42	40	42	40	41	48	49	47	40	42	45	40	40	42	48	48	43	49	42	46	40	47	42	46	46	48	48	44	42	43	45	43	42	44	47	41	48	46	42	42	40	41	43	45	45	42	46	44	46	40	42	44	43	49	43	45	41	47	47	48	44	42	39	42	47	47	45	40	45	41	40	41	45	49	47	49	42	46	48	46	40	43	40	39	45	40	43	48	46	48	49	45	41	47	42	44	43	40	48	42	47	43	46	46	39	49	48	42	48	45	43	41	45	47	39	46	48	46	48	43	47	47	45	47	40	42	43	42	43	46	45	49	39	44	42	47	42	46	40	44	39	42	43	39	41	41	40	40	49	42	43	49	40	40	42	46	39	46	40	43	46	39	43	43	48	42	46	43	42	43	46	45	40	48	47	45	47	45	46	42	42	49	43	41	45	47	43	44	48	44	47	45	47	44	46	42	48	46	45	46	47	45	47	46	43	40	49	43	43	42	43	48	41	44	40	42	39	45	44	48	46	42	44	39	48	43	47	44	41	41	39	42	49	40	49	49	47	43	47	43	48	46
81	83	77	78	84	87	85	85	84	83	78	79	83	77	86	80	77	86	87	78	85	79	78	82	86	82	81	83	78	79	83	80	79	85	81	84	79	81	82	80	85	79	80	81	85	84	85	78	85	80	84	78	85	86	81	81	84	86	78	85	85	82	81	80	86	84	85	85	86	83	79	87	85	81	85	78	86	82	85	82	83	85	78	83	77	81	79	87	83	82	83	86	78	79	82	83	86	84	78	81	87	82	84	82	86	80	86	78	81	77	79	81	85	79	86	85	80	85	82	84	77	82	85	82	81	82	86	82	79	79	79	82	80	79	80	77	83	86	86	82	77	86	86	84	84	84	87	80	86	78	79	80	83	81	82	78	78	86	84	78	85	78	80	82	77	79	78	84	83	84	78	79	83	81	83	77	79	83	79	86	86	86	79	79	83	81	83	84	87	87	82	82	81	78	85	85	85	79	81	85	85	82	83	83	84	86	87	80	78	80	86	84	86	84	80	79	83	85	86	81	84	80	78	82	87	87	85	86	85	86	83	80	85	84	80	83	85	84	87	83	80	83	84	86	78	84	79	77	79	83	84	87	79	77	84	79	83	85	82	85	82	87	86	78	83	85	83	86	84	82	77	87	82	86	87	84	80	84	80	85	86	82	79	83	82	84	81	84	83	78	84	85	84	80	86	86	78	85	78	78	86	83	87	87	82	84	83	87	84	77	83	84	79	87	87	79	86	82	86	83	86	77	85	82	86	83	79	87	83	78	82	80	85	87	86	86	78	84	78	79	79	84	84	78	78	83	87	82	83	78	79	81	78	80	86	79	80	82	85	79	87	80	82	81	79	86	77	78	80	82	87	85	86	80	84	86	78	80	87	85	85	78	79	82	81	86	80	77	80	81	81	84	81	82	85	78	86	78	85	79	78	85	77	85	86	77	83	78	86	79	82	85	81	81	85	79	78	80	84	81	85	81	86	85	77	86	85	86	78	86	81	80	81	86	82	81	86	84	86	79	85	87	86	80	80	83	80	77	80	84	80	77	86	84	77	80	86	85	82	81	85	80	79	80	81	82	78	82	82	81	77	82	84	84	78	78	78	87	80	83	80	77	80	84	81	82	80	81	86	85	81	78	79	77	85	83	85	79	79	82	78	85	77	85	83	79	82	80	82	78	82	79	86	83	78	78	81	80	81	79	84	81	79	81	79	85	83	84	83	87	79	80	81	84	81	79	82	83	79	82	80	83	77	81	85	83	87	79	82	86	77	78	83	85	79	86	77	80	79	84	80	79	79	78	79	84	80	86	78	79	78	83	79	87	77	78	79	81	78	78	82	81	79	82	80	85	85	84	83	78	87	80	83	85	79	84	83	84	79	82	84	86	85	80	86	83	86	80	80	82	85	77	80	86	85	83	85	85	83	82	79	79	83	84	78	79	79	87	82	80	82	84	83	83	82	86	85	83	84	83	82	78	79	84	78	77	85	83	86	78	86	78	81	82	79	87	87	78	87	81	83	81	80	85	77	81	80	82	85	83	84	86	82	82	83	85	85	79	85	86	81	79	78	79	86	86	81	84	85	86	78	83	78	80	84	82	79	82	82	79	80	79	80	86	86	79	78	83	78	80	85	83	81	83	80	78	85	79	82	78	77	77	78	77	84	85	82	86	83	82	79	80	81	82	77	83	86	79	81	85	77	78	82	80	78	78	85	81	80	80	85	86	82	86	82	78	78	83	86	82	79	85	82	83	80	80	83	86	79	83	80	85	83	85	79	86	78	78	78	78	77	87	81	79	83	79	85	79	87	83	86	82	86	87	80	85	82	85	82	83	81	77	78	81	78	78	86	81	80	83	84	80	83	84	86	81	84	79	84	78	84	86	82	82	87	81	81	86	78	83	80	86	87	85	82	81	81	81	82	82	82	86	83	84	85	83	86	82	85	79	84	84	80	78	80	85	77	81	87	78	83	86	82	80	86	77	82	82	82	79	82	82	79	77	86	77	80	82	83	84	86	79	86	83	79	81	83	80	86	80	78	87	84	79	84	80	86	77	84	85	84	86	82	80	81	83	77	81	84	86	77	85	84	78	80	81	78	85	86	85	87	77	79	78	84	86	78	81	86	86	82	85	81	81	79	85	85	82	82	87	80	85	85	83	78	81	82	86	84	78	86	83	86	83	81	80	85	84	80	85	87	81	83	81	77	79	83	83	79	81	82	87	79	78	83	80	83	82	86	78	82	82	83	80	84	78	79	78	81	83	85	82	85	85	85	86	84	83	84	83
43	39	39	42	37	40	38	39	42	44	44	40	38	42	42	42	39	42	40	36	36	39	40	39	41	42	37	38	36	44	41	43	40	43	43	38	36	42	42	41	36	42	36	41	38	39	38	39	42	38	37	43	44	44	38	40	38	40	42	37	43	44	35	39	36	39	42	41	37	37	39	38	39	37	40	42	40	40	42	41	38	44	38	43	40	43	38	44	44	39	39	42	44	36	38	43	40	42	42	43	36	41	40	38	36	41	43	37	38	41	37	36	39	36	43	42	39	38	36	37	42	35	39	41	37	43	44	42	37	45	41	37	37	37	38	43	44	37	37	43	38	43	38	45	40	45	44	35	36	38	44	44	40	35	41	41	37	39	39	38	42	45	43	40	35	38	36	36	43	39	45	40	39	41	38	40	36	39	44	36	41	38	40	37	37	41	40	40	42	45	36	41	40	44	37	40	36	45	39	44	41	41	44	43	37	41	43	43	37	37	35	43	43	36	36	44	45	41	35	44	36	40	36	42	38	37	37	42	42	37	36	45	44	42	44	38	45	38	44	36	38	37	38	36	37	38	39	43	44	42	36	40	41	40	42	35	40	38	44	40	44	40	37	44	45	45	40	44	40	35	38	36	43	36	43	35	41	44	44	35	44	45	45	41	41	38	37	37	43	41	45	36	44	39	36	39	41	44	38	36	43	43	42	41	44	40	38	43	35	42	39	44	45	39	37	37	37	37	42	36	41	35	40	37	43	42	41	44	42	39	35	38	37	39	43	40	43	41	37	40	40	40	41	40	39	44	41	43	45	41	42	42	40	42	41	40	43	40	38	42	43	42	37	41	37	44	44	39	36	36	44	37	37	38	41	41	41	39	36	44	37	42	36	44	43	41	36	40	44	38	42	37	43	40	39	43	40	40	44	37	40	39	43	37	44	38	38	44	38	38	40	39	40	39	42	42	38	41	37	41	40	42	36	38	42	41	43	36	39	37	40	40	39	35	43	38	37	40	43	37	35	43	36	39	36	36	40	42	40	45	40	44	43	38	40	38	44	39	44	37	38	44	44	43	41	45	38	40	44	37	43	41	43	45	43	41	36	39	45	45	40	44	36	39	38	41	35	38	40	37	43	41	37	43	37	39	44	41	43	43	40	41	41	40	43	38	36	36	39	44	37	35	36	44	42	40	39	36	44	40	39	42	43	39	44	39	40	37	42	43	44	35	41	36	40	37	44	40	45	35	35	42	35	41	42	42	39	43	38	44	44	36	36	45	45	41	35	38	41	40	40	43	37	37	39	36	45	36	44	41	41	42	44	42	37	43	39	37	36	36	43	40	45	41	36	43	43	35	42	40	38	39	40	44	39	38	41	37	37	44	43	41	41	36	39	35	37	37	40	37	42	43	35	38	37	40	39	45	43	44	41	36	42	43	40	43	43	41	38	37	40	39	38	36	44	37	45	36	38	35	44	35	39	39	40	43	35	39	35	43	40	36	37	41	40	39	45	38	42	37	42	45	43	42	38	39	40	36	42	38	37	44	42	44	41	38	36	43	36	35	39	41	43	39	43	41	38	37	45	44	45	37	41	42	43	42	39	44	37	45	41	42	44	44	36	41	43	36	44	39	38	37	42	37	41	36	43	44	38	40	45	43	35	40	36	42	41	35	39	40	39	41	44	43	36	44	40	36	36	43	39	40	44	40	37	37	37	35	41	36	36	42	36	36	42	40	43	42	36	38	41	44	35	36	39	36	40	39	40	40	38	40	37	44	40	40	40	42	37	39	41	42	45	37	43	35	41	39	42	44	36	38	44	37	43	41	39	43	36	43	43	37	40	40	37	45	36	41	44	35	45	40	42	40	41	37	42	42	36	37	43	40	40	38	37	38	41	37	38	35	43	38	38	41	42	43	43	40	37	36	35	43	41	44	44	40	36	37	43	36	44	35	44	39	37	35	36	42	38	41	45	40	40	36	43	41	44	42	38	43	35	35	36	41	44	42	40	43	36	41	38	43	40	40	35	39	43	45	35	44	40	41	38	37	41	38	39	39	39	39	44	37	39	42	39	36	38	41	45	39	41	40	42	42	38	38	36	41	44	36	39	41	41	36	44	38	38	44	40	36	43	42	43	36	43	44	44	38	45	38	44	43	42	43	42	39	37	35	36	42	38	42	39	45	42	36	43	44	43	44	44	37	44	44	42	42	41	38	38	40	39	39	42	43	39	36	44	37	36	38	38	39	38	42	37	42	39	41	41	38	41	37	41	37	40	37	41	43	42	40
23	29	27	20	20	29	28	21	25	28	25	26	23	28	22	22	25	21	20	29	22	25	28	20	26	28	26	21	24	23	29	28	29	26	21	26	22	23	21	20	21	27	24	28	23	20	28	22	20	23	28	26	28	22	21	28	21	27	28	20	26	21	26	21	29	21	23	19	24	26	27	25	22	29	26	22	23	20	23	20	21	27	25	21	27	26	27	22	20	23	24	29	28	20	23	27	20	25	26	25	24	23	22	28	21	21	20	20	29	22	21	19	22	24	28	24	21	25	24	26	23	21	20	20	24	26	22	20	28	26	24	28	20	26	27	20	27	27	20	22	20	20	23	24	26	28	24	25	28	25	26	25	26	27	23	28	22	28	22	27	26	25	24	22	22	22	24	28	20	26	21	29	29	28	23	22	21	19	24	28	21	26	20	24	21	23	24	21	20	27	27	22	27	27	22	23	29	22	22	24	26	25	21	23	25	21	25	27	26	24	25	20	22	25	20	27	27	28	19	24	22	20	27	29	23	19	20	24	21	27	23	21	24	22	27	21	25	29	26	20	21	24	27	26	25	19	20	26	26	25	21	19	21	20	24	23	26	23	22	24	26	23	22	22	26	20	26	23	22	28	22	28	22	21	27	20	22	25	26	25	25	21	27	24	29	26	20	26	23	23	26	22	29	22	27	22	20	25	23	22	27	23	24	25	26	23	20	25	23	25	27	21	27	25	23	24	23	24	23	26	20	22	22	22	21	24	26	27	29	28	26	25	25	22	26	27	23	24	21	21	23	20	22	22	24	20	26	19	26	22	28	20	27	26	28	23	25	22	21	26	22	22	19	22	23	24	27	27	27	29	29	26	28	29	26	28	21	24	25	21	28	24	22	24	26	25	26	22	26	21	22	23	24	22	27	25	20	28	29	27	21	20	28	27	25	27	27	19	22	27	22	20	26	23	26	27	20	27	26	21	23	28	21	19	27	27	28	28	29	23	28	27	21	23	25	28	26	23	24	26	26	22	21	27	23	28	23	20	26	25	22	28	24	27	27	20	19	29	24	27	20	26	20	21	23	22	26	28	28	24	28	23	27	29	22	23	21	26	23	20	22	25	22	28	20	20	22	23	23	19	21	28	21	28	29	22	27	20	28	27	21	26	26	27	22	24	29	21	22	27	20	25	26	19	24	28	21	28	24	24	26	23	28	26	25	24	26	25	20	28	27	23	24	27	19	22	21	19	26	20	20	25	25	27	28	21	22	21	22	23	19	19	23	22	27	21	24	23	24	28	21	22	24	29	29	27	22	19	22	25	20	28	25	24	28	29	22	28	27	22	24	22	26	28	29	25	24	21	20	29	27	23	20	25	24	22	20	28	20	25	23	23	22	28	29	26	19	24	28	22	24	22	21	22	27	28	25	27	23	28	22	26	25	21	25	22	21	22	24	25	21	23	27	29	22	24	25	27	20	25	28	23	21	24	24	19	22	22	25	22	21	22	24	21	23	27	26	19	25	27	22	24	27	25	28	20	27	23	20	20	21	20	23	22	28	23	20	23	20	28	25	23	20	20	28	22	25	25	28	23	19	29	23	24	25	28	21	26	23	26	28	26	20	20	20	21	28	23	26	19	29	24	20	24	27	29	24	22	27	26	25	23	28	19	22	22	24	23	29	29	21	27	27	26	22	20	19	25	29	22	20	25	22	23	23	24	26	25	27	22	20	20	21	28	29	26	22	25	21	19	19	20	24	20	25	21	28	21	24	20	21	25	24	28	26	21	22	27	28	27	26	25	19	20	25	22	22	25	26	27	27	20	20	25	22	25	19	24	21	24	28	20	21	21	22	21	27	21	20	25	22	21	20	24	28	26	24	19	26	25	26	21	26	23	21	25	24	26	21	20	22	24	19	28	28	20	20	20	25	28	23	28	21	21	26	26	23	20	28	24	23	23	27	26	28	23	24	28	24	25	27	21	22	19	26	27	22	19	24	26	20	19	26	25	24	25	24	25	25	26	21	28	25	24	23	22	25	20	27	26	27	20	22	26	19	25	21	27	25	22	25	23	26	29	20	27	27	23	26	19	22	26	27	28	20	24	22	23	23	21	23	22	22	29	26	21	27	24	27	22	25	20	28	29	23	26	28	20	25	19	28	28	24	22	26	29	28	20	26	19	26	20	20	26	25	20	23	23	22	22	27	27	23	19	27	21	19	23	24	19	29	20	25	28	23	25	29	21	20	27	23	23	20	24	23	19	26	22	24	28	27	19	25	28	22	23	26	25	22	26
36	36	41	38	38	38	41	43	45	36	43	37	42	37	35	43	39	42	38	41	38	36	35	43	40	40	42	37	37	39	45	43	40	42	35	35	40	40	42	45	42	35	41	38	41	40	38	40	38	40	45	37	44	43	35	42	37	39	38	36	43	36	37	41	35	36	41	38	42	37	42	37	37	41	41	44	40	36	45	42	41	37	42	42	44	40	45	39	41	36	40	40	39	43	38	42	37	45	40	36	39	38	40	41	35	45	39	41	37	37	44	41	42	38	43	35	44	41	43	41	43	39	35	40	45	36	42	45	42	38	39	39	42	38	45	35	40	37	35	40	42	36	42	36	42	37	40	43	43	45	42	41	42	36	39	43	36	37	35	39	38	36	40	37	42	39	35	42	35	44	41	42	44	38	42	40	36	41	37	44	39	36	42	42	40	43	39	39	36	39	40	40	40	43	38	39	37	43	38	36	42	39	40	39	39	35	40	37	40	35	45	38	42	37	44	37	42	36	44	39	45	43	41	44	36	39	44	39	41	44	45	37	39	42	45	43	37	42	41	38	40	39	45	36	37	37	41	43	35	40	43	39	41	41	42	37	38	41	38	41	39	41	40	40	38	35	41	40	37	41	45	37	43	38	36	36	40	40	43	40	40	37	39	39	43	40	40	40	44	37	38	41	43	39	44	37	42	45	37	36	41	40	43	44	39	41	43	42	42	43	37	44	44	36	38	45	36	37	35	39	35	44	43	38	35	43	36	38	39	40	40	35	38	44	42	38	38	38	42	35	42	39	35	44	36	44	41	42	37	45	43	44	42	38	41	36	38	43	37	36	40	44	38	42	36	39	41	39	40	43	45	44	39	44	38	42	43	38	36	38	38	43	41	36	43	38	39	41	37	39	41	44	36	39	42	36	42	38	41	44	38	38	35	41	38	44	37	42	45	40	37	37	41	38	35	40	36	40	45	40	40	39	41	45	42	41	38	43	42	39	38	41	37	45	36	36	38	44	36	41	43	45	43	44	39	44	44	40	44	40	38	35	43	43	40	39	43	40	43	42	37	36	36	37	36	44	37	44	39	41	43	42	44	39	38	45	35	42	38	42	44	42	37	41	43	45	36	40	45	36	37	39	45	42	42	44	43	41	42	40	38	40	37	44	36	39	35	41	36	39	41	37	36	40	36	39	41	41	40	42	36	45	39	45	38	45	39	42	44	37	39	39	36	38	38	41	40	39	42	42	40	38	42	44	43	39	43	36	40	44	40	42	38	41	41	36	45	42	40	45	36	42	45	39	43	39	39	39	39	39	39	44	36	41	44	35	44	40	37	42	36	38	43	35	45	35	41	37	41	41	45	36	37	38	39	40	35	37	40	36	43	36	35	39	38	40	38	36	42	37	39	41	40	39	44	43	40	39	38	37	41	45	41	37	44	35	37	37	43	39	42	43	41	45	38	38	37	36	40	39	36	38	44	42	39	37	36	41	35	41	38	40	39	44	38	41	41	41	39	35	39	45	43	35	38	42	35	44	38	43	40	38	39	37	43	44	38	42	43	35	35	43	42	39	40	37	43	36	36	37	44	42	43	43	37	40	37	35	39	39	42	44	36	41	42	36	40	37	37	41	37	45	43	40	45	42	42	39	36	40	43	44	41	35	41	37	42	44	39	42	41	36	41	41	35	38	36	42	43	45	38	43	40	44	38	43	36	38	37	44	40	37	36	38	39	39	45	42	40	43	37	45	42	38	40	43	41	41	41	38	39	44	38	42	36	36	37	39	43	36	38	43	40	37	42	44	44	41	39	37	41	43	44	38	44	39	36	42	44	44	44	39	38	37	40	42	39	38	39	42	38	38	44	45	36	36	39	36	36	38	36	43	35	42	40	39	44	38	36	42	35	43	39	38	37	44	43	42	37	38	37	35	36	35	40	40	39	42	40	36	45	43	40	43	45	41	40	41	39	40	38	36	37	41	41	38	39	37	39	40	38	37	36	44	36	38	39	38	40	44	40	40	36	43	39	43	37	37	36	35	41	41	37	41	39	43	44	41	37	42	44	42	44	40	35	44	45	42	36	40	40	37	43	37	38	44	40	44	44	42	40	39	38	37	35	41	44	39	39	42	37	41	38	39	40	38	43	41	36	43	37	38	45	37	37	43	40	41	40	43	37	37	41	44	37	43	43	40	44	41	42	36	42	43	36	43	41	44	36	43	36	37	41	37	40	39	38	35	40	36	37	40	38	45	38	37	38	36	43	42	39	41	37	44	37	37	41	37	39	45
73	70	75	71	68	69	71	72	69	66	75	68	70	73	74	75	73	70	74	70	72	70	71	74	69	69	66	67	67	70	66	69	68	76	71	74	72	71	75	72	73	73	68	74	74	75	69	71	71	75	69	75	70	75	69	66	73	73	71	74	72	70	75	67	75	66	72	67	73	72	71	76	67	75	68	70	70	68	72	67	70	72	70	67	69	67	67	69	75	69	72	68	74	75	72	67	70	69	70	68	72	76	74	76	73	68	70	72	67	74	71	67	72	74	76	74	70	70	68	66	71	71	69	70	72	67	69	73	70	72	73	73	68	67	76	70	72	69	74	71	75	76	73	70	73	68	74	70	69	70	68	69	73	70	75	68	69	67	71	72	68	69	72	66	68	71	71	72	74	70	72	74	71	70	68	75	70	67	73	72	69	69	75	66	71	69	74	75	72	75	76	71	70	68	75	69	67	73	75	76	68	72	73	75	66	70	73	71	67	71	74	70	76	73	72	74	71	72	70	73	69	74	75	71	74	71	74	67	74	74	68	66	75	70	68	71	73	71	72	75	72	75	75	71	67	70	71	73	74	73	75	71	67	66	67	75	76	70	67	75	70	75	70	73	74	67	69	72	67	69	74	76	73	75	66	69	66	73	76	69	71	74	66	72	72	66	70	76	74	67	76	66	68	68	73	72	72	67	69	70	67	73	73	70	69	75	69	70	74	71	72	75	73	67	70	68	74	68	72	74	69	69	68	73	75	68	75	74	70	76	72	73	72	75	68	66	74	71	72	72	76	68	68	66	67	68	71	66	67	74	70	71	69	74	67	68	66	72	71	73	70	69	71	71	75	74	70	69	68	69	72	71	66	66	75	76	72	71	73	70	75	71	76	75	72	72	67	75	76	73	72	69	68	74	74	72	70	70	75	69	68	76	73	73	74	69	74	71	76	69	74	70	70	70	76	71	67	74	68	75	73	74	66	69	75	68	76	67	76	66	68	73	67	73	70	71	69	74	75	71	72	67	67	72	69	69	70	68	69	67	69	74	68	67	70	71	73	74	72	69	75	71	72	67	71	70	71	75	70	73	70	66	75	72	70	73	75	67	71	69	67	71	71	74	71	74	67	71	70	73	69	67	72	72	69	70	71	74	73	75	73	67	73	67	66	67	72	71	73	67	72	73	68	72	72	73	76	75	73	67	67	68	76	71	68	70	72	67	69	67	74	66	68	72	73	70	73	71	69	68	72	72	75	72	69	72	70	67	73	73	67	75	67	69	75	73	69	74	72	68	75	67	71	69	70	69	69	73	67	70	67	67	72	66	73	68	66	76	67	68	69	75	73	69	69	71	71	71	70	70	74	73	70	69	72	69	66	70	72	72	74	72	69	67	70	68	72	73	69	72	69	76	69	76	75	72	70	67	68	71	67	73	74	69	69	67	70	72	70	76	72	70	73	74	68	71	75	69	69	67	69	71	72	74	70	75	71	72	67	67	68	72	76	70	69	67	67	75	69	75	66	72	67	71	67	70	67	67	66	75	68	67	74	70	68	70	74	73	68	68	75	72	68	73	67	67	70	69	68	70	71	76	72	70	76	76	73	69	67	75	73	72	72	76	74	69	70	71	75	72	71	71	66	75	72	75	74	72	68	70	68	76	76	67	75	70	67	66	74	66	75	75	70	73	70	73	74	76	66	76	70	68	73	75	74	67	69	74	71	74	66	74	67	76	70	70	74	74	69	76	69	73	69	75	70	69	69	71	72	73	67	69	68	70	71	66	67	70	76	70	68	75	72	67	70	70	73	76	67	69	69	75	66	69	71	75	75	66	70	70	74	75	71	66	70	73	76	71	67	66	70	75	71	73	66	72	66	76	66	76	71	72	72	75	76	68	68	69	73	69	73	76	75	70	73	68	68	72	70	71	71	69	75	72	68	72	69	70	74	73	69	68	68	73	67	72	67	75	72	71	67	74	75	69	68	71	67	72	71	70	66	76	70	72	76	74	68	75	74	69	72	73	69	69	68	75	74	71	71	66	71	74	74	69	73	72	70	74	68	68	71	68	72	73	70	67	69	70	75	74	73	68	74	71	73	75	68	75	66	73	70	70	66	68	73	69	75	72	69	73	72	68	67	71	71	70	72	67	67	75	67	70	71	76	70	67	75	74	76	70	66	72	67	74	68	73	66	69	72	69	71	72	72	75	69	71	66	73	73	72	69	67	68	72	75	73	70	71	66	74	73	76	69	73	70	70	68	69	74	68	75	71	70	72	71	74	72	70	72	75
39	46	44	38	46	39	43	38	45	42	45	46	46	46	41	46	38	46	39	46	42	45	39	40	37	40	45	39	40	40	38	40	41	46	41	41	40	45	38	43	43	40	39	42	43	46	40	44	47	43	39	43	40	37	45	46	45	40	47	38	44	42	38	38	43	41	46	43	40	46	40	38	47	42	40	38	43	39	41	37	45	42	43	47	44	38	42	47	42	41	45	44	40	46	40	44	45	45	41	37	46	43	45	40	45	45	46	41	46	38	41	39	38	42	40	40	47	40	47	45	37	41	38	44	43	46	44	46	44	43	38	45	47	42	41	38	43	45	42	43	40	39	41	43	43	39	37	41	41	43	43	39	43	45	41	38	41	39	42	44	37	41	40	45	40	39	37	46	38	46	46	38	45	40	45	37	37	39	47	42	45	40	45	38	40	38	40	46	44	38	42	43	41	42	44	41	45	37	40	39	38	41	47	38	45	41	45	37	38	37	46	41	39	40	44	38	39	37	44	42	40	45	44	39	37	38	43	42	46	47	39	37	42	40	37	44	41	43	38	46	41	41	39	37	38	38	47	43	45	43	40	39	42	37	38	44	44	46	41	39	44	45	43	40	44	41	39	46	40	45	39	46	44	43	43	45	39	44	43	39	43	38	40	40	42	40	42	46	43	39	41	39	41	39	38	42	43	37	44	41	47	45	44	47	40	40	45	43	45	46	39	44	47	42	42	47	46	40	38	42	44	39	41	47	44	46	45	44	46	46	45	44	44	42	44	47	42	42	37	38	44	38	45	45	45	38	37	40	46	46	47	47	45	45	41	46	44	40	41	43	43	40	38	38	46	47	37	46	43	46	40	37	44	46	40	46	44	47	43	44	43	44	43	39	41	41	44	45	46	46	38	45	39	42	42	41	43	41	43	39	38	46	43	45	39	46	44	42	46	43	46	45	40	43	43	37	38	38	46	38	45	42	41	45	38	38	40	44	44	46	39	41	38	38	42	44	38	38	45	43	38	46	46	43	47	46	38	40	43	38	40	39	44	43	42	43	37	39	45	41	40	44	45	46	38	40	44	40	37	45	44	41	43	40	37	44	43	47	47	38	40	38	45	39	46	43	44	39	45	43	44	39	43	39	38	46	38	44	44	44	38	40	38	43	41	39	37	40	41	37	39	42	46	38	39	39	45	40	42	44	43	45	41	38	46	41	44	42	46	41	40	43	45	47	41	38	45	44	38	46	45	43	46	46	46	46	39	41	45	41	43	40	47	46	40	38	43	41	40	37	39	38	38	38	40	40	38	43	44	39	42	47	37	44	45	37	43	43	41	41	44	39	41	38	38	44	46	46	44	42	42	43	45	39	40	43	42	46	39	45	37	43	38	37	39	38	37	40	40	42	45	41	45	42	38	40	37	45	46	44	46	45	44	37	40	43	40	45	42	42	46	47	40	40	40	45	45	43	43	40	41	41	39	44	40	43	44	46	37	42	44	44	44	38	38	42	45	37	40	46	44	45	43	38	45	44	43	45	43	42	38	45	40	40	41	40	40	40	38	46	46	40	47	45	43	43	46	43	40	39	42	43	47	46	39	46	46	44	41	44	44	39	42	44	40	43	41	42	37	43	45	43	40	44	44	45	46	41	44	38	45	42	43	44	45	46	46	41	37	44	44	41	46	42	43	40	40	45	45	43	40	46	40	43	42	37	40	42	42	39	39	41	43	40	44	45	42	39	38	37	38	39	45	46	38	38	40	40	41	38	46	39	45	40	40	38	43	43	42	39	39	41	45	45	37	45	40	37	39	44	39	41	37	44	44	39	41	38	47	40	39	37	41	47	40	41	43	38	42	46	43	44	43	45	38	40	41	43	45	41	42	40	41	45	41	42	46	45	47	45	46	38	43	40	41	38	45	47	42	43	41	41	37	43	46	42	43	46	43	45	38	46	40	46	39	44	41	46	39	39	44	40	40	40	46	42	37	45	45	44	43	41	41	45	43	45	43	39	38	46	44	41	46	45	40	46	44	38	44	42	42	46	40	37	44	45	45	46	39	45	44	41	38	41	45	45	41	44	43	37	47	46	43	44	42	41	43	41	38	42	37	41	45	43	42	41	46	39	45	46	39	45	44	38	46	42	44	42	45	40	40	42	44	46	41	39	44	39	38	45	42	37	42	43	41	43	44	43	41	38	46	41	42	41	41	46	40	43	47	45	43	40	45	47	37	44	45	41	38	46	41	38	40	43	46	38	40	46	38	43	38	46	44	42	40	40	41	42	37	41
100	104	100	99	105	103	99	102	107	105	100	105	103	103	101	98	105	99	102	104	103	99	105	106	102	103	98	100	105	102	101	107	105	103	105	101	98	106	103	104	103	98	101	102	102	107	106	98	101	105	99	100	105	104	104	100	97	103	103	104	101	101	98	106	106	105	97	99	105	98	105	98	98	100	103	99	106	98	105	101	105	100	102	106	99	104	102	100	107	98	105	104	106	99	100	97	102	107	103	105	100	100	103	97	106	98	107	105	103	106	102	104	101	103	103	99	101	98	107	107	105	106	97	99	103	102	100	100	105	104	103	101	107	103	105	99	100	106	97	101	102	103	105	107	106	103	106	99	104	105	99	106	101	102	98	101	105	107	106	103	103	99	103	103	97	106	103	101	102	98	104	107	101	105	104	102	101	99	100	103	98	103	105	107	104	98	105	97	104	98	106	99	98	101	102	105	98	102	106	107	101	99	106	100	102	97	104	103	106	101	102	99	106	104	103	103	100	107	105	97	99	102	106	100	102	102	99	98	101	101	102	100	105	100	100	106	107	98	99	107	100	99	102	104	103	106	101	98	102	98	102	103	103	97	101	99	102	106	102	102	99	104	103	101	99	104	99	99	102	102	105	100	106	104	106	100	104	101	97	100	106	101	100	100	101	98	104	106	98	103	104	100	103	102	100	100	106	101	102	101	98	102	99	97	102	102	106	103	104	97	104	101	103	98	106	104	107	105	100	100	104	107	98	101	107	106	106	101	102	103	102	101	101	99	105	106	103	106	98	98	98	106	106	105	100	107	102	98	100	104	104	103	100	97	98	104	105	103	107	105	102	104	99	100	106	102	98	101	102	101	100	105	99	98	97	104	104	105	99	100	99	99	98	100	99	98	102	97	107	97	106	98	97	98	102	98	98	104	106	107	106	101	104	102	98	103	102	102	101	98	100	101	103	98	102	105	101	99	98	100	103	99	97	99	104	103	106	98	98	105	100	99	102	107	101	99	106	99	102	97	102	97	103	97	107	100	102	101	104	103	102	106	99	99	103	102	101	97	102	106	100	98	100	106	99	102	106	106	98	97	101	103	102	105	105	103	102	106	106	101	106	99	100	103	103	100	98	101	101	104	97	99	98	102	105	103	100	104	99	101	97	100	97	104	100	99	101	103	105	104	107	98	98	105	104	99	100	102	102	97	100	104	105	101	102	105	103	107	105	104	104	106	106	99	100	101	105	103	103	103	101	101	98	107	99	99	97	104	104	104	97	99	106	104	105	105	106	106	103	103	105	105	98	98	99	104	104	105	105	107	102	99	103	102	98	103	99	107	107	97	107	106	103	105	101	104	101	105	104	107	101	102	97	106	103	104	103	106	98	105	97	102	99	100	102	102	105	106	98	99	104	101	98	102	104	100	104	106	98	101	99	101	104	100	102	97	98	101	102	102	105	104	101	98	98	97	101	97	101	106	100	105	104	103	105	106	107	104	101	105	100	100	104	107	104	102	105	104	98	107	98	99	103	98	99	104	107	106	101	103	102	98	101	106	104	104	99	101	106	103	100	102	98	100	102	102	98	107	104	98	102	104	103	106	101	101	104	98	103	106	102	99	98	98	105	107	99	101	99	100	103	101	102	98	100	97	103	103	105	104	105	106	101	100	99	106	106	106	99	101	99	107	98	106	105	98	102	101	104	98	100	101	101	105	99	98	97	107	101	102	101	100	100	104	99	100	100	101	100	106	99	102	107	102	101	105	102	105	98	101	105	102	106	100	99	101	107	106	101	106	103	107	107	100	101	105	107	104	105	105	98	98	103	102	107	104	104	104	105	104	105	106	100	99	105	101	102	106	104	102	101	103	101	100	106	99	104	104	100	103	102	98	102	98	104	104	98	97	105	103	99	106	106	99	102	106	100	105	104	105	101	98	106	101	102	104	102	99	107	98	98	104	98	102	104	98	103	105	106	101	106	99	104	98	99	99	105	102	103	102	98	106	98	107	99	107	101	106	98	97	104	102	103	98	98	100	105	105	104	101	101	105	102	107	102	103	98	104	98	102	98	98	103	104	102	102	100	106	106	104	107	107	101	103	102	99	102	105	99	102	102	103	102	99	105	105	97	100	106	105	105	99	104	105	100	100	105	103	103	99	107	98	97	102	106	103	97	99	99	106	98	103	105	105	106	99	105	103	97	98	106	101	102	104	99	98	106	103	98	103	99	106	100	106	103	103	101	101	104	97	100	98	99	105	106	104	97	98	100	103	99	101	102	97	104	101	106	103	105	98
104	102	107	109	105	106	108	103	101	103	104	109	106	106	101	101	106	103	101	110	107	100	103	101	103	107	104	107	102	108	102	108	106	102	104	103	108	103	106	101	107	109	109	102	108	102	100	105	108	100	104	102	107	102	104	103	104	106	107	110	110	106	104	108	103	108	105	104	110	105	101	104	108	105	100	100	104	106	106	104	103	105	107	105	109	104	108	102	105	104	109	108	106	103	102	100	108	108	109	102	101	101	103	108	106	108	108	101	107	106	104	105	102	101	100	110	107	106	103	105	107	105	107	101	104	101	101	101	102	101	102	108	101	108	102	100	101	108	102	104	108	103	101	102	103	102	110	101	105	107	101	102	103	107	104	108	109	103	103	105	102	105	103	108	107	106	108	109	104	107	103	103	102	103	108	108	102	107	110	103	105	103	105	110	104	104	106	109	110	101	105	107	102	105	104	104	109	101	104	102	107	103	101	106	106	105	108	107	109	106	101	106	109	110	101	109	106	101	101	104	101	105	108	108	104	106	101	106	105	108	104	102	108	105	106	101	104	107	109	101	104	108	108	104	109	106	106	107	110	108	108	108	104	109	110	100	104	104	105	102	104	107	103	106	109	101	109	107	103	102	110	103	106	104	101	109	103	108	104	102	104	101	105	107	109	105	109	109	108	103	109	102	101	107	108	109	106	102	107	107	109	100	100	109	104	103	101	108	104	105	107	106	105	106	106	107	104	102	108	101	103	106	103	102	109	103	108	104	106	101	109	108	105	108	101	103	102	106	108	102	102	101	107	102	107	104	102	110	106	108	106	103	109	109	107	103	106	108	108	109	104	104	103	108	107	102	107	102	101	105	104	107	102	105	106	110	109	107	109	103	105	101	108	110	101	104	107	108	102	102	102	109	107	100	105	105	101	102	106	104	105	109	104	103	105	106	101	104	102	101	105	103	107	103	108	109	109	100	106	108	108	109	110	107	101	108	106	104	107	107	109	107	107	107	105	107	102	108	104	107	103	103	109	101	106	106	108	101	109	110	106	105	110	104	103	105	102	106	103	106	100	102	104	105	108	103	110	107	110	102	110	106	107	107	106	101	102	110	107	100	110	101	103	108	100	102	105	104	105	103	109	103	106	104	104	109	109	107	103	102	104	108	103	104	104	104	107	103	100	102	103	109	109	101	101	107	106	107	103	108	109	110	108	105	104	102	103	107	108	106	110	104	109	104	110	106	102	108	106	105	101	104	110	105	102	105	109	110	108	107	107	107	107	103	109	104	109	100	109	106	108	110	105	103	104	110	110	105	102	109	105	101	109	109	110	106	101	105	103	100	104	106	103	110	105	109	105	107	103	110	108	109	109	106	102	110	105	103	101	102	109	104	108	101	101	108	105	105	107	103	100	103	105	107	102	106	106	103	107	105	108	107	110	102	100	102	106	105	104	107	105	108	101	108	106	109	104	102	105	102	105	100	102	108	107	102	106	108	102	108	107	101	100	105	109	104	108	103	106	103	103	104	102	105	110	104	109	101	102	101	101	105	104	104	110	107	107	109	105	110	101	102	102	106	103	105	109	105	109	106	106	106	106	107	109	106	107	106	107	102	108	102	103	104	104	109	109	108	108	102	108	103	107	107	106	110	108	102	102	110	106	101	105	101	102	109	108	108	103	103	104	107	101	105	107	106	107	109	101	101	107	100	104	108	101	102	109	108	107	110	106	110	102	104	103	100	109	108	103	106	101	104	102	105	109	108	109	103	108	108	101	103	108	103	102	107	106	101	109	100	106	103	100	108	105	101	107	107	107	109	103	104	106	108	108	107	109	107	101	107	105	101	107	103	109	101	102	101	101	103	107	103	108	109	110	101	107	107	107	104	108	101	101	103	106	101	110	101	100	109	108	101	106	106	103	101	102	101	106	107	103	106	101	104	108	101	103	106	101	103	100	108	108	101	101	102	105	107	104	106	107	110	107	108	101	104	105	105	101	101	105	102	108	107	100	107	104	109	105	106	101	101	104	106	101	108	106	110	102	110	105	105	105	102	107	106	108	100	104	101	109	108	108	109	102	109	104	109	103	102	104	108	108	102	105	106	105	103	107	105	105	108	107	101	105	101	106	106	108	105	102	109	104	109	101	101	105	107	109	109	100	100	104	101	103	109	105	102	102	101	101	100	102	108	101	101	104	106	105	107	106	108	109	101	102	108	103	105	101	102	102	100	102	101	108	106	107	103	109	104	101	102	109	101	101	107	105	107	101	103	109	103	100	107	102	103	106	108	102	102
8	10	4	7	10	10	11	5	3	5	11	3	5	3	5	10	3	5	8	4	7	4	7	6	5	6	8	7	2	3	9	5	4	11	3	11	2	4	3	8	9	5	5	4	9	10	10	3	3	3	3	5	9	11	7	10	5	11	5	11	2	8	3	2	11	9	11	11	4	8	4	6	2	5	10	6	8	3	8	2	7	5	4	3	10	8	4	6	3	8	7	11	5	12	8	5	8	7	7	3	4	8	9	11	11	11	6	6	3	7	5	11	11	7	6	11	2	3	6	4	7	9	7	8	11	7	2	8	6	7	11	7	2	6	2	2	9	5	10	3	5	3	6	5	10	6	5	9	7	2	5	2	4	6	9	11	3	5	8	3	4	4	11	10	3	10	4	9	5	12	8	4	8	6	12	8	10	3	9	5	5	3	4	7	2	5	8	5	4	7	9	4	10	4	9	6	6	7	4	8	4	9	3	10	4	5	7	4	5	11	9	3	7	6	3	5	11	5	3	5	6	5	11	8	12	6	6	3	6	9	10	6	10	4	4	4	6	2	6	4	4	10	10	11	6	12	3	12	3	10	6	11	6	3	10	4	9	9	5	12	4	10	7	4	3	10	8	9	11	3	11	3	5	8	8	2	9	11	6	11	6	2	11	4	6	4	6	8	7	2	7	11	8	3	10	3	2	12	12	9	6	10	6	9	5	12	3	3	2	9	4	5	11	11	12	5	9	11	11	10	8	12	8	12	4	4	10	5	5	11	8	3	5	11	6	10	6	7	6	2	10	8	6	2	5	5	3	12	9	8	3	12	4	10	12	10	6	3	12	2	6	7	11	6	5	6	6	3	4	11	3	10	3	9	7	8	9	9	10	6	10	10	7	8	8	3	10	11	7	10	9	11	9	6	7	9	11	4	4	7	3	10	2	2	8	12	5	9	3	6	10	2	11	7	6	9	6	9	6	6	11	10	8	3	8	4	10	9	3	5	6	10	6	8	2	8	11	10	5	6	3	2	8	3	10	3	6	7	3	8	11	2	4	9	6	3	5	7	10	12	7	3	6	3	7	8	11	11	12	11	8	3	5	6	9	3	6	4	7	11	6	12	8	5	10	5	4	3	2	9	6	10	10	4	10	11	9	11	11	3	4	5	12	4	5	2	12	5	5	5	11	6	3	8	6	3	11	5	12	4	7	8	10	8	5	7	5	5	2	2	4	9	8	3	8	7	8	2	6	12	9	8	12	4	5	9	4	8	8	7	10	9	8	8	4	9	8	8	6	10	4	5	7	11	3	10	8	8	8	11	3	5	4	10	5	4	7	5	8	7	9	8	4	4	6	7	5	4	12	7	5	11	10	5	11	9	5	7	9	11	10	2	8	5	4	3	10	5	2	11	4	7	7	4	8	10	9	3	7	2	3	10	8	6	10	11	5	9	6	6	6	9	7	5	6	4	3	10	12	7	5	2	11	4	10	8	5	10	11	6	5	8	4	8	8	8	9	10	8	3	11	5	5	11	11	5	12	8	4	9	3	10	4	4	4	9	11	4	6	2	8	10	12	3	11	8	4	9	10	12	6	10	9	2	9	12	12	7	7	3	9	10	7	5	10	12	7	9	5	4	3	10	5	6	4	8	6	8	8	11	4	7	7	2	9	11	3	5	8	10	3	7	5	5	8	8	7	6	8	6	4	5	10	6	5	12	2	2	10	7	8	2	8	5	9	8	9	3	8	5	8	6	9	5	5	5	9	9	7	11	9	5	11	8	9	9	4	5	2	2	4	10	6	10	12	12	4	3	3	12	3	3	11	6	12	12	5	10	11	8	4	5	7	6	11	2	4	6	10	8	5	4	9	11	7	7	6	9	8	11	7	4	11	6	11	3	9	8	2	4	11	7	11	6	3	4	12	12	9	8	12	12	8	3	3	10	6	6	7	3	6	10	7	9	9	8	4	3	11	6	2	3	3	4	6	4	6	4	2	4	11	10	4	7	7	7	5	12	10	3	11	2	8	8	4	11	11	9	8	6	5	9	10	4	12	3	11	6	12	12	9	10	8	5	9	10	11	6	6	4	7	10	6	12	11	4	3	11	6	10	6	8	4	4	2	5	11	6	9	3	2	7	11	7	11	7	12	3	10	2	7	4	5	10	2	4	9	8	3	5	3	4	5	4	9	4	3	2	10	5	7	5	10	8	3	7	3	2	5	5	5	9	11	7	5	6	9	3	6	8	12	5	9	4	5	4	8	7	3	8	10	10	10	7	2	8	7	11	3	10
37	37	38	40	37	30	31	37	35	33	33	31	37	30	34	33	32	31	36	32	33	35	36	34	35	37	35	31	40	35	31	31	36	31	35	35	33	38	35	40	37	35	33	35	38	37	35	35	32	37	33	32	31	32	31	39	32	33	35	31	35	38	31	39	32	34	35	36	35	35	33	35	32	38	35	34	32	32	38	38	38	39	37	36	38	38	39	37	40	37	31	37	38	34	32	34	36	38	40	34	35	39	38	34	39	34	31	30	39	34	32	31	36	33	34	40	35	39	36	31	34	39	38	35	32	39	32	37	40	38	34	34	31	38	35	36	35	31	38	40	40	33	37	33	34	33	34	40	36	36	34	33	34	36	39	38	35	35	36	38	39	36	35	31	35	39	34	36	38	31	37	31	35	35	34	33	40	40	32	30	30	36	38	31	39	31	32	37	34	38	37	33	31	32	39	31	37	36	39	32	36	37	31	37	36	37	35	32	39	35	32	31	39	33	37	37	33	38	33	34	35	33	36	39	37	36	31	32	40	39	33	40	30	31	39	35	37	35	36	30	39	38	40	39	38	36	38	35	31	35	32	37	33	33	35	34	32	36	35	31	34	36	39	33	35	35	31	34	38	33	32	39	35	35	37	33	39	38	34	36	32	34	31	31	35	36	34	32	38	38	32	37	36	31	40	32	33	36	35	40	36	31	38	33	31	33	32	31	39	32	37	39	33	32	40	32	36	36	32	39	36	32	33	38	39	38	36	36	34	32	40	39	32	37	38	31	33	31	31	30	33	33	32	40	38	38	34	33	36	35	31	32	34	34	37	36	40	35	36	37	40	36	30	36	35	39	37	30	35	35	36	36	39	40	34	32	35	33	34	38	40	39	40	35	30	38	35	37	36	37	34	34	36	39	36	40	32	36	31	40	34	37	39	36	35	31	40	40	36	38	32	38	33	38	31	38	32	35	35	33	38	31	34	36	32	30	34	38	30	37	39	37	33	39	40	33	35	35	39	33	36	34	33	38	33	38	37	34	32	36	36	36	37	36	37	31	39	38	37	34	39	34	39	33	36	35	33	33	40	33	34	30	30	34	39	30	31	38	36	32	38	31	30	35	35	31	33	40	30	40	34	32	35	39	34	31	39	37	30	32	35	39	33	31	38	36	33	37	39	33	37	38	32	30	33	35	30	35	32	37	34	38	32	36	38	38	30	35	35	35	31	31	34	33	32	35	31	39	32	32	33	38	33	31	33	37	38	38	40	34	38	38	33	30	34	34	33	33	39	34	39	35	37	38	35	32	37	31	37	33	31	35	31	31	31	37	38	36	31	39	38	36	37	32	37	37	37	31	36	37	38	38	37	33	34	32	33	38	30	32	35	33	37	34	39	32	38	36	39	34	34	36	37	38	38	38	40	38	38	31	35	33	31	31	38	32	39	38	37	39	33	35	33	32	39	36	39	37	38	39	38	40	40	36	30	36	32	32	38	39	40	38	36	36	40	37	40	37	31	35	30	35	36	40	33	39	38	37	35	36	32	33	38	31	37	37	36	37	38	39	33	38	38	35	39	32	31	30	30	40	33	33	31	31	38	33	36	34	36	35	37	38	40	40	39	34	40	40	33	38	37	35	36	33	31	31	33	32	37	36	33	30	35	36	34	31	32	38	32	39	32	32	35	34	39	33	30	35	38	37	33	32	33	34	31	39	39	37	35	35	34	39	37	35	31	38	34	38	36	35	39	35	34	31	31	34	37	33	31	34	35	34	34	33	36	36	40	36	37	31	33	38	32	40	36	33	32	32	33	39	37	36	34	33	31	32	40	31	35	30	38	38	39	33	31	31	30	34	34	40	32	37	32	38	36	34	36	31	40	30	33	34	35	37	40	35	37	34	32	33	30	33	38	37	39	37	33	39	32	31	34	33	35	34	35	35	35	32	32	33	38	35	35	33	32	39	36	37	33	32	38	35	39	31	35	39	35	39	35	31	32	36	33	30	33	30	31	36	36	38	38	34	37	35	36	38	31	31	34	38	40	31	37	37	39	33	37	33	30	39	36	33	34	33	37	35	36	39	34	30	35	33	34	34	30	35	30	35	31	34	38	33	33	33	33	30	35	37	39	36	30	35	38	30	40	30	34	38	35	33	33	36	35	36	30	36	38	38	33	31	37	35	35	39	31	35	31	32	37	37	33	39	33	40	34	34	34	32	33	37	36	39	32	31	35	36	38	32	30	33	37	37	40	35	31	30	40	37	35	39	34	31	36	37	38	39	35	39	39	36
70	72	68	76	70	68	71	70	70	74	69	72	72	71	73	70	76	70	69	70	69	71	74	75	74	72	74	71	73	75	69	75	68	75	71	72	69	75	73	69	68	72	73	67	68	73	71	75	72	69	73	73	72	74	73	71	75	69	72	70	69	71	68	74	72	68	71	71	75	70	72	72	73	74	74	74	69	70	71	75	72	67	71	69	74	71	72	75	71	68	76	70	68	69	75	66	74	68	70	71	74	73	73	66	68	68	68	67	70	73	67	73	71	76	71	70	73	67	68	76	74	68	70	73	70	73	69	75	72	70	75	75	71	73	73	75	73	70	67	69	74	71	69	72	73	73	70	69	68	75	67	66	69	69	72	73	67	71	74	73	71	74	73	72	76	73	71	73	69	67	67	66	66	69	68	75	70	71	66	75	70	71	73	68	68	68	70	72	69	66	67	71	66	72	69	72	74	67	68	69	67	76	69	74	68	70	66	68	66	73	70	68	67	75	76	75	75	72	74	74	70	75	68	70	66	73	72	70	67	69	66	72	72	70	68	72	66	67	75	76	70	70	71	66	71	66	73	70	70	67	70	67	72	68	69	76	71	69	69	73	74	69	75	76	71	72	68	68	69	70	70	72	74	70	67	75	74	71	75	73	66	67	75	69	71	71	73	74	69	73	66	73	75	73	71	69	67	68	74	71	73	70	76	73	74	70	73	74	66	72	73	68	70	72	75	70	72	67	66	72	70	72	71	70	72	67	73	67	76	73	68	69	72	69	68	70	66	71	69	72	74	73	68	75	74	73	66	71	69	71	71	71	71	70	70	71	68	75	69	71	76	69	76	74	66	66	71	71	67	70	67	69	71	68	74	70	73	67	72	72	74	67	70	74	68	71	71	69	68	68	69	66	67	72	68	73	68	67	67	71	75	71	67	74	72	69	75	75	68	66	74	72	68	73	68	68	71	72	74	69	67	74	75	72	75	75	70	75	71	72	74	73	72	71	74	73	72	72	67	70	75	68	76	70	74	71	74	68	67	66	69	75	69	69	76	74	75	76	74	74	72	70	71	72	71	76	72	72	69	75	72	70	71	69	72	72	71	70	73	73	66	72	67	70	71	69	67	68	73	74	74	68	72	76	66	68	70	72	73	71	68	73	72	69	75	73	70	71	68	66	71	75	70	69	75	71	70	68	68	66	72	74	71	69	66	67	74	68	67	73	70	68	74	71	67	68	73	66	70	71	67	75	70	75	74	76	71	71	75	70	69	68	68	70	70	69	69	71	75	73	69	68	72	75	69	69	67	69	71	69	69	74	74	70	74	67	69	68	71	75	74	69	71	73	73	67	67	76	73	75	75	75	72	75	74	67	68	69	68	71	71	67	72	71	70	68	73	75	70	68	74	67	70	73	72	74	74	74	68	70	75	75	74	68	70	69	75	74	72	66	68	74	72	69	67	75	76	75	72	72	68	68	68	75	70	66	72	68	67	68	72	75	70	73	74	68	76	75	70	68	67	67	68	72	66	69	69	69	71	69	75	70	73	70	69	67	70	71	72	67	70	75	76	67	66	67	71	75	73	69	69	74	67	70	67	66	71	74	67	69	67	71	75	75	73	73	72	67	68	70	75	74	71	74	69	74	71	72	74	75	72	68	75	74	73	73	69	69	71	73	70	71	72	75	69	73	72	73	70	67	68	67	74	71	71	68	68	68	76	66	70	72	66	68	76	76	69	71	71	67	69	71	71	74	70	69	72	70	67	75	72	76	74	71	71	69	71	76	73	67	69	71	71	72	71	69	70	74	76	75	69	67	74	72	72	70	70	72	70	75	71	73	67	68	69	73	76	71	67	67	69	74	68	75	67	74	76	67	67	73	72	67	68	75	67	66	68	72	71	73	72	69	74	72	66	69	67	72	68	71	67	68	74	74	67	73	75	70	68	75	70	70	74	73	73	69	76	72	75	71	71	74	73	74	75	71	68	73	68	68	66	72	73	66	74	69	68	75	71	66	75	71	70	68	68	71	71	71	68	67	66	74	72	66	69	66	67	71	73	73	66	72	71	66	71	67	66	67	67	68	74	68	68	72	68	76	69	76	68	69	72	67	73	66	67	74	68	71	71	75	76	68	74	67	68	74	74	70	67	70	74	75	70	68	67	73	67	75	70	74	72	68	70	73	67	70	66	70	74	68	68	71	67	76	76	67	68	70	73	75	67	74	69	72	70	68	74	72	73	72	75	69	69	75	74	75	68	70	68	74	67	68	69	71	75	68	72	73	69	74
95	86	89	87	95	95	90	90	89	89	86	85	86	90	94	90	92	87	86	90	91	85	93	89	93	87	88	88	92	93	94	88	91	87	93	89	89	92	87	89	91	94	89	93	92	91	89	94	94	87	94	93	89	91	93	93	87	94	88	91	90	86	95	95	92	88	86	85	87	91	87	86	85	86	94	86	95	91	93	92	89	91	95	90	91	94	85	91	89	90	89	88	90	91	86	90	89	93	92	89	89	94	93	87	92	94	93	92	92	89	86	95	93	93	89	90	92	91	85	87	94	89	89	95	95	93	94	92	90	95	93	90	94	93	94	89	93	89	89	85	85	87	91	85	88	87	94	93	88	91	89	90	94	93	92	94	91	94	94	94	94	86	86	92	87	95	86	94	91	93	95	88	85	93	92	89	92	90	94	89	90	94	87	90	89	87	85	95	95	90	94	91	93	88	91	94	90	86	95	92	89	95	87	93	86	87	85	94	91	93	85	88	85	92	88	92	86	88	94	91	85	95	91	88	91	87	92	87	90	94	91	91	90	85	94	86	88	91	89	94	95	89	87	93	92	92	93	87	92	94	94	95	87	87	90	87	94	94	91	89	87	86	86	86	87	89	89	88	92	87	87	86	87	93	93	87	92	92	89	89	87	91	92	89	93	88	86	90	90	93	87	87	93	90	87	89	86	94	94	93	94	92	87	87	92	86	86	93	92	90	92	86	95	89	93	88	90	89	89	86	93	94	95	87	86	85	93	87	88	85	92	89	87	87	91	93	90	92	92	91	87	87	86	91	86	89	90	91	90	90	88	93	94	86	91	91	91	87	92	87	91	86	86	92	86	90	88	94	90	95	95	88	93	87	92	89	90	95	91	95	91	87	95	87	90	91	91	87	85	85	95	93	92	86	89	92	89	95	87	90	93	93	90	89	86	93	86	90	93	94	92	92	94	94	88	87	90	93	94	93	93	88	87	89	93	94	94	93	89	92	91	89	87	87	86	92	87	88	92	89	85	93	90	89	90	92	90	88	90	94	89	92	94	86	90	88	95	91	88	91	87	93	86	93	90	94	90	90	89	87	95	88	89	89	91	89	87	92	94	86	92	90	85	85	94	92	95	92	91	92	85	90	90	93	92	88	88	95	93	94	94	90	86	88	89	86	90	91	92	91	94	94	87	91	94	94	92	91	87	89	94	89	92	92	93	86	85	87	95	93	93	95	91	93	90	85	86	88	86	88	90	94	86	94	89	90	94	88	93	92	95	88	94	94	91	86	94	87	87	88	88	94	90	86	88	88	87	92	94	85	93	91	86	87	92	92	92	86	87	87	88	93	86	93	91	90	88	90	90	92	86	85	87	91	86	92	92	87	92	87	91	95	90	92	87	89	94	86	87	92	91	90	87	87	94	92	91	93	86	91	93	92	91	92	87	87	91	87	93	90	93	93	91	87	89	91	86	88	95	90	85	92	95	90	86	88	92	87	87	86	89	93	89	86	91	90	92	93	86	87	95	95	94	87	95	92	94	92	87	87	95	93	88	92	87	90	87	91	94	92	87	90	94	93	94	91	87	87	92	87	93	88	90	86	85	94	92	91	87	88	91	94	91	85	86	90	86	94	95	91	94	87	92	88	92	89	93	92	92	88	90	85	93	86	90	87	86	94	94	95	91	90	87	93	86	86	90	93	91	94	88	87	90	88	95	85	89	90	86	89	88	94	93	94	94	93	89	87	86	87	87	88	89	90	87	88	89	86	92	92	90	86	87	85	87	92	95	94	88	90	92	92	92	94	90	92	88	90	87	93	85	94	90	94	86	95	89	86	92	85	88	88	86	92	90	87	86	90	86	90	93	94	89	89	86	86	94	95	94	94	93	92	92	93	90	93	90	88	89	88	89	94	95	88	91	85	95	90	95	90	89	89	93	91	91	89	90	93	89	88	90	91	88	92	87	89	86	91	92	88	85	91	86	87	92	86	88	93	90	85	89	93	95	89	87	88	90	91	91	95	93	87	91	87	89	85	87	88	95	95	94	90	93	95	89	89	85	95	86	89	88	86	87	93	89	95	86	94	94	89	91	91	89	95	91	95	88	90	93	89	95	92	88	90	86	95	95	85	89	86	94	88	95	87	91	89	89	91	89	93	92	86	91	94	88	88	94	94	88	91	89	88	87	95	90	95	90	93	95	88	88	92	91	86	89	94	89	88	88	88	86	88	86	89	87	88	87	92	90	88	91	93	94	95	89	87	89	92	94	95	95	91	88	86	95	91	93	85	92	90
104	99	96	98	98	99	103	102	103	101	100	94	97	103	103	101	103	104	99	100	104	97	97	104	95	96	97	102	96	99	103	101	104	101	99	95	100	95	102	100	96	101	95	97	100	102	97	101	101	100	95	96	104	101	103	96	96	102	100	100	102	99	103	99	100	100	97	102	96	101	103	95	97	97	94	103	97	98	103	100	98	103	102	102	103	98	102	101	103	100	96	101	98	96	97	97	97	95	98	99	100	103	103	102	96	102	102	99	95	94	94	96	98	95	100	97	100	101	95	103	100	98	99	97	101	99	96	102	98	99	101	101	102	103	95	97	95	96	97	97	103	98	104	102	100	98	97	95	102	98	102	95	98	97	103	96	98	97	96	95	100	101	95	101	100	96	98	96	104	99	97	95	103	94	97	97	94	101	94	102	102	100	100	95	94	99	98	104	102	102	95	98	101	103	103	103	97	100	103	102	102	94	97	101	101	98	98	104	99	97	99	102	97	99	101	95	101	102	102	101	101	96	103	96	96	103	102	101	97	101	101	104	98	103	95	96	103	101	104	101	101	98	96	99	101	95	99	102	101	96	98	103	96	98	100	98	96	99	97	98	96	99	97	103	102	101	94	96	102	96	101	103	100	98	100	96	101	100	96	102	100	102	103	101	98	100	100	98	100	100	98	97	98	94	97	97	99	102	94	104	96	100	102	96	98	95	97	97	101	97	98	97	99	98	95	99	96	96	99	100	104	97	98	101	103	98	99	95	104	94	94	103	101	98	99	102	96	98	101	94	102	94	96	96	94	97	99	99	98	101	95	96	98	95	100	101	102	100	97	97	97	98	95	96	97	100	100	101	102	101	95	96	99	100	100	99	103	99	100	103	103	94	99	102	100	104	103	101	103	94	94	94	96	94	100	100	103	96	96	101	99	96	94	98	102	98	99	97	103	97	100	99	100	98	99	96	101	103	95	99	98	103	99	100	95	96	100	99	104	102	102	103	99	99	103	99	104	104	101	97	96	103	94	100	103	103	99	102	96	99	95	96	103	99	100	99	101	96	94	100	102	99	101	103	95	96	94	102	100	94	96	94	98	96	94	100	100	102	95	96	96	103	97	99	101	97	101	94	99	96	100	102	104	94	103	101	98	103	99	99	102	103	97	97	97	95	98	96	100	103	103	98	101	100	102	96	98	100	97	102	95	95	95	98	102	95	98	97	101	101	100	103	95	104	98	99	102	100	100	94	95	97	103	98	95	99	94	102	96	101	100	101	98	95	101	95	100	99	100	99	104	97	102	97	102	101	95	98	94	95	103	104	95	97	95	101	104	96	96	95	104	94	104	97	99	95	95	101	103	103	95	100	103	103	97	100	98	96	96	103	96	96	102	95	102	103	100	96	100	104	102	101	101	96	104	104	94	100	99	95	102	100	102	98	103	103	100	95	98	96	102	96	101	102	98	98	103	98	98	103	98	94	98	100	97	103	95	100	95	100	96	103	99	100	102	102	100	104	97	101	102	100	96	103	94	96	95	103	95	96	102	99	98	100	97	96	102	99	96	104	104	98	96	100	100	101	95	95	104	95	102	103	100	95	94	102	102	99	94	103	99	98	94	99	101	98	97	103	96	95	100	100	97	103	100	95	101	101	96	97	94	100	103	97	99	101	94	98	97	100	95	97	96	99	98	99	101	102	99	100	94	98	101	94	104	102	95	95	103	101	99	95	100	95	97	95	104	98	98	95	95	97	100	100	96	99	103	95	96	98	100	96	96	99	101	100	101	102	102	97	103	95	100	102	97	104	96	100	96	104	97	99	97	100	99	103	103	94	94	104	104	103	97	102	95	100	99	96	100	98	97	94	95	103	98	94	97	99	99	96	101	98	104	103	96	103	97	94	104	102	96	100	104	97	101	98	101	98	95	101	95	100	102	99	101	101	95	101	100	100	103	95	101	96	97	101	95	94	96	102	95	97	100	99	100	97	99	95	99	95	98	103	101	98	100	103	102	103	101	102	104	100	101	98	104	97	100	99	96	99	104	97	102	103	101	96	101	102	95	94	104	103	98	104	102	95	95	103	99	94	97	103	100	102	102	96	101	98	100	97	97	103	102	100	100	97	97	99	102	98	96	103	98	96	104	95	102	102	101	98	104	98	95	100	99	99	96	99	100	97	102	103	97	95	103	102	103	97	97	98	94	96	94	102	99	98	98	96	103	97	97	102	100	95	95	94	100	94	102	101	99	99	100	98	97	97	95	98	101	101	96	100	96	96	97	96	102	99	95	98
89	91	88	90	84	85	93	93	92	85	87	92	87	87	93	91	86	92	92	93	83	84	90	84	88	92	84	91	91	87	89	90	91	84	92	84	92	88	89	88	91	91	91	91	91	85	91	84	89	83	84	87	90	89	87	83	84	85	88	90	89	92	91	93	89	84	86	84	85	91	92	86	88	88	90	90	88	84	84	84	89	85	92	88	92	87	89	91	91	83	93	91	93	92	83	86	84	93	89	87	91	88	86	83	88	85	93	88	91	93	89	89	86	83	91	86	83	91	85	86	93	87	90	86	83	86	84	85	93	91	90	91	86	90	84	86	92	90	93	83	92	91	87	88	88	85	85	88	91	92	88	90	84	86	88	92	91	93	90	91	88	85	88	85	83	88	84	87	87	86	86	93	92	91	92	89	91	86	87	86	85	87	93	87	86	92	92	87	86	90	90	85	83	84	85	86	90	90	92	86	92	85	90	86	92	85	90	87	91	84	90	91	85	86	87	88	91	92	88	92	88	90	92	85	83	86	88	92	91	91	92	89	88	85	91	87	86	87	87	92	89	88	86	88	91	89	92	89	84	86	83	89	86	88	91	85	86	90	85	83	92	89	85	86	89	87	93	90	85	87	88	93	84	83	89	89	90	88	89	88	88	87	86	88	88	92	93	89	89	87	89	89	91	92	84	88	86	83	91	89	83	83	88	91	86	85	87	90	84	87	90	89	89	86	86	86	86	83	90	86	89	89	91	90	85	85	89	84	87	91	84	92	90	89	91	90	85	84	87	91	89	88	87	89	84	83	85	85	85	91	86	87	88	91	86	88	90	92	92	87	89	93	87	89	90	89	93	85	85	86	88	86	91	84	92	84	89	93	85	84	83	90	89	87	86	90	84	90	90	92	91	92	85	84	85	89	86	89	92	86	90	88	92	87	88	87	91	92	86	87	90	88	84	92	83	88	86	85	85	91	93	91	84	86	85	87	88	86	90	84	89	86	86	83	92	85	86	93	85	86	84	91	91	87	89	92	85	87	88	89	84	88	86	84	87	87	93	90	85	89	84	87	85	90	86	87	85	85	90	91	85	92	91	83	89	89	88	91	85	86	89	86	85	83	85	90	92	84	86	91	90	84	85	89	84	91	91	90	85	87	90	89	87	89	89	83	91	90	85	87	90	92	87	89	92	89	87	91	91	85	90	88	90	90	92	93	92	88	90	93	86	85	88	87	90	84	91	89	87	91	84	87	90	86	88	86	90	91	91	84	91	85	93	88	90	84	86	83	93	91	86	90	84	91	85	83	86	91	84	93	88	86	83	89	90	92	89	86	90	93	84	88	86	84	87	87	91	83	91	86	85	88	92	85	88	89	85	92	86	84	88	85	85	88	84	91	88	86	87	83	90	90	85	86	93	85	85	88	84	86	90	85	87	91	93	84	86	87	91	83	89	90	86	84	86	91	92	90	92	85	90	91	86	84	92	88	91	92	85	89	90	91	91	89	86	88	84	87	86	85	90	84	91	91	87	91	86	84	86	88	88	84	89	85	90	90	92	89	88	93	89	85	88	85	93	89	88	91	90	85	92	85	84	83	87	85	87	85	90	87	91	91	87	92	89	89	93	91	90	87	85	90	84	91	90	88	88	84	88	87	86	93	92	87	92	84	91	87	86	87	93	88	90	90	87	91	92	87	88	91	84	92	85	84	87	90	91	87	93	84	89	92	91	90	93	90	87	88	85	92	89	86	86	84	88	91	87	85	86	91	92	91	84	85	88	89	89	91	90	87	85	92	86	84	85	85	90	84	84	91	83	85	86	90	89	85	89	88	92	92	86	87	86	90	90	88	84	93	87	90	85	86	85	88	90	84	84	84	87	90	91	85	91	88	88	87	91	88	87	83	91	90	89	88	88	84	86	89	84	88	91	87	90	90	87	83	85	89	92	93	85	84	91	91	88	90	90	93	89	83	88	93	86	86	90	91	90	86	83	88	92	85	85	87	91	92	84	91	88	83	86	87	85	86	89	91	87	90	91	91	84	93	83	85	92	84	85	83	92	84	88	84	85	86	89	92	84	89	87	85	90	91	85	86	89	88	85	90	91	90	88	92	92	93	83	84	86	90	87	89	89	93	84	85	92	87	90	92	86	92	87	83	83	84	86	91	85	93	91	89	84	93	87	86	91	91	87	89	89	92	87	90	86	91	91	86	92	91	85	84	84	84	84	88	86	88	89	86	85	87	86	91	92	90	89	87	88	88	90	83	85	84	91	88	91	90	83	84	83	91
58	60	63	56	62	63	63	54	59	59	54	56	55	62	59	64	60	62	62	59	61	64	59	61	55	63	55	56	63	56	63	63	64	64	55	60	59	61	57	58	62	60	60	58	63	59	59	61	59	59	56	62	60	55	54	55	56	58	63	59	64	62	61	64	57	55	57	55	60	55	57	55	61	58	59	55	61	55	62	62	57	56	55	59	61	62	56	56	61	61	61	61	55	58	59	63	57	55	63	62	55	63	57	63	57	59	54	57	58	55	57	62	57	58	60	60	54	57	55	63	56	58	63	62	61	63	62	64	56	59	54	56	61	57	59	56	58	59	57	61	61	58	59	55	56	61	62	56	64	55	62	55	62	55	64	56	56	58	56	64	57	63	61	57	58	57	56	64	58	62	61	64	62	61	58	61	60	56	61	60	57	57	58	55	60	63	55	57	60	60	55	57	55	56	62	63	54	54	58	61	58	56	59	62	59	55	60	57	60	56	64	59	57	60	64	60	57	58	60	57	64	58	57	58	56	63	57	59	55	63	61	57	62	62	60	62	62	61	57	61	55	63	56	58	59	63	61	54	64	58	54	58	62	63	56	64	60	58	63	59	62	63	61	62	60	64	60	60	58	62	56	54	62	64	59	58	59	63	58	64	61	64	63	58	57	57	63	57	63	54	58	57	56	63	56	62	62	64	64	58	62	55	58	60	63	57	63	62	57	59	63	57	55	57	62	57	56	55	55	55	59	54	60	61	56	61	63	62	61	62	64	59	55	59	60	61	61	57	58	60	59	63	64	59	59	58	61	62	59	63	55	62	62	54	61	55	62	55	63	60	60	62	62	55	63	55	62	55	60	62	56	63	59	62	60	57	57	62	60	63	56	57	60	59	62	61	56	56	61	57	54	55	61	58	56	64	63	59	54	62	57	58	61	54	58	61	62	60	56	60	62	56	63	58	63	61	60	64	60	59	59	63	59	57	62	59	55	56	57	54	57	57	62	55	57	55	57	62	62	61	59	55	59	62	61	58	55	60	61	62	61	59	57	55	60	61	59	59	55	57	59	56	60	58	56	57	59	59	62	62	58	58	63	60	57	60	63	56	57	60	61	63	63	64	58	60	59	57	58	60	55	58	59	63	57	55	58	59	55	62	61	61	56	55	64	63	54	55	59	64	62	55	56	60	56	64	58	63	58	62	62	64	55	56	63	55	55	64	62	59	60	56	61	60	56	55	57	57	59	59	62	58	56	61	60	62	60	56	60	60	57	61	63	62	58	62	61	57	61	57	63	55	56	59	61	55	56	55	55	57	59	62	55	55	62	63	57	60	56	63	58	63	55	63	61	54	61	60	55	60	56	57	57	58	56	61	57	54	60	59	61	62	55	56	59	55	55	60	54	63	64	58	56	63	58	57	54	58	62	62	64	62	60	62	56	64	62	55	56	63	55	60	58	59	63	63	56	56	64	55	60	56	63	59	56	55	64	56	59	54	58	59	64	58	56	59	57	63	55	62	64	64	59	63	60	61	60	61	61	56	59	56	62	62	57	63	57	59	56	57	63	56	57	55	61	56	59	55	56	64	60	58	57	60	58	57	56	61	56	62	57	61	57	58	63	55	55	60	63	62	63	63	61	57	55	63	55	59	64	57	55	55	59	61	57	55	57	58	60	62	56	56	59	56	63	56	63	56	61	62	59	54	60	59	64	56	60	60	56	57	59	56	54	56	59	63	63	60	61	60	59	62	62	61	57	54	54	57	60	57	57	61	60	54	54	57	59	56	55	57	58	58	60	60	57	58	62	63	62	57	63	61	57	60	58	61	57	60	58	57	63	64	56	59	59	55	56	61	58	62	56	55	64	62	62	59	56	57	58	56	56	62	63	54	55	60	56	59	63	63	56	58	60	57	60	61	57	60	54	55	62	60	59	59	56	59	58	64	63	58	54	55	60	61	58	61	58	62	58	61	60	58	64	60	54	62	56	62	62	61	57	59	60	60	58	60	57	59	56	61	54	62	59	54	58	64	58	58	61	63	60	60	58	62	54	59	55	58	58	63	59	57	62	59	63	59	56	59	54	63	64	59	56	54	64	63	56	62	60	64	60	62	64	59	57	61	61	61	62	61	56	56	60	58	61	60	62	59	62	62	63	62	58	61	56	55	58	63	58	56	54	60	60	60	54	63	61	57	58	56	61	64	63	55	64	54	54	60	60	55	59	62	54	55	60	63	58	55	59	60	58	57	59	61	59	62	58	63	64	60	63	63	60	55	62	60	57	54	62	61
70	72	73	72	73	75	71	75	76	75	78	75	77	76	69	75	76	70	69	77	71	77	74	72	73	74	73	77	76	76	74	76	78	71	71	74	74	73	73	78	74	75	76	69	72	78	78	69	74	71	77	79	69	76	78	70	75	69	70	71	72	75	74	71	78	78	78	79	77	70	78	71	78	70	77	78	79	74	75	79	74	74	70	77	72	75	70	73	74	74	72	75	77	73	70	70	69	78	72	75	70	78	71	70	73	77	69	79	78	76	69	71	77	70	71	77	77	71	73	69	74	78	74	77	73	78	76	72	72	69	77	74	78	70	78	73	75	74	70	78	78	75	76	78	77	70	75	79	73	76	70	73	70	78	70	70	74	74	70	74	73	78	76	75	72	79	78	71	76	72	76	78	76	73	78	75	69	76	74	79	74	79	74	72	78	78	79	72	74	79	72	74	71	79	71	74	71	71	70	74	76	75	78	72	75	73	78	71	75	69	70	70	71	71	79	74	75	78	77	70	74	70	69	69	74	77	78	76	72	78	75	71	78	77	78	69	73	70	72	75	76	78	79	73	72	71	78	73	69	71	71	71	77	72	69	73	70	75	75	78	70	72	69	70	76	77	72	73	78	77	77	79	74	71	77	72	74	74	74	74	76	71	78	75	74	71	71	73	78	76	74	73	74	79	77	76	70	73	69	70	77	71	77	73	72	76	71	72	79	77	74	69	71	71	72	78	76	74	73	76	76	79	76	74	79	75	70	78	77	70	71	77	73	70	76	73	72	69	71	75	74	73	78	78	77	78	79	74	75	75	76	74	72	76	75	69	71	78	70	72	77	70	69	71	73	76	77	69	73	78	76	73	71	78	71	75	70	75	72	72	72	71	70	73	71	77	69	73	77	77	73	75	78	70	78	72	72	70	71	72	75	74	76	79	74	74	77	77	69	74	78	73	71	78	77	72	79	74	77	77	78	76	72	71	72	71	73	77	73	73	76	75	71	75	70	75	76	72	72	77	74	72	69	75	74	69	73	78	73	72	76	70	72	69	70	75	74	77	75	73	76	70	74	76	78	71	74	76	71	71	72	77	77	79	74	76	70	76	69	78	70	78	69	79	78	71	77	78	78	77	71	74	79	70	74	73	79	70	78	70	70	71	69	77	71	78	69	72	76	71	78	75	70	75	71	76	78	72	73	78	72	79	74	74	78	73	75	75	74	75	78	76	70	73	74	78	77	71	76	77	69	71	73	75	71	71	77	72	74	76	71	75	71	69	76	77	71	75	70	72	75	73	79	71	77	70	75	75	75	76	74	73	75	74	74	70	73	74	70	69	71	79	73	73	78	72	74	70	71	77	70	78	77	75	79	75	70	77	78	71	74	72	73	75	70	72	74	78	72	77	75	75	76	75	74	70	77	75	72	72	79	72	70	72	76	72	71	70	77	72	71	76	75	70	73	74	74	78	73	74	76	79	77	79	75	77	73	70	73	69	78	70	74	73	78	73	75	74	69	78	76	77	75	74	73	79	71	74	78	71	73	76	72	72	74	77	77	76	73	73	78	72	78	78	78	70	75	71	77	71	70	75	76	76	71	77	74	70	70	74	70	74	77	76	76	77	76	70	75	76	71	79	77	76	79	70	72	72	70	69	70	76	71	73	72	77	73	71	78	78	76	72	70	71	70	73	71	72	73	75	77	70	72	75	75	74	74	71	76	78	74	74	72	72	71	70	71	72	73	70	69	72	75	77	74	78	74	70	75	75	71	74	76	73	77	78	75	76	74	72	76	73	75	76	72	74	73	76	76	71	72	75	79	78	77	77	78	74	78	75	70	74	77	73	76	79	71	77	77	76	77	76	74	74	77	73	79	70	73	77	76	71	78	78	71	74	73	72	77	77	72	75	79	71	70	72	77	72	72	76	76	75	76	71	75	76	72	78	73	78	78	70	75	72	72	71	75	77	75	71	74	72	73	71	69	73	78	71	72	69	78	77	78	73	73	69	78	74	73	78	74	74	79	75	77	78	75	70	74	73	78	73	78	73	76	69	70	79	77	71	75	73	70	73	70	73	76	72	70	78	78	74	77	75	78	74	71	77	74	70	78	74	75	71	76	72	77	78	78	76	72	69	75	75	72	75	71	72	70	73	69	70	74	77	69	78	72	78	70	71	73	77	71	72	73	75	73	77	73	76	71	73	75	69	76	77	70	74	71	72	73	76	73	77	75	78	79	71	79	77	72	75	77	74	69	73	75	72	71	76	74	74	77	77	78	71	71	75	79	70
50	54	51	53	49	52	50	50	54	47	49	47	56	48	49	55	51	49	56	54	50	50	53	52	50	53	52	47	51	54	56	54	53	57	47	52	50	49	52	51	49	55	56	57	52	50	54	50	50	55	51	51	52	49	49	53	55	53	51	54	56	55	56	51	52	53	53	53	52	52	56	57	48	49	56	53	53	47	55	50	55	53	48	54	56	56	54	52	50	49	55	51	54	50	57	56	56	50	48	53	54	50	53	47	48	57	55	53	53	48	55	49	51	48	47	57	49	55	55	50	50	51	55	57	54	54	53	49	49	55	54	52	53	54	57	56	50	50	49	55	51	54	50	53	47	50	55	52	53	52	51	48	54	53	54	51	50	53	49	51	53	51	54	56	54	48	47	55	50	50	55	51	48	48	49	49	52	48	51	50	51	55	56	49	53	48	50	53	56	55	54	48	48	56	53	54	55	55	50	54	56	54	54	50	48	49	54	52	54	50	52	47	54	56	48	53	48	48	54	54	49	55	51	54	56	55	54	50	49	56	57	54	51	47	56	48	50	53	53	53	57	55	53	51	54	51	49	53	51	51	50	50	56	54	55	55	53	52	49	51	52	48	55	53	56	50	57	52	53	52	53	56	54	49	56	53	55	50	54	54	53	49	56	49	50	53	48	56	49	52	51	48	55	56	52	50	52	47	53	51	47	52	50	54	52	54	56	47	54	53	50	49	55	51	48	53	57	53	57	50	55	49	50	49	50	50	56	54	53	50	57	53	55	53	52	53	53	56	47	54	50	56	52	54	48	50	57	48	53	48	53	51	52	48	51	54	51	53	55	53	48	52	52	53	50	54	47	54	53	47	53	49	50	55	50	50	50	50	48	56	54	47	52	49	50	55	56	55	48	52	49	54	56	50	55	51	49	56	49	51	50	49	53	48	52	56	55	48	54	50	55	54	50	54	50	53	48	48	57	49	56	48	55	55	55	50	53	54	54	50	51	52	55	51	49	52	53	48	54	53	56	54	55	54	51	52	48	49	48	51	48	51	54	55	55	53	55	49	51	54	48	54	56	49	57	55	54	53	49	51	51	55	48	52	55	48	56	53	56	51	50	47	52	51	55	51	55	53	53	48	52	53	53	51	55	50	53	54	55	49	52	48	53	50	49	48	55	56	52	51	54	49	52	49	52	54	57	53	49	55	52	53	53	48	47	54	53	53	49	54	56	53	56	51	55	47	54	49	55	56	53	49	54	50	57	55	53	50	51	57	55	47	53	49	56	53	52	55	57	48	47	52	54	55	49	53	52	54	55	54	55	57	48	51	49	54	52	50	47	55	55	51	47	51	55	52	50	55	55	52	54	52	56	50	55	53	49	50	54	57	55	47	47	56	54	53	55	50	50	47	49	56	52	50	52	48	48	56	48	48	48	49	48	50	57	49	56	56	53	49	48	55	53	47	48	53	56	52	51	49	56	50	57	50	56	55	56	50	52	50	55	55	48	48	47	54	54	54	56	53	54	52	53	53	52	51	49	47	52	54	55	48	49	54	50	51	50	49	55	51	56	53	55	48	50	48	49	51	52	50	56	54	56	53	49	48	57	51	50	51	53	47	57	52	52	51	57	53	56	48	55	54	56	53	50	55	55	47	48	54	55	56	54	52	48	51	49	48	51	55	51	56	51	57	56	57	57	53	50	47	52	50	54	52	48	57	55	51	49	48	51	56	48	49	48	50	52	55	54	55	54	50	52	55	52	55	47	49	49	56	56	48	50	57	54	54	53	49	56	54	50	49	54	51	52	50	55	55	56	49	55	50	51	53	53	48	53	48	49	57	55	51	53	49	54	55	51	47	51	48	56	55	56	51	57	53	48	49	55	56	54	56	55	50	48	52	53	50	52	54	54	52	55	56	53	50	48	52	54	55	52	54	53	49	48	52	48	48	52	50	53	55	53	52	48	50	51	53	47	55	47	53	51	50	52	54	50	56	54	50	52	54	51	55	56	56	51	48	50	48	49	53	53	51	53	53	54	53	55	49	49	52	51	55	50	55	48	53	48	55	56	48	48	48	57	48	54	52	57	49	54	56	48	55	48	55	56	54	55	52	49	55	51	56	55	49	49	55	54	54	48	54	55	51	55	47	52	48	56	52	51	52	52	54	54	57	55	54	49	54	49	53	55	57	50	56	50	54	50	55	49	54	49	48	56	56	50	49	53	53	53	56	50	49	52	48	51	56	54	57	52	54	57	56	51	52	48	56	53	52	55	54	47	48	47	55	48	52	55	56
32	29	28	29	24	26	31	29	29	31	31	28	28	32	32	24	32	26	33	26	27	32	26	26	32	31	33	24	31	25	24	26	25	28	30	27	32	29	32	30	25	29	25	26	26	29	28	26	27	32	30	29	25	31	25	23	27	24	24	24	28	30	25	24	28	32	26	30	31	32	32	28	25	30	26	27	28	31	25	28	29	33	29	30	25	24	27	26	24	28	26	33	24	23	31	26	27	30	28	31	26	26	28	24	26	32	33	28	26	32	27	27	26	25	25	28	27	26	29	27	24	24	31	26	33	27	25	25	26	24	26	27	29	33	27	27	26	26	27	28	25	31	29	25	30	29	28	26	24	28	29	25	26	32	31	32	23	24	26	30	30	30	30	29	28	24	33	25	26	28	31	27	25	24	23	24	24	27	25	25	27	24	31	29	28	29	25	27	27	32	33	29	29	25	24	23	30	26	27	28	27	32	30	26	26	32	33	30	23	25	28	33	27	28	24	32	26	26	29	31	29	31	30	30	26	27	26	33	27	32	26	27	29	29	24	25	25	32	27	26	26	29	26	25	29	29	28	27	28	29	30	27	33	29	32	27	29	31	25	28	27	31	28	26	24	28	29	31	27	29	24	32	24	25	26	33	29	27	25	28	27	27	25	29	29	25	30	28	25	26	26	33	25	30	27	33	27	29	26	27	30	33	29	25	31	25	23	25	33	27	27	27	31	26	29	29	29	28	25	27	23	27	23	24	32	29	25	28	29	32	30	31	33	32	29	28	29	25	27	30	25	31	32	25	24	26	26	24	32	31	23	32	25	27	30	24	32	27	29	29	25	30	25	30	27	33	28	25	24	30	24	27	30	28	27	27	24	29	31	30	25	31	33	23	32	31	33	32	25	30	27	27	26	30	26	24	31	25	31	30	29	30	29	28	25	25	24	24	29	24	28	33	26	25	32	23	30	29	29	25	24	31	25	24	29	24	29	31	25	29	24	29	24	24	24	29	29	31	33	26	24	30	33	24	29	31	24	25	29	25	25	23	32	23	31	25	27	29	26	29	30	31	25	24	24	33	31	33	29	32	32	25	29	28	26	26	26	24	26	23	30	29	26	28	31	29	26	29	24	26	30	32	27	30	24	33	25	31	25	29	25	24	29	31	24	29	27	31	33	24	30	28	26	32	24	27	25	29	26	25	27	27	32	32	31	23	29	29	31	27	33	27	24	26	28	25	30	27	30	29	32	29	24	30	28	26	25	30	31	29	30	27	27	25	24	29	31	25	29	26	25	28	27	28	27	31	28	29	26	26	32	27	31	28	26	33	28	27	26	27	28	29	25	25	26	26	31	30	31	30	28	31	25	32	23	25	26	25	27	30	29	23	26	30	29	25	24	29	25	27	30	26	23	27	31	27	23	28	26	26	28	23	28	31	32	24	32	30	25	30	30	31	24	27	26	28	29	28	31	28	33	24	29	29	25	31	28	24	32	28	26	23	32	31	24	28	32	29	30	23	26	25	33	30	28	28	32	32	32	30	32	27	32	30	28	24	32	29	26	31	32	27	31	27	26	31	28	24	27	32	23	26	24	24	25	29	29	24	24	27	30	30	30	29	24	27	24	30	30	24	29	27	27	26	33	26	24	29	24	29	28	29	27	27	28	24	30	32	28	31	32	32	32	26	25	27	31	31	26	30	32	33	31	28	28	23	24	24	26	24	33	28	29	23	31	27	25	23	28	26	24	32	26	26	24	27	23	31	26	23	29	33	28	28	32	28	28	25	28	24	27	31	27	31	25	33	24	25	25	29	31	25	31	31	24	28	26	23	29	28	26	23	26	29	26	32	25	29	30	29	33	30	30	24	23	30	33	29	33	25	31	25	30	32	31	31	32	28	24	28	24	33	28	23	29	28	31	32	30	25	32	31	25	31	32	27	28	32	24	31	32	29	28	33	29	31	25	32	28	24	26	28	32	33	30	27	29	33	25	26	32	27	24	23	33	29	23	27	26	29	28	24	30	28	29	25	25	24	27	26	29	30	23	33	24	27	30	30	28	24	29	28	25	32	31	32	27	26	26	32	25	26	26	26	31	30	31	32	31	33	25	31	31	30	27	30	28	32	29	27	25	30	24	25	28	27	33	29	26	27	30	29	31	33	23	29	26	29	28	29	24	31	25	23	29	31	23	33	27	28	29	30	26	26	29	24	23	30	29	32	25	23	25	27	31	27	32	25	24	30	31	27	24	31	30	31	28	31	25	29	32	25	30	29	31	28	27	25	30	31
22	21	14	22	18	23	13	17	17	21	19	21	17	17	13	19	15	22	13	18	19	14	21	13	20	17	13	20	22	20	13	17	14	17	14	16	23	19	22	23	23	16	14	15	14	14	18	17	19	15	18	17	15	16	20	15	22	17	17	19	21	21	22	14	18	21	18	21	22	15	18	19	13	14	23	21	14	16	16	16	14	20	14	22	20	21	19	15	15	16	14	22	17	16	18	18	20	16	16	14	15	15	23	14	14	20	18	14	16	14	16	15	18	14	15	14	23	19	14	17	15	13	13	16	15	14	13	20	19	14	21	19	20	15	14	20	20	18	17	15	15	22	21	15	22	21	21	19	22	17	17	16	20	19	22	15	18	19	18	21	17	14	16	16	17	14	20	13	13	23	13	21	20	19	20	16	20	18	21	20	21	15	19	23	18	20	18	15	16	14	19	13	20	21	22	13	19	17	14	14	19	16	17	15	18	21	18	19	13	22	20	13	16	18	18	20	14	14	21	21	17	16	20	15	19	13	22	23	18	18	14	18	21	22	14	13	20	18	19	20	17	18	22	15	18	19	16	15	21	19	19	16	19	20	17	18	20	22	23	16	17	19	15	22	15	16	17	21	20	14	14	20	22	14	19	18	17	14	23	23	16	17	18	21	20	20	14	20	16	13	16	22	23	18	18	16	21	14	16	13	18	18	18	15	22	16	16	21	19	15	16	20	21	21	14	16	19	21	17	22	17	21	21	17	21	22	16	15	20	15	16	16	14	21	23	17	14	19	19	20	18	17	13	23	14	23	19	22	18	20	22	21	16	22	21	21	20	21	14	19	16	18	15	21	15	17	16	14	14	22	21	15	20	17	19	22	23	23	20	18	19	22	22	14	20	20	17	22	22	17	19	22	15	22	20	18	23	21	15	18	20	16	22	17	14	20	17	22	21	17	19	20	13	17	21	16	19	21	17	14	23	17	22	13	17	19	21	22	17	22	17	19	13	16	16	22	22	16	21	15	23	18	19	23	13	20	14	13	17	23	20	18	20	15	21	16	18	16	23	18	22	20	15	15	22	20	21	15	14	17	21	19	14	20	22	22	15	13	16	16	19	22	23	13	21	16	13	20	19	14	17	18	21	21	14	21	14	17	20	20	14	19	19	19	13	15	23	17	16	17	22	19	18	21	23	18	22	20	20	20	18	13	13	20	23	19	23	18	21	22	22	13	14	19	13	18	22	19	14	23	13	15	18	17	15	17	19	15	21	22	16	21	15	22	17	21	23	17	14	23	14	22	13	21	21	15	17	15	19	19	16	21	16	14	21	22	20	17	16	21	18	14	20	15	19	17	20	21	22	14	17	17	19	16	21	14	20	22	23	18	20	20	19	23	15	16	17	13	17	15	16	15	14	13	21	18	14	19	22	22	13	19	21	19	14	23	13	22	17	16	16	22	15	20	21	15	18	19	19	14	23	18	22	17	17	21	15	20	20	19	19	20	13	21	13	21	15	18	16	16	21	19	21	20	17	14	21	22	22	22	14	19	22	13	14	14	15	17	21	19	19	15	17	16	19	14	14	18	18	18	15	20	19	16	20	14	15	15	20	22	22	14	14	22	23	14	23	22	13	14	22	18	20	19	18	14	14	14	18	15	23	20	17	21	23	21	21	16	14	16	18	15	16	16	14	15	15	15	19	19	19	19	14	14	20	16	19	14	20	18	14	17	20	14	19	13	20	13	22	14	17	15	17	17	20	13	21	13	14	20	14	21	16	17	17	16	18	23	17	19	16	14	23	16	22	17	15	13	22	16	14	20	14	18	17	23	16	16	15	17	15	18	15	17	15	20	23	21	21	21	20	16	14	21	14	20	18	23	17	21	16	20	18	14	17	15	14	13	22	15	14	16	19	19	14	17	15	19	21	17	23	15	16	18	18	22	16	14	23	16	17	13	14	21	18	14	14	18	20	18	17	17	16	14	21	21	14	17	21	18	15	13	17	15	19	15	20	14	19	22	16	17	14	22	18	18	15	18	17	20	18	18	15	21	21	20	17	15	21	17	17	20	15	21	18	19	19	18	13	15	20	14	13	21	14	22	14	16	19	13	15	17	18	16	22	17	14	16	22	14	15	19	16	20	18	15	20	17	19	14	17	23	21	15	23	16	15	18	20	15	22	16	19	19	20	16	15	20	14	17	16	19	16	21	17	20	23	16	21	15	20	18	23	21	20	16	17	14	15	15	15	20	16	16	14	17	19	17	14	13	17	17	20	16	22	14	18	17	23	22
44	44	43	47	42	50	48	47	48	46	41	47	45	41	43	46	49	48	50	46	47	48	46	48	44	48	49	46	43	46	41	45	45	43	45	46	46	46	44	45	49	48	47	43	43	48	45	44	46	43	42	43	43	46	49	47	45	44	48	44	48	50	51	45	44	45	44	50	50	50	48	48	42	48	43	46	42	41	49	45	42	46	51	49	51	46	43	44	43	46	44	43	44	49	50	42	48	48	42	46	47	48	48	42	50	42	44	46	46	45	49	41	45	49	47	42	45	49	50	45	43	43	43	48	45	48	45	50	48	42	46	42	44	43	45	43	43	43	41	47	50	43	49	50	42	48	48	50	51	46	44	51	50	45	41	49	45	46	51	45	43	41	45	47	46	47	45	49	51	46	51	47	50	46	48	43	47	42	45	49	47	44	42	48	43	48	44	47	44	45	42	44	42	43	43	43	51	50	48	41	50	51	42	48	48	41	45	43	48	45	46	50	48	49	51	43	41	45	46	50	45	50	44	48	46	49	44	47	43	51	48	42	43	46	44	49	46	49	47	43	43	48	45	45	47	46	47	49	43	42	49	48	43	50	47	41	51	41	48	45	45	48	42	44	47	47	44	47	49	48	45	45	45	41	47	50	49	48	50	46	48	45	48	44	45	41	41	41	46	47	46	46	42	51	50	45	51	45	46	45	47	43	43	49	42	49	51	49	49	42	43	51	46	47	43	44	45	50	45	48	44	41	49	48	44	47	45	51	46	43	46	47	48	43	50	44	47	45	44	44	45	44	43	51	47	50	48	41	47	48	44	43	45	50	48	48	42	51	49	51	45	47	44	48	48	46	46	47	43	45	46	50	43	50	47	49	42	48	49	41	42	50	43	44	42	44	41	49	48	42	50	45	46	47	41	42	45	42	44	47	45	48	42	42	51	43	49	42	49	44	41	44	50	50	47	47	50	48	41	50	42	45	46	43	45	42	42	46	46	46	48	42	51	43	49	42	50	48	45	49	49	47	47	45	47	46	42	47	44	42	41	42	44	49	45	42	47	48	47	46	49	43	44	46	45	49	47	45	42	42	48	50	44	50	45	47	42	49	48	42	49	44	44	44	49	47	50	50	45	50	50	50	42	45	51	42	49	46	46	45	47	48	46	43	42	41	41	48	44	46	44	46	49	42	46	42	46	48	42	43	42	43	46	46	44	49	46	42	42	48	43	49	51	44	41	51	48	44	47	43	45	43	49	43	50	46	49	49	46	44	46	43	43	51	48	47	43	46	44	42	48	45	51	42	44	49	46	43	41	43	51	49	50	44	49	50	48	48	44	48	48	50	46	48	47	42	48	41	43	42	48	48	44	44	47	50	44	49	43	48	41	45	49	50	46	44	45	48	44	48	50	43	45	48	44	41	48	50	43	46	44	49	44	49	47	45	48	45	43	43	49	49	44	44	51	44	42	45	47	50	51	42	49	46	43	46	43	44	46	42	48	47	50	42	41	42	44	45	45	45	49	47	43	41	43	46	45	47	43	45	43	46	44	42	50	43	45	45	50	48	44	48	51	44	50	45	45	44	41	51	49	42	48	41	42	46	47	49	43	43	45	43	42	41	44	45	51	51	50	42	43	44	44	42	43	43	46	43	42	46	49	42	48	50	51	46	47	50	46	43	48	48	41	43	49	45	42	43	47	49	42	46	47	44	44	43	51	51	44	42	49	43	50	50	45	47	44	47	42	42	47	47	45	48	43	45	50	47	44	51	47	44	51	46	44	44	44	42	46	42	42	50	43	46	51	51	49	41	50	50	44	46	42	41	45	43	50	46	42	50	45	51	45	45	43	50	45	43	42	47	41	50	42	41	49	47	50	49	45	42	43	45	48	46	47	49	49	46	44	42	43	50	46	43	47	51	43	46	41	46	44	45	42	50	42	50	49	47	42	47	41	45	44	46	51	43	48	46	49	43	46	47	43	45	48	43	41	41	45	46	43	42	49	43	48	48	42	42	48	43	49	51	46	44	50	44	42	44	47	49	46	44	42	47	47	50	45	44	48	51	41	41	46	46	48	48	45	46	44	48	47	41	45	44	44	46	45	44	46	49	44	44	50	49	49	45	48	48	49	47	45	50	42	47	46	46	45	51	51	49	47	49	49	42	47	45	51	48	47	45	49	42	45	48	50	48	41	42	49	45	50	41	47	51	48	46	48	47	44	46	47	43	51	48	42	49	50	41	48	48	43	46	47	49	46	43	41	46	42	51	48	44	45	42	50	42	51	45	48	42
47	51	47	48	43	47	48	44	42	44	47	44	44	44	52	47	47	44	46	50	52	44	42	48	45	51	46	49	48	50	46	51	47	46	52	51	50	51	51	45	47	47	42	52	52	43	47	45	46	46	48	48	48	48	50	46	49	42	51	51	48	44	44	50	48	44	43	44	47	51	48	44	46	45	50	51	50	46	45	44	47	44	52	44	46	43	47	51	50	49	42	44	45	44	43	42	44	49	44	49	48	51	43	49	45	50	46	45	51	46	48	43	44	44	49	45	45	50	47	46	42	51	51	51	46	52	48	51	42	47	47	47	44	45	46	45	44	46	49	43	46	43	43	43	49	42	43	46	48	51	48	43	45	44	43	46	51	43	47	50	48	45	46	46	50	48	43	49	43	45	46	45	46	49	46	43	43	48	51	48	44	43	44	44	49	49	51	43	47	48	50	44	51	47	42	48	45	49	49	45	46	49	46	44	42	46	43	51	49	49	49	52	51	47	51	46	50	51	48	49	45	50	45	48	49	50	43	48	49	43	45	45	47	50	50	50	51	43	52	46	45	43	48	44	48	47	42	48	52	48	45	50	46	50	52	51	43	44	49	45	44	52	45	47	45	52	52	47	43	51	49	49	50	50	51	49	44	51	46	43	46	43	46	44	45	51	42	44	44	42	49	51	51	49	42	46	51	51	50	48	42	43	48	42	51	49	48	48	50	47	50	51	49	47	49	49	47	51	50	42	50	46	51	44	43	51	49	43	47	42	47	44	50	48	43	48	45	49	45	44	45	47	50	48	49	50	49	50	50	42	43	49	44	51	46	47	50	43	46	48	45	48	52	51	44	46	47	42	42	48	51	51	51	43	50	47	49	47	42	47	51	42	46	52	48	50	50	50	46	49	49	50	51	49	44	43	50	46	50	43	51	47	47	52	46	48	43	43	49	46	50	42	51	44	46	51	47	50	47	52	49	42	46	44	51	43	44	44	47	52	49	47	46	49	51	46	44	52	44	48	50	46	52	44	50	46	50	43	50	48	50	49	46	49	49	52	48	45	50	45	51	49	50	51	48	43	50	46	43	43	49	48	50	50	42	47	51	43	51	51	49	48	43	50	51	48	50	50	46	45	46	47	51	52	48	44	44	44	42	47	42	45	48	46	43	46	47	44	50	50	48	47	47	43	43	46	50	50	44	47	48	50	49	42	52	43	48	43	48	50	47	45	51	47	51	51	49	43	49	51	43	46	45	44	48	48	52	51	46	50	42	47	46	42	46	45	50	51	49	49	49	48	49	47	45	45	47	50	50	48	44	47	51	47	44	46	42	48	48	49	42	51	51	52	50	52	46	51	44	49	50	42	43	45	42	49	44	49	42	49	43	42	51	45	46	42	43	51	47	47	44	43	44	48	51	48	49	48	43	44	50	49	49	43	51	50	44	46	45	49	44	43	47	43	43	48	48	47	50	42	52	45	43	46	42	44	49	48	47	46	49	44	47	48	50	42	50	44	50	44	49	45	44	44	47	42	48	51	43	42	46	47	46	44	47	43	50	52	51	43	51	45	46	45	49	51	51	46	47	47	44	44	48	47	48	45	51	43	51	50	52	48	45	51	48	43	49	51	51	47	44	42	42	50	51	51	42	50	51	43	46	42	50	47	50	49	45	46	49	51	47	51	48	47	46	51	51	50	47	47	49	43	46	45	48	51	51	44	43	45	43	48	50	42	42	45	49	43	48	48	50	49	49	49	47	48	47	50	46	46	50	46	50	45	51	45	44	47	50	47	48	49	46	49	43	45	49	42	46	50	52	43	48	45	52	52	44	50	51	49	47	49	42	45	50	43	45	43	51	50	43	45	49	51	49	50	44	49	45	42	51	44	42	46	45	48	45	42	48	42	47	44	50	44	49	43	50	51	45	48	50	45	51	49	43	47	46	49	43	42	49	44	43	47	47	50	49	49	45	50	47	43	44	51	43	48	45	44	43	50	45	45	49	45	46	50	42	52	50	44	42	49	45	46	52	48	49	51	42	50	43	51	45	48	45	52	50	51	45	43	46	45	50	42	47	46	49	47	43	43	50	50	45	42	48	46	44	50	43	42	51	47	43	51	51	45	48	46	44	46	49	50	44	42	50	48	45	43	49	46	43	44	47	43	49	44	45	51	48	43	44	45	43	51	48	44	44	50	51	43	45	48	47	45	45	43	47	49	43	45	52	48	43	48	50	50	44	52	48	44	42	52	49	44	47	48	48	47	48	52	44	51	50	48	45	46	51	43	46	44
14	19	21	19	17	21	16	12	19	19	13	18	19	19	18	13	14	13	21	21	19	17	14	18	18	19	22	18	22	22	17	13	16	18	20	21	13	12	16	14	20	21	17	20	14	14	17	13	15	14	20	22	20	15	17	19	18	13	20	18	14	13	15	19	17	16	17	12	17	18	21	17	18	20	20	16	15	18	13	15	14	20	15	14	18	14	20	16	14	14	16	18	19	14	14	14	18	13	18	21	17	13	13	17	18	21	14	16	19	13	19	13	13	21	19	14	20	21	13	13	19	20	18	21	19	16	16	20	21	20	15	12	20	16	13	13	16	22	15	13	21	14	13	22	19	15	14	14	15	20	17	16	13	14	18	20	14	19	14	15	17	13	20	20	14	16	12	18	19	18	12	18	18	19	13	15	17	21	12	13	17	19	17	22	12	13	18	20	20	21	17	12	16	22	13	12	21	18	13	19	20	18	14	15	12	13	13	13	12	21	15	18	14	12	20	19	20	17	21	18	18	14	13	17	20	18	17	20	12	19	19	12	18	12	19	14	17	16	17	19	14	21	21	16	18	14	22	14	13	20	12	21	17	15	13	17	17	12	21	17	19	19	17	17	16	22	20	16	14	14	21	17	18	21	14	18	19	15	21	22	21	17	17	13	14	15	14	15	21	21	22	20	18	17	19	15	13	16	19	14	21	14	20	15	15	15	12	15	19	20	17	21	15	17	17	20	19	20	18	15	17	20	16	15	15	16	18	13	15	15	19	19	15	21	19	16	12	13	14	17	19	18	17	14	15	15	21	19	18	16	20	22	22	17	18	21	19	16	14	17	13	13	15	14	16	13	15	22	13	13	14	19	15	17	13	13	18	14	21	16	21	18	22	19	21	19	12	17	20	15	14	17	18	20	17	20	15	13	15	14	19	21	14	18	22	12	18	13	16	18	21	14	19	16	21	13	18	16	14	16	21	18	17	16	17	16	17	19	21	17	12	21	12	17	13	18	13	15	17	21	17	20	20	15	14	20	12	15	17	21	20	18	16	17	15	21	17	20	15	21	15	21	14	17	13	15	20	21	21	20	16	18	19	19	14	12	13	13	14	21	16	17	14	12	14	21	14	18	18	15	12	15	22	17	17	17	16	18	20	15	18	18	16	16	21	22	18	19	17	20	21	20	13	13	20	18	20	21	14	18	22	14	19	16	19	22	19	16	20	17	19	14	19	19	12	21	17	13	15	18	12	18	14	21	18	17	22	18	14	13	18	20	13	13	17	18	19	19	18	13	18	16	21	12	17	13	18	19	14	16	14	21	20	21	15	22	20	12	15	17	14	13	13	18	19	17	22	13	14	20	14	21	17	16	16	20	21	17	18	14	21	15	14	15	21	15	13	15	21	22	13	16	19	18	16	12	13	17	16	13	21	15	12	19	16	19	22	16	17	18	16	17	17	14	21	20	19	21	15	14	22	19	16	16	21	21	18	19	14	14	17	14	19	13	16	19	22	20	21	15	18	21	14	16	18	16	21	19	18	14	15	21	21	19	12	19	15	20	18	16	14	13	14	21	19	17	15	21	18	17	19	16	20	18	14	13	18	16	21	19	21	19	13	13	21	19	17	18	22	20	14	20	19	19	16	14	18	19	16	15	15	16	13	15	21	17	21	18	18	14	13	17	19	19	20	22	21	16	18	13	12	22	20	17	14	15	16	12	19	20	14	13	14	15	18	12	17	13	17	22	14	15	20	17	14	19	14	14	19	21	16	20	14	12	19	18	16	18	14	17	14	17	22	21	17	20	19	17	13	15	16	12	17	15	19	13	19	16	13	14	12	15	21	15	13	12	13	22	20	21	18	18	18	13	20	20	15	20	21	18	13	15	13	12	18	13	21	20	19	20	18	13	16	16	18	18	13	17	19	19	20	21	17	15	22	12	14	19	14	17	12	17	15	17	20	21	17	19	15	22	18	21	19	15	19	13	20	13	19	13	18	12	12	21	16	16	21	19	15	13	15	18	21	18	18	19	18	13	20	19	22	15	13	16	14	18	12	20	18	17	15	15	15	17	17	19	21	19	18	15	14	20	18	13	14	19	18	17	18	14	18	19	17	12	19	14	20	17	13	14	20	13	21	15	22	14	15	15	15	14	17	17	17	16	18	18	18	17	15	13	20	15	18	16	15	14	13	21	14	13	16	21	20	18	14	16	14	14	16	16	20	21	18	14	20	20	15	14	18	19	13	18	19	16	12	18	21	14	21	18	12	13	12	20	13	13	17	15	15	20
66	63	64	66	58	62	58	66	63	68	64	64	64	61	62	67	63	63	62	62	59	65	63	64	63	59	60	60	67	59	60	66	65	67	63	62	60	58	60	62	63	62	64	58	60	60	67	66	59	59	67	58	63	60	63	68	67	61	61	65	58	60	61	62	65	67	67	64	63	62	67	58	61	61	66	64	64	66	64	63	62	63	67	58	59	61	62	61	60	67	62	62	66	66	65	59	59	66	61	64	66	67	62	63	61	66	60	63	66	61	68	65	60	60	63	63	68	67	58	59	60	61	61	68	62	66	58	59	64	58	58	58	61	64	65	60	60	60	63	67	61	58	65	59	66	67	60	64	64	65	64	66	61	64	64	58	65	63	66	58	68	59	61	66	60	60	66	67	62	66	59	64	61	63	65	66	64	61	65	67	64	63	63	66	67	59	63	59	66	63	68	59	66	62	63	59	60	67	60	63	68	62	61	65	59	62	64	63	62	61	67	64	66	60	66	62	68	68	61	59	66	62	66	63	62	65	58	60	63	63	67	58	59	65	59	68	67	63	66	61	63	61	63	59	68	62	66	66	65	65	62	65	66	64	64	64	67	68	64	63	67	61	64	65	62	65	59	67	67	66	66	61	64	66	64	64	60	59	63	64	61	65	65	67	66	66	64	68	65	62	66	65	61	67	65	66	58	61	59	63	59	61	60	64	60	67	61	63	64	60	59	62	60	63	63	66	63	66	63	65	67	58	58	67	64	64	58	61	67	64	64	60	59	64	58	62	60	64	60	60	61	66	64	64	64	64	66	63	58	62	59	67	62	63	63	67	61	67	63	67	65	61	59	61	62	60	61	67	67	62	64	59	59	58	59	64	63	62	65	68	68	65	59	63	60	59	67	61	63	65	63	62	67	61	59	62	64	61	61	66	58	63	64	63	64	66	65	64	67	59	64	65	60	63	61	62	64	65	67	64	66	62	64	65	64	68	62	64	62	63	61	60	62	60	63	61	66	61	62	60	61	60	67	63	61	64	60	68	68	60	64	64	60	68	64	65	65	62	59	58	67	60	64	66	60	67	67	62	65	61	62	60	68	65	62	64	64	66	68	60	60	58	61	65	62	61	67	66	59	60	58	61	61	58	60	66	63	67	61	66	61	63	64	60	65	62	63	66	65	66	59	66	59	67	63	62	59	63	62	62	59	62	64	63	61	64	67	63	62	68	60	65	62	63	65	66	59	62	63	65	64	59	62	63	67	60	62	67	64	65	64	60	67	67	68	63	59	60	66	66	61	61	61	60	63	67	65	66	64	67	67	65	62	61	61	63	61	65	64	59	58	63	58	66	67	64	65	58	63	66	61	61	68	59	65	67	63	64	60	63	64	66	66	66	63	64	64	61	63	63	66	59	60	60	63	67	63	64	60	66	67	62	59	65	60	64	63	62	66	60	60	59	59	63	58	62	64	63	64	59	65	62	59	59	64	64	64	66	65	62	68	67	59	58	63	63	67	63	65	60	66	65	63	66	62	61	62	59	65	64	59	64	59	67	61	62	64	59	58	65	61	60	61	65	63	65	62	65	66	62	64	60	66	62	63	67	60	65	65	66	67	67	60	65	66	65	61	61	65	65	67	66	64	66	64	64	62	60	63	68	59	68	59	61	65	63	68	67	65	66	63	65	67	67	64	60	59	66	66	59	66	66	64	60	59	61	60	61	63	61	66	67	68	62	64	68	62	68	60	65	63	59	62	59	64	58	67	64	64	64	64	68	60	58	59	64	60	61	60	66	63	61	68	67	67	63	66	61	68	68	64	66	67	61	61	62	60	67	60	63	58	59	61	63	66	58	63	58	63	58	64	61	59	68	63	63	59	58	67	65	61	64	59	59	59	65	63	66	66	68	63	63	66	58	65	59	62	61	61	60	66	63	61	59	66	59	61	60	66	62	61	59	67	68	67	59	64	63	62	58	62	60	65	66	59	59	60	61	61	62	63	63	60	61	66	58	67	67	59	60	66	62	68	65	59	63	58	67	58	65	63	61	64	61	62	64	62	58	59	66	68	67	63	62	67	65	66	64	59	59	61	64	61	65	66	61	63	63	59	67	64	62	64	58	62	59	63	62	67	64	64	66	65	64	64	61	61	67	67	59	64	62	62	58	61	62	61	63	67	61	60	66	61	60	65	60	58	67	59	63	66	59	67	62	63	64	61	61	66	66	61	63	58	66	67	63	64	63	64	60	60	62	65	65	64	59	67	63	62	66	63	66	63	61	65	67	66	64	67	67
29	31	29	35	32	33	31	37	28	34	32	35	33	32	30	31	31	34	34	30	28	31	33	34	36	35	29	30	27	27	34	35	32	31	37	35	33	33	37	36	31	36	28	32	36	32	27	33	34	35	33	33	29	35	28	31	31	33	33	37	32	28	33	31	33	35	28	35	30	32	31	35	34	34	31	34	28	34	35	30	31	32	32	29	30	32	31	30	30	32	32	34	37	30	29	32	35	30	32	32	33	30	34	29	28	34	30	32	29	36	27	34	37	37	31	31	30	29	27	33	36	32	35	31	33	34	32	34	31	35	30	36	33	36	28	32	34	37	29	32	32	37	28	36	33	34	29	29	31	28	31	34	29	27	33	27	35	30	33	35	32	32	35	33	28	35	28	33	33	35	32	36	32	33	30	31	32	30	29	30	30	30	35	33	36	31	30	32	29	32	30	32	35	30	27	34	29	33	37	28	32	33	30	33	29	28	35	29	33	32	37	37	29	35	36	34	35	33	35	35	36	30	37	34	37	32	32	34	29	37	31	28	32	27	30	33	31	28	35	27	33	33	34	29	30	36	31	29	31	31	33	37	28	28	37	36	29	28	31	30	33	32	28	28	32	32	31	33	30	28	36	31	29	28	34	29	34	35	28	34	30	29	29	30	34	34	32	32	28	33	33	33	36	33	32	35	35	27	33	33	32	33	30	27	34	30	32	32	35	33	29	31	36	35	27	31	28	35	35	34	30	36	31	29	31	35	32	35	32	32	33	27	33	30	28	32	28	35	34	33	36	33	34	36	30	31	31	33	33	32	31	35	29	36	35	28	35	34	31	35	33	33	35	36	32	28	34	32	33	37	32	29	28	33	31	35	33	36	30	31	32	33	32	27	31	31	33	36	32	34	34	33	37	31	32	33	29	32	34	32	27	28	34	33	34	30	32	35	37	33	32	33	31	27	36	30	32	34	30	30	36	36	29	29	35	32	33	30	27	29	36	37	35	35	31	31	29	35	30	34	32	28	32	34	28	30	32	35	36	35	29	29	31	36	37	30	30	34	30	37	37	31	37	34	36	35	29	30	33	30	33	30	32	36	31	31	28	32	28	29	35	30	27	33	31	32	28	28	31	28	27	37	36	33	28	32	36	36	34	36	36	34	31	28	36	33	32	28	33	33	28	30	31	28	35	32	28	30	37	32	34	31	32	32	28	33	28	36	30	30	36	36	29	30	31	29	34	29	36	36	33	33	33	31	36	34	34	37	32	31	32	28	32	31	27	35	28	33	30	32	31	31	33	28	36	28	34	30	33	34	34	28	33	33	35	33	37	33	34	33	30	37	36	35	34	30	34	35	30	30	30	36	32	30	36	29	30	36	29	34	31	35	32	32	32	29	33	28	33	28	30	35	36	32	29	32	30	36	33	33	31	27	29	32	31	30	33	28	33	34	32	33	30	34	29	28	37	31	29	36	34	31	35	28	30	28	36	34	34	36	35	30	35	32	35	29	29	35	34	36	32	33	27	31	37	32	29	34	32	30	32	35	27	29	31	29	29	29	33	35	37	28	31	34	35	31	36	31	36	36	32	37	37	33	35	37	29	34	28	35	34	30	30	31	36	32	36	36	35	29	30	34	30	34	28	31	29	31	35	33	27	33	29	28	37	28	32	28	29	32	32	29	37	31	34	27	36	30	28	35	37	34	31	31	32	32	36	36	33	32	31	27	30	30	31	36	32	35	28	34	34	32	33	36	28	33	36	31	36	30	29	33	28	33	34	34	35	33	28	29	30	28	36	37	29	34	32	35	36	29	35	32	27	28	37	30	31	32	35	32	31	27	28	35	30	30	32	35	37	32	35	33	28	33	30	29	29	29	28	31	28	31	32	28	30	29	37	30	31	36	29	28	30	33	33	29	29	34	30	33	28	28	35	37	32	29	33	29	30	28	33	33	28	27	36	36	34	33	31	32	35	30	34	31	28	35	34	28	28	32	31	37	27	29	33	30	32	34	30	36	36	27	31	31	28	31	36	35	36	37	33	37	33	30	33	30	28	30	27	28	36	28	35	34	27	34	31	37	28	31	35	35	30	33	27	30	30	33	32	31	28	28	34	30	35	35	32	34	28	28	36	28	32	30	27	29	29	28	32	33	28	33	34	27	34	33	36	27	36	32	34	37	32	29	36	30	28	29	27	35	34	27	37	36	31	27	28	32	36	36	30	29	30	30	28	32	28	32	36	30	32	29	32	33	37	35	28	28	31	32	34	34	34	30	30	28	34	35	33	33
51	46	45	51	52	49	51	48	45	48	45	52	52	49	46	45	45	45	44	44	49	47	44	47	44	46	51	47	46	52	48	46	48	48	46	47	49	48	49	45	45	51	52	51	49	48	50	47	45	49	44	47	47	52	45	45	49	50	44	46	49	47	46	48	44	53	48	44	51	51	46	49	44	46	52	44	45	49	46	50	47	43	49	51	52	44	50	50	45	51	50	53	44	45	49	43	45	51	47	51	50	50	44	47	45	45	50	43	48	53	49	44	48	48	50	50	52	46	52	47	51	51	49	52	43	51	49	50	53	52	51	46	43	47	50	45	51	50	44	44	44	45	52	49	50	53	48	49	47	45	49	47	51	52	51	51	52	51	50	47	43	44	43	52	48	48	45	47	46	45	51	48	47	46	51	45	43	50	46	52	49	51	48	52	49	51	44	52	50	50	49	47	45	48	51	43	44	44	52	53	47	46	44	46	49	43	47	50	44	47	45	47	53	49	50	52	48	43	53	52	44	46	48	49	44	48	47	44	46	50	52	48	51	51	45	48	50	46	48	49	51	51	53	47	44	44	46	44	52	49	43	45	51	47	46	52	48	43	44	46	48	52	51	48	48	49	47	48	47	45	49	53	52	44	51	45	44	53	53	50	51	50	46	46	48	50	46	44	44	49	52	50	51	49	44	43	49	52	52	50	49	47	43	50	44	46	53	50	48	43	46	47	51	48	52	52	45	46	48	45	53	47	52	49	48	49	51	46	45	45	47	46	46	47	47	47	52	43	46	50	50	49	51	47	49	46	52	52	49	49	51	52	53	45	50	46	49	49	51	45	52	44	44	49	53	53	50	44	48	52	47	44	45	47	49	50	44	47	49	50	53	52	51	44	49	50	44	45	53	48	45	44	52	52	49	45	48	47	45	46	51	47	46	45	47	47	44	45	49	47	48	49	44	49	52	52	44	47	43	48	48	46	50	43	48	50	47	52	46	52	44	50	53	50	49	46	49	53	52	44	45	47	43	52	51	45	45	43	49	52	49	50	51	46	48	48	47	48	45	44	50	48	52	52	45	52	49	50	50	43	50	44	52	45	53	50	46	51	47	45	49	45	49	43	47	43	44	46	43	51	49	43	51	52	51	43	46	52	49	44	45	45	47	53	49	44	44	46	46	44	44	50	44	50	48	53	46	44	52	48	44	44	49	51	45	44	48	52	50	47	49	43	44	46	49	44	52	47	52	45	52	45	44	53	48	47	49	46	43	46	52	49	45	48	46	43	48	44	51	49	50	52	49	53	44	47	52	45	50	52	49	46	48	47	44	46	52	49	44	49	50	45	53	45	43	43	45	44	49	48	47	47	50	51	53	47	45	48	51	47	47	47	44	49	50	46	46	51	53	50	50	46	51	50	44	47	44	51	47	43	43	51	47	52	45	52	51	49	51	50	44	44	47	52	51	44	52	49	47	45	45	50	50	51	50	52	46	51	44	46	53	47	50	45	47	44	50	45	48	47	50	45	52	50	51	44	50	51	44	44	49	50	49	50	49	48	44	50	51	50	51	45	44	51	49	51	49	45	52	46	45	51	50	50	53	46	50	45	51	52	53	44	50	47	44	52	49	48	47	53	45	44	45	44	47	49	48	44	48	49	53	50	45	51	43	46	52	45	53	52	52	50	45	52	51	52	48	50	46	46	45	51	51	53	49	51	51	45	45	50	51	51	53	44	44	44	52	49	53	52	44	47	51	48	48	43	50	48	49	49	50	48	45	50	47	49	50	43	48	46	48	47	46	47	53	48	50	47	52	44	51	43	49	50	44	47	46	46	46	51	44	53	43	44	43	49	49	53	43	48	45	44	50	46	44	45	45	45	45	44	51	47	49	43	52	49	43	49	44	52	47	53	47	51	52	51	52	53	46	46	44	51	44	44	49	50	48	52	53	51	47	47	48	45	48	50	43	46	50	50	48	53	46	50	44	48	51	51	46	49	43	44	48	48	49	50	51	52	51	44	45	44	46	46	44	44	48	44	43	52	49	50	43	47	44	50	44	46	50	51	44	48	49	46	51	50	48	50	45	49	53	49	44	53	44	49	48	51	48	53	45	49	49	53	53	47	52	44	49	47	52	45	44	47	49	47	52	53	53	48	43	45	51	52	45	46	51	45	49	51	45	51	48	53	50	45	44	50	45	45	47	49	51	45	49	44	51	45	46	50	45	52	53	43	48	53	51	49	49	45	50	47	46	48	51	47	44	50	46	46	47	45	44	45	52	49	44	47	45	49
50	44	45	53	51	44	51	53	48	48	51	49	50	52	51	52	45	51	45	53	50	52	46	53	48	44	45	44	48	50	44	48	47	48	50	43	52	48	53	51	47	44	44	52	46	51	50	49	50	43	44	50	52	50	52	49	46	51	44	44	52	50	52	49	52	46	45	46	43	45	44	50	46	45	48	46	47	53	52	49	48	49	48	44	46	46	47	45	51	44	45	50	50	45	52	45	43	52	51	46	52	44	45	44	52	47	50	48	46	44	51	52	53	52	51	51	52	48	43	44	50	45	48	47	44	43	45	50	47	45	46	53	50	50	49	47	49	44	45	51	49	52	44	51	44	48	50	45	47	44	45	50	44	49	43	49	51	46	45	50	46	44	52	50	44	45	47	48	47	53	51	49	44	51	47	52	51	50	50	53	51	52	47	50	45	47	50	45	45	50	45	53	52	49	50	46	44	50	45	43	43	48	51	52	45	52	50	45	52	50	52	44	48	44	52	47	52	47	52	44	48	51	46	50	52	43	49	44	46	43	52	45	44	52	44	48	51	46	48	52	46	49	47	51	45	48	49	51	48	53	50	48	44	50	49	45	52	51	44	44	52	47	48	45	51	53	45	48	46	45	46	44	50	51	48	44	51	44	47	43	50	52	48	52	43	44	52	51	44	52	48	52	51	46	49	53	46	43	49	48	48	52	49	52	47	47	52	45	45	43	48	49	44	52	53	51	49	44	51	45	47	51	50	49	49	49	46	44	47	48	52	52	48	47	45	48	44	47	50	53	44	45	52	52	53	51	53	48	46	44	53	50	50	51	52	46	49	44	45	49	49	44	52	44	45	52	44	44	45	47	48	44	43	48	50	50	53	50	47	45	46	51	47	45	44	44	51	44	43	48	44	49	45	51	48	52	52	47	52	45	45	51	48	50	48	43	48	52	53	52	44	43	43	46	45	49	51	48	46	48	48	52	53	47	50	53	43	51	48	47	52	48	48	45	51	45	47	49	50	48	53	48	51	43	49	50	43	51	53	51	51	46	47	53	48	46	51	43	51	44	49	45	50	52	52	43	50	51	46	51	52	51	44	50	51	44	47	47	49	49	46	49	46	50	45	46	44	45	51	44	50	47	50	51	44	46	45	50	45	51	47	44	48	50	49	43	52	43	48	43	52	46	53	47	46	52	44	50	46	47	45	51	51	48	48	44	52	43	48	48	44	49	50	49	46	50	44	53	45	48	48	52	47	49	45	52	48	45	44	46	45	44	47	48	52	51	47	50	45	45	49	46	43	46	50	46	52	49	51	50	50	47	43	52	46	47	47	50	44	50	44	45	45	46	47	47	51	45	48	50	43	49	50	46	45	45	44	43	46	49	51	49	46	53	44	49	47	46	47	51	49	51	47	47	46	50	49	45	44	45	53	46	49	44	50	43	49	47	50	51	47	44	49	51	43	47	52	45	48	46	44	44	45	50	46	45	50	52	51	50	45	51	51	50	44	51	49	52	46	53	50	45	49	44	51	46	48	50	45	49	50	46	48	47	44	50	43	50	46	52	52	51	44	45	52	50	49	49	45	45	53	51	43	52	48	43	43	45	50	49	49	50	44	46	53	50	52	48	44	51	48	46	46	48	49	52	44	48	47	51	45	51	52	46	50	52	50	47	48	46	48	52	43	50	49	46	44	51	48	49	46	45	50	46	51	48	52	51	51	48	49	44	51	48	48	52	46	53	44	48	46	48	45	51	46	45	45	53	52	45	47	50	49	48	46	47	46	43	47	52	49	50	53	45	53	48	45	43	48	43	46	46	48	45	44	53	44	52	52	49	47	48	51	43	52	51	47	49	48	45	45	50	49	47	44	51	51	51	47	44	51	49	51	48	47	52	49	45	51	46	48	51	45	52	53	45	47	48	47	48	47	44	44	46	45	53	52	48	47	44	46	51	46	44	45	48	50	47	44	51	51	46	46	52	46	51	48	53	51	45	45	51	50	48	51	46	48	49	49	47	48	50	46	46	49	51	46	50	46	48	53	44	53	52	44	50	53	47	53	50	51	52	47	49	51	47	44	44	49	47	47	46	46	45	48	52	48	43	46	51	52	45	45	48	47	45	45	53	44	52	52	47	52	53	51	49	48	52	51	45	47	49	48	47	49	51	45	47	45	47	45	43	50	52	47	49	52	46	52	52	47	47	52	46	44	45	51	47	46	48	48	48	50	51	45	44	48	49	48	43	46	47	51	46	46	43	48	44	50	45	50	45	47	49	49	48	43	49	50	46
11	14	9	7	14	8	12	14	10	11	17	17	16	11	9	11	15	12	15	10	11	11	7	12	8	9	14	15	15	15	16	14	12	7	8	16	11	9	10	13	7	10	9	12	10	8	9	15	7	9	9	15	9	16	8	15	11	13	8	12	16	14	12	8	9	10	15	17	12	8	10	11	17	16	9	8	10	9	13	11	7	13	7	14	15	9	15	15	11	9	15	8	16	9	15	8	12	10	14	16	14	11	13	12	8	16	9	10	12	8	13	8	11	12	17	9	15	10	13	7	16	13	14	17	10	14	10	10	15	9	12	11	14	15	10	15	14	13	11	10	10	9	9	10	16	17	15	11	16	9	17	8	7	17	15	15	10	11	11	16	10	15	9	10	10	11	8	15	9	15	8	8	8	11	9	15	13	8	9	12	13	12	11	9	15	8	7	9	10	17	15	12	17	9	12	14	16	15	11	13	9	8	11	16	14	10	12	8	13	14	7	13	11	16	13	14	14	8	9	15	8	16	15	13	12	13	14	16	17	10	14	13	11	8	9	13	9	8	10	11	11	14	7	15	16	8	8	17	12	16	14	8	15	16	8	15	16	17	12	8	12	15	16	9	16	13	12	11	11	15	7	13	13	9	9	16	10	16	11	12	14	13	11	10	13	14	15	14	9	9	12	12	13	16	11	14	12	11	9	10	7	8	12	16	17	11	9	8	15	9	14	9	8	12	16	15	8	11	17	15	16	8	14	12	10	15	17	12	13	11	14	14	12	8	15	8	17	17	17	14	7	13	8	15	10	14	16	7	16	10	11	9	9	14	11	10	8	11	15	10	10	14	10	15	13	14	9	10	15	13	13	16	13	14	8	17	8	14	14	9	10	13	9	14	14	16	13	11	12	15	12	14	16	14	12	15	17	14	7	10	13	10	8	10	10	15	7	16	14	12	12	15	9	14	13	9	8	16	16	15	9	15	7	14	12	9	15	16	16	15	12	12	8	8	16	15	12	10	9	13	12	8	13	17	8	14	17	14	13	9	9	11	8	9	14	8	8	11	16	14	14	8	15	9	9	14	17	13	9	13	10	10	7	15	11	16	13	13	16	12	11	12	12	16	9	9	15	9	15	9	12	10	15	7	12	7	13	15	9	16	17	9	15	13	9	16	10	15	15	9	11	9	8	12	11	11	12	8	10	14	14	9	9	8	9	10	16	15	12	12	16	8	15	9	15	10	14	11	10	15	9	13	8	16	8	16	14	13	7	12	10	13	9	9	14	16	16	15	7	11	9	8	11	14	10	16	9	9	8	10	12	11	13	14	12	9	9	14	16	12	13	14	12	12	11	17	11	15	10	7	10	17	16	10	16	8	8	8	9	10	9	11	15	11	11	10	15	15	13	13	15	15	11	16	15	16	16	13	11	8	10	7	12	8	12	16	12	9	16	15	17	16	17	11	12	8	17	9	10	15	14	9	14	10	9	10	15	13	15	11	9	16	13	9	8	7	8	9	15	14	9	11	13	15	7	10	10	7	12	10	9	14	11	9	14	13	12	9	17	8	12	10	9	16	9	10	8	9	12	9	15	8	15	16	12	8	14	7	8	11	14	14	10	12	12	8	12	16	13	13	8	8	16	11	16	11	17	11	13	13	14	15	8	13	17	9	15	17	13	13	15	11	8	16	15	7	12	8	10	9	15	11	12	10	12	10	12	13	14	14	15	10	16	11	14	8	8	13	16	13	16	15	15	14	17	15	11	13	12	14	15	12	17	8	10	13	11	13	12	14	11	16	10	16	9	14	11	14	11	14	16	11	13	8	9	9	8	12	11	16	16	16	13	8	12	12	15	16	14	9	10	14	12	9	9	10	15	12	10	14	9	13	13	16	12	10	14	9	16	13	15	8	15	7	10	14	12	14	7	8	8	13	12	9	16	14	7	9	14	13	14	11	16	15	17	9	13	11	10	9	16	13	8	16	15	16	16	12	14	8	16	9	10	12	12	12	7	7	15	8	15	12	10	16	12	17	12	7	10	15	17	15	9	11	16	14	12	8	7	12	13	15	14	14	13	17	15	16	16	7	15	12	8	14	8	13	16	12	10	11	11	15	16	13	17	13	16	8	16	15	7	14	8	12	10	11	16	9	10	16	15	13	15	11	13	7	12	11	8	9	14	10	10	10	13	15	15	8	13	9	16	8	7	9	13	8	17	17	8	7	9	8	9	14	16	10	10	9	15	16	10	8	8	9	16	8	12	16	7	8	17	12	12	16	16	7	14	10	11	9
79	81	75	82	78	75	73	74	76	75	76	73	74	77	76	80	80	81	73	78	81	72	79	72	74	76	79	80	81	78	76	75	78	75	79	76	75	78	80	73	81	77	74	72	72	81	80	78	72	77	72	74	73	81	79	79	76	80	75	77	73	80	75	75	72	73	81	73	78	80	74	79	78	77	73	80	79	74	74	72	75	76	76	79	80	77	74	73	75	76	81	81	73	81	73	82	74	80	79	76	74	75	78	79	78	73	79	81	75	75	78	79	75	72	80	72	80	78	74	73	76	74	80	81	81	80	82	76	72	77	82	73	80	79	80	74	76	78	73	75	73	73	79	80	73	74	76	78	80	76	76	73	77	78	81	80	82	77	81	73	81	81	77	80	78	79	74	77	77	79	81	72	76	78	73	77	76	75	76	77	81	79	76	78	81	74	82	73	77	73	76	77	78	76	77	79	77	81	76	81	75	75	77	77	76	78	74	73	79	81	82	79	79	77	73	75	76	79	77	77	76	79	74	73	75	75	79	80	75	74	80	74	82	75	74	76	77	78	75	76	79	74	74	79	77	78	80	76	76	77	73	77	81	79	80	79	74	77	74	76	75	82	76	77	75	79	79	78	78	80	76	72	77	75	75	81	82	81	78	77	76	79	76	73	75	72	77	81	75	77	74	78	75	74	80	80	80	76	73	79	77	78	73	80	79	74	79	75	80	75	73	74	81	78	74	75	75	80	82	75	72	76	79	82	73	80	81	82	72	74	81	79	75	74	74	82	78	81	80	75	76	73	78	81	76	76	77	78	79	75	73	78	72	78	74	78	79	75	78	78	78	75	76	79	80	73	77	75	79	81	80	81	74	73	75	76	79	76	81	74	79	80	79	75	79	75	77	79	80	77	72	79	79	81	74	73	79	78	78	78	74	72	80	75	77	76	80	77	72	73	76	80	72	77	77	79	76	77	75	73	74	74	73	75	74	72	78	76	77	79	81	80	78	73	74	77	74	72	77	80	75	76	76	79	75	73	75	75	78	82	78	81	75	82	78	79	77	75	73	77	77	75	77	74	79	81	75	74	81	77	76	75	76	82	81	77	77	76	81	78	74	82	75	80	78	79	75	78	80	79	73	81	81	80	79	74	79	76	75	81	75	74	81	73	79	80	81	74	78	76	73	75	73	78	78	73	81	82	77	72	79	81	82	81	74	77	80	81	82	78	73	76	81	76	80	77	74	79	81	77	78	80	82	75	75	80	82	74	81	77	76	76	74	76	78	75	73	80	74	77	77	80	80	77	79	78	76	79	72	79	78	77	74	81	74	78	74	75	81	80	79	74	81	75	77	75	75	72	80	73	75	78	80	77	72	79	82	73	75	75	79	76	76	78	73	74	80	73	76	81	81	81	79	72	82	73	82	77	73	74	73	78	79	79	79	82	78	73	73	79	77	78	76	76	76	72	76	80	77	76	78	76	79	79	82	76	79	74	78	79	75	79	82	77	80	73	81	74	79	76	72	80	74	75	73	78	77	75	76	74	74	79	75	77	78	73	73	75	80	79	78	80	79	73	74	73	77	74	77	79	81	76	72	79	76	73	72	72	74	76	75	80	82	74	74	81	73	74	81	77	75	80	79	79	74	76	74	78	81	77	76	80	79	81	80	78	72	74	72	82	80	72	79	76	75	77	76	76	73	73	78	73	79	72	81	82	73	75	81	82	74	73	79	77	78	79	78	74	78	74	77	75	74	74	82	75	76	78	81	74	74	76	81	80	81	78	74	74	76	76	82	77	79	79	76	80	76	80	81	75	81	73	77	77	81	76	82	76	81	75	79	76	78	76	73	72	76	77	76	81	74	78	79	79	78	78	79	74	82	74	75	76	79	75	78	79	81	75	76	81	78	80	75	75	80	79	77	76	79	78	81	82	77	73	75	82	73	80	76	76	74	76	76	76	79	77	74	81	78	77	77	78	81	81	81	74	74	78	72	74	74	79	81	74	79	74	80	75	78	73	77	75	74	73	78	79	81	75	73	81	78	76	82	80	74	75	72	72	75	75	80	75	81	80	77	72	75	78	77	76	75	77	81	81	78	78	75	78	82	81	73	78	79	72	79	78	80	78	78	78	78	79	80	74	77	78	76	80	79	74	73	76	79	74	78	74	76	78	79	78	73	76	73	74	80	73	79	75	73	79	81	73	74	82	73	73	79	73	73	79	82	77	78	75	82	75	82	81	75	74	74	79	80	77	81	80	76	82	75	75	79	82	78	76	75	73	77	76	74	78
99	99	95	89	92	95	98	94	98	98	97	98	95	96	96	92	98	93	97	96	92	91	97	98	97	92	94	93	91	99	98	93	95	96	89	96	91	90	90	93	96	97	96	93	92	92	98	97	99	93	99	96	97	91	98	97	95	95	89	95	98	89	91	91	91	99	91	90	89	98	93	96	91	92	94	89	91	94	89	98	97	93	94	94	96	95	94	90	97	89	97	91	93	91	98	96	95	97	94	92	96	96	98	93	90	97	95	94	90	89	99	89	98	91	99	92	90	98	93	98	91	98	96	93	98	98	98	90	94	91	89	97	96	95	94	98	96	95	91	93	97	89	95	99	93	99	96	93	90	90	94	90	92	92	90	96	98	94	97	90	96	99	97	98	92	94	96	97	94	92	98	94	94	95	98	98	91	99	93	97	95	95	97	95	89	92	89	97	97	96	90	97	92	90	93	95	91	97	91	98	90	97	95	93	97	93	90	99	90	96	97	94	90	98	94	90	98	97	95	96	95	91	99	91	95	96	92	92	95	91	95	90	95	92	95	94	93	96	96	94	94	99	91	91	95	97	99	97	93	98	98	97	91	91	91	97	90	99	90	91	90	98	89	97	91	97	97	93	97	99	89	91	98	90	92	96	97	90	96	97	97	96	95	98	90	89	98	95	92	96	98	94	93	91	94	96	97	89	90	92	90	92	98	95	97	90	97	92	90	93	89	96	95	91	97	92	95	92	95	96	91	94	97	91	90	97	89	92	90	95	99	99	97	90	98	90	97	97	97	96	93	96	89	94	96	95	98	91	95	90	91	94	95	96	97	92	96	91	97	94	91	95	97	98	98	93	90	92	90	97	90	99	96	94	93	89	91	96	92	94	91	96	93	92	94	95	96	92	92	92	97	89	98	90	97	94	98	89	96	97	91	90	97	91	90	96	95	91	98	96	94	91	97	95	92	94	94	91	90	95	97	97	99	94	95	97	96	91	92	96	89	91	96	89	92	91	90	91	90	93	94	93	92	90	92	96	96	95	89	93	99	90	92	89	98	91	90	96	95	90	91	99	90	91	98	98	94	89	91	91	98	98	95	97	97	90	97	99	97	91	99	97	91	95	90	94	94	96	94	95	96	94	89	90	90	97	95	96	99	90	94	93	94	99	95	89	90	97	96	93	96	96	99	96	96	92	93	92	99	91	96	89	95	97	93	89	91	94	91	97	95	95	96	95	98	97	92	91	96	96	94	98	98	98	97	99	94	96	96	92	98	89	98	91	90	93	96	92	97	99	90	97	89	95	94	92	94	92	92	99	90	93	98	95	94	93	98	93	96	94	94	96	93	91	92	90	98	97	96	99	94	89	96	96	93	89	92	90	92	98	97	91	96	92	99	98	93	90	89	93	89	96	94	93	97	94	94	97	91	90	93	96	95	90	96	91	95	94	96	93	95	96	90	92	98	92	90	96	98	94	93	90	97	92	89	90	90	97	97	97	95	97	96	96	94	96	96	94	98	89	98	89	90	89	97	97	91	98	94	91	96	93	94	99	97	94	92	96	89	97	89	90	97	94	90	93	94	97	92	89	98	92	95	95	98	94	98	90	91	93	93	96	93	93	96	90	97	96	92	95	95	94	93	91	99	97	92	94	95	98	92	97	92	91	92	98	97	89	94	95	91	93	94	98	91	92	97	92	94	91	94	91	91	95	91	98	91	97	98	98	91	99	96	92	98	93	89	97	95	94	95	91	93	89	95	92	91	94	97	99	96	98	89	94	95	93	93	96	96	97	97	94	94	96	96	94	95	92	89	98	91	93	93	91	95	93	92	93	96	91	93	92	98	98	90	98	95	89	98	90	95	97	97	96	95	92	90	90	94	95	97	90	94	89	99	90	95	93	91	94	93	91	92	97	98	92	98	97	91	97	96	92	93	97	89	96	94	97	94	89	93	94	96	98	92	99	94	92	93	89	91	99	92	97	95	92	91	96	92	95	98	96	91	95	95	94	94	92	94	98	90	95	91	95	96	96	98	95	94	92	92	99	96	98	92	95	92	97	91	95	91	96	95	96	93	90	97	90	93	90	94	95	98	92	90	89	98	94	90	90	89	95	93	96	93	91	95	90	98	97	94	94	98	98	90	98	95	91	89	96	95	95	96	90	93	97	96	98	97	91	95	93	92	89	92	97	94	97	91	89	94	90	95	97	96	93	99	97	96	94	97	95	92	97	96	96	92	90	98	95	96	92	92	92	95	93	89	95	94	93	96	98	91	99	89	94	91	93	91	98
38	41	40	41	42	36	40	43	42	44	36	35	40	43	41	37	36	40	41	41	40	35	44	40	35	41	37	38	35	36	39	42	41	37	40	34	41	38	40	40	36	41	39	35	35	39	34	44	36	37	43	39	42	37	36	42	36	43	39	38	36	42	44	43	41	40	44	34	39	43	40	34	43	41	38	39	34	41	41	43	40	43	44	39	41	42	36	36	39	38	34	43	43	44	42	42	41	35	43	35	39	42	37	37	44	37	43	34	40	40	41	44	41	39	38	42	35	34	39	40	36	35	43	34	39	40	37	42	42	42	39	38	40	37	36	37	40	42	43	41	40	44	41	39	38	43	39	44	37	35	36	37	41	43	40	37	40	37	41	37	43	38	38	42	35	40	35	44	34	37	42	40	39	40	38	34	35	42	37	40	43	36	38	43	40	35	44	38	41	43	34	39	40	38	43	41	39	37	44	41	41	40	41	37	38	43	36	43	37	41	40	38	37	34	43	40	36	42	37	37	36	34	40	34	43	38	36	44	41	42	43	37	35	43	34	35	43	44	40	39	41	42	42	39	37	39	43	35	36	39	35	37	37	40	38	35	39	36	37	44	38	35	38	39	41	34	43	40	37	39	42	39	40	35	37	42	37	42	35	40	35	35	36	41	40	35	42	41	35	34	35	40	37	43	38	39	42	39	37	36	42	39	43	35	43	41	35	36	44	35	34	42	40	40	43	42	38	37	38	38	42	40	39	36	42	43	38	40	39	41	39	35	36	36	39	43	37	38	38	42	41	35	42	43	37	35	41	38	40	35	38	34	43	34	39	42	40	41	40	42	38	35	37	38	38	42	37	38	40	37	41	37	42	38	38	36	37	41	41	36	36	36	41	37	35	37	41	41	38	40	40	36	35	37	36	42	40	34	44	41	37	44	38	38	37	41	42	38	37	35	35	41	36	36	35	44	38	35	38	34	35	44	41	42	42	34	34	38	43	39	40	44	38	38	40	42	44	36	35	39	42	36	42	43	37	37	42	40	39	41	39	39	40	39	38	43	39	40	42	42	40	36	43	37	40	42	41	38	36	39	42	40	42	40	40	40	34	41	37	44	40	43	44	42	40	37	36	44	35	41	37	39	44	44	40	41	39	37	39	34	42	34	40	35	37	35	43	40	41	40	40	38	36	44	41	34	35	35	38	44	41	40	41	43	34	36	38	43	37	34	42	36	44	42	39	44	39	37	42	34	42	37	43	37	39	35	35	39	37	36	42	39	43	39	40	44	34	40	39	37	38	38	37	36	34	42	37	38	43	42	42	41	39	35	37	43	37	40	41	36	38	34	39	44	37	39	37	43	43	44	40	36	37	35	35	39	39	39	41	40	41	35	40	34	41	39	37	37	37	39	36	41	40	37	42	41	42	37	43	42	34	40	39	36	42	37	44	43	38	44	35	38	40	40	44	38	35	39	37	36	34	39	35	40	40	44	44	40	39	35	39	44	37	40	39	37	37	40	36	35	43	35	38	36	43	35	36	42	43	37	40	40	36	35	35	36	36	43	36	40	34	36	37	43	40	43	40	40	40	35	41	35	36	40	41	35	38	37	36	40	34	42	34	34	38	41	39	38	42	37	40	38	37	37	34	44	37	37	34	38	34	38	43	41	35	40	34	39	37	41	40	40	37	34	34	35	43	42	39	42	41	36	41	42	38	40	36	36	43	34	40	40	40	39	36	38	40	44	43	40	38	42	41	39	39	39	44	42	43	40	37	41	35	40	42	36	36	40	40	41	35	42	35	35	41	35	41	38	39	42	37	37	35	41	40	43	34	36	40	35	41	37	43	39	42	42	40	43	36	44	42	38	38	44	40	36	41	37	43	38	35	35	35	37	37	42	39	37	41	38	36	43	40	37	43	34	37	42	42	40	36	41	44	43	42	35	37	36	42	41	36	35	43	36	41	38	41	41	37	38	40	38	43	41	42	37	42	37	41	40	35	40	40	35	40	38	36	41	43	42	38	34	43	37	39	44	42	42	43	40	35	39	34	38	35	43	42	39	37	38	39	35	37	40	42	41	34	42	36	43	35	37	35	37	39	37	34	40	42	36	34	39	44	36	37	35	34	35	37	35	43	41	39	36	43	40	39	39	35	35	37	38	40	43	39	38	37	40	42	39	38	35	41	35	34	39	43	44	40	34	41	40	43	35	37	39	39	36	38	38	39	35	37	38	39	35	36	41	40	36	38	40	43	36	37	35	39	34	36	44	35	41	35	38	39	41	37	43	41	38
102	92	100	94	95	97	94	99	96	102	98	95	100	97	98	99	98	94	99	99	96	98	102	93	93	94	98	93	99	101	93	98	98	100	95	98	93	97	101	93	98	102	97	96	98	98	98	95	101	93	101	98	94	94	97	100	98	94	97	95	96	100	96	98	94	101	93	94	99	93	100	102	93	96	94	93	94	92	96	93	99	97	99	97	96	92	92	98	102	99	101	95	93	94	94	100	97	98	95	101	97	96	97	96	96	98	95	99	102	93	100	95	100	99	100	99	94	97	93	100	94	99	101	100	93	100	96	100	95	96	99	95	98	96	101	94	97	96	94	96	96	93	102	94	94	96	95	97	95	95	100	100	95	96	93	100	98	98	96	97	101	98	95	95	97	94	99	93	93	95	94	96	98	94	93	96	96	95	94	97	96	102	94	96	98	93	102	96	102	98	94	94	96	102	94	100	101	93	101	100	98	101	92	93	93	99	95	102	96	99	94	100	95	101	93	101	94	102	100	96	99	93	97	96	96	95	99	97	95	97	100	100	101	93	96	95	97	97	95	95	99	97	93	100	95	93	100	100	93	100	92	97	98	97	99	101	100	99	101	98	96	99	99	93	97	92	96	94	97	99	96	101	100	95	100	98	95	93	101	95	97	100	99	100	96	96	96	99	100	98	93	95	101	96	96	94	94	99	98	94	98	97	99	99	95	93	95	98	96	99	98	100	98	98	98	99	94	99	101	99	92	93	93	101	100	94	97	99	101	93	98	93	99	95	98	96	97	95	99	93	93	95	93	93	92	93	100	92	92	101	93	99	99	92	92	96	100	98	100	95	94	99	100	102	101	94	96	99	96	95	93	102	97	97	102	96	98	97	95	95	97	99	96	96	92	93	98	97	96	100	96	100	95	95	102	100	98	98	101	96	100	94	100	99	94	94	94	94	96	101	94	96	98	100	96	99	95	100	96	98	99	99	95	102	92	96	100	98	98	96	95	95	101	97	100	97	96	96	99	93	96	99	99	101	102	95	100	99	97	93	101	97	94	101	94	97	96	101	98	92	95	94	97	93	94	97	94	97	98	100	100	101	95	99	92	100	100	101	101	94	93	97	100	94	99	97	102	95	96	95	100	100	93	92	93	93	95	95	102	99	98	97	97	97	97	101	98	93	95	94	99	96	98	93	96	99	101	102	98	98	100	98	93	98	100	98	92	95	97	95	95	93	101	95	97	101	99	99	101	92	98	98	96	95	97	94	93	92	99	95	102	98	97	94	98	99	96	99	94	96	98	102	100	102	97	96	95	98	102	101	101	98	95	98	96	94	94	101	92	101	99	95	102	99	96	96	93	100	97	98	93	93	98	100	94	92	101	93	93	92	99	98	94	99	93	96	101	97	101	96	98	101	95	98	96	101	95	101	95	95	101	100	96	100	101	100	92	100	100	101	97	96	95	101	94	93	101	102	97	100	96	101	93	97	95	92	93	101	102	100	101	95	100	101	101	95	98	95	98	100	100	97	93	100	99	92	101	102	98	92	101	99	92	98	100	100	93	93	97	98	98	97	97	97	96	99	99	97	101	100	97	94	98	94	93	96	102	101	100	95	95	99	97	101	102	100	96	99	95	96	99	95	100	101	99	100	101	93	100	100	96	99	97	94	98	96	97	97	95	98	95	98	101	102	95	99	97	98	102	100	101	101	95	99	96	100	100	94	93	96	96	94	96	97	94	102	96	94	92	94	101	101	93	97	100	99	93	100	93	99	95	97	100	101	98	98	96	101	92	102	98	95	101	94	99	94	97	101	96	95	97	97	99	92	100	92	93	98	100	94	102	94	97	96	99	92	92	93	93	99	98	97	94	99	94	96	102	98	101	100	100	98	98	92	96	95	98	93	100	95	94	97	97	100	101	98	93	96	95	94	101	95	95	93	101	95	96	95	97	101	97	96	100	98	93	100	93	100	93	102	100	98	96	93	100	96	97	99	100	101	97	94	97	93	98	100	99	101	102	100	93	102	96	95	95	95	96	92	100	95	94	98	95	101	95	97	102	93	101	94	101	96	93	101	100	97	97	95	98	101	100	98	93	92	102	95	97	101	101	102	95	93	97	101	95	94	97	95	99	97	97	96	95	94	100	96	101	99	93	95	94	94	94	97	101	93	102	99	94	101	97	92	99	99	100	94	94	98	93	98	97	96	93	97	95	97	98	94	99	101	101	94	98	98	92	100	92	95	99	93	98	98	99	97	93	100	101	99	100	99	99	102	97	94	93	99	96	101	93	97
4	7	7	8	7	7	11	12	7	6	3	8	8	6	9	6	8	11	10	9	12	10	11	6	8	12	3	9	2	9	8	4	8	6	10	11	9	11	12	2	12	7	7	7	2	11	9	11	8	7	3	5	3	8	6	7	5	10	5	4	5	11	9	7	5	10	11	9	3	6	10	9	5	10	6	7	11	6	8	8	12	11	10	11	5	9	11	3	4	11	4	8	11	9	8	7	10	8	4	5	8	7	6	12	3	5	3	3	7	5	2	5	8	10	5	8	4	10	10	4	8	2	7	6	4	7	7	7	4	8	12	10	3	9	3	8	7	8	7	11	9	8	10	10	11	5	9	4	11	5	10	4	12	3	2	4	11	10	12	5	2	6	9	12	2	2	3	8	10	9	2	3	6	2	9	7	4	6	8	3	10	12	8	3	11	5	6	8	4	8	8	9	5	9	3	3	7	9	2	3	8	5	5	9	11	2	3	4	6	9	11	10	7	12	6	4	8	7	7	10	10	7	9	9	2	5	2	12	11	9	12	9	9	8	5	10	5	8	10	11	7	6	6	9	6	4	4	6	6	12	6	9	3	5	9	10	6	2	11	8	5	3	10	11	6	12	8	5	10	12	4	11	12	10	3	4	11	7	3	10	9	3	4	3	8	11	11	6	8	12	7	5	4	12	7	4	3	6	11	12	9	10	7	4	7	5	8	11	4	7	8	11	11	10	7	4	2	7	3	10	11	10	9	4	6	4	11	3	7	10	11	6	3	9	8	8	10	10	2	2	3	6	5	12	6	11	8	11	4	10	7	11	5	7	5	4	8	6	10	6	9	9	7	4	8	10	4	12	6	5	5	5	7	8	2	4	6	10	8	2	2	10	6	10	4	11	3	5	5	7	3	4	3	9	10	6	7	6	11	3	11	7	10	5	7	8	4	9	4	9	11	3	6	6	10	6	6	10	6	7	10	10	12	4	5	7	7	5	6	4	3	11	9	8	6	5	5	9	3	8	9	11	11	7	8	2	8	12	7	6	7	11	5	5	10	4	4	2	3	4	10	6	9	10	11	4	7	8	11	6	8	8	8	5	4	7	9	8	12	12	5	3	3	8	9	6	9	4	4	5	3	7	5	5	10	7	9	5	4	8	5	3	8	7	6	10	7	8	4	11	6	5	7	3	3	12	12	5	6	7	7	5	8	10	7	9	6	4	6	11	12	4	9	9	11	11	4	9	7	5	4	7	11	9	4	3	5	11	11	3	7	7	5	7	8	7	9	2	6	11	9	9	6	3	7	3	5	4	10	9	8	3	6	7	2	8	11	5	9	6	9	7	12	11	10	10	6	10	9	6	7	10	6	11	8	6	6	8	2	5	8	9	10	10	6	10	2	10	11	9	12	7	11	4	3	8	9	4	9	2	5	10	7	4	10	10	9	11	4	11	6	5	6	3	11	7	2	3	4	8	3	10	5	7	6	6	10	3	5	10	4	6	4	12	2	2	5	12	8	7	5	11	10	5	11	5	11	3	11	5	10	4	4	3	7	5	4	12	3	4	7	8	10	9	3	11	4	7	8	11	4	5	3	3	6	10	10	5	11	6	9	3	10	5	5	9	9	4	5	11	8	5	5	3	8	5	7	3	4	9	11	3	10	6	9	11	10	6	4	3	9	3	7	5	7	10	8	4	10	9	11	3	4	7	6	5	4	5	9	3	4	8	9	3	10	12	12	5	10	6	11	11	8	11	8	10	9	5	2	6	5	10	2	11	6	5	5	5	9	9	3	4	5	7	9	11	6	12	10	11	6	9	9	3	7	2	10	6	8	7	2	12	10	5	11	5	10	10	7	5	9	11	5	8	11	10	10	12	7	10	2	8	4	10	3	8	5	7	9	7	12	8	8	12	10	2	6	7	11	8	9	8	3	8	6	9	12	10	5	12	5	8	8	9	10	10	3	4	9	10	4	4	8	10	6	4	5	11	12	5	9	9	4	6	11	5	4	5	6	7	10	3	4	3	7	7	7	10	3	5	12	2	11	10	5	5	8	9	3	7	11	5	9	9	10	3	7	5	9	9	5	11	8	9	4	11	5	11	11	7	8	9	10	12	8	4	7	9	3	8	9	9	11	2	10	5	6	9	11	6	6	10	9	8	12	2	3	10	9	5	3	3	5	7	7	8	2	11	11	10	3	7	6	8	7	4	4	7	5	9	4	3	9	4	11	10	4	11	8	2	5	11	7	2	4	5	6	6	10	5	7	10	7	12	10	3	9	6	5	6
97	95	99	99	96	97	103	102	97	101	99	99	101	103	97	102	97	97	99	96	99	95	95	99	94	94	104	100	96	98	97	103	101	96	98	99	98	100	100	102	98	103	99	99	98	95	97	103	104	101	98	103	94	94	99	101	97	97	98	96	95	101	101	100	97	95	102	97	95	102	94	99	100	99	104	94	102	98	96	97	101	98	101	97	95	96	95	102	99	100	96	96	101	103	96	100	97	99	100	99	97	98	94	94	96	99	94	97	103	98	99	99	101	100	99	99	94	100	95	97	96	98	94	104	97	100	95	103	100	100	101	96	103	99	104	99	97	98	100	101	103	99	99	100	99	102	100	97	95	99	96	97	95	100	98	95	100	98	96	95	102	102	100	102	102	100	95	100	100	101	97	100	99	101	101	100	99	100	102	99	96	104	97	102	95	99	103	95	98	97	102	101	99	104	95	98	102	101	99	95	102	99	95	101	100	99	104	95	99	96	99	96	94	99	98	100	95	96	102	95	95	96	95	101	104	100	100	96	98	96	100	99	101	96	99	95	95	95	97	97	95	96	100	101	101	99	101	99	97	97	98	98	101	99	104	103	98	97	99	99	96	100	97	100	98	104	95	99	96	104	97	96	97	95	98	95	96	104	100	103	96	102	102	102	97	99	98	94	100	96	100	101	102	99	99	102	99	95	97	99	99	99	101	96	99	103	102	96	102	99	100	104	95	102	98	96	97	96	98	95	100	99	96	95	97	97	97	98	100	96	103	99	101	103	102	96	96	101	101	95	97	100	96	101	96	100	98	100	101	95	97	97	102	95	100	101	96	98	98	95	101	103	102	95	99	97	101	97	100	95	103	100	97	98	101	99	96	100	96	102	96	97	99	95	99	99	101	95	102	97	102	98	95	95	99	96	98	100	95	99	101	104	98	97	102	94	98	97	101	99	97	99	96	102	94	95	96	97	101	101	98	95	98	102	97	95	102	95	96	94	96	96	104	96	98	102	98	97	102	100	96	95	103	104	94	99	95	95	102	98	99	101	101	98	104	103	95	95	101	97	104	99	97	98	98	99	96	97	100	95	97	102	103	96	102	94	102	94	103	101	96	94	95	101	99	99	97	97	100	99	97	99	97	96	94	99	103	95	96	97	103	104	97	102	95	94	97	95	98	99	101	102	99	103	98	94	101	95	99	95	97	95	97	103	98	103	97	95	104	96	102	104	96	104	101	101	96	102	102	96	97	100	97	95	99	99	103	101	99	99	102	99	102	95	101	99	94	98	103	99	103	99	101	99	104	101	101	102	94	104	104	100	100	94	103	103	99	98	101	101	104	99	101	102	99	98	96	100	98	99	101	102	98	104	99	100	103	96	96	99	102	103	101	103	96	101	95	102	101	95	95	101	101	99	95	97	98	104	100	96	99	98	100	103	95	96	96	104	95	96	103	96	97	101	97	101	103	99	102	99	98	94	104	95	96	100	103	103	97	98	103	101	100	100	96	103	97	99	102	95	100	94	97	102	98	101	98	99	97	102	97	101	96	101	96	104	102	94	99	95	103	95	97	94	98	94	97	96	100	101	102	102	99	99	94	101	101	100	100	99	97	94	101	101	103	95	96	99	101	99	95	102	103	99	98	100	95	95	101	104	102	97	102	102	99	101	98	95	101	99	103	99	99	96	94	100	97	96	102	97	96	96	95	99	99	97	99	96	99	96	96	99	94	98	98	98	99	104	102	97	98	94	95	95	101	95	96	95	96	101	97	99	99	100	102	94	96	96	98	103	100	96	101	99	95	95	95	98	95	101	100	97	99	96	97	96	97	98	99	98	100	97	94	95	102	96	97	95	99	103	100	98	96	101	95	104	101	99	94	101	102	102	97	100	102	102	98	101	95	101	95	101	101	96	98	97	97	97	99	94	96	99	95	98	101	94	99	95	100	100	97	99	95	94	103	98	98	98	98	97	100	95	103	103	97	97	103	103	95	98	100	98	94	101	100	96	96	95	98	97	94	94	100	102	101	98	97	100	95	100	101	97	97	99	100	101	101	94	102	95	96	104	97	102	96	101	97	102	102	100	95	94	101	101	96	95	104	102	102	103	98	101	99	102	94	97	99	98	97	101	104	103	103	104	96	101	103	98	95	100	98	100	99	96	102	97	94	98	96	98	100	100	104	103	102	99	101	97	98	100	99	101	104	102	96	99	98	97	100	98	96	96	99	101	94	95	101	103	101	96	95	104	103	101	98	102	103	101	98	101	103	99	98	94	101	101	104	101	100	94
48	50	48	51	52	47	47	47	54	54	52	50	49	52	49	54	45	45	47	51	54	51	46	54	46	48	55	45	49	49	47	55	50	46	54	46	49	51	46	49	50	49	49	49	46	48	47	53	51	52	52	49	46	45	55	55	55	53	53	52	48	53	52	51	49	53	45	52	47	47	48	46	50	51	47	45	49	54	52	48	55	48	49	50	46	49	45	53	52	52	50	48	53	48	48	52	48	53	55	49	50	53	49	48	53	49	47	55	51	52	51	49	47	50	46	50	52	52	50	49	45	54	47	54	54	48	55	49	50	49	52	52	55	55	50	51	51	54	54	48	50	54	47	48	49	48	53	48	47	53	46	50	52	53	51	45	53	46	48	47	48	52	47	55	46	50	47	50	52	49	46	50	55	48	53	53	47	49	51	47	52	47	51	50	53	46	45	54	46	48	45	49	50	49	51	45	54	51	47	48	46	46	48	55	52	52	54	54	52	53	51	46	49	51	51	50	45	53	47	50	53	45	47	49	46	47	54	50	50	47	49	48	47	51	54	53	52	54	47	45	50	50	46	52	46	49	55	49	53	50	52	53	55	50	45	53	54	54	48	47	55	46	49	52	54	51	49	53	53	53	54	47	51	51	48	49	55	55	53	48	54	55	51	47	55	50	52	51	47	46	46	46	47	53	50	45	52	53	49	46	46	54	47	52	52	47	55	48	47	47	54	52	53	55	51	45	47	51	46	48	52	53	52	51	52	52	48	49	52	53	50	49	52	53	47	46	45	52	47	50	53	50	46	54	51	49	50	54	53	53	47	46	48	53	50	50	46	55	52	54	49	50	53	47	51	47	49	50	47	52	54	50	51	48	51	49	46	46	46	48	48	50	48	46	46	48	54	46	53	51	52	46	52	48	50	52	52	51	54	45	48	53	53	54	53	55	47	46	48	46	49	51	52	54	48	48	55	55	46	53	47	49	55	49	51	52	54	51	49	54	48	54	54	50	47	50	46	45	52	50	49	48	46	49	47	52	53	55	55	51	48	50	49	55	51	54	54	45	54	46	53	50	55	51	51	51	55	49	53	51	52	47	50	53	50	52	51	47	49	52	50	45	47	46	50	50	51	51	48	46	47	50	48	49	50	45	47	47	51	48	52	50	49	48	48	51	45	54	54	49	48	51	50	51	49	48	53	54	54	46	45	49	52	52	49	46	54	55	51	50	50	54	55	46	55	51	47	48	53	53	55	52	50	54	54	48	52	47	49	47	49	54	45	53	47	55	53	53	47	50	48	54	50	47	49	50	50	46	45	47	50	48	54	48	47	52	49	53	45	54	46	47	49	51	48	48	48	53	48	47	51	54	53	48	50	47	47	51	50	55	52	54	50	49	51	50	54	49	49	54	54	47	51	50	46	52	46	47	45	55	48	49	52	55	52	55	54	51	48	53	50	47	53	50	49	47	53	50	52	46	46	52	49	47	53	47	49	51	53	50	51	50	49	52	47	53	49	49	51	47	50	45	49	45	49	47	46	51	50	52	51	52	51	49	54	51	52	47	54	55	46	51	48	48	46	46	49	50	46	51	46	55	51	50	46	46	52	50	50	51	55	51	50	52	50	55	53	46	49	49	47	49	52	52	54	47	54	51	54	46	50	53	47	50	47	51	51	55	52	54	52	52	53	54	47	52	53	49	49	47	52	54	53	47	47	54	48	48	50	53	51	50	54	55	49	54	53	53	53	45	55	49	51	54	49	49	50	54	48	50	47	45	48	55	46	55	52	47	50	52	51	47	55	50	51	52	47	54	54	45	53	53	51	48	50	48	47	52	49	51	50	49	54	55	49	51	53	48	55	47	46	52	48	51	50	49	47	51	47	49	53	46	53	45	51	52	52	48	55	46	50	54	52	46	48	49	48	45	48	50	52	48	46	52	50	52	48	48	54	48	50	48	52	46	52	45	45	49	51	49	48	52	50	50	54	53	50	46	45	54	55	45	47	54	53	53	49	48	46	50	48	54	52	50	46	54	48	55	52	52	47	50	46	47	55	46	52	49	52	52	50	50	52	53	47	54	48	53	46	54	54	47	47	55	46	54	47	50	47	52	46	45	50	49	51	45	53	49	51	47	50	45	51	47	47	51	51	50	53	47	52	54	52	53	53	54	48	48	52	52	52	47	52	47	49	52	48	53	53	54	45	55	49	50	49	48	49	51	52	54	47	45	54	52	49	51	51	54	52	48	47	47	49	48	49	45	49	47	52	46	54	52	55	51	54	52	54	49	53	55
91	93	89	94	95	86	90	87	94	85	91	88	93	94	95	95	91	93	85	85	89	93	93	93	90	95	91	88	94	90	89	92	87	90	87	90	88	88	90	93	86	93	90	89	92	86	92	86	95	88	91	91	86	86	94	90	91	89	87	93	94	92	86	85	91	91	94	95	95	90	94	90	94	93	86	92	95	89	87	93	86	93	85	88	92	88	94	94	94	88	92	88	88	88	89	86	88	95	93	89	93	94	94	93	92	93	92	86	90	91	88	86	91	92	91	94	89	93	91	91	89	88	90	92	90	86	94	94	91	90	87	93	91	89	91	91	95	94	88	88	93	90	90	91	92	86	89	87	90	91	87	85	87	91	88	85	94	93	94	87	91	88	86	86	87	86	94	94	87	94	92	88	92	86	94	95	92	94	89	90	92	94	91	86	95	90	93	95	90	91	91	93	92	91	92	94	89	88	87	95	94	94	93	94	87	88	88	93	85	89	90	94	94	91	90	87	89	94	89	94	91	91	95	87	89	85	87	90	95	95	91	86	88	91	86	92	86	88	85	92	88	88	86	87	91	89	89	89	95	94	89	91	90	91	88	91	88	92	94	93	86	94	92	95	92	92	89	93	90	91	86	86	87	91	91	94	86	91	92	90	94	89	95	92	93	93	92	87	92	89	89	88	86	89	86	93	94	91	94	95	91	86	86	90	88	91	87	87	92	90	88	95	93	92	93	87	91	94	94	87	89	90	88	91	92	87	91	88	88	89	91	88	94	86	92	87	85	87	87	92	93	95	90	85	93	86	91	94	94	90	87	95	90	95	87	91	88	89	93	93	86	91	92	86	86	89	91	90	90	88	92	93	89	85	91	95	91	91	86	85	92	88	86	85	93	91	90	92	94	95	94	91	86	88	93	93	93	86	85	93	88	88	91	91	89	93	87	93	87	90	95	87	90	95	93	89	92	89	87	95	95	88	95	87	86	86	91	88	90	94	95	94	95	88	89	91	93	92	91	91	89	94	93	90	89	91	88	89	90	91	94	94	95	85	87	92	94	90	92	92	89	93	90	89	88	91	93	86	92	94	93	90	89	92	86	93	92	92	86	90	88	90	95	94	89	87	94	89	91	87	92	88	94	91	92	87	86	92	86	94	91	90	88	91	85	93	91	86	92	92	86	90	87	92	94	92	92	91	91	92	89	93	91	93	88	93	91	90	91	88	86	95	92	92	88	89	86	94	89	88	87	92	89	95	89	89	92	94	93	90	85	91	92	94	93	94	89	91	91	93	92	90	92	86	89	92	90	86	90	89	92	86	86	92	88	91	86	85	93	95	94	89	92	90	95	88	91	91	87	90	92	92	91	90	90	95	87	87	90	91	93	86	86	94	86	92	93	86	88	86	90	93	85	86	95	86	94	94	90	89	89	87	91	87	94	92	92	94	88	93	88	93	90	94	93	92	89	94	91	90	93	88	93	88	85	90	90	88	92	93	90	85	94	92	87	85	90	91	88	90	92	85	95	94	93	93	90	86	93	93	92	87	92	95	86	95	91	93	91	88	92	90	91	87	90	94	86	93	89	89	92	92	85	87	90	90	93	93	86	88	91	94	87	94	94	93	89	94	85	87	92	94	86	91	94	90	91	94	95	89	95	95	95	87	89	89	87	86	95	94	87	90	87	89	88	93	90	88	92	95	93	87	86	90	89	88	85	94	86	89	87	90	92	88	91	87	87	89	91	88	94	86	92	85	92	94	89	94	90	87	88	89	95	87	90	89	90	88	88	86	86	93	93	88	92	88	87	87	95	89	92	88	89	89	87	88	88	90	89	89	90	92	86	92	89	88	88	91	87	89	88	93	95	92	89	92	93	93	91	91	92	90	88	86	91	91	92	87	89	92	91	85	86	94	90	85	90	88	91	91	94	87	93	93	94	87	95	93	87	85	85	85	90	87	90	93	90	89	93	85	87	93	93	85	86	94	91	86	87	86	87	92	89	87	91	94	94	92	88	93	86	92	86	86	87	93	91	85	86	95	94	93	88	94	85	92	95	92	91	89	94	86	91	86	90	86	94	90	91	92	86	92	87	92	93	86	93	86	91	86	92	91	93	90	87	90	92	87	88	87	90	94	90	95	88	94	87	86	94	95	95	86	91	94	86	85	89	94	87	90	93	92	95	87	89	89	88	87	90	91	86	87	92	90	90	85	88	87	86	90	86	94	87	85	94	86	91	90	91	93	95	87	91	87	91	89	86	93	86	94	91	92	85	92	88	91	93	87	91	90
14	14	13	7	8	11	15	9	6	12	9	11	15	15	14	14	13	8	9	14	8	10	9	14	13	12	14	15	11	6	7	10	15	11	15	14	14	11	14	10	16	15	12	15	12	13	13	16	6	7	13	12	7	13	12	12	11	7	13	10	13	10	7	9	8	14	9	11	14	9	11	14	9	7	9	10	7	14	14	7	10	12	7	9	11	12	12	12	6	14	16	15	8	15	12	13	15	7	9	13	14	13	11	13	9	7	13	6	13	12	15	13	9	14	8	14	16	7	6	13	12	13	13	14	11	11	13	12	8	13	14	11	14	9	6	7	13	11	15	14	8	15	12	13	12	6	13	11	10	9	15	13	11	8	13	12	11	11	14	7	10	7	9	13	7	9	16	11	12	10	13	7	15	14	9	7	13	14	16	10	14	10	8	11	6	15	14	10	9	7	6	13	13	13	14	8	7	15	8	10	16	10	6	6	12	16	12	16	7	10	6	9	9	15	8	11	9	8	6	6	16	10	8	15	13	11	13	8	14	14	6	10	9	10	11	16	12	14	16	10	11	7	15	11	8	10	14	10	12	7	14	13	14	10	7	15	13	11	9	7	12	16	11	6	10	10	14	6	9	16	14	10	6	11	7	7	13	11	11	13	9	12	15	15	14	16	9	11	7	11	12	10	7	13	10	9	12	10	8	16	11	9	14	11	15	10	14	15	11	10	8	12	14	9	13	15	8	15	9	13	8	6	15	7	8	14	8	8	11	12	14	14	15	13	10	9	7	14	6	15	8	12	11	13	16	12	7	12	15	14	16	9	12	9	8	16	7	14	13	9	6	12	12	12	6	6	12	7	10	8	16	8	13	7	11	10	13	16	16	10	7	11	7	12	11	13	15	13	8	12	11	7	12	7	16	7	9	11	15	7	12	9	13	7	8	15	13	14	10	13	15	8	13	14	9	8	14	14	10	6	7	14	15	7	15	15	11	13	7	10	14	12	15	9	14	13	12	14	8	11	11	7	12	8	11	14	8	7	8	15	13	12	10	7	12	10	15	15	9	8	6	6	15	13	16	12	14	12	8	7	7	8	15	14	9	15	15	6	7	9	12	7	8	9	12	8	8	11	10	9	12	9	10	16	8	11	15	9	8	16	9	8	10	16	9	12	8	11	9	13	10	14	15	6	10	10	7	15	6	7	12	16	11	11	15	8	10	7	13	8	6	8	15	14	12	8	14	10	9	13	11	6	16	14	6	14	15	12	10	13	10	7	12	10	16	12	15	14	6	10	15	10	11	10	9	8	8	7	8	12	10	14	15	12	12	15	9	10	8	14	11	10	10	6	8	10	11	14	10	13	15	14	12	12	12	9	8	11	10	14	8	11	11	14	14	7	12	8	15	15	10	11	10	12	13	8	7	15	13	15	7	9	7	12	8	15	8	7	14	15	7	15	8	7	9	10	14	15	10	16	11	16	11	15	15	9	9	12	15	10	8	10	8	9	7	9	11	8	11	6	12	8	7	14	6	15	11	15	6	8	16	11	9	11	14	9	14	10	14	7	13	10	8	7	7	10	9	7	6	7	8	16	15	8	10	15	15	13	13	12	13	7	14	8	9	8	7	8	14	7	13	9	7	12	15	10	12	8	12	12	9	9	8	10	16	14	14	6	7	11	9	15	8	14	8	7	14	11	12	14	6	7	14	7	8	12	15	16	8	13	7	9	11	10	7	11	12	15	10	10	7	15	11	16	11	8	7	15	15	13	11	7	11	9	10	12	7	14	14	12	11	6	13	15	11	13	15	9	13	7	16	8	11	10	15	9	10	13	12	9	13	9	14	8	9	10	11	11	11	7	9	11	16	12	13	14	12	14	14	11	16	8	13	9	15	7	11	10	15	6	12	8	8	7	9	10	9	9	9	14	11	10	12	15	16	10	16	13	9	7	9	8	11	15	6	13	15	8	11	8	7	14	12	8	7	12	16	13	7	15	14	13	14	11	10	13	15	16	16	11	11	16	6	8	10	12	13	13	12	9	7	9	10	7	14	8	15	15	10	9	16	7	14	11	13	8	10	11	16	11	15	11	8	8	8	7	11	14	11	13	12	11	8	6	14	14	8	16	14	7	10	10	7	15	14	9	8	8	14	7	10	12	14	12	15	13	13	11	13	15	16	11	16	6	9	8	15	13	10	11	11	16	11	9	11	7	15	11	14	15	10	12	12	13	8	6	10	15	9	10	10	13	12	8	12	7	15	11	10	13	11	14	12	9	7	15	8	12	10	7
wj																																																																																																																																																																																																																																																																																																																																																																																																																																																																																																																																																																																																																																																																																																																																																																																																																																																																																																																																																																																																																																							
75	9	45	9	64	11	67	69	59	34	61	86	19	44	1	62	38	36	41	91	47	32	58	20	76	53	91	11	56	18	24	61	63	99	51	55	60	61	18	24	87	15	84	59	56	80	42	89	11	12	30	78	30	71	70	17	3	83	24	30	27	42	84	60	91	35	25	34	47	9	79	47	32	95	87	94	80	80	4	47	4	56	63	93	99	22	62	83	32	87	10	3	36	67	30	9	90	28	41	21	88	70	56	83	29	70	31	74	9	34	72	33	100	74	34	90	90	72	38	41	5	99	45	84	41	77	49	80	6	87	73	76	65	93	50	77	64	59	38	16	34	1	3	75	7	82	17	84	41	61	18	74	73	85	54	99	54	3	25	36	33	91	37	31	14	49	19	79	78	34	22	15	6	31	4	10	74	16	16	83	41	11	12	53	28	94	59	31	59	71	46	95	51	79	98	16	98	28	70	64	90	54	23	56	26	30	50	40	37	25	2	86	57	81	80	92	41	68	6	93	24	77	30	36	56	30	67	53	10	65	61	84	91	57	65	77	95	95	77	76	99	87	18	97	62	66	3	8	37	26	62	7	65	97	39	90	77	11	95	75	87	10	17	77	47	36	37	85	20	14	86	55	74	65	20	87	97	3	22	7	72	31	70	25	58	78	71	39	88	73	30	14	10	54	76	32	70	33	90	57	36	92	52	55	33	57	67	59	9	10	50	6	40	14	75	7	73	64	59	17	6	55	42	64	95	15	72	2	3	97	69	1	4	78	70	45	24	62	61	32	7	61	3	45	83	77	18	19	19	58	28	14	15	67	53	83	79	77	23	54	42	53	12	21	36	66	85	26	39	21	60	46	15	26	28	15	21	10	79	76	85	50	83	46	47	30	31	76	97	96	69	99	20	59	93	2	82	22	4	71	42	26	37	65	82	64	14	54	87	91	35	19	71	69	51	66	49	25	20	39	36	69	43	36	18	39	71	46	11	81	31	10	50	42	72	9	95	22	92	8	52	82	12	25	39	54	62	24	41	35	89	92	90	11	29	10	88	53	10	60	1	61	18	55	12	54	89	97	92	41	58	14	61	8	37	18	25	39	46	92	87	96	100	70	88	2	78	30	46	30	34	78	65	93	21	39	48	12	99	27	5	64	9	7	7	4	14	15	75	30	77	65	76	92	28	23	50	48	23	94	87	97	72	93	18	31	58	94	65	12	40	48	74	32	35	6	25	74	61	84	45	10	9	34	90	44	62	15	80	88	68	27	23	32	51	57	30	55	7	99	1	40	27	19	63	2	57	39	32	13	9	85	82	28	62	21	82	97	71	96	81	43	73	80	14	64	56	60	48	46	81	89	14	96	85	34	13	69	3	99	94	7	55	89	53	50	71	72	81	81	22	72	33	14	5	67	9	42	73	50	27	6	73	21	33	40	32	38	37	54	80	61	39	36	52	21	10	39	99	32	69	27	97	25	74	92	51	63	97	4	39	61	94	91	11	10	31	34	83	82	13	95	40	38	88	89	98	18	49	20	47	70	47	19	68	65	49	10	92	44	61	84	5	28	43	52	78	38	79	75	43	49	37	13	80	68	81	54	61	23	83	99	81	62	82	27	87	48	7	58	46	97	81	87	40	61	21	66	75	91	98	97	26	30	75	10	20	27	2	3	78	2	8	61	36	99	9	92	54	99	17	61	99	7	78	54	74	5	9	33	56	92	66	27	51	78	69	30	60	60	47	4	61	94	83	70	20	9	84	18	29	97	50	15	84	71	57	10	18	52	82	21	13	20	6	72	33	18	25	37	18	44	44	78	73	13	30	17	92	8	40	40	54	55	91	17	30	9	75	95	28	74	36	39	53	85	72	93	7	8	86	10	36	13	53	12	35	89	77	35	15	33	2	33	17	62	81	85	32	78	2	26	43	20	43	71	67	66	22	99	26	73	80	93	14	15	28	60	31	46	13	61	60	92	72	88	13	94	36	85	75	80	100	95	48	88	62	79	12	27	90	86	25	16	79	24	9	92	23	38	15	5	51	25	40	72	86	8	7	24	18	99	35	74	22	30	59	63	85	2	20	30	27	13	75	35	66	85	87	77	64	82	82	46	13	51	78	16	90	71	10	66	95	96	35	51	35	77	43	73	98	72	5	79	17	37	88	38	77	73	53	61	87	91	6	12	24	86	88	58	40	32	99	82	52	77	88	56	30	38	90	47	78	93	53	56	80	35	29	53	2	72	63	26	84	99	18	62	91	97	22	32	8	99	50	16	37	41	71	84
