pij																																																																																																																																																																																																																																																																																																																																																																																																																																																																																																																																																																																																																																																																																																																																																																																																																																																																																																																																																																																																																																							
86	71	74	76	86	83	88	82	76	85	77	80	82	84	75	72	71	77	72	82	85	88	70	87	71	82	84	74	78	75	89	83	84	89	17	83	77	82	87	73	88	71	70	79	20	85	84	81	78	72	87	82	81	74	75	70	77	83	22	89	80	75	89	72	86	84	85	89	81	88	82	74	76	77	81	72	72	77	70	76	85	27	88	73	73	72	87	73	78	76	86	90	80	85	87	81	70	87	87	75	85	86	86	75	78	83	76	77	76	86	82	79	76	83	76	82	86	89	87	71	74	80	74	71	85	73	89	88	75	75	86	73	80	74	84	79	71	75	77	80	79	81	78	74	77	25	72	75	86	72	78	77	84	77	84	80	76	71	74	85	82	88	73	78	74	72	74	90	83	78	80	79	74	76	88	71	80	73	89	86	85	77	74	79	87	73	89	85	82	82	89	85	88	75	88	83	82	82	75	70	85	74	81	81	86	89	75	72	85	80	80	78	87	87	82	72	81	75	72	70	81	73	85	83	75	86	79	72	86	81	83	89	85	86	84	88	75	85	84	77	75	76	81	22	72	82	75	21	88	88	81	80	87	73	75	71	81	89	87	73	73	86	76	73	79	74	74	77	77	83	76	82	71	80	84	80	75	79	75	83	71	73	79	87	86	72	77	80	86	76	80	88	81	70	76	83	90	87	71	73	78	71	73	82	88	78	80	82	83	82	75	85	83	81	87	89	77	81	89	89	87	80	74	82	89	72	82	82	87	82	87	76	87	80	82	78	79	88	82	81	79	78	82	72	88	73	90	83	89	83	81	82	70	77	87	81	87	88	71	84	19	71	84	86	70	84	87	72	76	77	75	89	80	87	77	72	77	79	88	73	72	78	71	84	76	87	88	78	88	21	71	80	86	25	84	75	81	72	85	77	76	71	77	84	71	86	21	77	90	79	80	83	72	83	87	81	72	86	76	74	77	70	78	84	70	87	70	79	71	72	88	71	85	88	79	76	77	85	83	78	83	88	87	74	82	90	85	73	82	77	89	82	75	74	79	23	71	75	89	88	86	88	73	87	85	89	80	71	76	82	83	73	84	80	72	84	90	77	18	78	70	73	73	90	84	78	75	79	84	79	83	83	74	83	75	75	82	70	85	75	72	77	71	78	88	73	82	80	79	90	85	75	78	70	73	88	86	83	27	79	87	78	74	76	76	83	81	88	78	89	90	79	73	80	83	77	72	80	74	76	85	81	86	73	90	79	21	73	73	74	73	86	86	82	86	77	75	77	76	81	85	74	83	74	81	77	80	89	72	81	29	84	73	77	89	79	79	84	79	80	81	73	77	82	89	75	83	73	78	79	74	78	73	72	75	88	82	87	81	88	89	82	80	89	81	78	81	27	82	80	88	78	75	78	89	89	23	87	80	73	89	80	77	87	81	74	80	88	80	86	86	82	73	71	79	82	89	88	81	77	82	89	21	87	81	87	80	87	74	83	82	79	89	77	89	88	84	72	71	83	81	75	75	71	72	78	89	87	87	89	78	89	74	85	70	81	82	84	76	81	84	74	80	80	77	78	81	22	82	79	78	80	88	87	86	85	89	84	71	75	71	81	73	87	26	89	77	83	88	82	87	79	89	73	76	75	75	80	72	80	82	83	71	83	81	77	80	88	77	75	71	80	78	76	84	88	87	78	85	77	82	72	78	72	89	80	87	77	70	86	90	79	86	87	71	86	73	72	82	74	77	81	83	87	82	70	88	86	86	75	76	85	71	83	85	73	78	75	90	27	80	83	77	85	82	86	78	89	79	76	79	78	83	72	85	86	74	87	79	20	72	84	80	81	71	89	79	77	73	83	85	89	87	84	85	75	83	84	76	85	84	86	20	72	79	18	79	77	83	78	83	88	77	79	88	70	73	76	77	84	18	78	76	84	87	75	86	81	73	80	78	80	81	84	78	72	86	70	86	74	87	76	70	79	88	81	78	81	71	72	78	79	71	86	86	77	72	84	88	88	76	90	82	74	75	87	22	89	82	82	72	71	76	87	73	79	70	71	90	73	78	85	85	86	74	84	85	85	19	80	76	71	82	80	87	87	81	83	81	80	89	82	84	72	81	76	70	78	84	83	83	79	72	84	77	81	82	75	90	71	83	71	76	72	87	84	81	70	89	88	71	79	79	73	79	88	80	89	75	76	79	87	73	73	71	89	82	82	81	75	73	78	87	76	71	89	74	79	86	76	83	80	74	73	75	82	77	86	89	83	86	78	70	84	88	79	72	77	72	89
70	83	86	79	79	72	81	81	80	82	85	78	75	75	78	80	86	78	84	74	84	72	71	87	89	75	80	78	73	75	77	72	20	88	75	81	78	84	73	70	81	87	72	84	87	71	83	73	86	87	72	88	80	73	74	81	70	87	81	84	71	82	87	72	76	78	70	75	85	77	73	74	77	79	70	71	84	19	83	80	80	73	75	90	20	76	78	86	87	87	79	86	75	84	82	73	86	72	79	89	81	75	73	86	85	77	83	81	83	79	90	87	20	88	85	76	88	81	87	85	75	75	89	81	89	73	84	18	84	83	90	86	77	81	76	71	88	79	82	72	89	89	84	88	82	84	72	86	81	76	84	82	78	80	76	87	72	75	83	26	71	84	78	86	78	79	82	77	84	82	71	76	72	73	80	79	77	74	79	23	79	79	90	89	90	77	82	20	85	81	90	85	88	70	83	85	84	85	72	90	83	83	87	82	89	75	83	71	70	80	76	70	74	73	16	86	89	86	86	81	80	76	79	88	70	74	87	83	86	84	89	80	75	81	84	82	81	75	90	84	81	79	77	89	71	84	72	90	86	88	75	89	70	84	74	78	88	78	71	87	88	83	90	82	90	70	74	77	80	86	78	79	83	73	81	90	84	81	81	76	89	83	80	85	73	77	75	73	70	86	71	80	87	76	73	79	76	83	88	26	86	72	28	78	79	76	83	72	77	71	89	76	83	76	81	83	76	80	81	71	89	84	73	73	83	72	78	78	86	72	90	70	80	81	89	85	79	74	70	86	89	77	75	89	75	74	72	77	77	71	86	85	88	81	76	88	85	85	87	89	77	83	81	80	71	72	77	73	83	76	73	89	75	71	76	74	80	85	70	88	77	80	86	82	81	75	70	71	78	78	85	75	71	85	79	83	73	86	76	22	85	87	73	75	79	78	72	71	74	89	89	81	19	83	80	81	78	16	85	83	79	73	74	76	86	71	76	75	78	76	86	17	70	81	77	89	89	77	84	79	77	82	87	76	83	89	80	77	80	74	80	86	85	85	75	87	87	89	72	85	80	85	74	88	77	85	84	78	76	82	80	81	85	76	79	72	86	88	78	70	77	78	86	79	77	72	78	81	89	71	89	75	80	89	76	83	83	78	88	81	85	71	70	73	81	72	84	71	86	75	84	82	90	70	89	82	74	90	77	81	72	74	81	83	82	19	84	71	71	88	71	88	80	76	78	85	86	77	87	72	80	85	82	86	87	81	74	75	79	71	71	78	77	71	87	27	87	80	88	73	22	76	71	75	78	77	88	79	74	87	88	22	85	86	86	72	90	78	71	75	89	73	71	89	90	76	78	79	85	80	72	79	77	18	84	73	83	83	88	85	81	84	81	87	18	73	80	77	81	23	70	79	78	77	72	77	72	79	82	90	76	84	73	89	83	78	75	77	85	89	79	80	74	78	78	83	87	89	74	81	75	70	81	86	76	27	79	85	83	74	86	89	80	83	89	80	84	77	71	82	19	73	81	72	86	79	89	23	71	71	75	83	70	85	82	75	72	20	85	77	80	86	79	82	83	74	87	80	77	74	79	75	85	86	87	88	71	86	86	83	79	79	87	21	77	74	77	71	83	74	81	88	18	76	88	79	78	76	81	84	89	73	83	76	72	81	74	85	90	74	83	77	74	79	89	83	81	76	80	71	81	75	75	73	89	78	24	82	85	77	79	77	79	75	74	85	73	89	71	84	87	72	87	79	72	90	72	86	82	73	80	73	85	74	87	83	85	73	76	88	71	70	76	71	84	86	90	78	71	77	82	25	83	88	84	74	80	85	70	80	85	80	76	87	75	76	79	79	76	86	84	85	22	83	77	78	85	82	81	72	82	77	82	79	83	77	72	87	87	90	76	71	88	77	87	86	78	73	82	81	87	83	83	76	77	80	76	84	26	86	72	73	77	89	82	89	90	87	89	79	86	84	80	76	77	29	87	80	74	76	79	85	77	89	24	71	88	85	86	79	89	86	74	20	78	74	90	88	73	89	76	20	82	73	84	74	78	70	76	75	75	71	84	70	73	85	83	83	78	84	75	85	76	72	79	73	84	77	79	76	90	86	86	78	88	84	81	89	89	72	76	78	75	83	81	71	87	78	82	87	88	77	82	82	72	81	87	89	87	79	78	82	85	73	75	25	86	75	79	24	79	75	90	73	80	80	78	72	82	75	79	85	70	85	77	74	82	72	84	86	85	88	87	83	88	76	76	87	79	19	24	84	86	90	85	73	90	86	83	73
73	72	26	79	77	77	81	87	85	72	88	74	75	74	80	78	81	75	75	89	82	74	24	88	88	86	87	77	72	86	74	80	72	78	85	80	71	77	80	88	80	80	71	74	89	73	75	78	73	81	80	79	77	83	78	85	84	82	89	75	75	19	80	76	75	85	86	72	85	86	73	81	74	74	81	78	76	72	72	22	76	86	82	78	73	86	84	83	79	79	73	85	84	71	89	74	77	90	74	20	83	71	80	75	81	75	71	79	81	72	78	84	88	83	85	83	86	82	71	88	85	76	75	90	73	78	90	83	85	70	85	78	70	78	75	79	89	71	75	82	88	74	86	86	87	73	78	78	76	84	87	74	83	81	83	71	88	84	80	76	80	72	82	79	88	84	83	72	87	76	23	70	84	80	79	89	78	81	84	81	83	77	83	83	88	80	76	85	87	70	78	89	87	80	72	79	73	72	83	71	79	88	86	74	89	75	84	85	74	82	88	87	24	90	77	90	81	83	84	77	70	86	20	74	82	89	82	71	70	81	71	86	81	76	77	73	77	78	75	83	87	74	87	84	77	71	82	74	88	81	81	87	80	78	71	70	83	89	70	71	80	80	75	73	86	72	75	79	73	88	21	71	76	87	74	83	77	86	84	89	80	85	21	80	84	75	71	75	76	89	83	86	89	86	84	84	78	75	76	73	83	87	77	81	80	89	84	74	86	88	80	74	89	70	76	87	21	87	73	19	82	78	86	89	80	77	75	77	88	73	78	71	78	80	84	86	22	83	71	84	78	86	82	83	81	86	75	90	83	82	89	72	24	79	87	19	21	88	86	74	82	21	83	72	71	28	76	86	81	81	89	80	81	83	85	88	76	70	72	78	85	86	81	84	79	78	85	84	80	72	85	77	77	88	90	86	89	77	81	87	80	83	82	73	76	85	81	89	89	72	84	81	81	71	84	79	89	90	78	83	82	79	89	86	86	85	78	74	27	82	82	76	82	87	88	87	82	85	21	79	74	20	72	71	72	86	77	75	80	76	70	87	76	19	74	78	88	88	78	77	87	84	73	24	78	80	86	78	84	80	83	16	88	75	86	90	20	88	76	86	87	89	90	75	80	74	85	19	72	85	75	84	85	89	22	72	71	75	87	77	90	86	85	72	75	89	76	20	19	87	87	86	90	76	79	82	85	74	84	89	79	81	85	74	74	89	82	78	74	78	85	71	84	76	82	27	81	75	70	75	81	88	77	75	87	90	78	77	86	88	20	86	88	81	87	80	76	74	85	72	76	80	77	73	82	75	88	90	80	19	87	83	85	81	82	71	79	71	77	83	89	89	90	79	85	85	80	80	70	74	72	86	88	87	79	90	77	85	84	89	86	87	87	73	81	86	71	75	76	74	86	77	71	80	87	88	80	82	78	81	71	74	75	87	72	71	72	71	83	21	79	73	80	77	78	86	80	81	71	78	84	83	82	82	77	71	71	24	82	86	80	84	78	80	83	88	19	85	83	79	78	70	85	80	86	75	72	76	75	82	86	71	85	79	80	88	82	72	85	71	74	85	83	85	80	76	88	79	86	82	71	85	79	22	88	74	79	71	78	80	72	77	87	83	76	70	78	72	87	76	86	73	73	80	80	87	74	21	86	73	81	76	23	75	73	73	86	84	79	79	85	73	71	72	85	84	90	79	89	86	82	85	75	85	86	21	74	22	73	84	87	88	83	89	71	84	88	87	82	73	84	81	71	80	73	76	82	79	88	80	77	84	76	18	87	86	78	87	78	75	73	75	74	90	78	83	86	78	73	20	71	77	89	87	85	77	79	82	72	72	81	81	78	89	74	88	89	79	80	78	90	85	71	78	90	85	86	17	85	84	77	87	84	89	84	80	84	85	85	70	85	85	84	88	85	75	74	79	87	87	84	73	75	86	83	75	83	89	73	76	72	70	81	82	18	84	73	78	84	87	80	19	83	87	76	81	84	79	85	87	77	77	86	76	75	83	78	80	71	89	24	82	71	73	89	74	75	73	88	88	79	71	24	73	83	20	71	76	80	89	84	80	74	86	75	73	78	71	79	84	79	89	82	86	72	90	88	82	75	80	71	81	81	82	72	73	71	83	82	20	88	72	90	78	76	73	85	71	75	79	85	82	76	72	87	77	77	74	85	86	71	90	75	88	74	82	80	82	85	81	78	73	79	84	88	83	17	90	85	80	79	84	78	83	85	80	74	74	73	75	90	86	79	86	87	82	83	81	78	79	70	90	77	80	71	79	80	81	72	70
72	83	86	83	80	77	71	90	76	84	81	87	74	79	71	85	78	87	71	78	72	86	70	74	83	71	86	85	84	79	79	88	80	73	74	83	76	89	74	86	89	73	75	90	83	78	83	90	82	89	70	73	81	77	81	76	76	88	77	87	74	88	85	89	76	84	71	80	74	84	87	84	77	86	82	88	87	84	79	74	82	87	84	87	71	82	82	77	86	25	71	80	73	87	83	19	86	70	88	85	20	87	72	84	79	77	86	79	73	85	89	86	78	89	85	86	79	86	87	70	89	73	79	84	81	89	79	74	83	75	70	79	74	88	84	90	77	74	88	88	70	85	85	74	81	82	80	88	72	22	71	73	79	87	73	70	79	87	84	78	74	70	83	77	86	84	76	76	71	72	88	82	77	72	88	73	73	83	77	81	89	85	80	77	77	77	85	83	71	70	79	74	76	78	72	86	86	77	85	85	86	85	84	77	78	83	76	80	71	88	73	77	76	79	17	82	70	89	87	75	88	76	77	73	72	79	24	86	24	74	85	87	86	80	79	76	73	83	73	87	82	71	89	82	81	80	82	72	83	87	80	83	72	74	73	72	73	83	82	79	73	87	89	84	85	83	76	86	76	81	70	73	88	86	74	83	71	84	24	80	80	81	77	87	77	72	70	74	87	79	81	80	78	87	73	83	75	26	21	71	77	81	75	86	81	71	87	85	83	70	79	80	78	80	84	70	72	87	88	77	76	78	84	88	82	72	88	78	28	73	77	80	84	74	70	78	89	78	80	88	74	81	73	76	77	74	74	85	75	84	72	89	73	72	84	71	80	79	76	76	73	88	80	85	75	71	83	78	22	85	77	83	87	87	85	79	78	73	76	87	75	78	72	85	72	85	72	78	78	77	79	70	25	71	72	85	82	83	80	85	85	75	75	73	84	89	80	78	84	85	75	80	77	74	78	75	77	83	73	76	78	80	86	77	84	83	80	87	71	75	73	79	27	87	85	72	81	21	87	81	71	76	79	83	76	75	75	80	70	74	84	87	77	77	90	89	72	71	86	89	78	79	85	88	83	87	82	83	83	70	72	88	87	72	84	87	71	73	78	77	76	80	17	89	73	78	81	75	78	83	79	86	75	89	70	86	78	79	79	72	89	72	72	83	87	78	71	86	81	78	84	70	75	83	20	80	81	86	71	72	76	90	87	85	86	86	86	90	88	76	76	76	80	75	80	88	79	84	79	81	71	72	70	72	86	90	84	84	72	85	85	71	73	84	79	74	82	79	74	22	75	88	79	86	90	86	72	26	74	88	87	82	72	89	74	88	78	71	17	81	75	83	70	84	81	77	87	78	88	70	80	77	72	74	78	71	77	72	70	79	84	88	83	88	87	85	86	75	71	71	79	88	85	83	75	74	70	80	84	71	85	75	73	85	83	74	88	85	77	90	70	81	71	85	81	85	82	74	82	89	78	89	79	89	87	75	72	82	87	89	80	79	77	82	73	74	82	80	74	73	89	72	86	75	76	86	80	75	86	77	88	80	85	79	72	85	86	74	77	80	78	79	82	73	87	75	87	90	77	89	84	71	82	22	73	81	82	86	75	74	75	85	75	76	74	89	87	73	78	77	81	72	72	77	19	74	71	82	80	79	76	78	25	74	84	85	71	79	87	83	84	90	84	74	83	78	75	83	78	87	75	83	87	70	73	79	83	85	89	77	85	78	84	73	72	73	89	78	79	82	89	86	89	79	73	77	87	80	89	85	78	78	76	83	77	74	88	72	84	70	77	90	77	80	78	85	88	85	80	74	87	82	88	87	74	83	27	77	88	85	70	72	79	85	83	21	71	77	74	88	77	75	89	86	72	87	72	86	79	80	88	75	75	77	82	70	77	87	75	84	71	81	76	70	77	76	76	79	73	81	87	80	79	77	90	88	76	89	86	85	81	83	86	76	83	77	27	76	87	89	88	86	73	89	83	83	72	76	80	80	80	75	89	72	89	88	83	76	74	18	78	71	75	76	82	79	81	76	76	90	77	82	88	79	79	81	89	81	82	73	89	90	74	78	88	90	77	74	89	78	87	90	85	76	71	79	70	75	88	82	77	72	85	83	78	77	73	85	78	71	80	83	75	77	79	81	77	77	87	88	70	75	83	85	82	78	78	72	80	89	89	87	78	79	75	84	79	85	90	81	85	76	79	78	74	73	88	74	77	90	75	85	75	16	84	83	89	77	87	84	73	79	76	80	72	87	78	73	84	71	90	87	72	77	75	71	74	85	76	20
73	88	86	89	76	74	71	80	88	85	71	88	77	88	78	82	72	89	88	80	86	76	83	73	71	74	76	88	73	72	71	83	74	22	85	86	86	88	82	74	87	89	74	81	76	15	25	79	73	82	84	78	85	76	86	76	82	87	74	73	84	78	72	84	71	74	84	74	78	86	84	71	76	23	78	83	90	87	90	78	80	83	87	79	89	86	78	84	89	89	81	84	83	74	75	84	86	76	83	85	83	78	89	70	80	74	85	74	77	24	85	85	76	82	83	85	76	90	75	83	22	82	80	72	79	83	74	70	80	86	74	86	79	75	85	78	75	71	85	83	76	71	77	77	88	71	77	82	89	73	79	88	89	19	87	71	87	72	87	85	76	82	87	71	75	83	77	77	86	72	74	82	89	87	77	86	72	89	76	73	79	76	87	81	72	73	71	73	81	71	89	87	81	83	88	85	73	82	88	86	83	84	73	88	81	74	85	72	70	86	82	79	77	73	76	72	73	86	78	83	73	78	83	90	26	87	79	79	88	75	78	78	87	76	84	88	70	79	74	87	86	73	74	84	81	75	88	83	83	73	89	83	26	83	83	71	81	75	73	70	80	85	76	74	73	73	81	82	90	72	89	72	77	89	84	83	89	90	80	87	72	88	75	82	85	78	88	26	85	81	74	88	77	89	83	75	80	85	86	83	75	83	72	87	88	78	73	90	24	83	83	72	78	81	74	82	84	77	76	73	78	86	76	84	83	88	88	20	90	80	78	70	79	89	81	22	84	71	87	84	83	71	89	76	77	79	85	79	74	76	74	89	80	80	88	79	88	80	21	80	77	72	77	84	89	86	73	89	71	88	89	27	87	82	77	77	85	75	79	89	20	86	72	80	78	85	80	71	74	76	82	88	83	83	82	90	77	74	78	80	85	80	28	83	86	89	85	75	71	78	80	86	75	89	81	71	72	80	87	81	87	71	78	71	71	17	82	72	80	73	78	74	76	82	71	90	88	82	90	82	78	90	88	86	75	74	84	73	74	86	74	73	86	71	88	79	72	86	76	87	83	83	70	82	77	87	83	87	71	72	73	89	86	87	76	81	73	71	88	71	72	75	75	84	85	78	72	79	81	78	84	89	77	78	83	83	87	77	70	72	78	85	82	84	82	85	79	74	84	76	74	72	80	75	89	77	85	86	72	86	84	83	21	74	86	81	87	88	76	78	75	74	84	70	90	79	81	73	77	78	85	90	76	74	76	90	79	87	82	81	74	22	83	74	86	81	81	71	70	90	74	74	83	75	22	78	74	79	87	74	89	73	80	83	72	82	85	73	74	80	84	73	81	86	71	74	88	88	88	75	84	76	77	88	79	88	78	74	75	86	70	79	83	81	87	82	88	86	72	80	72	74	82	26	73	76	89	16	81	87	77	74	71	70	88	90	88	89	74	78	88	79	89	74	80	71	80	72	85	85	80	85	75	78	79	73	21	74	74	76	82	74	88	76	90	78	73	88	73	84	81	83	85	83	90	71	77	74	74	83	88	78	70	83	84	77	86	76	77	88	85	88	74	79	70	83	87	82	74	71	79	82	76	85	75	84	28	83	74	70	89	79	89	87	90	87	84	72	26	72	84	74	82	75	87	85	23	75	71	70	74	85	88	77	87	71	88	72	81	71	23	90	71	84	72	89	86	90	82	85	88	72	72	73	83	83	78	77	85	76	70	80	80	88	73	83	83	74	70	85	84	70	74	74	28	78	74	78	75	70	70	73	89	85	86	77	90	72	89	88	75	80	84	83	85	74	75	85	18	76	71	78	75	80	89	82	83	72	73	70	74	73	77	86	77	75	71	76	79	83	89	76	77	85	77	84	86	88	82	76	87	88	75	86	86	82	73	79	89	80	89	79	75	71	75	81	86	71	85	84	72	75	71	25	82	73	73	83	72	78	86	86	88	81	70	78	78	72	25	77	23	72	74	72	90	76	88	84	17	78	82	76	84	81	72	90	76	21	88	84	78	76	21	85	73	81	80	76	74	90	82	83	75	73	19	82	74	78	73	78	72	71	83	82	81	71	84	85	73	20	84	20	76	73	87	86	72	89	90	72	79	74	89	80	89	82	74	81	17	74	72	81	76	81	74	82	83	82	84	81	85	83	86	85	86	79	85	21	86	86	80	75	88	79	73	77	82	87	89	75	79	83	76	75	73	75	78	87	81	79	78	83	20	77	78	71	71	89	89	71	84	82	70	81	84	85	89	73	77	87	76	22	74	83	71	72	71	79	71	84
85	74	81	79	72	79	86	79	76	80	79	83	83	76	89	72	87	89	85	70	87	84	85	87	72	80	72	26	84	70	76	71	80	85	85	79	86	87	87	70	78	87	72	80	74	80	72	70	77	72	85	74	77	75	16	74	80	74	84	84	85	73	80	79	79	87	18	84	79	74	88	81	78	85	87	83	71	89	71	87	84	74	74	73	77	84	87	83	88	24	72	79	78	87	18	16	80	74	80	85	77	72	88	83	72	80	22	77	83	71	87	78	78	83	89	86	90	83	75	84	84	85	88	77	80	85	84	80	81	79	89	89	90	74	87	83	78	77	74	85	74	89	88	86	84	83	85	82	82	84	78	76	72	83	90	88	81	89	73	81	21	81	83	85	82	72	72	75	73	76	79	74	26	89	84	78	75	88	73	87	25	86	73	71	88	72	75	71	83	73	71	77	88	89	87	87	84	90	89	84	79	85	85	89	87	72	76	74	73	81	77	83	81	88	71	80	73	85	77	26	81	88	88	76	81	85	81	86	85	75	81	72	79	71	84	77	85	89	88	79	77	77	86	88	80	72	81	87	75	77	78	86	86	88	85	79	72	78	90	87	79	80	80	80	87	83	80	85	83	78	78	82	90	73	71	78	80	18	80	76	71	90	79	80	77	87	85	84	86	87	90	86	70	77	85	70	88	85	88	77	89	81	84	78	89	82	90	89	77	79	80	72	75	79	76	81	81	25	73	89	81	72	81	82	78	77	87	88	79	85	77	82	82	71	90	86	78	72	73	85	71	81	78	86	71	73	80	71	82	86	73	82	90	84	86	82	23	83	82	78	74	73	73	88	84	84	83	85	77	77	86	83	86	77	72	83	80	85	78	81	77	76	85	81	73	87	84	76	73	77	88	84	78	72	78	77	70	82	84	86	86	76	80	80	72	86	84	84	84	75	82	77	83	88	81	77	74	86	80	90	75	78	87	83	76	71	22	77	89	85	80	74	70	86	85	83	88	75	72	86	71	75	79	85	81	72	72	78	84	77	84	83	88	79	83	72	81	81	87	76	80	81	74	72	76	73	72	83	87	19	85	73	71	75	75	85	84	82	80	73	88	82	80	83	84	77	83	80	71	86	76	70	81	87	83	84	72	86	88	82	71	83	74	81	79	88	72	79	77	77	83	79	82	74	89	76	76	88	74	80	81	75	89	76	77	87	86	71	74	74	23	73	80	88	82	89	77	72	85	70	90	71	81	87	82	84	83	72	77	77	80	74	79	73	77	88	82	79	83	83	76	73	84	85	82	77	87	78	79	86	75	87	76	90	82	71	72	78	76	74	75	80	86	84	86	85	76	80	86	81	74	83	86	84	88	79	82	89	72	71	76	87	78	81	82	86	86	82	75	76	83	70	87	86	74	75	81	83	74	83	88	87	81	83	78	80	74	77	85	71	78	80	88	72	80	88	86	87	72	72	88	79	77	76	78	27	82	79	89	75	82	87	86	71	85	82	90	72	84	75	87	81	71	71	20	79	77	82	80	85	83	23	71	73	78	73	73	83	70	87	86	72	20	82	81	81	83	85	84	80	81	81	84	79	89	77	82	82	75	90	84	87	78	88	74	88	79	72	89	86	84	84	75	74	87	78	75	88	86	20	83	82	89	83	71	78	86	89	85	78	75	73	81	72	82	82	79	77	26	75	88	89	81	89	81	71	85	82	76	80	89	83	71	89	79	71	71	75	86	76	79	72	85	82	86	83	77	86	71	81	74	72	87	83	90	82	79	86	83	81	87	89	78	73	83	89	84	76	75	75	82	26	73	84	90	82	77	80	78	84	74	79	81	70	81	88	74	23	75	23	79	79	75	79	85	77	89	79	84	89	22	88	89	72	83	81	72	85	83	84	72	72	72	84	89	81	27	73	72	86	85	71	72	89	79	79	84	81	88	85	80	73	84	79	72	79	89	78	79	86	78	78	83	82	90	87	89	71	81	75	85	76	81	81	76	75	78	84	77	82	81	77	81	87	70	76	89	88	80	78	74	88	80	89	82	19	26	76	16	80	79	84	73	81	72	84	79	89	76	79	71	82	83	72	74	19	79	71	86	84	72	76	88	77	87	80	82	85	76	76	73	79	70	81	90	88	84	79	89	81	76	71	70	83	87	81	73	83	78	18	72	81	84	83	71	78	22	78	83	88	88	79	77	72	87	73	78	77	71	83	71	85	89	78	80	88	76	78	77	86	84	76	73	78	76	84	75	73	90	73	74	86	18	74	76	89	70	72	81	71
77	79	75	78	89	73	83	83	16	78	82	86	81	89	74	81	74	71	74	85	82	72	71	88	77	81	89	78	86	70	84	80	71	88	72	77	83	71	74	78	73	85	74	70	79	85	79	74	79	76	81	82	72	18	79	85	88	85	86	83	80	70	82	72	21	72	77	72	83	77	79	77	83	73	80	77	80	81	89	88	86	75	84	78	81	76	71	84	72	84	74	87	76	73	73	79	83	82	79	90	88	82	24	77	70	89	89	88	84	80	79	88	76	79	70	83	77	79	74	84	83	88	75	78	75	82	82	82	88	73	78	73	73	83	87	71	73	77	74	80	78	72	85	79	76	84	18	82	75	79	72	87	76	80	70	85	80	82	82	76	80	82	71	72	83	72	75	75	83	21	72	80	84	89	76	75	77	76	76	70	84	74	76	73	83	72	17	76	75	86	83	74	88	72	79	72	81	77	86	87	73	77	76	74	90	90	73	76	73	88	72	82	72	70	89	85	70	88	89	74	78	77	84	71	78	89	80	71	85	82	25	78	77	73	80	90	71	73	79	77	75	23	90	79	79	81	87	85	18	78	85	77	80	83	82	81	83	89	70	83	71	75	77	84	73	73	71	90	77	86	73	78	84	82	86	71	86	77	83	81	79	85	20	82	78	89	84	82	79	71	81	79	87	76	80	80	78	83	73	25	86	82	89	82	81	80	74	72	73	75	84	81	75	84	74	88	74	87	88	81	71	83	85	74	89	74	87	78	79	82	73	85	82	84	76	77	72	84	78	23	74	77	81	86	84	80	85	86	86	80	71	72	81	78	80	74	75	82	75	73	74	88	73	77	79	83	82	84	71	75	88	82	84	77	83	82	76	83	71	79	84	72	72	73	82	73	89	81	86	82	87	86	88	72	73	81	86	82	83	75	78	82	70	83	75	87	80	80	74	84	71	87	72	76	86	78	80	74	74	86	74	89	74	71	90	77	72	90	26	22	82	73	85	87	87	82	84	72	78	72	89	89	86	81	75	86	90	85	83	73	89	74	84	84	87	71	81	83	88	87	88	73	84	88	71	77	28	78	21	87	73	71	89	76	73	75	84	90	81	24	78	89	89	83	86	83	86	71	80	74	78	76	18	22	75	77	75	76	72	87	85	73	77	73	83	80	84	83	88	76	71	79	73	23	90	79	89	81	84	72	71	89	71	81	80	84	90	87	81	78	88	75	89	25	72	86	86	87	86	80	78	85	74	84	83	83	83	83	78	86	80	71	71	83	85	80	88	76	87	81	85	75	82	87	81	73	79	71	87	89	72	78	77	75	76	71	77	76	86	83	87	90	87	74	84	86	74	74	74	89	86	83	89	18	79	86	71	77	25	86	88	88	77	89	85	85	71	72	75	89	87	90	74	77	82	80	79	77	77	72	84	74	79	89	72	89	76	90	88	80	85	76	72	78	85	72	73	75	80	78	76	79	71	83	19	75	71	82	75	79	84	88	78	90	73	83	79	88	87	73	84	76	85	79	87	78	75	24	73	81	72	76	73	90	74	73	73	86	76	80	85	79	78	71	88	88	89	74	80	88	73	21	82	70	75	78	87	70	80	79	77	87	80	74	84	71	74	80	73	76	82	75	79	82	81	80	75	77	80	86	70	74	81	83	75	27	89	80	81	80	75	80	72	85	75	81	86	72	88	72	74	78	88	90	71	79	75	79	89	88	84	76	78	89	83	73	83	79	90	84	76	77	80	88	88	89	85	90	85	88	82	21	82	88	90	20	88	79	86	28	80	85	87	18	81	90	79	77	82	81	82	87	76	79	89	85	76	79	78	87	80	77	85	71	71	72	87	87	71	82	83	79	79	78	75	77	88	86	80	82	74	89	85	87	85	85	83	86	83	77	83	81	72	73	77	79	74	20	77	82	82	87	74	81	73	87	81	71	75	71	87	79	21	90	75	83	73	79	77	84	80	76	88	78	79	84	90	82	79	83	74	76	73	90	89	75	89	79	86	74	86	88	73	88	89	87	24	86	87	80	72	78	24	81	78	76	87	79	79	80	86	28	77	78	75	74	76	77	75	72	89	77	77	86	72	71	70	71	73	81	83	81	79	86	89	72	77	88	84	87	79	75	84	85	76	76	71	86	87	74	73	87	81	86	75	87	71	79	86	85	80	88	85	90	77	81	89	72	76	84	76	76	77	71	81	71	77	79	84	89	76	74	75	84	83	79	90	83	88	79	74	84	71	79	88	75	75	78	88	72	90	86	71	88	79	78	71	73	82	76
80	81	72	81	77	85	71	74	85	75	72	76	86	89	87	84	82	72	90	74	83	73	79	88	72	87	71	89	19	70	76	79	74	89	78	86	73	77	85	76	78	75	87	85	18	73	75	77	77	89	77	84	84	90	74	78	84	86	82	76	74	85	78	71	87	81	71	78	71	86	79	73	73	76	83	78	71	88	70	75	82	85	79	78	87	78	73	78	83	90	82	87	72	89	75	79	89	75	90	16	89	87	84	86	90	87	72	80	82	82	75	87	88	80	80	85	86	76	78	72	72	73	74	83	89	77	78	71	89	83	85	84	86	84	19	82	71	82	85	71	72	74	77	87	79	83	84	80	87	70	76	82	81	77	87	79	78	87	70	89	86	86	74	77	71	23	77	82	81	81	85	88	87	88	79	78	81	88	89	77	83	77	70	26	79	90	85	76	83	87	81	88	73	86	85	83	80	70	86	81	84	77	87	81	88	88	89	88	89	78	71	84	84	90	81	71	71	71	75	86	75	90	84	89	80	74	86	76	82	79	90	74	81	70	87	79	84	80	75	86	79	72	78	81	87	71	80	83	75	78	25	87	76	85	70	70	83	85	72	70	71	77	71	87	80	82	88	70	84	75	80	73	73	76	80	79	88	81	70	77	77	88	71	73	88	86	73	86	76	87	77	80	85	77	78	83	88	84	81	80	90	82	88	89	77	77	74	77	71	87	81	19	73	88	88	89	78	78	83	85	90	75	72	70	75	78	85	70	83	85	81	77	73	88	82	76	71	73	71	80	84	76	25	76	74	78	83	25	74	84	73	70	21	85	87	72	90	73	87	74	75	80	79	88	85	70	20	78	88	81	84	84	81	88	75	86	77	89	71	83	87	72	90	71	80	84	83	78	79	73	83	76	88	82	79	77	77	73	81	70	77	74	77	85	71	77	85	19	77	80	87	85	89	74	73	84	18	71	72	72	75	82	87	85	72	73	75	73	84	76	89	83	84	87	82	71	74	74	89	76	86	77	72	74	88	88	78	81	86	70	76	85	72	71	87	73	72	76	88	80	83	84	76	88	85	84	77	86	87	85	86	77	77	86	87	81	81	71	78	89	73	78	77	82	82	70	83	74	83	72	85	73	82	88	78	83	81	83	81	87	88	71	90	86	82	22	26	77	77	82	84	78	81	89	79	27	23	90	77	84	74	72	81	87	85	83	88	89	77	88	80	89	82	77	76	74	70	84	87	71	84	78	78	84	74	85	75	77	85	81	88	73	80	88	79	73	86	82	82	77	77	88	88	84	84	88	85	71	81	87	75	83	73	90	84	71	72	84	85	81	75	73	71	74	77	88	86	83	77	79	73	80	78	85	87	75	89	89	88	74	75	74	79	80	74	74	70	71	82	79	79	75	79	76	76	18	71	84	72	74	74	90	86	78	82	73	88	87	77	75	80	79	80	86	74	22	73	84	78	76	72	85	71	88	88	75	73	83	75	77	78	85	84	75	84	88	76	72	87	77	81	74	77	85	82	78	90	81	82	71	78	78	80	79	81	73	80	78	82	77	85	79	82	84	88	89	71	80	82	80	72	77	73	80	79	18	83	75	88	83	84	82	77	75	82	81	73	71	85	75	85	74	72	74	73	87	89	71	84	72	75	79	81	71	79	71	82	82	83	85	78	71	84	81	78	86	85	19	79	74	77	17	80	86	87	80	78	89	75	24	71	90	76	89	87	88	83	82	73	84	75	89	90	83	88	81	75	83	78	85	75	84	89	79	80	74	83	85	79	78	84	77	85	81	72	23	81	24	76	75	71	82	78	74	84	82	80	83	75	70	78	74	84	75	75	76	82	72	86	77	83	85	77	79	24	82	84	88	24	87	74	74	71	74	21	77	73	73	76	24	79	86	85	88	78	76	28	85	81	77	76	81	80	88	84	84	72	75	84	82	76	86	73	83	73	76	83	80	82	72	83	84	86	75	85	80	89	72	73	86	85	77	85	73	84	77	78	71	88	71	27	83	89	87	82	73	76	83	71	79	86	84	72	80	85	84	82	78	76	76	88	86	79	72	28	79	89	77	75	79	87	79	90	82	85	74	75	78	78	88	76	72	88	76	82	87	84	70	85	70	82	77	75	80	18	72	82	74	84	83	72	88	75	79	86	89	76	74	89	89	78	76	74	75	83	77	87	73	89	86	24	82	86	82	88	90	77	75	76	75	77	27	82	76	74	86	84	87	80	73	19	77	83	86	82	78	90	75	88	22	75	90	72	78	84	85	88	76	70	74
79	28	75	24	86	19	88	88	87	88	74	76	79	83	76	73	79	81	78	83	79	88	75	70	86	88	88	78	20	86	72	89	77	83	76	83	73	75	76	78	71	71	85	85	84	81	89	87	72	76	72	81	74	90	78	86	72	89	78	76	81	77	75	78	84	75	86	87	90	85	84	84	76	81	72	72	72	21	71	83	83	76	71	83	90	84	88	82	87	71	83	76	87	79	84	87	85	80	71	83	89	88	86	78	84	86	71	88	77	79	82	84	79	90	20	79	19	84	79	75	76	80	81	89	84	76	74	82	75	76	73	76	89	87	77	81	81	71	74	83	85	81	83	84	83	85	75	86	81	83	72	19	89	87	24	71	76	85	82	88	71	72	83	87	77	86	70	80	88	85	77	75	81	78	70	72	86	73	73	82	74	28	72	84	73	82	78	75	75	82	80	73	82	89	82	23	87	24	83	76	72	81	78	85	74	25	83	76	85	85	17	76	76	78	81	81	73	72	74	81	77	75	72	82	80	79	82	89	75	79	83	89	72	86	70	84	72	78	86	86	88	78	83	88	82	80	79	88	83	76	83	83	70	89	71	87	77	84	84	76	73	72	77	87	72	89	75	27	79	88	74	28	78	85	75	86	84	81	81	84	81	88	74	84	82	72	79	81	76	81	85	83	82	71	23	71	71	85	71	78	81	84	90	84	70	73	78	75	81	71	86	72	90	75	76	85	84	78	78	85	25	79	87	85	80	86	73	89	75	88	70	74	83	78	89	77	77	79	76	85	88	72	84	86	88	76	72	73	80	89	71	73	78	84	20	87	73	75	79	89	84	82	86	77	87	83	75	73	80	71	86	84	83	89	75	79	73	78	73	72	80	78	79	78	76	82	79	85	25	80	88	83	73	85	82	24	88	74	83	85	76	88	79	87	71	85	89	83	83	87	80	83	70	79	18	80	88	78	89	88	78	71	86	19	82	84	83	90	85	72	72	82	86	89	75	75	87	88	76	79	78	74	75	84	84	84	84	72	75	72	81	79	82	86	80	79	76	74	86	89	83	80	70	78	78	76	76	71	77	87	77	87	88	80	81	80	84	82	80	79	89	77	73	83	74	79	83	80	75	75	75	80	89	23	85	88	84	86	85	81	81	76	76	79	75	78	72	80	83	76	77	77	89	75	85	80	78	83	89	87	89	73	77	89	79	78	71	87	24	82	73	88	78	78	83	84	87	78	89	73	85	70	18	20	81	85	71	75	87	82	77	77	84	74	86	80	89	82	77	88	70	76	87	84	90	80	88	83	83	89	79	76	26	89	88	75	77	78	89	76	79	84	85	85	76	87	78	72	84	75	79	72	86	84	73	90	71	70	89	83	89	74	89	87	87	76	83	74	23	83	85	88	79	80	71	75	80	84	23	75	87	79	71	78	82	81	84	19	78	79	82	76	76	79	84	87	75	73	83	85	74	80	85	73	76	73	75	80	78	72	72	85	22	89	72	90	73	79	20	74	80	87	85	82	89	80	81	71	73	78	86	73	72	79	88	90	78	82	88	76	79	87	72	85	71	86	77	82	89	77	79	90	82	71	18	89	78	72	74	77	84	73	88	73	86	86	79	81	76	75	84	75	76	78	90	82	81	86	74	78	74	87	87	86	77	85	81	84	73	86	82	75	75	25	88	17	78	86	79	90	80	80	79	76	85	82	71	82	73	79	72	78	86	83	83	77	89	79	80	80	78	82	85	81	78	85	70	72	74	79	88	88	75	81	74	74	72	87	71	72	88	86	74	80	79	80	72	89	81	82	74	79	80	89	74	83	86	21	89	80	76	90	76	84	86	79	71	75	76	81	86	74	73	86	80	76	86	70	85	81	89	84	81	71	82	89	81	72	83	79	72	79	90	81	85	85	79	87	82	71	83	80	75	79	72	89	77	72	88	71	72	76	72	84	75	77	81	80	88	87	89	85	77	70	71	71	74	76	83	21	89	77	70	19	72	72	87	71	73	71	71	88	77	84	88	86	89	73	79	89	80	74	79	87	73	90	90	76	83	89	74	27	82	87	76	76	74	87	75	73	89	84	73	87	22	76	75	86	70	90	82	17	79	76	19	70	23	78	72	86	26	87	80	73	71	84	23	85	77	87	78	89	80	87	72	82	81	78	83	72	82	87	78	81	82	73	70	77	73	81	21	84	83	89	87	86	85	77	72	77	82	26	90	88	71	73	76	86	72	80	71	75	80	81	78	80	71	87	73	71	80	80	71	83	76	78	73	78	25	81
88	79	79	84	88	81	86	72	88	85	86	85	89	88	84	89	81	70	80	83	72	84	82	81	77	79	87	82	81	24	86	72	84	87	75	79	17	87	82	87	78	86	82	72	90	84	81	82	76	81	70	75	83	81	81	73	82	88	83	73	83	88	82	78	76	86	89	74	73	77	70	89	87	84	85	83	78	80	78	71	73	79	83	86	88	72	82	84	73	82	89	75	75	72	71	75	82	86	74	82	72	83	80	88	87	78	78	78	90	88	77	80	77	76	79	88	85	80	73	71	72	82	73	87	75	88	75	85	80	74	76	84	83	16	72	79	76	76	77	77	72	77	86	84	72	72	84	76	79	24	90	88	88	85	74	27	80	80	20	75	85	75	76	77	80	75	78	72	70	82	77	80	28	83	87	73	20	81	73	73	82	80	80	74	18	74	82	80	87	89	72	71	85	85	80	76	75	80	84	76	76	76	84	75	82	85	83	88	74	76	87	77	85	84	79	81	76	80	83	87	78	82	89	88	76	88	70	89	88	89	81	82	89	77	84	74	90	78	72	75	70	73	89	82	83	74	82	73	71	86	75	83	88	76	80	84	75	81	83	85	73	82	89	78	88	80	83	70	77	80	86	90	85	84	77	87	89	74	87	72	86	79	77	77	74	76	88	75	85	81	76	88	73	73	72	70	86	84	72	76	89	85	74	79	72	81	75	83	87	82	72	70	86	90	83	19	80	73	83	20	83	88	77	72	88	88	73	84	86	84	90	23	75	74	70	76	74	85	77	71	73	83	81	90	77	80	82	72	71	85	80	85	89	75	75	74	72	78	73	74	86	78	81	77	74	73	81	71	70	80	71	86	82	77	87	78	75	71	72	71	85	87	84	81	84	79	78	86	79	76	88	72	83	86	76	75	77	76	82	72	78	73	80	87	80	88	76	71	74	81	72	76	79	77	71	86	77	74	73	84	76	86	89	76	81	72	82	79	83	82	72	84	75	88	82	74	83	89	82	83	72	71	72	71	89	71	87	84	89	80	70	86	87	76	76	84	85	90	74	73	86	72	76	72	79	87	85	87	85	78	83	86	73	85	88	87	80	79	80	74	84	86	89	76	88	85	76	76	71	78	82	70	88	74	86	71	77	74	77	88	18	70	75	74	87	86	83	72	88	85	87	89	76	73	82	87	24	80	88	76	83	81	83	88	77	72	87	74	74	74	76	86	73	79	83	72	71	75	83	82	70	81	79	85	71	77	77	87	72	85	77	82	78	87	76	82	89	72	70	82	20	70	84	83	89	71	80	26	87	78	81	73	85	77	84	78	88	86	76	84	78	87	72	85	76	74	21	77	76	76	76	77	88	76	78	72	74	71	75	80	81	83	75	76	83	73	89	84	81	86	83	74	77	84	70	87	80	85	83	74	23	71	23	73	79	89	76	83	84	78	81	24	83	76	71	72	73	74	76	71	80	75	73	71	73	73	77	76	88	75	73	73	80	78	76	79	70	75	81	77	84	82	79	78	88	79	71	89	79	89	72	82	86	83	83	85	70	83	84	83	78	84	86	74	76	78	84	84	81	87	83	81	70	89	76	77	81	26	81	71	89	78	89	78	82	84	75	87	71	75	83	75	87	78	79	82	81	81	76	84	84	87	80	87	81	75	75	86	90	77	74	80	80	72	88	83	86	85	74	79	71	71	77	85	76	19	25	75	70	80	70	81	72	86	81	78	87	76	83	85	75	77	88	78	79	83	74	84	80	70	85	71	85	80	78	80	90	86	78	84	89	76	76	86	83	86	80	90	84	82	86	82	71	77	86	88	70	81	74	84	71	76	84	86	75	90	79	87	83	87	88	84	80	74	70	89	77	73	80	80	87	87	20	73	74	74	79	89	72	83	75	81	79	70	88	81	83	89	83	87	78	85	79	82	78	89	79	89	79	88	74	72	85	78	81	88	71	90	80	19	72	79	84	85	90	88	90	86	83	86	78	83	79	84	82	76	78	87	73	88	86	75	88	88	22	82	76	87	82	81	86	79	73	71	74	73	84	76	73	76	88	87	72	82	79	80	82	74	88	73	88	74	85	76	86	75	85	22	78	76	20	82	77	84	77	78	74	85	90	82	77	20	77	86	80	80	83	88	73	87	75	88	18	78	89	81	26	82	79	88	82	88	88	86	72	72	77	86	73	84	87	87	73	77	78	85	76	88	72	88	87	71	20	86	71	90	89	85	89	77	77	88	84	86	82	86	77	79	86	86	78	89	87	77	86	71	84	89	85	76
83	75	71	79	89	89	85	71	85	73	84	77	77	88	78	85	83	84	88	86	86	89	86	72	88	83	77	84	76	70	78	72	82	73	72	77	80	79	73	81	76	74	76	79	74	79	81	76	77	23	77	74	76	71	86	88	73	81	74	72	73	82	81	83	76	81	80	82	18	73	81	75	72	86	83	72	86	78	88	72	84	84	78	79	76	76	72	83	78	73	79	79	85	75	72	78	88	70	88	80	72	71	85	71	76	79	87	76	86	83	82	78	72	74	84	77	86	79	80	70	89	74	77	86	73	79	84	73	89	87	90	86	76	84	75	75	72	75	74	84	27	89	75	77	81	71	80	83	89	78	79	71	78	78	75	73	78	73	73	74	81	81	73	70	80	83	74	72	79	84	89	23	78	78	88	90	84	84	73	75	74	85	75	80	81	73	84	88	78	81	71	86	85	78	79	84	81	70	74	79	88	79	76	76	76	83	86	75	76	22	75	71	87	80	83	89	74	87	19	85	88	75	86	73	88	75	80	83	83	84	82	75	75	19	78	74	73	70	75	85	77	71	86	72	79	82	89	86	74	79	27	75	85	88	79	84	84	87	81	86	80	78	83	89	87	79	80	70	74	86	79	72	20	84	26	75	88	76	87	79	72	72	76	75	89	88	23	75	72	80	23	81	22	87	70	73	74	72	76	79	84	82	26	75	76	85	73	73	76	76	21	84	77	89	82	87	90	82	83	74	75	72	79	81	73	75	72	76	71	21	19	77	87	86	74	84	72	89	88	81	24	75	79	83	70	87	79	74	80	89	72	79	85	72	77	83	87	20	70	75	85	83	73	87	76	80	77	78	72	77	81	84	81	82	74	76	85	74	72	25	82	78	82	88	80	75	80	78	76	72	73	72	73	71	20	80	76	90	78	85	76	75	73	88	85	87	81	85	78	90	79	83	87	84	86	78	78	71	71	84	83	85	85	79	85	75	88	81	82	76	75	84	85	84	77	76	74	86	84	74	80	81	77	73	80	73	70	87	76	88	87	71	79	18	89	80	84	81	83	87	87	71	75	83	73	82	83	85	78	81	76	88	86	86	78	84	72	73	88	71	80	78	82	73	81	80	88	81	83	70	83	88	81	72	74	90	74	70	74	78	87	86	87	76	84	88	87	88	82	86	73	83	73	80	86	87	80	72	79	81	72	76	83	87	78	89	77	23	74	75	84	77	76	74	74	89	76	85	23	25	85	76	71	79	77	77	89	71	87	86	74	74	87	89	84	78	88	87	82	72	77	86	74	73	83	81	77	88	85	73	77	74	84	79	74	21	88	78	71	82	72	81	77	79	89	71	76	82	85	76	24	90	87	88	70	23	89	72	86	83	73	83	75	85	78	74	87	85	81	74	87	85	76	79	79	86	79	83	75	71	80	83	82	74	89	88	73	73	25	79	84	76	85	89	80	77	79	86	75	71	73	77	81	87	74	71	83	79	86	78	80	79	70	76	79	82	81	89	74	85	77	74	87	85	85	90	75	77	84	88	83	83	79	73	74	22	80	71	84	29	81	77	88	85	89	86	72	80	85	79	79	73	85	76	84	77	72	78	23	77	75	88	85	78	26	81	81	83	72	77	80	83	89	21	86	79	72	86	84	72	88	88	84	70	85	79	76	76	77	89	89	82	71	89	89	80	19	20	88	82	26	73	25	86	82	70	77	80	77	82	72	84	70	83	74	17	72	77	74	79	71	86	72	87	86	80	81	70	76	78	85	84	90	84	71	86	76	74	76	88	89	78	75	85	81	76	84	80	88	76	90	86	77	80	72	87	83	71	88	71	86	77	81	79	74	83	72	85	81	87	85	77	84	87	87	84	72	88	86	85	71	72	76	82	24	86	76	77	16	90	82	19	82	71	77	72	86	79	19	86	86	73	75	78	74	75	20	79	78	88	75	77	70	70	73	81	71	83	89	87	72	80	79	78	89	73	21	79	83	76	79	84	70	81	74	88	82	75	85	21	71	88	83	82	85	86	84	89	81	27	72	77	74	20	86	72	76	77	75	79	73	72	70	79	77	75	78	78	85	86	70	73	89	82	74	77	87	74	79	79	87	20	75	72	72	73	80	83	83	78	78	80	88	86	85	75	88	76	84	85	73	81	73	87	89	74	80	72	81	87	17	18	74	73	87	72	76	87	81	77	86	86	73	83	90	82	88	79	86	85	24	77	86	79	82	72	77	77	80	88	76	85	87	78	75	76	85	73	79	70	82	79	90	71	72	71	87	80	88	71
70	78	73	78	72	78	75	86	89	82	72	75	83	28	81	73	72	82	82	85	81	75	81	89	82	75	71	79	80	78	76	72	89	89	77	77	78	72	89	80	79	84	77	89	73	77	76	87	70	87	72	80	71	75	78	83	76	73	75	85	72	89	20	70	88	81	88	89	80	79	75	87	77	77	81	27	89	88	82	83	82	72	84	84	89	83	74	73	82	77	77	73	76	78	76	83	89	72	22	88	19	23	80	87	16	76	75	75	71	22	84	77	83	84	77	28	90	20	71	81	71	81	81	72	77	84	89	80	83	77	80	87	83	73	81	75	82	84	74	73	89	86	87	85	72	74	73	75	72	82	71	75	85	87	74	78	88	86	82	75	70	77	75	72	77	80	76	73	89	76	71	77	74	79	78	70	85	71	76	22	74	81	75	78	80	89	86	77	79	87	87	71	75	88	74	89	78	88	86	79	84	27	85	87	71	83	89	85	80	86	76	81	71	77	86	72	18	88	85	72	83	80	84	74	83	77	88	88	86	80	86	74	71	89	78	71	84	75	80	89	81	89	89	78	71	85	85	79	72	80	74	84	23	73	88	73	82	74	78	21	84	72	72	71	87	82	88	89	85	75	84	87	84	78	70	89	85	21	80	81	75	86	87	88	71	85	71	74	82	71	87	82	88	79	85	87	75	81	73	81	89	79	70	77	86	81	80	74	75	79	73	88	73	83	86	87	79	81	82	83	78	26	80	83	89	89	74	74	87	85	87	74	71	72	79	90	77	81	83	87	77	81	80	83	71	84	81	71	18	78	71	79	70	74	74	76	84	87	86	22	82	90	74	71	81	73	85	86	86	79	78	88	82	75	86	89	81	80	78	71	86	71	17	87	72	74	79	24	81	71	81	88	26	70	71	85	89	76	89	81	74	76	75	73	89	89	72	86	84	73	87	75	75	74	74	75	79	77	74	77	76	73	87	87	72	83	90	75	80	81	84	77	78	74	89	71	80	70	90	80	74	75	77	25	84	81	84	71	73	72	81	89	82	85	78	75	71	82	87	23	89	78	80	86	23	85	71	25	86	86	81	80	76	71	75	89	71	77	76	87	75	83	78	70	89	70	88	82	70	89	90	82	83	89	75	85	86	87	86	75	88	82	18	72	84	74	75	75	70	84	89	79	79	77	79	72	80	73	75	85	83	85	77	72	79	82	89	76	86	71	80	78	76	88	87	73	85	71	73	86	73	75	78	89	82	85	73	83	26	72	71	77	75	73	81	73	88	78	80	82	72	84	81	73	89	71	19	78	74	80	26	89	82	89	82	73	87	74	80	81	83	88	84	85	75	73	81	83	82	73	76	85	70	88	73	87	73	88	84	80	87	73	72	80	82	84	81	73	73	89	83	75	82	80	70	73	89	82	78	77	88	84	84	75	71	74	85	88	79	86	73	75	70	90	73	76	76	82	74	85	86	77	71	83	90	76	87	82	86	75	83	76	83	88	84	86	76	70	83	70	75	82	82	83	17	77	82	85	90	71	85	88	78	19	73	80	75	86	26	71	81	81	78	79	82	80	81	72	88	81	81	81	76	77	76	72	73	87	81	76	86	80	83	73	86	18	75	82	23	21	86	82	76	78	86	78	78	77	80	71	74	84	81	85	86	72	80	81	88	81	77	73	72	77	74	85	79	80	72	76	72	85	82	73	81	87	71	87	80	85	78	73	73	85	18	81	70	24	22	80	76	90	76	73	85	81	86	74	78	70	73	80	85	83	87	74	86	89	70	88	71	71	75	19	82	71	78	80	79	82	73	73	86	87	89	88	85	76	70	89	77	86	85	83	87	71	71	80	73	70	89	88	71	78	71	73	81	90	72	90	86	87	73	20	73	72	71	76	72	82	21	84	76	87	88	74	72	80	71	81	72	87	83	82	76	89	72	86	78	71	84	71	90	73	82	89	90	84	80	74	89	82	18	81	82	25	74	17	88	74	25	74	84	81	77	77	84	80	78	87	88	26	81	88	74	88	72	71	85	83	87	87	72	88	72	87	78	79	81	74	73	77	71	21	80	77	76	83	85	76	76	80	70	84	72	89	81	80	85	90	78	72	26	86	86	77	79	72	73	79	87	72	79	75	80	75	79	81	83	72	73	20	85	87	88	88	73	77	80	88	76	87	81	82	84	79	24	78	83	76	80	80	74	89	73	79	90	85	81	81	82	84	81	74	26	82	79	76	72	70	89	70	82	21	70	83	72	72	72	76	82	79	78	81	89	90	86	77	84	78
78	73	87	85	75	71	78	75	79	90	90	73	90	73	86	74	72	89	82	70	79	23	87	78	71	70	88	28	78	88	72	83	80	83	75	86	88	19	72	87	81	77	78	73	78	70	73	81	71	83	79	72	81	73	73	77	79	75	75	85	86	72	74	76	80	82	70	74	83	88	72	83	89	75	81	75	84	86	84	74	83	88	72	23	82	82	76	75	75	77	79	77	71	79	89	80	72	81	79	75	81	76	77	82	87	79	75	84	81	84	73	80	75	76	79	90	80	78	75	88	76	84	90	71	88	82	87	78	89	86	75	70	75	73	89	74	73	75	86	82	84	73	82	78	89	84	81	85	78	71	79	75	74	80	74	82	87	71	81	83	71	84	77	89	89	23	90	87	81	83	79	21	79	75	86	77	78	78	82	84	25	81	73	26	70	72	74	86	78	79	77	90	78	86	84	79	74	73	79	82	76	76	86	72	80	71	72	72	76	82	84	82	72	77	80	85	90	82	81	71	86	71	90	73	78	18	73	77	81	72	82	76	79	82	20	82	76	88	80	85	84	90	22	20	70	90	90	82	88	83	74	75	85	74	15	79	85	77	80	83	78	73	82	84	72	84	25	73	21	77	81	80	74	76	89	71	80	79	78	85	83	89	78	75	88	86	86	84	24	90	90	81	75	89	83	87	23	89	76	76	88	78	77	80	73	84	80	86	73	73	86	70	83	85	77	72	87	84	73	71	90	89	81	74	72	88	71	81	72	74	81	80	75	83	74	79	86	73	90	87	81	74	79	83	82	79	75	85	72	87	81	89	89	86	88	79	89	86	70	90	85	81	72	74	83	77	82	74	85	77	80	77	74	84	82	80	72	75	86	76	85	78	88	86	76	74	81	75	86	79	71	84	72	79	80	70	19	85	71	87	77	77	84	83	89	77	72	89	79	89	77	81	73	83	88	79	88	87	71	72	86	79	74	74	71	71	80	74	80	73	73	74	70	89	80	76	89	72	79	81	70	84	77	85	75	76	74	75	71	71	89	71	87	71	71	71	76	80	74	88	88	79	82	79	77	86	81	81	83	86	87	85	72	84	78	79	83	89	84	71	88	84	86	17	74	90	18	75	81	74	84	76	77	80	73	86	89	79	74	75	88	73	73	77	81	83	71	88	76	75	77	76	82	89	87	82	86	77	73	87	74	88	85	89	81	89	81	74	75	73	24	87	72	79	87	74	71	73	81	87	81	82	78	72	76	88	75	76	88	80	78	90	79	76	76	83	77	74	81	80	84	76	85	80	87	71	70	89	85	77	77	74	82	90	24	82	72	79	82	81	85	74	78	72	70	90	86	83	89	19	75	79	86	89	83	89	78	71	86	74	82	84	89	81	87	84	75	74	74	80	75	74	88	76	72	80	73	81	73	81	84	72	73	76	84	80	89	76	80	85	71	85	88	83	81	82	72	83	77	78	70	81	82	75	81	80	77	88	81	76	88	78	72	79	74	75	83	71	83	83	19	78	89	73	78	85	72	80	24	87	79	81	83	73	70	88	71	83	87	75	76	82	85	77	72	73	27	74	79	78	85	85	25	86	79	88	84	72	84	74	73	22	75	81	79	71	74	81	70	75	88	82	86	80	79	72	84	72	71	74	82	85	84	81	75	78	85	85	21	76	77	76	16	82	75	80	78	85	86	79	78	17	86	85	77	79	72	86	82	83	83	71	73	83	77	73	77	79	76	77	79	75	72	89	71	75	84	88	88	88	78	82	87	72	80	75	77	89	79	71	84	71	84	88	76	82	75	84	77	87	75	78	83	73	86	88	72	73	86	76	75	82	90	84	74	73	84	80	89	78	85	76	72	78	82	80	81	73	83	73	88	82	78	75	83	85	84	75	74	77	72	82	81	87	88	78	76	70	79	81	70	87	89	87	23	90	71	72	73	77	24	25	80	85	73	77	79	88	89	73	82	17	82	83	22	80	86	80	87	77	82	70	84	74	77	80	78	88	75	86	75	84	71	79	77	82	82	75	79	83	71	73	88	72	71	75	70	90	83	73	86	77	77	88	70	75	85	76	71	78	74	71	83	81	80	76	86	88	85	73	87	73	88	78	84	88	75	75	82	80	77	86	85	77	78	87	70	89	82	82	81	84	87	71	83	76	74	80	77	18	75	75	90	79	73	89	87	81	78	88	88	84	86	81	78	74	74	84	89	71	83	87	74	83	78	85	87	90	88	77	78	77	77	89	89	85	71	83	74	76	81	86	72	71	83	72	23	79	78	79
81	85	73	86	76	73	83	75	84	88	80	85	83	70	74	89	75	73	71	87	80	76	86	78	77	83	85	79	84	85	88	83	88	70	81	83	78	79	76	82	17	20	79	87	75	87	78	25	19	75	71	79	72	73	79	71	84	88	89	80	75	73	75	79	75	84	77	82	90	77	77	76	21	81	85	85	70	77	74	86	79	73	84	76	76	85	71	85	88	82	76	75	18	20	75	88	71	72	79	89	89	73	73	86	73	85	78	87	77	80	89	76	77	74	74	74	74	73	29	74	82	81	76	87	78	76	82	72	76	78	76	88	28	89	74	72	75	89	78	77	82	83	29	87	79	74	84	86	75	85	87	73	84	85	82	70	73	88	83	73	72	22	79	83	89	77	80	78	76	81	88	70	80	73	81	89	89	73	85	79	81	83	81	72	70	85	89	75	81	88	80	88	71	74	88	74	85	78	74	75	74	76	83	81	78	80	77	86	74	82	87	85	81	85	85	71	76	74	76	79	88	84	90	82	86	72	88	86	73	76	72	77	90	74	72	72	80	71	80	72	80	83	87	90	75	74	71	80	75	71	77	78	80	89	76	76	74	82	75	83	78	82	78	79	70	73	71	87	90	78	70	72	76	76	74	88	81	88	86	74	84	89	83	71	87	84	73	79	90	18	78	79	75	89	85	76	89	77	78	83	79	76	77	88	73	84	74	85	75	79	83	88	82	85	20	76	80	72	84	71	79	74	89	72	84	88	90	77	81	83	84	79	88	71	88	74	89	84	79	89	77	79	75	78	73	81	74	89	85	86	72	74	84	83	74	86	90	82	90	83	82	77	81	72	88	71	81	90	72	72	24	75	79	79	80	76	70	72	73	88	88	82	71	74	79	82	88	85	79	80	71	79	78	75	83	89	80	72	82	21	89	81	77	90	86	84	84	71	83	87	82	71	75	73	78	81	71	86	86	81	74	87	86	86	72	78	73	87	83	74	86	82	75	83	22	85	79	82	88	78	87	90	85	86	72	76	83	71	80	82	71	18	77	85	86	75	87	88	85	72	89	74	89	79	89	77	72	75	77	76	75	19	75	87	88	87	70	84	71	76	79	73	78	86	82	86	82	87	75	71	24	74	81	84	87	22	81	89	83	73	71	82	72	87	72	81	25	81	88	82	80	84	71	21	72	82	90	76	76	79	83	87	88	77	83	73	83	80	83	25	70	77	87	73	76	88	77	80	74	75	75	25	84	72	74	73	71	74	72	71	81	74	84	78	74	83	79	83	82	89	76	77	87	74	74	82	77	75	74	82	71	84	74	24	79	74	73	19	74	74	88	76	79	73	76	88	80	73	79	82	70	87	75	80	82	76	70	86	82	80	83	82	25	86	88	86	75	73	72	79	88	81	71	84	82	72	89	76	75	89	81	79	79	86	76	85	89	85	71	74	70	82	70	89	76	89	82	73	78	76	83	86	70	87	73	86	83	80	84	86	85	84	83	72	78	79	76	78	83	75	84	72	77	19	87	73	90	72	83	88	89	77	82	72	80	22	78	77	74	73	88	77	71	75	79	77	89	88	89	76	82	73	75	83	88	78	74	83	74	82	74	80	86	86	83	78	82	89	89	73	28	78	83	79	71	85	22	89	20	89	77	70	78	83	28	84	86	71	86	87	71	81	77	78	83	74	78	86	73	78	90	71	87	74	89	85	83	82	86	80	79	73	78	73	84	74	75	81	80	73	88	85	26	74	74	73	85	77	72	72	71	79	78	84	83	79	75	80	78	76	77	75	88	88	71	81	83	86	73	77	71	81	76	85	89	79	74	80	81	85	73	70	78	75	86	80	87	89	84	81	83	84	84	74	84	78	86	73	89	84	78	75	74	23	78	86	81	79	70	71	82	76	88	88	71	81	73	81	79	83	82	84	81	73	81	72	73	71	86	84	76	73	87	81	88	85	84	70	87	83	71	82	19	87	90	82	87	87	79	71	75	82	77	84	78	83	78	76	77	76	74	82	85	82	84	78	80	78	78	73	73	89	84	71	76	70	83	86	79	73	77	85	79	79	72	80	74	75	76	71	86	73	80	86	83	85	89	79	87	75	74	81	76	84	73	83	76	87	81	82	76	84	86	85	80	71	82	23	79	73	81	79	85	77	77	76	82	85	74	86	74	87	76	83	78	72	72	88	18	80	73	73	71	83	72	73	72	80	76	80	83	84	75	72	82	84	74	85	84	75	87	23	74	75	73	88	75	74	75	75	77	88	75	76	20	85	72	80	81	87
88	77	82	80	89	19	83	71	81	86	77	90	79	89	80	81	73	24	85	79	71	80	75	77	79	82	75	88	73	87	79	80	76	79	79	72	81	19	71	81	80	79	75	73	74	86	79	89	74	72	83	82	90	77	89	88	25	83	76	73	87	82	76	86	85	75	71	81	83	86	19	80	89	88	85	82	89	72	71	71	19	86	87	73	82	22	71	75	78	85	89	71	78	20	75	89	18	84	73	88	85	89	71	76	73	81	77	21	87	88	78	85	85	73	72	85	78	89	73	86	79	25	88	72	70	77	88	75	88	72	78	80	72	79	18	90	88	78	85	84	76	82	81	19	18	87	88	79	88	79	21	75	90	85	75	87	82	73	74	81	78	77	73	88	80	74	72	82	90	77	78	77	82	84	88	82	75	86	74	71	82	76	88	89	81	86	71	74	71	79	89	73	78	87	79	75	76	84	74	74	76	75	88	79	76	78	75	79	89	21	86	76	22	87	71	82	83	82	86	76	74	76	78	74	82	75	23	83	84	86	72	71	72	82	72	86	74	73	75	79	75	81	80	73	72	75	84	82	73	81	70	78	82	85	82	73	73	86	89	87	74	76	75	79	81	89	84	89	90	76	83	84	79	89	84	87	88	89	75	23	76	82	80	74	76	87	80	74	83	86	87	87	73	73	82	71	85	74	79	84	73	90	78	81	82	18	79	74	82	73	85	71	76	71	89	77	87	83	84	72	87	80	77	85	89	83	82	78	83	79	76	75	84	80	73	74	84	87	70	79	76	82	74	76	85	85	20	77	85	85	16	25	83	85	81	82	85	71	84	79	71	76	19	74	79	83	83	83	78	72	86	73	89	73	85	88	75	82	80	24	84	77	70	72	87	80	83	85	76	71	82	87	71	77	83	75	82	80	83	70	73	87	79	84	87	74	74	80	75	74	89	80	78	88	78	84	73	87	81	78	78	80	87	81	89	86	87	88	87	83	81	78	72	70	79	82	86	73	72	82	80	89	72	90	78	19	81	86	71	75	80	83	81	83	87	78	88	78	75	81	83	74	77	75	83	76	80	76	86	78	83	81	71	86	77	80	73	74	72	87	81	71	78	84	77	70	76	75	84	79	87	88	77	75	83	89	71	76	88	72	76	87	84	88	76	72	75	82	71	74	75	71	89	79	74	83	88	82	88	89	84	82	84	74	90	76	76	74	85	79	79	86	72	77	90	89	87	77	80	81	73	78	90	77	73	89	74	85	70	71	88	79	81	23	86	88	79	20	80	78	79	89	74	86	71	84	86	73	83	74	81	87	83	84	75	73	87	80	79	72	90	75	74	74	73	81	79	86	77	75	89	79	74	81	87	83	71	80	87	74	83	80	75	75	70	81	82	76	20	78	89	24	75	88	70	77	70	79	77	71	90	83	75	82	83	84	86	89	73	73	26	88	79	79	19	84	72	82	89	83	84	81	84	88	73	70	81	76	71	72	18	79	90	73	70	89	88	89	86	74	90	79	73	90	88	87	71	82	87	70	84	84	81	84	77	78	19	84	79	88	89	79	89	80	77	24	86	74	75	79	80	76	70	88	71	81	71	88	22	75	75	74	77	81	82	81	87	80	77	85	71	78	15	81	86	75	74	78	19	85	76	80	84	71	87	82	84	85	71	24	74	70	81	73	82	70	84	86	74	74	81	86	73	89	79	74	83	81	87	79	87	81	76	72	82	72	75	81	71	19	72	83	83	87	85	88	87	76	80	85	80	74	23	71	83	80	77	77	81	86	72	85	21	83	78	70	74	70	79	73	79	78	87	89	73	21	73	71	82	73	75	78	70	82	89	88	80	83	84	78	86	88	80	81	70	84	17	74	86	88	85	73	87	79	79	86	85	84	81	27	83	85	82	76	74	81	88	75	88	82	71	70	74	89	78	83	77	77	83	83	72	71	78	83	89	73	78	88	75	76	86	72	83	90	80	82	83	84	74	86	85	89	90	77	81	77	89	74	83	85	83	27	77	75	88	87	81	87	81	78	88	77	88	82	88	73	74	85	87	82	82	80	86	82	76	77	71	90	89	22	84	77	88	78	72	78	85	79	84	89	89	81	90	76	76	88	80	82	88	82	83	79	74	82	88	90	77	89	80	71	72	88	90	79	81	83	85	71	76	76	86	83	70	82	76	84	79	82	89	90	84	79	84	83	70	73	88	70	77	88	72	78	78	87	73	20	76	88	84	90	71	89	88	74	84	72	86	78	87	79	72	82	88	88	78	85	89	72	75	74
88	89	89	75	73	88	83	27	74	73	73	72	73	86	70	85	73	84	79	87	74	79	74	74	85	75	78	75	89	72	83	85	74	76	89	79	71	71	75	26	82	77	86	81	85	75	84	74	78	89	89	84	75	89	84	84	80	80	81	80	71	70	72	73	82	81	18	87	19	86	88	74	85	81	76	74	83	74	70	89	71	83	76	85	76	80	71	86	87	72	73	73	85	75	85	82	75	85	84	75	84	86	86	81	83	75	78	76	85	87	76	74	86	85	89	79	77	71	85	70	88	79	87	74	83	80	21	89	75	81	86	79	87	86	70	72	84	86	74	79	28	89	74	86	83	21	82	71	78	85	72	71	76	71	88	86	73	73	73	84	89	89	82	77	79	73	74	85	86	80	78	71	70	75	90	87	74	77	77	70	84	78	73	74	82	77	75	79	76	77	72	87	76	82	75	73	88	82	73	76	80	81	77	78	72	83	89	73	83	73	70	73	75	82	82	80	80	79	83	75	80	77	86	72	89	76	83	78	72	89	85	23	75	81	82	86	81	86	79	85	89	84	22	75	76	19	81	87	85	81	85	81	78	75	81	89	88	75	87	83	72	85	72	73	20	90	80	73	71	81	72	82	74	83	89	75	89	79	23	83	90	79	78	82	83	86	85	71	76	79	75	75	22	86	86	82	83	82	88	85	74	75	74	86	83	80	76	85	82	77	86	82	16	76	86	19	74	87	76	84	75	90	77	22	88	76	18	70	73	88	86	81	87	80	70	87	81	71	87	84	86	78	87	84	88	24	76	72	74	89	83	72	90	88	73	86	86	84	85	80	78	84	86	82	87	78	78	81	74	77	80	87	73	87	82	79	81	77	82	71	71	73	79	70	88	83	71	80	77	76	75	78	75	88	78	87	87	86	71	73	84	79	26	87	89	75	84	73	27	70	80	18	77	90	76	77	79	73	83	75	77	89	84	71	85	89	74	79	78	75	89	79	76	22	76	87	71	78	77	72	86	83	22	71	81	75	85	87	80	84	73	81	87	87	70	88	82	75	73	90	71	89	87	82	82	77	74	87	90	79	82	72	84	79	79	90	84	87	72	79	84	73	18	74	71	70	78	83	81	77	79	84	74	89	72	72	75	82	75	74	72	77	89	19	77	70	78	84	90	87	73	90	87	84	74	74	77	76	83	84	89	86	78	89	83	79	81	85	84	82	78	71	72	76	80	85	83	75	77	78	73	81	78	82	74	82	89	80	85	75	80	85	71	86	76	76	86	72	84	72	86	71	15	79	75	86	84	89	79	75	90	85	84	86	26	70	87	73	86	71	70	77	79	74	70	87	74	27	79	88	73	78	74	74	84	79	76	86	89	74	83	78	71	81	77	81	84	86	83	77	84	83	70	70	73	71	78	72	76	77	83	84	73	71	75	74	84	87	76	18	84	87	85	90	77	71	79	86	80	85	86	78	82	83	21	84	74	72	76	22	83	79	72	81	86	77	85	88	87	76	79	78	86	74	84	87	72	76	81	84	86	70	75	78	71	89	87	81	79	74	90	86	79	89	90	75	75	70	84	89	74	76	83	71	84	87	76	77	88	80	86	74	80	81	87	81	87	85	80	19	79	89	75	85	72	89	74	86	87	79	81	79	71	81	80	75	87	76	90	81	88	71	83	85	71	74	82	86	74	82	79	70	75	82	85	85	71	84	88	21	73	74	84	75	77	85	76	82	82	17	84	83	74	78	83	89	71	72	71	81	71	79	80	83	71	77	88	76	71	88	86	78	81	81	73	76	18	79	87	74	72	73	71	72	83	80	86	75	72	87	80	70	81	82	87	86	77	78	23	85	78	73	72	84	79	87	87	85	87	73	87	79	76	86	78	71	83	82	86	74	82	75	89	74	72	70	89	86	82	81	72	87	74	71	83	74	73	22	89	71	80	81	79	70	85	73	76	84	77	83	90	90	80	75	88	85	81	87	87	79	88	71	79	88	79	80	76	88	76	80	90	83	78	74	71	70	79	79	87	86	86	77	72	72	90	80	81	78	85	89	81	74	20	70	85	89	74	75	80	85	77	85	77	73	75	81	71	74	89	70	88	72	76	76	86	71	75	72	73	79	88	71	81	76	81	78	75	74	77	78	85	89	84	76	85	74	88	78	20	89	85	71	83	86	90	86	85	84	78	83	87	73	76	19	80	73	80	83	85	75	82	81	89	88	81	75	72	72	75	81	73	81	85	85	80	86	22	72	83	83	83	73	21	78	81	82	71	76	81	84
18	76	72	76	76	72	74	88	88	83	71	77	74	78	80	86	72	84	79	73	71	72	74	86	78	80	76	73	88	71	81	77	70	86	80	73	80	78	80	81	79	85	84	78	72	79	71	88	73	81	87	17	89	75	71	73	86	85	72	79	84	19	88	85	86	79	77	71	84	70	82	87	81	74	75	71	84	86	88	74	74	77	89	86	73	85	78	77	85	88	89	80	15	88	80	88	82	86	77	78	76	84	86	72	77	86	80	77	77	70	78	73	84	77	87	72	90	88	84	80	84	77	81	78	25	89	84	18	86	73	86	89	73	72	89	76	82	88	75	73	82	74	73	90	81	77	79	71	90	74	79	74	72	89	81	72	89	87	86	86	78	88	80	82	80	77	90	83	86	77	82	86	77	87	80	73	88	77	78	83	75	76	70	76	88	76	79	73	75	84	79	79	83	79	74	86	78	71	78	71	84	84	80	81	17	79	81	81	84	88	76	73	88	84	81	84	73	75	73	84	84	83	85	84	78	85	80	76	90	71	72	78	86	85	88	83	80	87	72	71	74	87	85	72	84	86	84	22	88	70	85	86	79	88	77	22	89	70	75	77	75	74	86	77	80	73	26	84	73	86	86	73	88	72	27	89	76	71	80	88	87	85	78	82	82	82	75	84	89	88	73	22	77	72	88	88	71	72	74	81	78	82	86	71	77	78	76	76	86	83	79	88	72	74	71	78	20	73	74	89	81	74	80	86	77	82	74	78	82	79	78	81	72	90	85	77	87	87	73	74	24	85	76	89	88	86	86	75	76	90	72	88	76	85	84	74	77	88	71	71	82	22	75	22	78	73	81	76	84	80	78	88	72	71	89	85	75	72	80	80	78	87	74	19	79	81	84	85	70	87	77	81	71	80	85	85	77	75	83	80	75	72	87	78	80	84	70	90	81	26	76	84	86	71	86	90	84	75	21	71	19	80	78	18	85	72	75	86	90	85	85	73	81	85	88	83	80	77	21	81	74	80	78	82	21	77	74	86	70	81	85	77	89	89	80	82	82	73	70	84	87	76	88	88	83	72	76	79	78	83	81	85	72	77	72	83	78	88	76	75	78	85	70	72	73	90	89	74	26	84	71	74	76	75	75	74	86	85	80	83	71	77	83	79	77	72	80	89	71	86	75	82	89	89	83	78	88	79	80	80	88	89	86	76	71	86	70	84	77	79	72	71	70	85	87	79	28	81	85	73	85	83	89	79	76	83	80	87	25	72	70	85	87	72	79	78	81	85	89	80	77	74	79	87	81	75	79	80	84	78	81	72	88	71	83	71	71	20	75	89	76	82	71	81	87	83	72	71	89	90	81	78	87	85	82	82	86	85	87	76	89	87	89	88	79	20	80	85	79	72	86	76	77	26	86	84	72	83	90	87	78	73	89	73	88	89	76	80	72	86	78	85	26	89	78	74	71	71	86	73	82	82	79	20	71	81	83	87	85	82	73	26	78	75	72	73	70	74	73	86	84	87	76	78	72	73	86	85	83	84	75	89	89	70	24	73	82	81	76	71	88	74	83	88	78	88	90	82	79	84	85	74	88	72	82	87	89	84	73	76	78	89	82	87	81	85	85	72	79	86	75	77	77	78	85	89	73	74	90	84	86	88	89	75	88	78	25	78	22	76	73	79	75	88	75	78	89	85	25	83	85	85	72	87	87	74	74	73	82	82	72	89	79	75	78	73	76	71	76	88	81	87	84	90	72	84	90	73	88	75	87	81	71	88	84	77	77	82	76	77	78	82	78	74	74	86	72	24	84	79	73	75	77	75	80	75	89	87	89	74	89	90	71	85	71	89	25	77	84	88	75	87	85	70	25	72	74	77	82	83	80	83	71	75	88	85	83	80	80	78	90	85	74	84	74	79	81	82	89	22	84	79	73	80	22	71	87	73	78	71	78	22	75	89	88	80	80	76	81	85	80	87	89	83	75	77	85	79	75	86	76	78	73	76	87	75	72	76	83	72	70	77	80	73	70	80	80	78	76	74	88	70	86	80	83	77	86	86	84	76	79	83	77	88	77	80	78	76	86	70	87	77	76	74	81	77	85	71	86	83	80	81	79	88	78	81	83	87	72	79	82	78	19	77	83	78	76	85	84	23	78	75	86	86	77	83	79	85	84	84	70	77	87	73	73	70	73	89	87	80	73	83	71	83	75	84	71	76	78	89	88	71	78	87	86	89	83	72	27	79	80	81	83	88	76	77	76	78	76	88	72	73	86	78	71	77	73	85	73	82
87	83	90	84	77	88	82	82	82	74	83	84	25	85	26	90	75	87	86	81	79	76	86	79	83	18	71	87	82	86	86	73	83	82	72	89	81	74	17	76	81	76	75	73	84	74	83	88	85	79	78	78	71	71	79	85	87	85	72	88	80	75	83	76	72	72	83	73	76	70	80	77	83	89	79	88	77	82	76	84	81	77	87	70	85	80	85	72	75	82	88	89	74	86	79	84	86	83	81	86	78	71	78	80	76	79	83	81	80	81	86	87	73	80	89	80	78	70	77	81	83	82	73	83	78	71	89	77	74	79	75	82	89	83	86	76	74	86	83	82	84	80	81	76	76	73	88	86	79	82	23	84	89	85	80	80	86	82	90	88	70	82	73	90	72	89	72	88	72	74	86	85	71	88	16	72	84	71	24	78	73	85	72	88	80	75	81	75	84	87	70	84	86	87	79	83	88	78	83	73	74	78	84	82	72	89	74	72	73	88	76	74	85	76	88	79	71	77	80	79	81	80	74	90	75	80	70	90	75	73	76	89	77	71	88	77	77	84	86	73	86	88	80	73	84	73	76	76	76	84	74	77	76	83	86	83	73	88	76	72	22	88	80	76	72	81	74	89	73	73	76	26	86	83	74	89	85	84	72	74	89	74	75	81	80	85	73	79	88	78	80	78	74	89	88	74	85	75	90	77	72	26	78	73	87	88	22	71	86	85	75	81	82	79	81	74	86	85	77	72	85	87	81	72	77	74	82	86	71	83	82	88	88	79	77	88	82	85	89	89	79	83	79	89	84	76	77	86	77	90	86	70	74	85	76	84	82	73	73	77	74	86	78	88	84	85	72	87	74	80	22	90	81	78	83	26	89	70	75	80	21	85	72	90	20	86	25	78	76	84	75	78	87	89	73	84	88	77	87	82	77	85	81	76	86	80	80	87	88	89	80	73	88	76	78	85	73	89	73	89	83	86	81	70	74	77	73	74	75	86	88	73	89	85	86	82	74	84	86	76	90	79	88	73	90	72	74	89	86	24	84	89	89	86	78	83	86	83	73	71	71	88	76	82	86	73	78	82	89	82	83	79	70	85	20	72	80	83	86	83	77	78	74	72	80	79	89	72	74	76	86	88	78	88	20	70	77	23	83	77	80	74	81	20	75	77	77	74	79	71	83	81	85	89	76	70	76	79	79	79	73	80	84	84	71	21	72	71	83	87	76	90	76	81	88	83	83	88	82	74	84	86	82	76	83	75	77	84	75	75	71	80	76	76	88	25	84	84	74	74	80	82	76	72	89	78	86	80	21	76	82	71	76	87	79	75	73	85	72	78	89	90	71	83	76	70	75	87	73	77	82	79	88	71	86	85	87	87	82	80	75	74	75	75	75	90	80	75	87	88	79	83	81	72	23	73	75	89	87	73	23	80	75	71	87	82	73	20	84	74	89	82	81	79	73	81	84	82	85	80	76	81	75	81	81	86	72	79	74	88	72	90	88	71	88	22	89	80	81	82	74	82	71	82	74	90	82	71	72	88	72	86	81	86	81	77	74	86	89	85	75	87	87	90	83	74	89	70	73	83	73	74	78	87	73	78	85	85	77	88	74	79	89	83	84	18	89	86	70	80	79	87	72	77	81	76	80	75	86	77	85	78	83	81	77	79	81	89	74	75	72	84	17	76	87	76	89	73	71	74	71	80	86	71	84	89	82	74	88	88	72	78	81	84	90	90	83	90	83	84	79	86	89	79	77	81	83	75	86	88	76	84	73	80	72	73	72	87	85	71	70	85	81	75	82	86	72	78	75	73	81	74	19	77	82	88	71	83	79	82	87	82	85	87	74	87	88	89	81	76	76	83	82	76	74	88	87	71	71	83	84	77	85	82	87	86	74	82	82	75	79	79	73	77	71	79	89	72	89	75	71	77	79	85	80	88	81	83	88	82	83	72	79	82	84	74	89	77	76	87	82	70	73	83	83	81	72	79	88	85	83	83	84	87	82	81	88	76	89	70	76	89	72	78	80	75	83	72	81	74	80	86	76	72	77	75	76	87	76	85	88	76	77	75	72	76	89	79	78	86	70	84	76	81	72	78	74	72	75	87	77	85	86	71	16	89	89	77	85	88	79	83	75	73	81	88	77	79	79	88	18	73	86	83	76	86	71	90	83	87	77	19	70	72	73	87	71	79	83	22	74	86	73	85	78	81	71	75	80	82	81	88	82	85	87	78	86	85	90	81	79	83	72	82	83	19	71	87	79	82	84	21	86	80	20	82	77	72	82	86
70	83	88	83	88	79	83	88	75	72	88	79	71	75	73	78	81	23	72	81	83	81	83	73	89	76	85	89	70	86	80	85	86	71	71	82	72	76	73	25	81	88	90	90	89	89	70	87	71	23	89	88	79	74	77	72	74	89	78	85	21	87	83	82	78	80	70	77	82	72	84	83	85	87	75	73	85	79	74	88	78	86	86	73	74	76	77	84	24	73	72	83	89	84	79	90	71	80	84	72	77	80	88	76	71	70	81	76	80	76	81	82	85	24	21	84	73	88	73	78	76	74	71	80	74	82	79	83	82	70	79	82	89	85	78	73	87	90	74	72	75	77	73	77	84	81	72	19	70	83	76	73	80	80	72	70	85	28	83	78	83	76	86	74	72	87	20	82	73	87	73	83	77	87	75	80	71	83	77	84	84	84	84	81	71	82	80	83	24	78	78	86	90	82	71	71	84	82	70	84	85	72	74	87	74	78	71	84	72	85	90	84	87	72	78	25	79	82	80	74	82	82	84	77	82	86	78	87	78	72	81	83	75	82	75	82	71	81	73	89	88	84	85	71	87	71	89	86	71	86	77	21	76	75	73	78	73	88	77	78	75	82	75	81	78	73	77	81	76	78	78	77	77	88	79	80	85	85	83	78	79	72	77	87	82	77	84	89	89	19	78	88	87	77	84	80	81	77	87	78	82	83	84	80	76	82	87	71	79	76	85	87	71	80	75	83	72	81	85	71	72	87	83	79	76	71	90	80	75	72	72	80	77	78	88	71	86	70	81	71	88	74	76	86	77	86	76	83	86	81	74	74	82	73	75	83	74	82	87	83	80	85	89	86	76	77	71	27	81	72	76	76	74	17	85	78	73	77	85	79	73	88	74	73	84	83	78	88	80	72	86	81	85	72	73	90	77	84	79	82	72	21	74	84	75	86	72	79	85	70	71	89	86	75	86	73	79	77	75	88	78	71	81	72	86	88	81	88	76	71	79	78	83	79	24	90	90	83	71	81	88	72	76	82	74	76	20	74	74	89	83	78	84	84	84	71	87	24	77	78	77	71	81	83	85	75	73	71	89	86	79	75	74	70	76	71	79	70	71	80	79	74	71	89	25	81	89	75	75	87	78	87	72	77	74	78	74	85	75	81	82	87	78	70	70	76	79	84	88	80	84	77	90	81	83	78	84	81	73	86	80	80	88	79	71	81	82	75	88	76	89	87	26	86	88	76	74	79	72	79	79	89	87	78	82	75	75	74	78	20	79	72	83	78	71	84	85	72	88	79	77	79	89	83	73	90	82	73	72	89	86	76	78	74	87	84	71	73	71	89	72	70	77	89	80	83	75	85	23	88	83	78	86	89	87	76	19	72	83	87	85	77	75	81	79	81	88	71	71	26	71	81	89	82	25	82	72	89	71	82	82	89	89	81	84	86	28	79	24	84	88	71	84	84	81	21	86	73	82	84	83	77	75	82	82	78	76	87	83	71	85	81	80	86	78	75	90	76	88	81	87	73	79	75	75	73	82	77	88	84	89	83	79	70	79	71	87	74	74	72	73	81	88	77	77	82	89	84	76	77	73	85	80	86	80	18	82	77	81	85	85	72	79	86	74	87	83	74	80	77	77	83	70	73	83	21	71	86	74	76	88	85	77	87	75	74	77	82	88	81	79	86	86	77	75	75	87	74	84	75	79	81	88	84	79	75	80	76	73	73	79	22	82	84	83	84	74	77	71	73	88	77	86	73	80	90	86	74	83	74	71	72	76	89	76	74	70	73	79	86	78	89	78	71	73	82	74	84	90	74	78	71	87	78	88	79	81	86	73	82	83	75	86	80	82	88	70	89	85	23	89	77	74	16	87	87	85	77	90	71	87	84	78	89	82	85	78	89	89	70	83	78	84	86	72	71	89	80	90	89	90	89	80	73	90	83	73	86	71	87	90	87	87	76	89	86	87	89	71	72	78	71	85	87	86	88	75	72	81	78	78	79	82	17	75	21	77	87	81	87	72	80	82	88	71	76	85	82	76	79	84	71	77	74	72	83	78	76	70	89	75	83	81	83	74	80	28	82	81	80	70	87	75	79	89	83	76	81	73	81	87	76	88	78	79	89	71	82	75	80	77	77	75	85	75	26	87	74	78	74	89	89	88	80	86	71	85	71	89	86	82	83	89	71	83	73	84	84	83	85	87	74	74	76	80	82	75	82	78	75	87	76	88	70	79	79	86	15	87	77	81	80	75	89	88	72	81	26	70	86	82	73	75	78	88	70	79	71	73	85
82	89	81	77	77	71	71	78	82	90	90	87	85	71	85	79	86	87	83	81	75	76	71	76	22	70	71	75	88	83	87	82	79	78	80	82	86	84	72	77	84	71	83	84	81	78	72	82	82	79	85	89	75	84	87	71	78	80	82	70	79	74	80	79	83	78	76	89	79	72	89	19	88	72	71	82	78	87	82	85	87	81	78	79	83	23	81	86	87	84	77	76	70	74	19	73	89	74	21	75	72	73	72	78	88	70	74	70	77	86	78	80	75	86	87	82	84	71	73	86	76	81	85	86	87	25	88	85	78	85	89	83	70	88	76	23	22	90	82	88	79	72	74	81	84	77	83	87	75	74	83	89	17	82	71	72	89	82	87	85	76	76	77	78	80	81	85	76	75	75	74	80	84	80	15	81	75	77	77	86	75	90	72	78	90	76	87	83	81	72	77	76	84	86	82	74	74	86	84	73	18	75	84	80	72	80	86	71	89	88	70	77	71	71	74	90	88	83	89	80	89	85	87	79	84	18	88	80	85	72	78	83	81	81	90	86	87	86	77	85	87	77	76	74	78	82	82	76	73	74	84	79	73	85	87	89	88	81	75	76	88	80	78	71	77	82	78	84	79	82	79	81	88	80	83	88	86	90	72	83	81	70	80	86	74	73	22	84	72	71	23	76	75	70	74	86	83	78	80	90	70	72	85	87	79	73	77	75	75	80	74	89	87	75	73	86	77	74	80	83	89	83	85	87	74	70	74	78	72	71	86	70	85	72	80	71	74	81	77	73	76	76	77	78	74	83	87	83	75	81	76	78	81	74	79	82	79	73	83	72	86	75	73	77	88	78	74	82	88	79	85	85	74	85	75	73	89	85	86	90	86	88	89	85	87	80	24	83	79	88	71	76	79	81	84	73	70	22	70	74	81	89	72	75	88	21	79	70	78	75	70	88	70	76	77	88	79	87	84	74	89	22	71	82	78	82	71	83	75	73	79	87	86	78	71	72	87	86	83	87	90	89	77	83	71	78	89	73	85	79	77	72	72	87	26	77	88	79	89	76	74	70	85	70	80	85	76	74	87	88	87	71	76	89	89	74	77	73	88	75	88	80	86	70	73	87	72	81	85	81	72	86	74	85	71	81	72	81	71	88	78	78	84	81	78	84	80	86	86	87	80	82	84	80	81	83	75	78	74	77	70	71	80	81	78	88	88	80	73	86	75	88	88	89	76	73	84	73	87	83	83	75	89	74	88	85	18	71	82	80	75	78	74	78	72	74	80	76	84	23	74	84	74	83	77	77	83	80	84	84	74	82	78	84	71	83	89	85	86	86	82	70	86	90	71	72	77	86	80	86	79	83	78	80	75	88	71	87	25	71	82	71	74	83	78	83	75	72	76	74	74	88	19	76	74	80	71	87	75	79	71	77	86	88	77	86	90	75	76	74	76	88	71	71	84	77	76	86	76	88	82	74	73	81	87	82	80	87	86	81	80	90	86	85	82	89	79	75	74	88	84	81	84	81	81	88	25	82	90	81	79	79	80	74	79	79	83	82	82	82	24	85	83	80	87	86	88	79	80	80	71	81	82	73	73	81	89	77	80	81	90	85	71	82	80	83	25	81	79	88	84	89	89	73	77	86	82	75	87	78	86	81	84	85	75	78	70	87	77	77	73	80	71	77	87	86	73	80	87	70	88	83	71	88	27	81	73	83	90	85	81	82	71	85	72	72	81	89	72	78	17	85	71	83	81	84	77	86	74	82	71	73	88	76	84	87	85	87	77	82	71	78	71	78	87	77	87	77	86	70	75	82	74	85	78	72	81	21	73	18	78	74	88	79	71	74	71	81	78	74	74	86	84	80	81	84	70	89	73	90	82	85	80	73	72	75	74	82	87	86	73	76	73	86	75	90	89	85	84	74	70	78	70	71	87	73	75	86	78	72	78	74	84	81	82	81	28	85	87	85	74	71	79	85	72	70	82	90	83	81	87	80	72	80	81	19	71	82	85	84	82	74	89	87	76	70	78	70	87	86	81	73	87	72	81	85	88	78	87	83	81	77	76	78	78	79	71	86	88	86	89	79	81	75	86	80	84	75	80	76	82	89	89	82	86	83	82	79	76	81	75	72	84	79	85	82	78	74	72	90	84	86	72	75	72	81	78	79	79	73	70	88	74	88	26	75	87	77	79	74	76	83	73	83	83	80	72	87	71	87	81	77	82	74	70	89	73	89	83	71	74	89	25	75	89	77	78	77	83	72	81	87	90	79	85	89	78	87	85	85
88	76	78	80	77	88	75	77	76	72	84	80	85	90	71	71	73	73	88	83	87	89	73	75	75	76	73	73	79	75	79	25	83	84	84	82	73	71	73	87	75	84	89	83	71	77	87	81	72	71	79	79	22	86	76	82	75	73	81	75	70	89	85	77	83	88	78	82	88	77	78	81	83	84	87	71	84	88	88	89	86	78	85	89	79	79	81	81	75	89	84	80	73	86	70	82	85	87	74	77	76	84	72	84	85	88	76	81	79	74	72	86	22	84	77	83	86	81	74	79	21	72	85	77	73	86	80	75	87	79	81	24	89	74	71	87	79	85	77	81	78	74	89	84	76	89	86	76	88	86	88	82	89	87	79	78	78	81	78	83	84	75	75	80	73	82	89	88	75	86	84	88	80	72	71	72	78	89	24	87	75	72	83	82	73	70	79	74	86	78	86	81	90	71	78	71	82	89	78	72	84	90	81	86	73	86	80	72	74	85	71	77	70	74	90	84	73	85	84	86	84	73	86	80	81	86	80	81	74	80	75	79	74	21	85	71	83	76	70	83	75	81	73	82	75	85	86	79	84	70	87	85	87	86	77	81	81	74	23	73	83	90	85	71	90	88	89	84	78	76	73	88	86	74	81	71	74	71	79	72	84	75	76	76	87	83	78	87	85	72	80	86	88	88	84	84	75	77	74	74	82	75	72	86	84	71	74	87	78	80	75	76	73	73	80	89	76	81	79	85	89	90	71	89	74	73	77	75	80	72	83	86	79	73	78	87	87	70	77	74	83	85	86	84	82	81	71	77	70	79	85	72	81	86	77	83	90	71	75	76	84	88	84	70	84	71	80	78	84	89	72	76	79	87	76	78	82	75	82	88	79	80	71	75	72	78	87	86	83	82	86	82	73	73	71	88	85	82	72	88	77	88	79	73	87	80	76	81	89	73	83	76	89	70	19	18	89	88	83	78	82	71	72	81	72	85	24	23	82	72	72	86	78	84	82	81	84	89	77	88	90	80	71	87	90	79	82	71	83	75	88	74	73	73	29	84	82	79	83	72	70	24	24	22	85	78	87	81	78	80	77	72	76	79	84	78	70	18	79	76	79	87	78	88	86	80	88	88	87	75	89	72	75	74	70	81	88	89	74	89	89	71	86	86	85	87	78	72	71	79	85	82	85	88	71	70	73	70	84	84	73	23	77	81	71	84	71	72	77	73	86	80	76	84	77	78	86	85	72	71	78	74	89	89	80	77	84	71	70	75	89	81	78	71	72	77	87	87	86	76	72	83	79	82	75	85	80	87	90	20	73	87	72	85	82	71	86	78	75	80	83	76	71	77	83	78	80	82	87	88	74	82	76	79	70	82	80	72	77	78	83	82	85	84	74	80	86	82	78	84	88	78	78	80	78	86	86	82	82	85	81	87	79	17	87	89	75	81	77	71	81	73	87	85	75	90	76	85	86	74	86	18	76	80	80	74	70	79	84	21	77	82	88	81	89	85	84	82	89	86	89	71	82	71	82	88	74	75	81	82	86	74	74	88	70	79	72	71	90	86	27	88	88	84	78	87	85	82	82	78	73	82	78	85	89	79	80	83	70	79	76	71	88	74	87	89	75	80	77	78	79	73	70	74	75	89	78	86	87	77	86	81	89	87	88	28	88	79	72	87	85	72	80	86	85	78	83	75	75	73	81	83	74	19	80	83	77	77	71	72	83	79	72	80	78	72	74	73	79	79	80	82	81	88	88	89	85	74	89	81	82	78	81	71	86	74	72	85	79	85	81	75	75	79	77	89	89	83	86	81	74	88	75	81	70	73	71	82	85	75	90	88	89	90	90	87	71	22	75	76	84	82	74	89	73	75	82	88	87	72	80	71	84	83	89	70	90	71	89	74	77	88	82	71	80	79	73	90	79	82	85	74	79	76	76	75	19	86	80	77	83	85	89	76	73	81	88	85	74	74	78	78	90	72	86	73	76	89	18	70	76	79	77	90	87	85	79	74	73	75	83	85	76	78	72	73	75	25	87	74	77	86	79	77	82	73	25	77	16	75	74	77	73	72	77	72	25	75	87	80	85	89	87	72	81	84	70	86	83	80	88	83	76	81	71	25	70	88	89	79	82	86	75	83	71	70	89	71	87	76	76	86	84	27	74	72	79	88	83	89	76	85	74	84	85	74	75	77	80	75	73	74	72	86	89	74	85	77	76	81	84	85	82	71	81	79	78	73	82	78	73	77	84	89	85	81	22	88	85	87	89	90	74	71	86	78	79	79	84	79
75	74	86	90	81	71	20	77	73	77	85	78	73	79	83	86	72	84	77	70	83	87	86	85	88	73	89	85	70	75	73	83	75	87	73	21	89	86	80	88	71	74	70	72	81	73	76	80	86	84	72	79	76	77	82	80	85	74	84	76	76	77	71	22	73	85	80	89	89	82	73	82	79	79	87	86	89	75	74	71	80	83	74	86	80	71	71	87	87	73	72	82	80	81	71	85	72	80	85	88	77	90	82	75	85	22	85	73	88	78	76	88	78	89	76	83	84	83	82	78	72	85	88	71	70	88	70	86	81	18	71	70	71	75	73	71	84	76	72	81	73	27	86	19	90	77	73	79	84	72	73	88	82	82	86	78	77	83	84	84	82	86	73	81	78	72	70	70	88	71	90	87	74	75	76	85	88	83	89	79	86	90	84	86	81	75	81	90	79	73	70	79	80	79	89	89	18	88	80	78	71	78	85	90	87	74	71	73	74	74	87	76	88	72	86	88	78	89	71	80	73	78	79	85	88	87	88	85	70	19	87	80	86	79	78	70	75	18	80	89	90	72	90	90	87	73	85	80	77	88	76	82	88	82	73	85	87	20	82	87	81	89	77	87	72	86	84	77	73	76	75	74	72	20	78	75	84	87	80	88	83	71	81	70	81	86	75	90	79	73	81	73	90	74	22	70	84	84	79	85	85	90	74	86	89	81	79	84	72	89	78	88	87	88	73	80	86	75	90	70	71	87	89	87	74	81	71	83	76	74	79	23	82	79	83	89	75	85	78	84	78	84	78	72	71	83	73	78	89	79	90	85	74	79	78	75	81	82	73	78	71	70	80	78	82	79	80	72	81	20	70	73	88	88	20	87	77	82	27	83	73	85	80	87	85	88	80	27	81	76	75	77	85	78	71	79	78	85	85	77	76	76	71	23	77	81	73	70	83	85	74	72	82	86	84	78	80	83	84	88	74	73	79	82	88	76	84	73	76	70	85	81	78	72	88	83	84	79	84	87	77	75	72	85	79	87	73	83	86	86	17	74	75	89	72	89	76	80	80	80	87	80	83	77	72	82	76	83	79	86	83	82	78	76	81	89	79	71	76	82	80	78	87	70	81	86	83	89	89	80	72	71	80	76	71	85	70	77	86	87	72	76	82	86	75	78	82	84	82	87	86	80	89	76	75	80	86	89	85	85	72	70	70	89	74	78	77	85	75	80	72	73	83	77	83	73	81	80	71	88	85	73	71	89	76	76	82	88	79	74	75	76	19	22	75	73	83	85	89	76	85	71	73	80	80	26	19	75	75	87	74	77	77	87	71	89	84	87	88	22	84	88	80	85	72	78	90	87	86	82	84	72	83	89	72	90	89	74	87	81	80	76	72	73	89	72	75	72	75	82	70	87	72	72	74	70	86	82	72	76	79	70	84	81	72	71	70	88	76	85	78	70	88	25	88	85	76	79	84	75	89	72	89	78	88	80	23	72	81	76	76	76	89	72	74	73	77	86	87	84	84	74	77	78	77	85	78	78	87	73	27	83	78	89	24	73	80	85	74	78	79	74	90	76	73	25	74	77	80	78	82	73	83	76	76	80	82	88	86	71	85	77	73	86	76	80	86	89	84	74	83	77	71	70	80	82	78	81	73	72	85	78	88	88	82	80	26	80	82	81	89	83	75	73	78	89	82	73	80	78	82	74	80	84	75	79	85	70	85	89	74	75	78	89	75	76	80	73	78	85	79	76	72	86	83	81	80	86	84	80	77	88	72	77	87	85	89	72	76	85	85	86	81	79	83	78	74	86	80	81	85	82	89	70	76	77	76	84	86	76	76	19	72	76	19	71	74	80	88	87	73	27	23	73	78	81	87	83	86	76	18	77	87	74	76	79	20	88	84	80	87	80	86	81	85	72	72	70	85	78	76	72	85	75	70	18	73	78	79	73	77	78	83	72	78	78	86	86	78	81	24	71	86	74	78	86	81	85	70	89	86	73	86	82	86	87	89	75	80	78	88	81	87	72	22	72	77	90	73	26	86	20	70	86	81	72	82	78	83	81	84	87	71	89	27	74	83	84	79	80	81	82	73	84	80	88	85	89	85	82	73	82	84	78	73	82	77	75	87	72	74	85	84	79	75	70	90	79	74	86	73	18	73	84	83	88	79	85	81	82	78	82	81	77	76	79	85	71	77	73	78	73	89	78	25	82	89	79	89	78	89	83	77	73	71	88	85	81	87	89	77	81	82	84	78	87	86	71	87	81	82	76	70	20	79	81	81	70	70	79
84	87	76	77	79	83	73	81	82	80	25	75	89	89	24	85	84	81	89	81	79	85	88	79	77	75	74	84	89	81	89	78	83	88	88	74	82	76	87	78	77	76	87	73	88	87	22	72	78	86	78	76	81	19	83	88	87	82	72	89	82	85	81	77	90	21	89	73	71	70	73	73	84	80	78	84	75	74	88	88	75	71	71	87	86	80	89	89	78	79	90	75	71	88	78	81	81	24	73	74	85	83	84	20	86	90	87	77	83	71	73	90	81	76	86	79	71	72	86	79	89	76	77	84	73	83	73	79	22	76	80	82	73	78	86	82	89	80	78	83	78	89	79	79	74	76	85	81	89	72	88	18	75	79	85	87	80	84	71	83	72	88	88	17	87	89	87	76	73	87	74	78	74	25	82	81	71	83	85	70	73	80	76	79	71	83	84	73	87	87	77	82	71	76	80	77	18	23	77	80	89	84	73	75	78	84	26	81	82	71	81	76	87	19	86	90	78	82	82	78	89	74	89	70	75	85	89	89	88	19	90	80	84	77	88	86	90	71	79	87	80	73	71	72	70	78	80	79	73	86	88	71	76	76	75	85	82	76	80	70	87	83	88	89	87	73	73	86	83	76	85	88	81	84	88	86	25	73	77	73	25	74	80	84	86	88	85	71	82	79	77	76	87	80	77	77	88	80	80	89	80	77	79	71	89	87	83	86	81	76	86	85	73	77	24	72	85	70	84	78	84	82	85	73	71	81	84	80	78	75	89	82	89	83	77	83	76	83	72	70	85	79	81	86	89	84	89	89	89	70	74	75	80	73	84	80	88	88	20	70	70	84	77	80	83	83	72	86	78	72	83	84	85	73	84	82	86	78	88	82	70	82	83	75	83	82	82	74	75	73	73	22	83	85	72	74	73	83	88	85	70	87	86	86	81	79	75	78	88	77	84	88	74	87	90	76	86	86	89	86	79	73	73	80	83	81	72	70	87	79	75	80	87	77	81	89	84	84	74	71	73	86	81	70	75	83	85	79	78	72	82	83	83	73	85	23	83	80	84	76	89	88	72	76	74	77	72	84	83	78	79	87	71	84	72	89	75	88	80	77	89	83	88	85	86	20	71	83	25	73	75	83	71	72	73	85	72	84	21	87	75	87	90	82	74	82	83	87	77	25	73	79	77	77	82	72	79	77	74	71	87	88	80	79	18	75	89	80	77	79	71	85	75	87	82	78	86	73	83	72	90	72	77	82	78	81	70	74	85	78	82	81	74	76	71	72	82	74	74	80	82	74	90	84	23	77	86	80	79	70	85	80	82	78	80	72	87	78	79	81	84	90	88	86	87	26	77	78	78	87	73	89	78	83	77	76	78	76	82	84	82	26	87	83	82	75	77	72	77	78	80	88	89	83	84	75	81	86	81	74	79	75	81	79	78	75	72	74	87	85	84	86	76	72	73	87	23	26	72	79	84	74	85	80	84	88	87	85	25	87	74	81	81	73	70	86	88	88	75	70	74	89	77	79	79	79	78	81	77	82	83	78	87	87	79	77	76	83	86	74	79	74	80	87	23	78	26	74	72	77	71	82	85	88	87	70	77	82	86	81	87	78	85	75	83	84	25	84	72	87	84	72	90	71	89	76	83	76	74	85	86	77	73	85	88	86	80	88	80	84	82	77	71	71	73	85	83	88	71	86	86	78	87	83	73	83	80	87	80	71	86	79	79	83	85	77	82	83	86	80	88	80	71	18	78	76	77	80	81	90	73	83	74	82	87	74	88	77	72	72	89	86	79	82	80	76	74	83	74	84	83	79	74	77	77	77	87	76	74	72	82	86	86	90	71	79	76	77	82	72	87	76	88	76	72	78	85	89	84	82	81	76	74	72	86	85	78	27	77	84	88	77	77	81	22	71	81	81	81	72	78	80	79	89	71	70	89	72	87	73	88	72	74	81	89	84	71	82	75	80	72	84	77	82	85	77	86	74	71	82	82	86	74	76	89	88	78	80	87	75	83	74	77	78	83	26	76	77	80	77	77	84	83	87	21	86	79	80	77	83	22	83	71	88	70	86	80	78	81	84	72	82	83	90	73	88	84	22	77	86	70	79	89	71	73	88	85	70	70	84	82	77	80	26	72	71	73	89	21	85	89	71	21	87	87	79	83	75	88	85	80	74	71	70	85	76	88	75	87	79	89	73	76	72	80	89	83	74	89	81	79	73	71	74	90	88	80	75	78	78	81	26	79	85	86	83	73	75	82	85	83	83	79	76	70	89	71	89	88	82
76	83	75	70	81	90	83	74	75	87	70	74	27	89	76	73	79	76	81	78	72	73	90	76	81	80	84	70	72	84	83	70	90	73	77	88	77	80	79	73	74	81	79	72	88	71	70	78	77	83	82	84	74	80	76	87	80	71	72	72	81	74	81	84	83	75	90	84	83	81	79	90	89	86	89	79	89	84	74	70	85	81	76	90	73	75	86	84	70	79	75	74	74	74	72	71	83	72	88	84	82	80	72	80	86	72	76	78	77	79	74	71	89	77	86	70	78	71	89	89	72	82	76	71	76	84	75	78	73	78	19	78	88	87	77	89	72	88	76	83	79	72	84	72	78	72	88	79	82	90	88	83	78	79	86	80	77	82	79	72	88	87	18	74	83	78	73	73	88	81	73	79	78	89	73	73	76	78	88	90	83	77	74	76	86	78	85	73	90	87	83	88	81	74	87	86	88	82	73	80	16	84	80	70	76	83	85	77	88	73	89	75	79	79	78	85	87	84	74	90	80	84	85	89	72	81	76	83	85	79	71	76	89	88	85	81	80	87	82	87	82	89	81	71	22	74	81	82	78	88	78	85	71	81	76	82	90	82	84	74	86	83	72	79	86	75	80	89	79	71	87	82	76	84	82	85	79	76	76	71	84	81	80	77	22	89	83	76	78	80	79	74	80	77	73	73	80	79	23	78	80	89	85	80	78	80	81	74	81	89	85	83	83	85	88	78	89	82	75	85	79	74	78	73	86	87	72	74	71	76	79	76	78	78	74	81	81	71	73	89	85	86	84	75	81	86	90	26	88	78	78	80	81	78	74	80	80	78	82	89	71	79	86	89	71	73	74	88	83	84	81	84	75	78	86	82	72	81	80	85	90	75	87	89	73	75	72	72	73	75	89	85	76	81	86	77	82	88	77	80	86	89	76	83	72	79	88	74	75	77	76	71	84	83	83	71	87	87	87	89	72	71	87	72	78	86	79	88	90	78	83	79	76	74	85	72	78	75	71	20	89	78	81	78	77	79	79	79	84	81	71	72	90	88	84	77	77	75	82	72	77	89	74	73	85	70	77	88	83	70	88	83	71	89	89	74	83	18	16	75	72	73	85	73	79	83	79	76	71	79	75	85	84	88	88	75	86	82	80	85	84	19	87	81	80	20	83	82	72	73	71	81	90	84	87	77	76	74	70	71	75	75	71	86	88	74	80	71	82	85	73	27	83	86	73	82	73	84	89	74	80	83	84	81	84	76	78	86	89	78	84	76	81	83	88	82	82	77	70	82	76	79	74	87	81	79	79	73	71	88	81	87	88	89	74	82	80	82	83	81	81	76	73	78	85	86	81	70	75	70	78	82	85	75	87	74	74	73	83	86	77	90	79	74	70	73	71	79	81	86	88	79	72	84	87	76	74	82	76	73	78	83	84	73	88	82	80	79	75	86	84	81	82	81	75	88	84	74	72	76	87	73	83	85	81	72	70	72	78	76	73	89	81	89	75	21	88	19	82	86	77	77	72	76	73	80	25	75	76	80	76	80	89	83	70	76	82	72	74	25	83	89	84	81	72	73	82	82	75	20	79	88	81	89	83	77	77	88	78	76	81	75	81	75	85	88	81	85	88	74	81	88	78	71	76	84	88	78	70	83	85	75	85	85	28	83	78	71	73	89	90	72	90	78	84	83	74	77	74	83	74	90	72	73	85	79	77	84	79	75	76	80	73	89	82	74	77	80	80	88	82	80	87	90	72	84	82	90	75	75	82	86	88	88	86	81	27	72	88	79	74	72	89	85	80	78	89	81	77	70	72	86	71	77	70	74	74	80	84	84	86	73	74	86	82	85	79	76	79	81	76	84	74	76	72	88	75	89	79	80	73	90	88	85	76	73	90	87	84	88	72	89	79	85	81	81	79	79	77	82	76	81	79	81	83	71	78	74	80	75	88	79	83	26	79	25	75	86	80	71	79	90	85	76	87	78	88	82	71	72	88	78	78	72	81	72	73	75	77	86	90	81	85	84	76	88	84	79	82	80	75	71	85	72	80	71	84	89	89	85	73	86	81	22	71	72	80	83	78	71	22	20	75	81	78	76	71	83	89	82	74	90	81	79	76	87	75	19	71	87	76	79	86	84	74	80	76	79	90	85	82	72	77	76	72	90	70	85	73	72	83	80	87	86	89	80	72	84	83	78	82	20	73	71	74	75	80	83	89	81	71	88	81	85	71	77	79	88	86	83	79	71	82	80	83	71	74	80	25	77	75	73	86	90	72	74	83	70	80	86
90	86	79	71	74	78	72	87	86	78	76	86	83	90	79	87	75	89	22	71	80	87	73	28	80	71	87	81	85	78	82	81	73	77	81	21	85	86	76	77	89	81	83	77	85	78	73	78	87	85	76	81	79	82	81	81	87	81	87	16	74	80	77	87	76	88	78	85	83	81	73	84	83	76	87	74	88	83	81	90	71	88	71	76	85	83	81	70	75	84	87	71	71	74	81	85	89	74	89	75	76	87	83	87	17	89	84	82	70	85	90	78	72	83	90	75	19	76	88	75	79	79	79	87	80	90	84	71	73	83	79	75	81	87	86	75	77	83	80	75	87	76	85	85	84	83	88	77	75	73	73	83	20	72	86	80	85	74	83	81	78	72	75	73	77	73	87	76	83	25	88	77	88	82	87	24	83	80	87	81	78	89	88	81	76	86	80	80	76	90	90	86	77	27	86	84	81	86	70	78	84	86	76	73	88	85	71	88	86	72	75	73	81	81	74	90	75	80	79	76	89	76	87	70	79	86	85	72	73	73	22	85	75	76	85	76	73	88	88	84	70	89	75	77	76	88	78	84	79	81	87	77	81	73	77	82	81	72	85	80	21	85	74	89	87	82	74	72	79	81	74	80	70	70	70	76	88	85	74	88	87	25	77	73	73	83	86	84	24	77	85	89	74	71	80	79	71	90	77	78	73	82	81	83	87	85	85	85	78	83	81	85	73	85	88	79	83	78	83	89	89	88	83	70	76	73	72	86	76	84	84	85	81	77	27	78	80	85	74	88	73	21	78	75	75	82	75	72	85	83	84	76	71	86	87	80	82	83	73	83	84	81	80	87	86	76	84	25	82	75	89	73	75	83	78	73	71	84	72	90	84	89	83	76	81	84	83	77	82	72	76	77	78	71	18	89	78	71	20	73	73	83	81	82	86	78	85	88	73	87	17	83	88	84	81	72	74	17	78	84	83	90	90	74	86	74	83	76	86	80	70	79	81	70	71	89	83	73	85	88	84	73	77	78	74	84	80	77	84	70	70	73	86	77	90	87	79	75	76	83	74	86	89	71	89	88	78	86	82	90	83	85	72	79	85	84	70	80	73	22	82	81	72	80	81	75	78	86	72	80	78	88	72	72	72	72	88	87	72	89	70	76	90	90	84	74	89	85	73	77	84	87	77	88	73	77	80	86	79	83	85	71	85	73	88	85	76	82	87	88	81	76	77	75	72	80	84	82	75	88	80	24	84	85	70	85	86	72	84	83	73	74	79	87	89	73	86	84	70	81	71	82	83	70	86	87	73	84	79	83	76	82	90	84	74	73	86	88	17	78	85	88	78	78	90	83	81	88	88	78	84	81	87	70	90	78	77	77	87	79	74	89	87	83	74	88	72	79	79	72	74	82	78	79	77	72	80	86	23	76	72	18	80	78	82	71	89	83	86	74	78	82	73	73	85	84	76	79	86	78	75	89	82	89	74	77	79	89	79	72	74	89	80	21	72	80	73	83	74	88	74	79	88	81	78	83	77	81	78	71	77	85	86	82	84	85	87	82	71	81	88	73	72	87	83	85	73	82	73	85	71	89	89	71	75	86	81	86	72	75	70	80	75	73	87	85	80	90	81	75	73	74	80	79	85	76	70	88	89	73	75	76	85	78	82	78	82	78	88	75	71	76	71	27	84	80	82	88	82	72	80	72	86	84	87	84	83	83	71	71	77	89	83	83	84	74	78	89	88	73	88	78	87	77	89	23	73	76	74	71	82	80	77	72	89	75	73	76	74	75	85	23	71	87	20	90	86	78	87	74	82	80	86	84	76	79	86	87	86	90	74	75	26	85	74	80	81	80	86	76	72	75	77	87	75	78	89	73	72	73	72	72	71	78	82	18	79	84	84	84	77	90	87	84	74	88	72	77	79	77	79	24	83	77	72	74	72	75	88	82	73	90	88	89	75	78	72	71	84	82	75	76	71	73	90	80	73	73	81	86	72	88	73	75	84	84	76	75	23	73	76	89	79	87	76	78	71	71	17	82	82	76	84	70	74	73	72	23	74	77	90	79	72	77	78	79	74	86	89	72	75	81	73	82	90	87	88	75	78	82	81	71	75	77	79	86	89	89	84	85	85	87	83	86	77	87	80	76	75	72	79	81	74	72	82	73	73	20	81	79	88	86	84	72	89	83	71	71	79	74	79	83	73	75	80	83	75	75	87	87	73	86	74	72	82	85	71	81	77	81	83	77	74	78	76	90	81	85	75	89	78	76	82	89	90	86	89	88	83	77
89	71	71	90	75	80	72	84	73	86	73	75	83	79	84	88	86	72	18	72	88	87	80	77	85	79	79	90	90	72	74	79	75	74	74	77	83	74	86	71	76	73	85	78	83	86	85	85	87	88	79	15	83	81	84	78	76	83	19	77	76	78	87	72	80	72	83	81	73	80	80	72	72	71	70	80	87	74	73	88	77	83	23	71	88	72	20	71	77	75	80	86	90	77	87	79	88	76	90	82	73	71	88	75	75	73	79	74	81	86	81	79	70	81	73	84	84	84	89	71	82	71	79	83	87	78	86	88	80	89	80	87	86	77	74	85	71	87	74	83	80	81	75	82	88	77	81	76	84	85	87	75	87	72	84	74	82	76	78	71	76	82	71	74	71	71	84	19	88	89	81	84	77	74	88	80	83	89	71	73	88	86	75	88	89	71	71	20	87	76	87	71	83	86	82	87	80	88	80	72	71	74	79	89	81	83	73	86	25	84	70	89	88	89	79	84	81	83	70	79	78	19	76	72	85	73	85	74	84	83	80	83	83	72	74	90	71	70	74	77	82	77	88	83	75	75	84	73	78	82	70	72	75	85	19	79	87	89	90	75	89	79	86	28	73	72	73	83	83	84	89	88	81	83	76	71	79	74	74	86	74	83	84	83	89	27	83	88	82	76	82	24	85	88	76	77	86	86	71	71	20	87	82	77	88	90	83	85	70	85	85	71	72	81	75	75	70	75	79	79	72	73	70	79	77	84	89	75	84	88	83	73	76	85	71	72	76	79	82	89	84	89	79	73	84	73	71	90	79	84	70	78	81	86	72	77	84	84	72	80	77	79	90	78	86	77	83	89	83	77	71	76	89	83	79	86	71	87	77	82	74	71	77	77	86	71	71	80	78	87	75	73	73	83	87	85	82	74	22	79	78	76	85	84	21	86	71	74	80	27	82	81	83	85	77	82	87	88	76	87	87	83	77	89	75	85	90	80	81	78	76	90	76	80	77	79	90	83	78	70	74	80	79	73	90	20	71	72	75	87	80	85	87	71	87	75	75	22	89	80	72	88	71	86	76	76	84	88	22	90	72	80	85	78	75	83	82	71	86	78	83	85	78	76	85	88	78	18	71	77	72	88	71	90	87	86	89	90	79	83	86	77	89	87	71	84	77	73	87	86	75	22	83	81	82	89	76	79	87	87	85	73	77	83	77	87	89	77	75	86	84	85	84	79	73	82	84	23	71	25	80	89	85	83	88	75	84	79	80	88	70	88	76	85	90	86	17	70	74	81	89	72	83	86	89	88	90	76	79	75	72	21	86	78	76	71	76	80	89	70	80	78	22	76	80	82	85	87	78	82	80	72	77	75	72	90	71	85	72	81	82	77	90	80	81	86	80	82	77	81	89	74	71	90	70	20	86	71	84	79	85	76	77	89	72	84	77	82	88	78	79	80	27	78	87	71	72	71	72	72	82	73	82	89	75	82	85	78	79	87	73	79	87	84	82	74	78	85	21	71	87	87	71	70	87	72	89	81	78	88	84	87	77	73	83	72	88	86	78	77	86	79	75	75	80	81	85	76	86	77	78	79	79	75	81	88	86	78	74	88	78	75	86	81	85	86	89	87	87	82	70	75	82	73	87	78	72	85	73	83	80	72	76	85	83	82	87	87	89	81	89	90	78	79	71	70	87	78	73	86	74	88	80	87	77	86	72	77	75	87	78	89	77	86	80	77	78	76	80	79	81	24	70	79	74	79	82	89	72	73	74	73	73	75	87	85	87	87	77	83	87	23	88	75	89	83	87	89	75	86	82	82	86	77	77	88	73	80	75	74	87	78	80	89	78	82	28	80	74	86	84	83	77	81	83	79	74	74	89	76	71	85	73	90	74	79	88	74	83	88	85	85	75	19	20	87	78	80	21	75	83	88	79	86	71	88	72	87	79	83	81	81	87	84	81	84	82	80	83	70	77	77	74	85	83	73	80	70	71	86	80	89	73	80	78	77	70	88	76	76	82	84	82	74	89	88	85	88	76	80	89	81	84	17	78	82	74	86	80	79	70	80	73	80	87	72	82	87	72	70	75	85	89	72	88	83	82	90	72	74	81	81	83	75	89	72	89	20	75	81	88	76	81	81	78	88	73	85	70	82	85	77	76	80	71	28	75	71	81	89	88	77	70	18	85	81	78	77	75	83	84	87	87	83	81	82	86	86	82	74	74	80	80	88	74	73	81	84	88	72	85	88	87	81	73	19	85	89	89	85	74	76	78	72	75	87	83	73	72	71
74	89	87	81	76	71	70	88	81	25	70	82	77	89	82	19	74	88	79	86	77	74	74	77	87	77	81	80	78	75	82	87	79	70	82	73	74	87	81	90	85	83	76	73	77	73	82	77	83	75	88	87	80	82	17	20	76	17	77	77	74	87	90	74	86	83	75	83	85	23	87	87	76	84	85	80	75	88	75	76	77	71	79	84	76	87	88	71	87	80	78	78	84	77	80	79	88	88	87	83	88	85	73	77	73	88	80	79	78	86	74	86	74	76	74	72	74	71	80	85	74	84	77	25	84	82	84	81	85	77	77	74	77	75	74	89	85	78	25	83	70	84	77	78	84	71	83	82	22	82	78	87	72	73	78	80	86	72	81	74	78	82	84	85	87	71	78	73	86	78	78	75	72	79	85	70	81	74	78	84	71	77	18	74	82	90	77	73	84	87	83	74	88	71	73	86	77	79	27	78	75	90	84	82	77	71	27	80	72	78	73	24	81	81	82	90	88	83	80	87	73	19	83	85	71	72	74	24	74	90	81	88	72	83	20	80	87	73	71	87	84	22	72	72	85	82	72	76	74	20	79	89	80	79	87	19	87	78	80	78	84	87	27	80	72	89	79	89	87	73	75	70	82	85	82	76	88	83	73	80	84	89	83	20	77	85	79	84	71	73	75	88	74	89	88	72	74	84	80	70	81	23	70	84	87	79	77	87	71	72	73	89	76	86	83	79	72	86	86	83	73	71	21	89	21	82	87	79	77	86	76	74	70	74	89	87	75	89	79	76	72	83	79	73	78	85	73	81	19	81	82	72	76	81	73	83	76	77	80	72	85	86	76	77	78	82	83	84	82	74	70	71	79	76	75	82	89	75	76	71	75	82	76	74	86	76	75	70	86	81	81	83	73	87	78	79	76	86	81	72	76	74	72	74	73	82	76	71	74	84	75	74	72	88	85	86	89	85	87	79	17	82	73	79	79	79	88	86	78	78	90	81	82	71	89	79	74	90	89	82	89	88	71	85	70	89	85	81	70	74	75	73	74	76	80	72	86	85	79	82	80	79	72	76	77	90	75	84	89	88	71	74	81	78	83	73	76	74	88	83	88	77	75	83	79	81	76	81	70	75	86	87	75	82	74	78	26	74	78	82	76	80	82	88	77	74	75	80	87	79	80	72	73	83	84	89	80	85	86	80	77	89	87	75	88	81	83	84	71	83	77	78	25	77	72	73	76	87	89	78	74	79	89	17	83	84	84	26	72	72	71	78	83	81	78	76	75	74	85	88	85	76	86	24	88	84	80	85	83	86	82	83	78	81	83	90	72	88	75	89	70	72	81	85	82	79	84	84	88	89	85	76	82	78	73	85	74	86	84	77	87	27	84	88	87	85	82	71	73	87	77	77	87	84	77	77	85	83	85	88	84	81	81	73	84	84	28	89	89	71	70	81	83	78	82	84	74	89	85	81	81	81	84	89	85	79	71	21	89	81	77	87	72	74	77	89	72	78	78	74	84	83	74	74	78	80	71	80	80	77	87	71	72	87	81	71	89	83	71	76	71	79	89	74	75	76	72	82	80	75	70	75	81	81	76	85	80	75	77	72	86	75	73	85	72	81	73	85	77	79	82	70	72	82	83	83	72	82	71	81	85	22	85	22	76	80	88	86	72	71	82	85	84	87	75	84	18	77	87	81	72	89	90	89	84	80	86	83	76	88	75	86	76	76	79	76	72	72	82	73	87	88	82	88	87	22	87	71	82	72	90	76	80	86	87	79	78	78	83	89	89	84	75	73	71	71	85	80	81	86	71	73	81	89	75	21	72	81	83	86	85	71	83	87	71	71	74	74	83	86	81	89	87	81	81	78	82	75	88	82	85	19	82	78	81	82	76	89	83	79	73	78	80	81	82	84	74	73	82	71	84	83	21	77	76	82	73	76	79	82	88	84	75	78	21	84	72	88	80	79	72	81	82	89	85	84	77	89	90	85	89	77	83	84	72	72	78	72	72	78	81	73	75	83	88	72	72	79	78	83	78	81	90	75	73	82	87	77	79	85	90	89	77	75	78	87	83	85	80	88	89	71	82	80	73	85	23	83	86	90	88	73	82	85	87	85	80	79	16	81	73	84	71	82	16	85	70	74	72	81	75	90	77	84	90	80	70	73	71	73	84	72	79	84	89	73	79	80	81	71	82	84	88	78	86	71	81	88	82	79	83	81	72	88	89	20	79	74	85	82	19	83	88	84	72	74	88	72	88	88	88	78	78	79	81	72	79	89	78	73
76	78	83	79	85	74	77	87	78	83	89	73	75	76	85	76	79	72	75	74	88	72	73	75	84	78	74	71	79	73	89	76	88	76	79	80	88	79	88	75	88	86	71	78	77	78	73	86	75	80	73	71	89	83	78	75	81	81	87	84	89	90	85	81	72	71	75	83	79	76	84	77	83	83	86	72	74	86	83	88	83	77	76	77	85	83	83	88	74	83	74	79	75	78	71	82	71	87	83	89	88	71	87	78	86	80	72	87	25	84	87	80	82	75	70	87	89	85	75	84	81	88	79	22	83	83	70	76	84	80	75	78	76	71	72	83	84	89	88	81	83	83	75	76	71	70	83	73	79	83	84	79	77	75	77	86	72	75	82	83	81	86	80	80	83	82	80	84	78	80	87	84	73	80	86	82	75	78	81	83	74	82	80	74	77	87	77	87	87	84	77	24	77	83	79	88	86	82	74	85	72	73	73	73	78	83	76	82	90	80	19	22	74	81	81	83	74	77	83	81	76	74	80	79	72	71	75	79	71	86	78	89	82	89	89	77	87	81	83	79	78	86	80	75	78	76	75	86	77	85	85	81	82	87	88	79	88	84	74	80	80	71	79	80	83	76	73	88	76	88	71	77	72	77	87	79	78	87	85	72	26	86	76	70	87	87	89	70	73	75	87	88	71	72	81	76	79	81	72	82	77	78	85	75	24	76	74	75	83	87	81	75	74	72	72	80	86	80	86	77	76	74	77	19	83	74	87	82	73	88	83	76	75	77	71	87	73	74	73	82	90	82	86	85	77	81	81	85	70	77	79	77	82	82	72	76	83	72	85	74	82	74	83	87	72	75	90	77	79	72	84	73	87	81	74	70	81	78	73	77	82	75	72	82	76	89	71	85	84	72	81	86	84	71	89	82	72	75	71	81	75	87	89	79	73	78	76	86	84	89	84	86	71	81	73	84	84	76	70	84	77	73	83	71	73	78	78	76	81	21	24	72	74	81	77	86	19	85	87	76	88	71	89	77	83	70	78	77	85	78	20	77	77	78	89	83	76	82	78	86	72	71	77	88	86	72	80	74	81	76	84	73	23	89	74	81	71	79	86	81	87	73	74	88	86	70	79	86	79	87	81	73	78	88	76	73	89	83	74	82	76	81	78	81	74	88	79	89	78	76	74	88	78	74	80	89	90	79	85	78	72	75	89	73	18	81	74	78	75	72	72	79	84	76	85	86	88	77	74	79	73	75	79	74	26	73	83	83	82	82	23	71	18	71	25	78	79	79	87	87	72	70	72	82	73	25	85	77	83	80	78	80	85	77	75	81	78	83	81	76	84	87	80	83	77	90	79	81	79	79	71	77	18	81	80	78	87	75	89	88	28	83	86	83	87	71	84	76	88	77	73	86	79	73	77	79	76	80	79	70	71	75	72	77	77	76	88	77	72	81	25	72	78	86	87	85	81	89	81	73	74	89	73	82	88	72	71	82	74	85	75	82	82	85	77	74	87	85	71	90	84	83	81	89	85	70	74	74	83	79	81	85	73	82	75	75	72	74	74	74	76	72	80	21	78	86	72	73	89	84	87	83	71	81	85	87	82	80	84	78	19	76	73	72	87	84	77	82	74	70	73	78	72	79	87	85	85	75	87	87	79	85	84	83	81	77	85	80	78	75	81	74	81	74	76	80	81	87	83	79	73	72	81	19	27	82	73	87	78	79	86	80	77	85	84	87	78	90	77	83	72	72	82	71	89	89	19	74	75	76	89	88	72	90	24	84	77	75	89	72	72	83	86	88	88	87	80	90	73	87	82	87	75	19	73	89	85	87	79	82	84	88	80	71	86	82	89	74	77	74	24	81	90	75	77	82	87	71	73	86	82	89	82	86	72	72	81	86	71	78	83	83	72	81	84	73	74	78	84	88	85	88	75	78	81	87	87	87	73	90	89	75	89	77	82	79	72	89	71	73	75	79	77	70	83	83	72	77	79	76	73	87	21	75	84	84	85	88	75	90	90	70	86	80	70	77	86	86	76	79	78	79	72	74	86	85	80	75	75	86	73	75	88	77	77	81	81	80	84	72	83	81	83	73	72	80	76	90	71	82	81	90	74	82	78	87	72	87	80	86	88	83	86	72	77	74	85	82	89	87	72	80	74	77	73	78	83	89	89	71	84	78	70	90	80	81	76	88	84	82	82	73	89	79	81	80	72	89	74	75	74	77	90	85	87	80	85	16	85	82	74	78	82	82	73	74	71	77	85	90	75	70	78	75	76	81	85	83	76	73
79	81	88	87	89	88	72	81	79	73	78	80	71	77	83	75	76	70	88	20	87	85	79	77	82	81	74	81	82	81	74	74	89	71	89	81	78	84	90	86	81	78	76	84	75	80	89	74	84	90	76	78	74	74	73	75	82	81	77	88	79	83	78	81	82	82	75	77	75	76	85	75	78	83	75	81	79	77	82	71	76	79	76	76	90	77	74	84	77	71	19	77	83	73	79	88	80	87	79	83	77	71	75	81	84	75	78	83	73	81	71	78	85	84	86	76	83	78	87	82	85	80	70	83	70	27	86	78	80	18	82	80	89	88	82	83	70	76	82	88	78	73	75	81	85	72	86	82	75	77	77	80	78	89	73	90	89	80	88	71	80	89	80	89	19	71	75	76	22	74	89	76	86	76	80	74	76	70	81	86	82	85	86	85	87	75	74	86	84	87	74	79	73	82	87	72	89	70	72	79	90	76	79	85	86	79	84	76	77	88	71	87	89	88	84	75	80	84	79	72	80	73	81	71	75	76	71	85	70	79	77	84	85	89	81	85	71	77	81	79	78	84	86	77	71	86	83	74	76	87	87	77	85	82	79	89	76	83	84	90	76	79	70	75	75	89	83	88	22	75	73	86	89	84	84	71	72	88	87	71	84	73	80	84	86	78	85	81	89	90	90	79	71	88	83	86	80	81	76	71	85	74	72	78	87	86	77	71	81	76	72	84	75	88	80	79	75	73	18	74	80	72	74	76	79	73	87	80	90	80	76	73	25	70	83	77	80	88	89	71	72	84	86	76	20	72	87	77	89	79	78	89	72	82	89	78	79	71	77	71	82	87	84	85	73	82	71	86	77	76	85	85	71	75	77	74	72	81	75	73	79	22	73	84	87	86	79	82	88	87	86	78	86	72	76	84	74	74	73	75	89	23	82	75	78	88	88	82	86	81	75	90	72	89	79	71	74	87	81	71	85	72	77	83	73	90	89	83	71	87	70	85	72	85	84	84	78	87	89	71	71	76	76	75	71	84	88	80	80	74	88	84	73	73	87	82	72	81	79	87	86	74	83	81	74	88	87	80	76	88	89	79	75	85	77	70	16	78	89	76	88	73	70	86	76	78	86	89	80	71	78	81	77	90	87	75	75	85	88	83	83	76	86	74	21	75	80	88	84	85	86	71	16	88	78	70	76	75	76	82	82	70	78	74	81	75	76	71	85	83	88	83	79	80	27	87	70	84	77	73	82	86	88	90	71	74	72	82	70	83	72	76	83	76	85	72	83	85	84	87	90	83	86	78	78	87	73	76	90	70	72	71	75	90	86	21	79	75	87	79	86	81	76	70	89	81	73	74	81	80	88	75	17	78	26	82	76	79	79	87	83	74	84	71	88	76	21	74	88	71	76	87	21	87	84	71	75	72	80	75	84	89	73	80	85	22	75	85	77	82	80	87	82	81	19	87	78	89	74	71	78	85	84	80	90	84	84	83	89	88	84	89	72	74	88	76	87	76	71	87	87	73	88	70	77	76	84	73	82	86	84	74	85	75	79	87	81	81	72	82	86	72	87	82	83	84	72	80	71	84	80	87	25	80	80	71	74	83	73	87	18	76	80	84	78	86	73	87	75	73	76	85	82	80	71	79	80	83	72	80	83	23	89	78	76	82	75	81	74	75	88	88	81	89	83	76	86	89	76	77	74	83	81	73	79	74	74	81	70	74	76	76	83	81	86	77	89	79	77	75	84	86	88	85	73	79	85	76	81	84	83	73	25	84	82	89	81	74	83	71	70	85	75	75	87	72	78	86	74	74	87	86	88	70	75	79	76	75	71	76	71	79	74	83	82	79	86	89	84	80	83	75	78	73	80	73	74	70	76	88	76	78	84	85	74	71	71	80	85	76	25	72	70	86	85	80	83	74	75	86	77	81	76	73	82	87	74	24	88	82	85	82	88	73	75	78	75	73	81	22	88	78	79	77	81	78	73	87	90	86	72	75	72	83	81	82	76	80	85	71	72	89	82	84	88	80	78	77	82	71	81	81	83	83	88	76	81	73	74	79	89	77	83	71	74	72	76	85	83	85	87	80	70	83	81	81	71	88	86	73	88	88	75	77	74	87	75	70	70	86	78	71	73	78	79	86	88	70	77	81	85	84	89	89	71	83	26	81	80	74	72	85	71	78	77	87	90	82	74	88	70	87	83	80	73	85	20	83	83	81	76	89	86	77	78	73	85	73	74	79	77	79	88	82	77	74	85	83	76	81	79	86	79	90	86	79	82	71	90	86
84	81	71	86	72	88	86	26	88	86	83	85	73	76	72	89	81	74	87	85	74	79	89	76	83	70	71	73	79	80	81	26	89	88	77	86	82	76	72	76	83	70	71	79	86	89	77	77	88	86	80	87	85	70	77	88	82	88	83	87	82	74	22	76	74	79	72	72	80	85	86	73	89	77	83	88	83	70	90	82	74	29	21	84	87	78	72	84	84	76	76	82	71	73	89	89	78	75	75	75	70	72	83	78	72	79	86	85	85	78	76	78	86	70	77	87	83	84	87	88	88	80	71	86	73	71	80	83	81	72	78	87	83	72	76	78	83	85	88	70	81	77	72	89	82	75	72	82	77	75	83	83	73	82	76	73	86	71	77	73	87	76	74	78	83	89	20	81	79	86	74	83	78	73	88	74	88	83	83	82	79	71	82	72	77	83	81	76	79	88	77	77	79	79	74	85	88	75	86	73	85	79	85	75	82	76	79	79	77	81	85	74	89	88	79	76	90	82	80	72	80	82	82	71	85	82	81	89	78	74	88	83	88	86	81	81	71	73	85	85	27	84	84	86	79	85	20	75	74	82	78	71	78	90	72	78	82	85	74	78	79	80	76	74	80	87	79	80	84	76	82	89	71	87	75	74	72	70	88	76	78	80	87	72	81	82	89	87	71	71	73	88	84	82	76	73	75	85	86	80	77	90	89	22	85	80	77	81	86	83	84	85	85	81	72	80	76	73	78	73	75	79	82	72	82	23	88	77	80	81	80	83	87	79	71	79	89	83	72	78	88	22	74	72	83	79	78	82	75	71	17	71	71	85	70	78	82	80	87	76	73	81	76	74	82	70	79	79	82	79	89	87	72	71	80	86	83	79	75	88	77	79	84	70	84	79	85	83	71	74	87	73	88	70	79	77	72	90	88	71	77	89	80	80	86	72	83	78	72	73	71	87	77	76	84	78	75	75	79	27	89	88	72	71	82	83	84	89	86	88	90	73	73	82	76	28	87	72	84	81	71	83	72	76	84	84	72	78	71	88	82	82	86	89	84	72	77	78	83	90	78	75	73	78	76	81	75	79	81	75	73	76	79	78	72	77	70	71	86	85	82	87	89	81	79	71	83	90	79	87	71	72	77	76	73	86	79	79	90	83	76	87	81	82	75	75	82	72	86	89	22	88	82	76	75	84	89	83	71	87	84	74	24	70	82	83	78	89	76	87	77	87	79	85	81	78	27	84	88	80	74	80	86	73	73	74	71	72	86	75	82	71	89	85	83	80	78	89	83	72	78	86	77	85	74	89	71	88	72	82	86	86	76	86	90	76	76	70	87	81	87	87	82	89	80	77	79	81	88	88	74	72	72	81	26	74	88	76	71	75	74	81	77	75	82	82	88	77	81	72	75	70	75	89	86	86	82	16	77	80	86	73	83	84	71	89	74	74	74	73	88	85	75	85	81	79	24	74	79	81	81	17	86	78	72	79	78	86	88	88	90	80	78	87	89	71	76	76	89	74	81	72	19	72	72	88	71	89	72	84	75	85	88	84	77	75	85	89	77	75	83	86	74	71	71	77	72	79	85	90	71	86	73	79	75	86	88	83	77	73	73	88	77	87	85	75	84	71	73	84	73	87	73	70	86	83	73	88	85	89	83	88	75	86	82	76	87	21	83	71	72	79	74	78	84	80	86	88	70	78	70	73	77	82	75	76	84	79	77	77	75	85	72	86	86	88	72	90	24	79	84	87	74	90	75	80	89	80	82	21	71	82	73	79	82	84	74	84	81	90	76	75	77	75	72	81	86	79	85	87	89	72	77	83	81	79	75	82	75	72	22	79	83	89	74	77	84	87	71	79	82	87	81	87	90	72	83	89	87	71	80	76	76	87	86	79	81	84	72	86	88	81	70	78	81	77	81	74	85	77	74	77	77	75	81	89	76	86	82	72	74	87	73	83	88	71	82	78	87	74	86	73	85	81	19	73	79	85	85	72	84	73	75	80	80	75	81	86	82	71	81	82	73	21	77	84	75	71	80	71	84	81	79	79	75	81	80	25	71	84	85	74	86	84	86	84	77	90	86	73	72	82	82	88	71	71	81	80	77	82	75	83	72	86	77	76	78	80	85	81	79	74	77	73	85	74	83	77	90	83	89	79	74	77	87	83	81	80	89	88	19	71	74	83	80	71	79	75	85	75	78	90	24	75	81	79	74	74	80	81	81	88	76	16	85	86	82	72	74	87	84	87	79	77	80	77	89	78	73	84	72	85	72	90	81	84	84	78	90	84
84	81	89	78	73	84	85	81	84	90	86	87	79	79	90	85	90	82	78	88	18	85	79	76	85	78	73	87	84	70	84	82	72	77	75	79	85	82	76	87	85	74	76	76	80	76	87	72	17	86	21	71	83	79	71	74	79	76	75	75	73	79	80	81	77	86	71	87	86	82	71	80	89	72	26	88	83	89	18	85	80	71	89	90	77	88	77	77	77	78	87	85	75	87	89	71	74	73	86	89	76	89	70	90	74	20	73	21	76	84	72	16	84	78	84	79	84	75	71	89	81	82	87	88	76	76	75	77	86	90	79	89	75	19	74	75	89	71	23	78	88	77	79	87	72	72	18	20	89	84	77	78	85	81	84	81	84	84	71	73	74	90	78	82	80	89	89	74	25	81	80	79	87	71	84	83	78	83	88	84	86	80	71	86	89	80	84	88	22	72	82	72	86	88	88	88	90	76	76	84	88	77	82	83	71	87	80	85	75	85	79	79	76	76	88	72	88	83	71	81	77	75	17	84	78	80	73	81	87	82	78	23	74	84	73	76	78	90	86	73	26	70	87	90	75	83	71	78	78	80	86	90	76	25	72	83	86	84	86	87	79	75	74	72	78	75	75	90	82	18	79	73	85	82	85	25	74	85	90	85	88	71	77	79	73	88	71	71	84	76	85	90	81	73	89	89	72	80	78	86	74	76	82	90	80	80	80	73	73	86	88	73	80	73	86	89	83	76	72	82	78	79	83	79	87	90	84	76	84	70	85	77	88	88	89	76	74	73	72	24	90	72	71	80	86	87	80	89	76	87	77	76	85	77	80	76	76	74	83	73	86	77	81	88	74	72	90	74	75	23	81	80	75	80	85	87	19	70	74	75	81	72	84	72	77	86	71	73	79	82	73	74	81	90	76	89	73	78	88	76	70	76	73	81	86	71	76	86	86	89	80	84	75	81	77	86	73	90	76	70	81	81	73	82	80	78	80	75	89	81	88	20	80	84	71	88	76	74	71	76	71	75	70	76	84	85	81	74	21	85	70	87	81	80	88	78	81	82	79	86	84	78	87	78	75	75	76	84	82	88	89	78	88	25	81	72	79	78	84	73	86	15	90	81	71	84	72	73	79	79	84	83	74	85	73	86	25	77	79	76	84	87	90	84	78	78	81	88	78	72	76	77	77	86	72	83	89	87	70	71	84	81	84	80	85	78	83	85	81	78	76	75	75	85	87	26	81	90	74	82	81	86	78	81	80	73	71	84	86	87	83	82	77	77	83	77	79	74	74	72	85	85	79	82	71	89	79	77	83	83	81	78	84	88	87	80	75	76	86	74	77	79	73	71	78	88	76	80	71	77	76	86	78	74	75	77	75	19	80	82	77	86	89	74	77	88	77	87	70	73	75	84	82	82	79	84	89	70	85	81	80	82	75	86	70	80	89	79	73	76	90	74	77	76	77	77	80	84	19	83	77	78	79	83	74	73	83	86	73	82	84	81	76	86	78	75	17	76	79	79	71	81	85	73	89	23	87	83	70	84	75	85	87	83	89	86	90	90	89	72	86	80	79	87	81	83	78	23	87	71	74	81	71	89	79	86	79	77	86	25	71	75	88	77	80	76	76	79	88	84	73	70	80	87	87	76	80	70	82	88	86	87	75	83	78	75	83	78	89	79	80	71	81	81	88	89	85	86	74	78	88	83	85	88	71	70	85	71	85	77	89	73	72	88	80	16	73	74	90	74	86	78	84	76	76	74	89	81	82	81	77	80	77	76	75	80	27	75	80	81	89	87	72	73	87	23	74	84	70	80	73	74	74	74	86	77	85	88	83	83	85	85	81	27	70	76	72	84	75	88	73	76	74	73	89	80	81	83	77	79	86	78	89	73	82	74	79	82	82	82	75	79	74	80	83	89	87	72	77	77	81	77	84	84	74	84	76	82	76	72	76	86	85	74	76	85	85	78	82	84	85	72	74	71	72	81	81	76	88	76	75	84	87	89	75	84	74	72	78	75	82	74	77	79	77	85	89	70	73	85	75	72	87	78	78	86	82	71	76	75	82	75	75	81	90	78	86	88	80	82	81	76	80	84	87	86	80	70	81	86	79	84	81	83	74	80	88	89	71	74	77	85	81	79	86	24	85	75	71	78	78	85	71	71	85	78	74	85	77	71	70	72	22	81	74	85	85	86	77	71	84	84	77	81	88	82	87	85	90	89	86	87	89	71	81	88	87	86	71	74	74	86	83	77	74	83	83	25	73	81	22	83	74	81	84	86	83	84	83	74
89	89	70	71	26	89	70	82	72	70	83	83	71	87	76	86	82	85	82	88	80	78	89	80	81	84	84	83	81	78	21	76	86	82	85	84	72	83	83	84	76	88	81	83	86	71	81	71	83	86	88	89	74	76	85	83	89	76	81	83	18	77	70	87	88	77	85	89	76	72	85	77	78	77	80	78	86	88	80	72	85	88	77	84	78	76	77	78	72	75	70	76	85	83	78	78	86	84	90	78	81	76	71	80	82	90	82	88	85	71	83	76	72	83	76	84	76	73	81	84	89	88	81	79	74	82	83	72	75	73	84	80	70	89	74	79	90	87	73	22	85	86	74	82	17	82	74	84	86	86	83	80	75	78	77	87	85	28	75	76	75	75	77	16	87	78	76	76	90	75	77	78	83	89	84	75	77	83	88	75	90	70	73	79	75	80	82	73	86	74	85	85	71	77	74	89	88	78	82	84	86	77	71	87	85	74	74	81	75	75	77	71	76	77	70	26	81	74	81	83	81	73	71	71	84	78	87	80	72	74	83	76	71	72	85	86	77	79	77	70	71	71	72	71	71	85	20	78	82	84	74	83	83	87	86	89	72	79	87	90	84	77	76	84	72	75	81	89	85	89	89	73	75	85	73	72	84	88	71	90	86	82	83	75	78	89	86	79	86	83	85	87	88	85	79	90	87	81	79	87	77	73	77	84	84	83	75	71	76	78	79	86	85	85	72	87	83	83	81	87	23	73	73	89	77	74	81	85	84	80	72	73	76	78	78	83	89	81	87	88	76	85	72	18	84	82	86	77	79	83	85	71	72	80	88	81	82	88	71	79	73	83	70	76	81	26	82	84	73	80	77	79	22	78	77	70	80	76	88	85	84	80	78	19	88	83	85	75	72	79	73	82	85	76	85	74	74	76	70	86	19	83	76	86	90	89	79	80	80	73	88	87	84	19	87	82	89	88	76	90	88	75	89	90	90	78	87	77	76	80	73	81	84	83	82	90	82	84	74	70	75	82	83	85	89	85	74	81	82	77	79	86	73	80	77	81	24	82	81	84	22	87	88	87	78	70	78	70	73	88	79	71	80	88	78	18	78	83	73	88	79	86	88	77	70	82	84	82	78	72	80	72	88	79	89	76	77	77	71	79	17	77	84	89	75	77	80	72	90	82	85	82	77	87	87	87	76	80	81	84	83	75	84	84	70	72	87	73	89	78	77	88	72	80	76	73	73	73	79	78	81	78	72	80	73	76	75	80	80	79	81	79	72	90	71	78	85	79	74	77	77	84	86	81	76	78	72	72	81	75	73	70	73	87	72	87	90	89	72	87	18	22	89	81	85	71	71	81	73	87	77	17	76	73	72	24	83	84	80	78	87	77	89	24	72	72	74	84	77	86	25	81	73	82	74	88	80	76	81	24	88	88	89	86	84	21	81	85	72	89	75	86	86	84	77	89	86	87	75	73	76	73	78	89	75	78	85	88	73	75	82	86	89	77	90	75	89	82	88	20	83	83	18	79	89	73	83	75	87	82	88	27	26	22	72	80	89	85	77	82	88	81	77	73	87	77	83	88	74	83	85	73	81	77	16	85	75	85	76	90	83	80	75	80	76	89	87	78	82	87	84	84	78	70	70	20	78	87	81	89	21	87	90	72	76	87	90	80	85	71	71	75	78	88	70	82	86	76	82	82	70	75	79	84	85	71	82	86	21	72	81	22	82	72	74	76	80	74	87	72	75	71	83	78	80	89	89	84	83	89	82	86	77	80	83	83	80	89	75	77	79	88	71	71	74	81	78	81	82	90	24	87	84	84	85	79	77	83	85	76	83	90	71	71	85	88	72	73	86	72	85	82	84	86	78	77	83	83	79	87	76	89	84	84	73	70	74	74	19	81	77	73	75	76	82	70	77	80	73	81	83	86	78	87	89	76	75	90	87	89	70	74	74	75	85	79	87	70	74	75	73	86	72	90	81	77	24	83	84	89	79	85	76	73	81	79	86	77	72	72	88	83	89	72	75	74	88	89	81	80	70	89	85	72	79	79	84	81	89	19	86	84	80	86	76	86	70	79	83	75	78	73	86	81	74	80	84	76	70	86	87	71	87	80	79	84	82	77	73	80	85	80	77	77	72	90	79	75	77	77	85	78	73	89	79	90	81	87	83	80	78	78	90	74	86	71	78	73	17	88	83	78	83	83	87	70	87	17	72	90	87	71	78	77	74	90	80	85	81	77	71	79	79	73	83	74	75	78	72	84	87	89	80	74	72	71	85	24	22	82
89	72	70	80	79	80	73	87	78	77	76	90	72	76	87	74	86	84	83	79	85	73	81	71	82	75	78	72	88	73	79	83	78	76	86	81	85	76	19	88	82	90	90	79	88	84	82	84	81	88	80	74	72	89	74	75	74	75	83	86	86	71	83	73	85	84	72	84	71	73	80	77	83	23	74	81	70	87	89	77	74	85	72	25	71	75	22	22	89	89	87	23	90	85	76	86	89	78	85	83	81	79	72	77	71	76	73	80	25	72	81	85	79	71	78	76	87	81	82	77	78	75	86	87	85	82	20	88	82	72	85	76	72	73	87	81	71	27	81	86	78	87	83	89	85	75	79	88	80	87	77	71	81	74	71	76	90	79	79	83	76	86	74	84	83	87	74	88	79	71	80	85	77	76	82	88	90	71	74	74	74	79	74	72	74	88	87	84	80	76	82	72	74	70	70	78	84	83	80	83	87	72	73	88	85	70	73	77	73	74	89	81	85	70	71	81	73	85	89	71	72	72	87	82	26	82	83	26	82	85	75	79	82	72	83	87	75	72	74	79	77	72	73	89	71	79	79	88	77	78	77	87	88	79	85	76	86	84	80	73	80	75	89	82	22	15	84	71	83	79	86	77	83	79	82	77	73	76	71	79	78	76	74	77	89	79	71	79	89	77	71	77	80	71	80	77	71	78	83	86	89	80	75	74	23	71	86	90	77	82	78	86	75	72	88	82	80	72	76	77	76	89	23	81	85	78	85	81	83	73	82	77	81	83	77	80	78	84	84	76	77	71	74	73	77	78	76	80	83	87	86	88	89	89	78	81	88	89	72	70	79	72	76	81	88	71	75	71	72	78	88	79	73	80	73	75	89	86	72	87	87	89	17	87	87	72	80	79	76	88	22	86	70	72	88	78	76	71	79	82	86	83	72	79	90	82	82	70	84	72	72	74	89	79	81	86	74	82	82	90	87	72	76	76	83	72	81	71	70	76	83	79	80	88	82	87	85	80	77	73	79	79	82	84	72	72	79	23	85	74	81	73	81	72	89	75	75	89	81	90	70	82	73	87	74	90	87	74	85	82	27	71	75	82	84	18	82	87	81	74	73	82	83	86	27	89	89	89	89	72	82	83	83	74	86	74	84	74	76	73	77	78	72	77	82	77	81	79	74	83	73	84	76	88	77	74	77	71	83	71	25	79	84	86	78	82	73	77	86	74	84	71	86	71	85	90	84	84	88	81	86	79	88	71	75	85	82	73	87	75	82	86	70	70	71	88	80	78	24	77	85	73	73	86	73	77	81	75	82	81	89	89	72	90	74	88	74	88	79	85	22	87	80	20	79	83	22	90	82	72	74	76	84	81	85	87	86	82	81	81	78	83	77	77	89	84	83	79	81	81	83	73	90	81	79	72	89	81	77	76	81	17	23	90	89	81	82	76	79	86	75	85	89	76	71	74	75	87	89	83	72	86	79	72	87	90	76	78	70	78	85	84	83	83	90	75	72	86	73	86	79	84	72	85	85	73	85	76	73	70	82	75	80	82	89	83	76	81	76	75	78	82	77	85	88	82	74	74	17	84	86	77	79	79	86	85	81	71	82	75	82	86	85	87	73	79	79	86	78	81	76	72	72	88	83	87	85	80	87	80	81	77	70	73	84	73	89	78	82	85	82	89	88	72	90	76	83	74	74	78	89	85	82	84	82	72	86	79	85	83	73	79	72	19	87	79	85	73	86	90	75	73	82	78	82	85	75	77	90	80	84	22	88	18	83	84	84	88	81	83	86	84	84	78	79	76	84	88	82	22	83	90	87	85	19	79	76	78	89	75	79	82	72	81	72	86	87	79	71	71	82	86	78	73	84	74	87	77	76	83	73	85	81	83	90	82	16	87	81	73	77	71	74	72	78	89	88	85	87	87	89	89	71	81	77	87	73	78	75	82	72	87	76	75	80	70	86	84	83	85	74	83	72	74	71	83	84	75	81	73	85	73	72	78	87	79	82	88	86	82	80	88	89	79	85	87	82	21	80	80	89	71	77	87	90	73	76	83	75	16	77	89	89	77	72	72	87	83	19	79	88	79	79	84	83	71	87	82	83	78	70	79	87	88	73	83	75	71	81	76	87	80	80	74	73	84	80	73	75	75	81	86	76	81	73	84	83	83	83	73	88	76	22	77	90	87	79	89	80	87	74	88	90	89	72	78	85	86	90	80	23	72	88	80	73	72	74	73	26	83	82	80	89	76	77	72	81	82	71	83	85	76	86	78	71	86	88	83	82	82
77	78	80	78	81	71	75	88	72	75	72	74	89	71	87	19	87	72	78	84	71	20	77	73	87	86	83	74	87	75	70	70	77	81	78	80	85	72	86	80	81	73	82	83	73	71	82	78	88	79	79	77	78	85	79	73	81	90	75	79	82	80	72	76	87	76	76	75	87	85	85	77	75	70	88	76	84	78	75	72	71	74	85	83	90	80	80	82	90	71	79	81	79	89	75	72	72	74	84	82	74	85	90	89	79	90	76	90	83	82	89	85	74	71	88	85	80	87	81	23	73	81	77	70	79	76	76	72	76	75	77	88	80	73	88	81	85	86	77	77	88	84	81	73	77	80	89	73	81	82	73	84	85	77	70	76	89	83	81	71	74	77	80	78	71	76	82	75	73	78	90	72	87	85	87	77	76	88	82	71	89	73	73	85	81	70	84	77	78	82	78	76	89	74	28	77	84	85	76	78	81	77	85	89	17	75	85	27	88	77	78	82	85	80	78	78	86	87	76	74	86	83	75	73	79	79	79	74	86	73	88	71	75	75	70	74	79	81	85	85	80	85	85	71	81	79	90	86	71	76	90	89	89	71	77	78	83	84	71	72	81	89	90	73	75	70	81	72	85	74	75	87	78	78	74	83	74	80	79	71	89	75	86	84	86	78	75	73	75	74	89	75	87	76	85	71	80	72	80	72	83	80	80	85	88	87	72	81	22	82	85	86	88	77	88	81	77	78	85	83	89	82	88	74	89	74	22	74	82	72	77	88	83	88	77	81	80	78	89	75	77	76	75	81	78	71	77	89	73	24	79	89	73	77	86	71	78	76	79	90	80	85	76	88	89	84	88	76	73	87	72	80	80	73	85	71	75	81	83	87	89	74	90	80	24	83	75	86	87	89	79	89	84	86	72	83	84	80	81	85	79	85	88	23	83	81	88	78	75	81	87	87	75	78	88	84	71	86	72	70	73	84	74	89	87	88	82	73	71	82	71	89	71	82	82	84	75	81	71	76	70	81	80	71	90	81	72	85	75	79	77	88	90	88	76	83	77	86	78	77	77	86	74	78	90	86	87	71	76	84	26	88	87	85	88	80	88	77	85	88	26	85	88	87	86	71	87	75	75	76	77	24	71	88	75	79	86	75	80	83	88	76	87	81	72	72	75	72	84	22	82	72	74	85	87	77	80	87	71	72	71	76	76	74	74	87	75	88	88	88	79	74	82	80	77	79	84	75	85	85	87	72	80	89	81	75	88	86	72	86	83	72	72	75	81	74	83	79	83	83	84	81	80	73	80	77	82	82	87	71	86	87	75	70	75	83	72	88	80	75	85	70	76	89	18	86	81	87	85	89	80	72	74	89	79	76	87	88	71	84	24	82	78	82	78	79	83	76	87	79	83	83	70	72	80	75	81	87	71	86	81	81	89	76	75	78	84	74	89	79	74	86	86	88	80	70	84	81	89	24	76	83	88	74	80	73	88	80	83	75	77	83	72	75	21	73	85	86	87	71	74	81	75	77	72	72	76	88	79	71	86	74	80	89	71	77	83	70	86	71	75	83	82	79	81	76	86	81	76	88	84	75	79	73	71	82	86	79	73	76	79	79	80	22	86	71	89	75	80	79	82	88	79	78	20	78	88	84	75	80	87	82	72	82	74	87	89	88	89	73	73	86	72	79	81	71	74	78	76	83	71	87	83	90	77	70	73	70	85	89	70	88	73	80	89	76	24	87	71	86	70	71	90	84	89	76	80	75	77	89	81	88	82	81	75	77	83	18	77	88	89	83	78	90	87	78	87	70	83	76	72	75	71	84	85	85	80	86	76	78	79	83	81	77	82	86	75	80	85	82	85	81	77	79	71	24	81	74	73	18	75	75	75	78	76	79	74	90	89	86	89	83	87	86	88	76	77	75	89	81	21	87	70	74	86	73	78	72	71	78	89	77	80	89	84	71	81	80	27	89	87	90	79	77	71	89	87	79	79	89	76	83	84	79	79	86	86	82	85	84	78	79	81	75	73	73	85	72	75	78	70	83	77	83	80	72	90	88	83	85	88	76	88	86	78	22	88	90	72	83	89	75	75	74	88	85	83	87	87	87	82	78	84	77	84	75	77	80	87	72	73	72	70	89	74	75	81	75	89	79	81	82	84	90	79	28	78	72	76	72	90	72	82	82	84	71	88	74	82	89	71	78	88	77	86	80	76	18	87	88	82	88	85	74	73	82	78	73	71	82	85	82	85	81	17	88	89	88	84	87	84	75	79	83	72	83	81	87	85	80
76	73	76	74	89	86	71	86	72	88	81	85	73	80	76	71	89	77	77	75	17	72	87	73	77	78	83	83	76	89	74	74	85	84	80	71	70	76	82	77	87	77	89	21	86	85	80	70	87	77	83	79	82	87	84	80	86	74	84	79	72	80	82	74	87	81	77	90	81	87	73	89	81	81	78	85	85	82	82	71	83	72	87	72	72	86	88	88	83	73	74	23	73	76	76	76	72	74	78	72	71	90	78	72	90	76	83	78	88	77	24	16	87	71	87	83	71	83	74	88	84	75	21	89	72	84	77	78	89	80	74	80	27	75	77	76	88	79	81	86	71	77	81	84	83	72	89	88	74	90	87	74	78	84	82	71	23	77	74	82	77	83	83	85	86	77	70	80	73	73	84	74	86	72	74	74	80	80	74	84	80	29	86	78	78	89	75	79	86	82	71	90	82	73	77	71	72	81	89	23	73	71	73	90	79	86	81	75	75	78	77	74	78	86	76	76	78	80	84	78	76	76	80	74	87	79	70	77	72	86	87	85	78	86	83	79	73	85	76	84	78	79	86	73	77	76	81	87	80	86	87	82	87	75	79	70	75	73	74	83	73	85	86	88	76	87	81	71	74	76	75	90	80	82	86	25	25	82	85	85	88	26	87	72	84	75	76	84	74	79	87	70	77	85	81	20	76	80	88	90	78	73	81	86	87	86	90	88	76	22	81	72	18	71	82	74	73	87	79	78	84	82	90	78	73	85	78	84	80	72	85	84	71	73	89	74	87	82	22	84	74	73	78	75	74	80	84	87	70	79	76	26	77	71	19	20	88	84	75	90	83	75	88	86	74	89	75	75	24	84	80	79	83	80	87	84	19	88	71	75	72	73	89	74	70	84	84	75	86	81	88	74	90	85	82	71	79	72	80	75	72	73	84	76	70	75	71	90	25	74	70	71	22	87	86	88	81	74	22	89	86	86	73	82	76	79	78	74	78	80	87	87	72	72	83	78	71	85	71	21	86	90	82	74	77	77	85	85	81	87	76	86	24	82	75	81	88	80	24	78	79	83	89	87	88	78	71	90	71	85	88	73	84	89	81	83	72	87	81	89	82	88	87	76	81	20	72	81	73	78	84	80	84	82	75	85	86	79	22	21	74	77	75	85	23	83	80	76	78	82	84	85	74	86	72	74	71	81	85	88	78	24	77	77	72	89	76	84	84	25	84	88	76	80	80	76	89	22	71	71	71	84	85	80	70	78	86	89	70	73	76	83	83	77	86	71	89	70	88	83	73	73	88	74	78	76	81	73	76	89	77	87	74	84	77	89	76	77	80	88	83	76	83	77	85	71	73	80	77	84	82	85	76	73	77	85	89	75	78	88	82	80	70	71	83	82	85	77	79	76	84	87	81	76	72	87	86	76	73	87	81	74	77	83	73	83	80	88	90	85	76	76	77	74	89	74	73	75	80	89	80	76	79	75	74	77	84	83	87	72	74	74	84	89	77	78	77	84	74	78	75	89	78	73	84	70	79	80	76	71	86	77	25	70	87	74	79	82	82	79	79	70	75	74	71	76	71	87	79	20	25	78	82	87	84	84	83	78	74	90	86	82	20	85	73	82	89	75	81	73	80	90	85	71	73	86	82	80	81	75	84	71	82	86	87	71	74	78	80	84	83	22	72	82	73	83	83	79	80	85	89	73	77	71	76	70	77	85	72	70	87	83	87	82	85	77	71	88	90	76	16	75	72	18	86	70	82	76	88	24	88	72	76	87	84	73	76	85	23	75	71	83	75	71	79	84	80	83	20	84	82	89	75	79	22	83	78	70	76	78	19	70	74	86	83	24	88	82	85	87	90	88	72	77	71	73	71	85	82	72	72	70	87	81	81	77	78	78	85	80	81	85	86	82	89	85	73	74	77	71	89	80	77	78	76	88	86	72	81	76	82	81	72	89	75	71	87	25	71	70	74	75	72	74	79	77	79	82	88	85	87	77	75	88	89	78	26	73	23	74	86	79	22	83	80	81	85	89	88	79	83	80	87	89	83	88	80	89	76	71	70	84	84	83	74	75	71	76	77	80	80	83	76	89	76	78	23	82	88	79	74	86	86	76	73	79	82	82	70	85	84	85	80	82	88	73	85	76	81	75	72	82	83	71	88	84	75	75	84	84	84	75	77	79	89	77	80	89	78	73	76	85	80	21	90	87	79	70	84	87	85	73	80	86	87	86	83	78	77	88	75	78	76	77	80	77	77	70	83	83	84	88	78	73	72	77	72	26	82	85
81	86	88	77	89	84	74	80	79	80	86	89	89	85	88	78	76	88	89	80	89	74	89	78	73	82	90	81	78	26	83	80	87	88	72	70	88	71	88	71	73	85	19	70	79	77	71	76	83	78	87	70	86	75	90	74	89	77	87	76	72	76	78	87	89	19	73	74	85	78	85	76	74	84	85	79	23	75	80	82	83	77	78	87	90	73	71	86	78	75	70	85	73	81	90	73	84	87	72	70	73	83	89	23	81	73	80	89	79	84	80	82	81	81	70	85	73	20	73	82	85	73	72	75	79	71	86	85	76	80	71	73	71	80	75	73	73	80	80	80	75	88	75	82	74	89	72	79	81	87	77	78	75	83	86	79	22	83	90	80	82	73	75	74	77	82	81	88	72	83	77	86	90	88	73	75	70	81	83	88	79	70	89	81	19	71	85	88	73	80	83	84	89	79	74	71	75	89	73	72	87	84	84	70	76	89	73	90	88	78	84	80	71	78	83	89	80	76	87	70	72	88	73	82	79	81	73	74	83	80	77	77	70	75	90	77	85	74	84	76	89	88	71	71	78	71	85	79	20	74	76	87	82	26	82	78	20	85	86	71	82	78	28	88	82	81	89	90	72	84	85	75	79	72	82	78	87	71	86	76	78	75	87	81	84	25	85	85	90	77	73	73	77	86	86	81	80	74	80	87	88	84	81	82	89	89	82	87	90	70	80	74	78	76	74	81	85	71	85	71	79	75	84	90	73	25	71	76	82	82	19	85	78	83	83	83	83	85	82	78	83	70	73	89	71	81	82	75	83	86	81	86	88	86	90	78	81	75	79	72	84	74	71	85	80	81	77	72	82	77	81	73	82	78	70	87	72	82	75	89	87	21	71	83	72	90	85	81	71	70	72	86	89	89	70	81	79	76	80	70	76	88	79	80	75	89	74	87	81	78	78	71	81	80	81	79	81	72	81	77	78	88	77	86	78	81	75	71	74	75	84	80	73	86	87	80	78	80	80	71	82	87	19	78	79	73	74	82	85	25	79	77	89	73	85	88	73	73	88	71	90	73	75	78	86	17	84	85	88	74	77	87	83	71	71	77	77	73	77	75	89	78	84	83	87	71	71	88	71	78	89	77	88	88	85	83	85	76	79	72	75	89	81	88	88	74	77	83	19	88	77	81	71	90	84	77	90	78	86	19	79	76	75	78	82	82	75	85	76	90	74	77	80	76	77	88	86	76	88	76	85	74	74	83	26	88	90	85	79	86	76	71	82	88	74	80	83	71	86	73	77	87	79	79	87	73	81	82	81	72	80	80	83	82	84	79	84	78	88	81	87	82	87	71	80	75	73	81	88	74	89	87	88	71	88	83	78	70	86	79	76	78	87	77	74	88	72	86	76	75	74	86	90	76	88	86	82	81	78	79	74	74	76	73	78	85	83	78	82	75	81	88	85	75	86	72	73	71	82	82	80	90	77	74	71	81	86	71	71	87	73	72	88	87	77	82	85	80	78	24	76	84	85	74	82	83	77	82	84	81	74	79	89	76	75	84	80	20	82	73	87	88	82	82	74	87	88	87	85	72	75	83	75	73	73	74	83	71	89	84	79	75	81	86	72	84	74	80	87	76	86	26	86	81	71	84	74	75	80	79	79	87	74	88	84	74	84	86	88	25	70	70	74	79	78	81	72	71	74	82	86	72	90	71	90	72	76	88	70	85	90	82	76	83	22	75	80	25	75	90	83	78	84	77	87	89	78	21	89	75	74	90	90	71	75	79	78	77	74	73	78	84	72	78	70	86	80	82	75	81	82	89	84	82	77	85	88	83	76	83	72	76	86	76	82	86	72	77	71	74	79	76	85	90	87	81	90	72	82	78	80	70	74	78	87	89	70	76	86	77	74	82	70	88	79	89	72	23	86	22	75	73	84	89	74	87	75	87	83	84	82	89	22	77	89	86	80	88	77	70	88	75	79	73	89	90	88	81	77	85	79	71	22	81	74	88	81	71	77	86	84	79	76	81	88	80	72	89	82	73	85	90	85	81	89	75	78	83	79	77	73	70	21	71	86	73	75	28	74	83	88	83	83	79	90	76	79	78	25	82	88	72	85	89	73	75	77	86	77	86	72	74	84	70	89	88	79	83	85	82	81	87	72	78	73	76	71	76	75	77	73	80	80	18	75	76	81	80	86	76	87	76	87	83	79	20	85	76	24	80	82	90	71	78	76	84	70	71	71	87	88	71	85	76	76	76	80	87	74	79	85	80	84	85	78	77	71	80	81	73
77	84	79	76	89	74	20	82	17	84	82	22	73	87	73	77	27	84	86	85	90	90	81	87	77	17	72	73	80	82	82	73	83	82	81	84	84	71	77	89	85	87	21	90	82	89	89	89	71	76	71	78	71	71	88	72	83	74	88	85	77	72	77	83	20	85	88	70	89	81	77	72	77	78	72	74	86	87	85	80	73	76	82	84	85	76	73	80	76	88	80	73	77	77	84	81	74	22	88	76	79	72	71	86	77	89	89	72	79	74	89	89	73	73	72	78	90	82	73	86	87	72	23	77	80	82	71	76	87	74	79	83	75	77	77	79	73	88	85	73	90	24	77	85	88	89	82	86	78	80	88	90	72	87	76	76	84	89	88	80	88	90	89	79	88	84	83	88	70	81	78	75	83	86	89	80	71	85	70	71	88	80	76	83	87	19	75	76	88	21	78	89	77	83	81	75	73	84	72	74	85	80	74	78	74	77	76	89	84	79	87	88	84	70	81	80	73	75	79	74	71	88	89	78	77	81	84	79	83	71	81	82	88	73	85	90	88	89	79	74	87	85	85	87	85	83	79	86	76	85	81	82	88	85	83	78	88	77	71	87	85	89	86	73	89	79	72	90	72	87	78	90	77	79	70	79	82	85	81	88	76	83	89	88	78	86	82	71	84	79	86	77	82	87	86	89	73	73	74	80	74	82	78	79	86	87	78	73	88	79	75	73	78	72	83	85	84	82	89	75	78	89	84	77	89	86	85	74	78	86	83	85	76	81	82	88	79	77	90	71	80	71	88	85	86	83	86	71	84	75	82	74	70	88	83	87	84	21	81	80	80	77	88	79	23	73	84	75	88	73	71	75	22	90	87	83	72	88	78	72	77	78	76	82	85	88	79	82	88	77	85	78	78	84	85	85	71	71	78	86	83	87	82	88	89	89	72	73	71	86	17	71	89	82	87	80	83	83	76	83	76	19	19	71	88	89	71	76	73	79	76	75	80	76	89	87	73	82	87	73	76	71	86	90	82	80	74	86	74	81	81	78	76	72	89	82	82	85	81	76	87	88	84	74	72	78	84	78	75	81	78	82	88	87	75	82	72	84	87	90	80	89	80	20	72	87	87	87	79	80	83	86	19	90	70	79	88	73	74	79	80	75	76	82	72	87	74	83	77	77	85	74	78	81	77	86	75	77	88	82	25	76	81	73	86	78	23	74	90	70	82	27	76	89	89	74	83	72	75	72	83	78	88	78	83	75	88	86	85	73	74	72	71	85	78	84	87	81	74	82	74	86	76	72	89	74	83	79	19	74	84	88	80	76	81	86	73	86	80	80	77	74	21	75	77	76	88	23	74	84	86	76	80	81	70	76	76	75	76	84	77	72	71	20	73	72	71	86	73	83	82	71	82	75	74	71	85	88	72	88	81	79	81	72	83	90	76	85	90	71	80	71	72	89	80	70	78	82	87	71	90	86	78	85	87	77	81	83	82	81	83	81	87	82	82	82	78	77	89	86	80	71	79	75	88	77	84	77	81	79	82	80	78	81	84	72	79	88	87	72	82	86	86	78	87	78	77	81	82	83	89	86	77	73	71	85	75	88	79	85	77	77	80	72	82	89	81	84	72	80	86	28	80	70	81	87	86	23	73	85	74	71	81	76	81	81	74	88	78	71	74	90	84	82	73	76	78	77	81	74	25	73	74	72	87	74	83	71	82	74	80	74	86	19	75	76	77	77	78	75	78	78	73	73	85	78	81	84	72	83	79	88	70	74	72	20	78	73	73	74	76	75	78	89	89	83	82	85	85	75	76	70	90	85	71	74	86	74	26	77	83	74	80	76	76	80	79	76	80	72	79	76	78	86	82	75	88	79	73	73	73	23	80	81	77	89	74	71	72	73	76	74	84	75	90	90	81	87	74	77	88	79	76	78	81	80	89	76	77	20	70	74	77	81	85	86	70	86	84	83	72	76	76	75	78	88	83	87	80	20	77	71	81	74	82	80	85	75	86	88	88	76	80	89	77	77	77	76	81	88	85	75	81	85	81	76	81	89	78	89	82	72	77	77	76	78	75	86	77	75	78	74	83	80	81	75	74	83	27	81	85	77	73	20	70	84	84	88	85	88	78	74	83	89	87	72	84	84	76	73	86	89	75	81	73	86	88	75	72	83	78	73	74	73	71	76	85	70	81	78	86	81	87	87	71	16	84	73	74	26	85	71	85	75	71	72	70	73	74	87	80	88	81	76	80	86	88	85	72	81	84	76	90	72	89	75	83	79	74	78
73	89	88	71	71	79	84	85	87	76	84	81	83	74	80	84	78	79	86	89	71	76	79	29	89	74	85	70	79	83	71	74	79	81	73	87	87	88	87	81	86	75	85	78	80	71	89	76	76	78	76	74	78	85	78	85	78	78	72	18	84	85	79	87	74	88	88	77	80	79	21	17	73	73	81	77	86	78	72	88	80	86	73	71	75	75	82	78	22	71	86	81	85	77	80	74	86	79	75	78	80	74	77	85	78	77	83	86	75	81	26	83	82	74	90	76	75	85	79	75	75	70	83	80	24	80	82	82	71	86	79	90	74	83	80	87	21	25	75	77	82	78	78	74	78	90	73	74	88	76	84	86	77	88	22	27	83	83	78	26	81	83	18	72	21	75	90	84	80	74	80	86	73	77	83	79	81	70	79	75	87	81	83	71	83	86	72	81	82	72	74	82	82	84	78	78	85	70	70	82	80	74	81	81	77	75	81	86	78	75	80	89	83	71	82	72	74	88	75	72	85	90	82	85	87	78	79	88	22	74	76	81	74	82	78	79	23	71	88	87	80	74	78	78	87	77	76	84	77	77	72	85	87	80	75	78	80	72	84	78	77	81	83	75	85	18	72	77	73	87	83	76	70	74	83	88	72	71	75	81	78	71	76	90	82	87	83	79	89	74	72	82	78	81	73	75	73	71	80	71	78	74	73	75	84	20	74	70	76	89	24	81	78	77	84	77	72	80	77	87	79	81	86	76	75	83	83	79	81	80	86	88	74	82	74	88	77	74	81	89	71	88	87	82	88	87	74	76	74	78	90	85	89	83	72	88	77	72	83	72	18	79	77	79	70	84	89	90	82	74	72	80	76	80	83	79	81	71	87	88	79	75	85	77	81	81	87	86	74	86	79	79	86	90	85	77	86	88	71	77	18	90	90	71	18	74	76	19	74	78	89	78	84	20	72	83	82	89	73	77	78	72	89	89	78	87	70	70	71	81	87	73	73	75	79	84	20	82	78	81	90	75	72	83	74	87	73	82	82	87	74	77	84	75	78	88	75	83	79	86	79	86	85	87	84	80	89	83	84	75	89	87	90	89	81	79	83	74	77	76	78	88	75	81	79	73	73	79	75	78	81	80	81	87	71	74	78	71	86	78	80	72	79	87	81	86	88	74	79	76	87	72	80	83	77	87	72	88	75	76	80	71	76	83	72	83	88	78	77	72	78	85	70	81	25	76	75	75	74	79	76	86	71	89	74	78	84	90	85	81	72	85	85	88	89	89	79	84	88	90	86	74	88	80	84	80	75	71	77	76	76	89	71	75	86	76	76	79	81	89	71	83	85	78	88	87	72	79	85	71	79	82	80	71	86	75	73	71	77	73	80	89	84	76	90	75	79	84	76	85	85	72	75	72	87	81	90	83	87	72	82	75	85	80	78	82	81	89	85	87	79	85	78	74	77	73	88	23	78	75	20	86	83	87	88	79	75	87	87	71	79	80	75	84	90	71	89	85	71	89	89	25	88	76	87	23	73	85	24	79	86	79	78	75	79	76	18	87	81	75	79	87	72	84	79	82	81	75	89	74	73	77	75	87	84	83	27	81	75	85	73	76	72	82	80	79	86	88	71	83	75	73	88	81	88	90	86	77	71	72	86	85	81	70	70	84	80	81	76	88	74	81	71	80	86	88	78	71	75	82	83	79	88	85	85	82	73	24	76	85	87	84	89	82	71	88	89	76	72	83	72	78	86	79	73	75	88	88	21	76	24	81	80	71	79	88	77	78	83	71	75	71	79	83	76	83	72	71	85	81	75	76	89	75	76	81	87	79	86	85	86	78	83	71	81	70	83	78	73	73	86	87	75	88	73	86	75	86	78	72	87	89	75	86	84	71	76	88	73	71	77	79	78	77	87	86	89	83	83	87	75	77	88	71	81	78	80	82	79	78	76	88	85	82	75	87	88	90	74	75	77	86	88	77	73	84	77	73	81	84	78	78	80	78	74	79	78	89	89	80	87	82	75	78	90	73	77	75	79	75	82	78	88	79	82	89	82	89	77	75	77	72	82	79	75	77	80	88	87	73	79	90	76	81	77	21	71	80	79	82	88	87	82	90	85	75	78	71	70	86	79	75	89	72	72	78	79	77	86	85	73	70	79	28	76	80	84	70	72	77	81	77	81	89	84	89	72	88	80	80	83	77	82	76	89	78	81	74	78	88	70	78	89	75	84	89	74	81	86	27	87	88	71	77	74	88	82	70	86	72	81	88	77	76	78	72	85	72	75	83
86	89	77	78	85	73	83	84	73	82	76	85	88	86	80	77	27	73	78	87	75	74	84	76	81	79	26	72	83	77	75	73	71	86	71	78	19	84	75	71	88	81	85	83	87	90	84	89	74	86	20	75	78	77	79	89	72	85	81	88	84	78	71	75	79	75	72	71	82	23	72	83	80	75	85	81	77	83	72	80	83	77	76	86	85	76	87	88	72	90	81	84	88	87	77	82	88	81	73	85	82	21	87	86	84	80	83	78	85	90	78	74	77	87	73	82	85	75	72	87	83	88	70	72	72	79	85	74	84	89	78	79	89	90	90	74	78	71	80	76	86	83	79	85	76	75	82	79	81	86	76	79	90	78	84	89	79	83	82	83	89	79	75	81	84	75	80	87	82	75	77	87	77	85	83	72	77	78	76	70	78	73	82	79	83	76	73	87	72	84	82	24	71	84	83	74	70	86	82	83	88	84	86	22	84	74	74	75	72	84	86	86	71	81	88	89	84	78	86	73	72	78	74	82	80	70	71	79	85	78	88	89	70	78	73	88	84	77	86	76	86	72	73	72	76	77	77	70	71	75	74	81	71	82	77	71	76	72	71	20	80	88	82	83	83	78	78	88	84	87	79	85	73	73	77	73	82	77	76	70	89	74	76	83	79	82	89	80	84	81	90	81	80	75	87	79	83	77	84	77	20	88	88	21	78	84	73	86	83	76	82	88	81	87	89	83	72	84	70	80	79	88	84	80	78	85	82	84	82	78	83	75	75	76	80	88	72	21	88	89	83	74	84	82	85	78	89	81	79	75	83	88	75	77	77	80	74	72	83	73	81	82	80	87	73	72	18	88	78	72	71	90	83	18	85	81	82	70	78	77	75	77	80	82	82	20	84	72	75	85	80	82	77	71	80	78	76	85	77	79	76	79	90	84	78	71	71	76	89	83	71	88	84	72	87	70	75	83	79	76	79	80	77	82	72	74	70	78	75	89	72	84	79	86	80	73	82	84	72	88	19	90	74	74	19	73	88	85	73	83	87	75	76	77	87	74	80	88	89	77	80	89	78	71	86	71	75	75	79	72	77	77	76	88	85	85	84	74	71	72	74	90	88	89	75	84	83	89	77	81	76	88	80	89	73	90	86	71	90	80	89	89	85	79	76	86	83	85	86	89	79	77	87	70	76	74	80	83	80	76	84	88	89	78	75	82	83	71	80	72	86	79	81	88	79	89	70	82	77	72	72	81	18	85	82	89	74	89	74	73	77	89	86	72	79	77	87	18	73	78	80	75	74	86	82	77	75	82	85	81	87	73	84	83	82	86	71	88	70	72	80	90	81	72	80	75	86	90	88	70	88	85	84	76	74	76	84	86	72	87	82	82	83	79	87	71	89	25	72	72	72	82	87	76	76	84	70	80	79	23	76	75	86	73	73	83	80	87	73	87	76	71	76	79	88	74	86	82	84	71	77	90	72	77	76	83	72	72	72	71	88	83	78	72	83	87	82	71	74	87	76	70	79	74	76	80	80	81	88	77	84	89	87	86	79	87	80	78	81	86	77	76	79	78	71	73	77	77	85	78	90	84	82	81	82	86	74	76	75	81	88	78	17	75	71	79	78	89	75	72	79	78	75	73	77	83	79	86	72	81	86	79	89	80	88	90	87	78	75	87	77	89	71	86	81	83	82	86	75	75	83	73	89	83	80	90	80	80	81	83	78	84	81	84	84	89	75	84	71	83	78	21	89	72	83	79	76	89	87	70	74	76	72	75	78	78	75	71	77	80	78	85	84	73	78	85	80	86	74	77	74	76	82	70	89	82	82	86	89	85	71	71	24	82	74	71	73	78	78	89	87	81	74	81	86	78	17	88	78	80	86	77	72	76	71	76	71	83	81	86	90	77	75	90	71	73	79	83	83	72	89	81	74	88	86	70	82	71	82	85	86	86	84	84	80	73	81	85	90	73	76	80	87	85	71	77	78	79	82	75	24	90	82	75	27	75	85	88	90	78	70	82	81	72	81	77	81	81	81	87	75	75	77	88	82	85	80	74	72	86	84	71	86	78	78	88	80	77	89	89	78	80	81	79	71	79	85	81	72	89	72	74	23	78	79	78	78	77	76	89	80	71	77	82	83	77	84	73	82	78	70	76	73	90	78	82	72	76	73	72	89	74	71	80	24	88	70	19	88	84	71	20	70	76	79	83	74	81	26	71	71	80	76	74	78	70	21	83	72	71	81	79	83	73	85	81	83	81	72	81	74	75	78	89	77	78	79	73	72	82
89	77	71	79	80	85	72	77	86	84	75	89	75	82	73	90	88	90	88	82	80	84	86	85	72	87	80	71	84	87	21	79	72	76	84	75	75	82	80	78	89	86	85	83	88	74	86	73	89	70	82	75	90	73	83	79	87	76	73	81	71	78	82	74	71	78	71	16	87	71	75	83	21	88	89	89	87	85	71	76	82	73	75	89	80	70	70	83	76	81	88	85	78	87	89	84	73	74	85	88	89	88	73	89	88	80	87	81	79	83	78	90	89	81	90	80	77	77	90	84	80	25	72	84	75	73	74	73	87	75	80	89	82	87	79	76	89	88	80	88	84	71	87	81	70	83	71	89	83	77	76	82	74	70	78	73	79	84	70	77	85	80	89	85	84	73	76	72	90	78	72	71	83	88	81	78	20	82	85	82	78	77	74	76	78	22	78	84	80	81	74	74	79	84	75	77	76	84	82	77	83	28	87	71	74	87	90	81	81	80	82	74	82	79	88	73	84	90	78	81	72	73	81	77	90	88	80	84	87	87	86	79	81	88	86	24	90	84	25	75	84	73	87	83	81	90	78	75	89	84	89	19	75	79	89	78	80	20	21	82	83	87	81	75	84	82	87	75	81	77	75	78	75	19	75	78	87	72	89	75	75	76	70	75	80	78	76	89	86	71	88	74	88	73	75	70	73	78	79	77	88	89	76	73	88	70	20	74	77	88	72	73	86	87	84	81	78	76	76	85	70	75	73	72	82	79	79	79	78	79	90	79	87	78	85	77	70	73	72	90	74	82	79	78	88	79	78	70	80	24	84	89	84	81	72	76	84	78	82	86	83	75	76	84	77	84	71	80	90	72	76	75	83	78	84	90	74	75	86	85	80	86	85	86	73	79	81	73	76	75	77	84	74	81	72	84	81	71	82	81	82	84	71	74	86	77	76	86	77	71	88	90	81	80	80	73	71	75	76	71	88	88	86	75	71	78	79	82	85	70	85	86	88	86	75	84	78	77	90	83	18	80	76	71	76	87	70	87	78	86	71	73	70	89	78	77	25	83	86	73	85	71	83	72	88	84	89	25	70	88	88	73	75	72	79	81	71	79	79	80	80	82	71	74	77	80	80	80	79	74	71	22	77	75	85	89	71	89	80	90	76	81	71	86	75	87	77	17	89	84	82	77	17	87	75	77	70	83	82	72	79	87	84	83	71	80	74	89	82	85	88	72	78	77	73	80	87	77	81	75	86	86	75	83	82	90	80	76	76	85	88	72	84	78	86	88	85	71	88	71	70	27	83	74	84	73	84	77	81	83	79	82	84	70	90	88	24	89	86	81	88	79	80	77	82	75	85	76	85	83	22	80	73	70	84	71	17	19	83	79	73	87	26	79	75	85	74	71	81	78	79	83	89	70	81	75	86	85	86	76	80	85	73	82	88	72	83	79	80	86	70	80	71	75	77	88	88	80	76	86	73	84	87	80	76	79	90	78	72	85	80	89	77	24	22	79	89	19	81	72	73	85	75	80	74	82	88	83	75	73	80	73	88	76	73	72	79	86	82	90	83	28	75	73	79	74	80	71	87	71	79	82	75	87	85	70	85	79	72	79	76	86	80	75	72	82	78	90	85	89	90	79	80	77	84	87	75	81	71	84	78	84	79	74	76	77	78	72	71	84	74	23	85	85	26	83	82	87	71	17	82	88	81	85	80	70	76	81	75	70	21	72	89	87	75	75	73	70	75	76	89	87	71	75	78	76	74	84	79	83	77	80	89	76	88	86	74	76	25	89	89	73	81	82	73	83	78	72	73	85	22	85	75	85	75	71	84	73	85	88	82	20	75	89	82	80	77	88	22	75	72	88	80	79	83	78	74	80	89	81	85	89	88	71	82	84	79	75	90	76	79	72	89	77	86	80	81	76	71	77	90	23	71	23	88	87	82	78	88	79	23	72	74	72	71	22	76	82	77	71	77	78	87	78	74	84	80	79	80	74	79	20	72	85	71	82	85	81	87	84	76	86	83	83	76	79	87	89	84	80	21	75	74	85	90	88	87	74	82	75	77	85	86	77	76	87	77	84	81	76	88	90	86	84	71	76	83	74	86	88	71	86	85	82	72	83	27	79	79	83	78	75	71	82	73	89	79	84	78	79	78	78	82	81	85	90	88	71	75	88	73	77	87	84	73	76	75	73	83	75	80	87	26	84	78	75	80	78	73	88	75	81	73	89	80	80	82	78	72	85	89	80	77	85	77	87	83	77	89	72	75	85	86	18	85	74	77	88	87	73
83	71	86	72	25	81	75	83	73	87	83	22	71	86	77	79	73	72	89	87	80	86	81	82	84	87	70	71	73	86	89	79	76	82	86	76	80	70	73	87	80	81	87	84	85	89	82	83	72	86	86	79	78	85	88	87	72	83	78	83	83	85	80	84	73	79	74	74	70	73	80	83	79	84	78	87	20	82	71	85	20	84	77	73	82	87	84	78	85	81	84	86	85	85	74	73	70	90	78	75	71	77	83	72	72	78	72	72	82	84	79	81	83	86	77	88	82	72	71	81	73	89	70	80	79	75	88	73	25	73	87	71	79	84	73	88	84	82	76	71	75	71	75	86	81	89	77	75	23	72	89	81	70	84	77	88	86	72	89	76	71	22	83	90	78	85	79	78	78	79	25	78	71	77	71	81	71	72	75	71	78	89	73	78	79	74	72	90	74	23	86	73	86	25	84	71	74	73	79	79	71	76	81	89	85	79	82	26	25	86	75	77	79	80	90	90	75	85	86	72	72	76	78	70	73	71	75	78	80	87	79	85	88	81	83	84	22	77	80	72	87	89	88	72	86	84	72	75	73	82	78	84	83	84	70	82	78	73	78	85	88	84	87	72	79	82	73	71	77	74	70	71	76	80	79	88	78	86	74	73	90	89	77	75	75	74	89	75	84	79	75	82	76	83	77	78	88	77	88	79	75	87	86	78	75	74	79	70	89	84	88	85	74	87	88	80	84	79	82	87	85	76	72	70	75	79	71	18	84	80	90	75	83	81	76	71	86	88	82	87	84	72	74	80	77	78	85	81	77	82	79	79	79	84	87	78	86	86	85	81	84	74	76	24	76	80	77	89	79	89	84	80	83	90	76	84	85	71	84	73	77	85	89	81	85	75	83	72	83	73	90	80	86	86	74	86	90	88	77	73	84	85	81	79	73	89	82	89	82	85	79	73	70	73	75	70	86	79	75	72	81	84	87	83	26	74	86	86	83	74	82	70	81	75	70	74	80	80	81	87	86	86	74	87	88	85	80	88	87	78	82	76	85	79	70	76	86	71	82	86	80	81	86	88	81	84	73	72	79	82	83	75	80	84	90	76	75	84	78	72	73	70	73	83	72	86	89	71	72	79	26	70	71	85	79	75	84	75	89	83	83	19	85	72	79	87	90	81	71	81	73	70	85	86	72	84	82	75	87	73	90	86	86	20	70	77	75	89	80	74	77	76	77	84	74	76	71	84	71	83	70	82	89	86	81	82	84	90	71	75	88	88	76	75	87	73	87	78	84	73	71	75	78	72	78	83	83	84	76	82	74	74	79	23	78	78	84	75	83	82	76	78	85	83	73	82	74	84	82	89	83	81	89	80	76	83	90	73	89	76	82	80	77	77	80	76	73	70	75	79	83	77	81	86	84	79	73	86	79	73	73	71	83	73	89	77	87	84	76	89	88	81	88	77	87	84	76	86	77	80	76	75	78	83	74	85	73	87	81	83	89	24	85	80	81	72	88	71	80	74	79	71	76	87	89	75	83	82	84	74	80	80	81	78	70	88	89	71	75	75	88	82	80	73	76	76	72	81	89	85	82	79	77	85	76	81	86	71	75	83	78	85	81	74	85	74	76	73	87	71	26	73	84	78	73	75	88	84	78	78	86	89	85	87	83	74	82	79	88	70	77	83	88	81	84	87	76	72	73	74	81	81	74	86	87	81	84	80	77	86	74	80	84	77	75	87	73	88	71	84	80	87	77	84	87	85	76	82	74	81	84	83	77	79	81	79	74	88	75	90	79	75	80	83	19	76	83	82	80	87	82	83	84	79	76	72	70	84	78	82	88	78	86	78	71	74	89	72	86	72	88	74	77	73	85	70	76	75	77	89	79	70	78	80	81	73	79	84	87	81	75	70	75	89	76	18	85	88	74	75	82	81	72	79	82	84	79	88	86	77	87	77	86	76	71	88	74	73	86	83	81	80	79	75	88	70	77	16	90	84	89	76	70	73	79	84	75	80	83	84	77	79	82	84	77	90	83	80	71	80	85	71	89	89	74	86	88	73	76	78	74	74	87	75	83	86	76	75	73	89	90	87	77	81	77	78	86	90	85	80	76	78	80	80	84	85	88	87	79	88	77	20	21	75	73	88	84	71	21	89	76	78	88	90	23	76	70	80	78	74	85	86	81	76	90	75	74	89	75	88	71	72	73	90	80	82	72	77	87	74	87	71	73	82	75	72	19	86	80	24	77	74	80	73	77	79	70	81	73	85	82	83	79	85	77	78	74	82	82	84
79	77	80	80	86	71	75	74	80	24	80	73	82	82	74	72	76	82	76	73	79	79	86	78	85	80	25	90	81	78	78	74	78	74	83	72	77	82	71	70	71	79	86	72	80	86	77	24	81	83	84	84	73	86	85	70	83	81	82	74	71	89	85	77	77	84	71	72	79	77	75	84	86	80	80	88	90	87	85	88	88	86	72	74	21	75	73	86	74	74	19	74	70	81	82	88	84	86	70	82	70	80	75	71	80	73	88	75	82	77	72	79	75	84	81	84	71	90	28	86	77	74	77	80	78	79	87	75	77	76	75	77	71	73	84	24	71	73	87	73	78	73	70	89	90	83	76	83	88	81	79	79	87	74	81	74	73	72	72	74	79	83	72	73	79	74	74	16	75	84	74	80	84	78	78	75	73	78	72	86	80	85	85	86	89	84	71	88	85	73	81	78	88	88	84	22	81	79	84	71	75	88	22	20	78	88	85	84	86	83	82	78	70	74	80	75	20	20	17	26	70	77	88	78	89	81	82	90	84	70	86	79	80	76	86	84	74	82	79	25	79	75	88	89	89	74	77	89	70	82	72	73	89	85	85	82	76	75	72	85	87	89	71	74	71	86	83	79	72	71	73	86	74	73	84	86	73	72	89	81	73	70	78	74	81	77	75	26	78	74	87	70	84	18	75	89	74	24	81	85	81	77	79	79	78	83	79	85	78	75	70	86	71	84	75	71	82	82	77	71	70	81	73	71	23	79	77	70	86	73	84	84	88	20	72	70	80	85	89	80	87	86	74	74	19	88	78	87	78	72	74	84	88	16	82	83	72	83	78	21	88	81	19	85	71	83	90	88	89	84	77	81	71	82	89	90	80	71	76	86	76	74	88	86	85	18	71	73	76	80	87	82	86	74	76	77	80	77	85	78	75	84	71	72	87	88	20	80	76	89	80	84	88	75	73	88	87	74	90	26	72	84	18	80	73	83	88	84	78	74	86	77	82	79	82	27	90	88	84	70	72	82	88	89	83	79	88	75	82	74	78	84	84	82	72	81	73	88	80	90	84	87	78	89	74	73	88	78	87	87	83	74	88	88	17	89	78	80	74	80	82	88	89	81	84	77	70	83	76	83	88	84	86	88	73	22	77	82	83	70	88	71	79	81	85	72	89	72	74	80	74	83	90	80	89	89	78	82	79	76	78	79	77	86	81	80	73	22	74	75	85	83	77	87	79	77	86	80	79	70	78	70	80	90	75	89	82	76	83	77	84	85	79	87	75	89	72	84	83	84	76	89	82	20	75	82	71	84	89	86	79	82	82	72	86	85	75	84	87	84	83	20	90	88	75	82	70	79	81	80	75	88	83	83	79	72	72	72	90	72	70	81	75	78	79	88	19	77	72	75	81	76	85	80	72	76	79	74	84	84	83	80	83	83	24	79	90	72	74	71	89	88	86	83	82	85	79	81	20	87	83	81	84	82	79	82	75	82	87	74	89	87	77	88	83	89	85	76	86	74	88	80	80	77	75	76	73	74	78	71	87	81	78	89	90	89	88	89	85	87	71	26	72	89	79	72	82	88	18	81	87	23	85	81	89	77	74	89	80	79	74	77	79	79	83	86	71	76	75	76	88	74	73	82	89	89	79	72	86	72	81	82	79	70	90	86	73	87	72	90	82	83	81	74	27	79	87	80	75	19	84	73	73	84	72	70	88	87	76	73	75	90	75	85	78	82	72	70	72	84	82	78	75	85	82	87	75	88	71	81	71	80	74	87	73	84	72	78	86	83	72	88	73	85	90	76	88	87	70	83	77	83	86	81	76	87	72	81	28	71	89	82	71	90	79	86	74	73	74	72	71	78	86	87	80	79	82	73	81	84	81	84	79	83	71	78	72	80	76	71	73	74	81	19	86	79	73	72	85	83	84	76	88	83	78	86	73	75	86	88	74	81	72	71	74	76	86	83	90	83	90	74	81	90	72	89	81	76	84	90	87	84	79	70	80	71	73	81	89	76	90	80	75	89	83	85	88	77	86	84	80	72	72	72	79	87	83	76	80	88	86	89	82	80	73	71	79	81	79	72	83	74	82	90	19	73	90	81	76	21	80	77	74	19	84	78	72	87	79	78	87	71	87	75	80	88	71	79	87	87	77	75	70	71	89	74	88	80	71	71	80	80	77	79	82	71	84	84	75	83	70	76	70	85	82	88	77	83	81	71	78	86	88	89	24	87	80	72	83	72	89	88	73	73	80	88	78	71	24	86	75	79	82	74	83	87	24	71	86	76
82	86	81	75	82	79	88	81	73	72	80	82	86	25	73	71	82	74	70	20	80	73	80	74	88	79	74	81	85	77	85	76	88	86	77	78	79	90	89	72	73	78	75	75	80	74	75	80	73	88	76	89	83	86	77	76	78	85	78	85	75	75	81	85	85	81	81	85	71	87	86	71	72	72	25	88	71	89	85	74	78	83	81	87	81	77	82	72	83	84	79	86	84	82	86	73	75	86	76	86	88	85	70	75	86	87	89	85	87	87	72	75	82	87	74	75	77	87	79	88	83	89	79	87	71	89	78	75	79	79	82	73	85	75	83	82	82	81	76	82	88	71	80	80	90	84	77	86	72	84	87	79	80	71	80	83	80	71	81	78	23	76	71	71	79	81	75	71	72	88	71	78	83	84	75	80	81	70	84	74	77	73	75	83	70	81	90	90	75	71	74	71	84	89	77	81	78	73	77	81	77	74	87	82	84	27	82	86	82	81	83	85	77	74	77	82	73	75	77	77	76	82	79	78	72	81	88	89	89	72	88	77	79	72	78	22	85	75	74	82	75	79	78	86	22	83	71	80	71	73	89	77	74	71	74	72	79	72	70	76	89	18	84	85	77	71	79	86	85	75	79	76	75	80	89	76	82	84	77	84	87	85	76	72	73	71	89	79	71	77	75	71	86	88	89	75	23	71	71	83	81	85	87	84	77	84	74	21	82	22	78	72	74	22	90	75	89	75	85	88	75	88	85	74	75	81	72	80	73	85	71	82	25	80	25	90	73	82	72	81	77	81	79	85	78	79	23	74	71	86	74	82	77	71	88	88	90	88	76	77	75	85	80	83	83	71	73	86	74	76	84	71	83	79	71	88	78	20	88	85	82	86	82	75	82	79	89	79	21	22	76	70	76	76	84	24	88	84	71	77	81	71	79	73	71	83	81	70	86	74	80	76	82	89	81	81	81	85	72	78	81	78	73	75	72	85	71	79	89	80	80	83	85	81	73	90	82	18	89	79	73	74	71	70	77	76	74	85	20	89	82	86	70	81	82	90	76	75	90	77	79	73	86	81	22	74	72	78	83	84	71	79	78	79	80	77	81	71	76	82	88	81	70	83	88	89	79	88	79	72	76	85	76	75	87	81	78	70	77	82	88	80	88	89	85	81	78	75	75	89	90	73	73	87	77	72	80	82	85	78	86	88	85	73	85	75	90	84	72	75	81	88	87	70	71	78	70	87	23	75	84	78	89	81	82	18	82	73	81	77	70	86	81	80	27	87	72	89	86	84	88	79	77	71	78	73	76	89	87	75	73	80	78	74	84	89	83	90	70	77	89	82	80	22	85	85	86	78	89	19	88	90	86	73	83	77	76	90	80	24	79	84	88	74	81	80	83	86	86	75	71	89	82	81	77	79	81	83	76	71	86	82	71	88	83	79	80	72	71	78	82	84	86	74	72	73	77	72	85	79	71	77	75	89	81	82	85	80	85	88	82	89	84	70	85	70	74	88	73	81	72	72	72	79	72	76	77	73	78	79	74	86	82	84	78	70	88	90	81	85	76	88	81	77	88	71	73	85	77	80	72	86	72	90	74	76	72	74	76	76	82	70	73	82	84	77	86	87	72	85	84	73	80	78	74	84	86	81	73	76	86	79	86	74	84	71	81	90	80	84	80	90	81	81	72	78	75	86	75	84	83	86	88	72	79	80	75	88	23	80	85	84	74	72	74	86	84	71	90	78	71	84	70	77	84	80	70	20	75	88	74	72	77	75	86	87	77	70	71	89	84	84	89	88	75	82	74	78	80	74	73	81	89	85	84	86	74	73	70	84	84	73	73	79	86	80	73	84	88	85	79	74	89	82	82	73	86	18	88	77	76	90	73	78	76	73	89	75	85	82	87	75	86	71	70	86	90	87	74	89	85	82	71	76	84	83	74	75	81	70	82	70	85	25	89	89	73	87	80	84	72	88	81	87	80	88	74	78	72	85	72	20	89	82	86	80	78	84	78	74	90	77	79	74	73	75	80	73	86	79	77	77	78	81	71	77	73	86	75	80	23	80	90	73	82	83	89	88	79	87	75	81	20	23	88	77	87	85	89	19	76	86	83	87	76	78	86	71	85	81	74	77	78	71	81	88	83	77	78	89	77	88	82	83	88	80	81	74	18	88	86	79	82	86	75	73	84	72	81	79	77	88	88	74	82	79	72	70	82	76	71	76	71	70	75	79	71	77	81	73	75	87	71	20	71	81	75	77	74	81	81	81	80	85	71	28	74	71	72	88
19	26	77	25	83	88	73	70	71	84	89	72	74	77	78	77	81	79	90	75	88	76	85	81	81	88	79	77	88	85	84	85	18	74	15	75	76	80	84	71	76	75	83	21	74	70	78	86	80	76	73	76	80	82	78	22	87	18	74	83	85	74	75	82	71	84	71	82	83	80	80	71	70	85	89	86	77	70	88	75	87	71	78	87	83	88	74	19	85	87	75	79	83	85	84	82	20	75	88	72	88	74	22	77	75	85	73	80	78	82	79	73	88	72	86	74	79	73	84	24	79	83	81	74	75	79	83	71	80	78	89	26	83	78	75	87	84	82	78	89	83	87	82	78	83	70	81	82	74	89	72	81	72	74	89	80	75	84	71	81	75	87	87	88	78	74	78	89	84	84	75	88	90	87	75	89	83	80	79	72	88	88	86	87	77	75	78	75	74	75	22	89	24	85	73	71	77	85	87	85	85	72	72	81	85	88	84	81	80	74	78	84	73	84	84	88	85	75	82	73	19	86	87	19	83	73	71	89	77	90	72	77	19	78	81	82	71	84	78	84	85	88	84	75	87	86	73	81	76	76	79	79	84	80	72	82	72	85	76	77	80	75	75	72	90	87	85	74	82	21	74	89	22	85	81	84	86	72	71	82	78	77	81	74	74	85	76	80	89	78	74	72	86	17	73	76	70	79	89	75	83	84	87	88	71	86	71	78	84	88	82	74	80	76	76	90	87	81	73	72	75	84	72	86	85	83	86	80	27	73	70	90	86	90	71	85	81	72	76	89	87	88	79	78	72	75	76	79	85	84	73	72	71	75	89	81	80	74	78	73	71	80	90	74	86	74	84	84	89	75	87	79	75	73	80	90	82	22	25	75	87	88	84	76	75	71	84	85	79	77	83	81	73	26	79	87	17	22	83	85	71	89	72	75	79	71	89	83	84	82	80	74	82	73	83	19	87	87	77	71	88	73	78	76	78	72	89	84	77	77	85	78	86	70	78	90	73	79	83	80	84	84	79	84	71	75	86	24	78	88	83	75	73	76	89	75	82	72	86	22	82	84	85	86	73	70	89	80	88	71	73	79	22	85	79	78	81	76	81	81	89	84	85	74	86	77	75	90	83	83	79	71	79	88	84	84	76	73	79	76	83	88	17	83	70	87	89	75	77	79	83	21	87	89	82	27	77	21	79	81	75	78	84	89	76	86	72	84	89	88	90	71	77	79	84	86	77	82	77	85	23	75	73	90	71	17	80	23	86	71	82	71	77	76	88	88	78	84	24	70	77	81	19	70	78	86	90	82	75	77	80	78	75	74	86	71	89	83	86	77	80	72	74	78	81	89	87	81	70	76	82	81	88	82	81	88	80	82	84	85	87	73	80	80	79	84	76	86	87	78	87	83	74	78	71	75	84	74	79	88	84	89	80	72	24	88	90	85	75	86	75	83	89	85	90	89	90	77	71	76	72	70	73	89	81	76	75	77	79	80	78	81	73	87	70	72	80	73	76	76	85	81	71	79	77	79	90	75	87	83	26	84	81	79	71	78	82	74	70	75	89	82	75	20	72	75	87	87	83	85	74	82	83	79	87	85	88	74	81	90	71	19	79	86	73	80	77	80	71	74	89	76	90	88	82	76	76	78	76	74	87	83	84	74	89	74	73	71	82	76	20	73	72	82	71	84	70	78	75	90	74	78	85	74	83	89	79	77	85	84	22	77	88	84	76	75	23	80	76	71	86	73	84	80	89	77	70	70	78	78	75	73	82	75	72	82	79	72	80	79	21	90	22	82	78	76	87	81	80	72	83	79	76	86	79	79	90	87	73	77	87	78	87	84	83	71	78	75	76	73	85	88	75	17	71	85	71	87	88	79	74	81	86	76	86	87	83	78	88	83	80	70	86	77	88	71	77	70	76	88	82	76	89	88	83	81	73	71	77	23	75	76	76	82	73	72	70	75	86	73	89	83	76	19	76	71	78	73	84	81	82	88	80	81	83	76	82	90	79	76	80	89	80	70	73	84	86	75	76	71	77	70	75	72	72	72	85	85	80	74	84	72	78	77	76	78	86	78	81	76	75	88	88	82	70	90	70	74	72	80	70	70	78	74	90	80	72	89	72	22	27	77	70	86	81	81	23	81	77	86	84	87	80	76	71	81	84	89	83	73	90	83	75	70	76	78	87	19	82	87	74	70	71	81	82	70	85	75	90	86	75	71	76	71	80	78	79	80	81	82	84	77	81	78	80	77	70	81	89	73	86	72	84	89	90	84	82	84	70	74
86	72	85	76	73	82	87	75	83	87	80	84	80	84	84	74	78	83	82	75	87	73	26	89	77	89	87	76	84	90	82	88	86	76	88	82	70	85	76	78	77	82	86	86	75	81	75	85	76	73	74	79	85	83	89	82	77	77	71	79	70	80	86	75	75	81	77	77	74	81	75	73	90	74	74	76	72	85	78	78	76	85	77	87	74	90	88	88	75	75	86	72	75	85	73	78	75	74	81	85	73	90	70	84	87	79	90	71	83	71	75	82	89	72	74	84	75	76	88	72	79	74	74	75	73	86	77	73	88	71	72	83	78	88	72	82	83	84	88	23	72	80	84	80	88	74	74	74	89	83	78	87	82	75	70	82	79	73	22	75	87	86	77	80	72	72	84	73	71	85	77	89	73	74	80	74	76	88	86	85	85	81	76	71	87	79	84	77	88	78	72	78	23	71	82	82	71	84	86	78	74	73	83	90	88	75	82	76	79	90	74	73	73	83	76	88	77	86	78	81	73	87	72	70	81	81	81	72	72	81	84	73	78	88	86	85	85	82	86	90	78	71	75	71	82	74	85	78	90	70	86	80	81	86	72	82	73	81	71	84	84	19	79	88	82	88	73	25	85	78	85	77	90	88	74	85	87	70	75	89	79	78	86	17	81	76	87	79	75	71	71	81	78	71	81	74	86	79	81	86	73	79	82	90	87	80	80	84	87	77	88	72	73	20	82	76	71	81	74	70	75	84	81	81	76	89	82	84	71	81	80	73	85	71	84	81	89	83	88	80	86	88	79	78	82	86	90	90	86	85	87	88	76	89	79	77	73	87	74	73	71	75	70	85	75	78	83	86	72	72	84	82	80	72	78	76	89	85	81	78	71	87	70	83	76	76	84	80	76	82	72	73	82	88	74	73	75	88	83	89	82	83	73	83	73	80	86	85	71	78	75	79	81	72	83	71	81	84	86	83	88	89	81	72	76	77	82	22	71	73	79	86	89	84	86	79	79	88	72	80	71	24	71	84	73	78	77	71	74	73	75	79	72	86	76	85	74	77	79	82	72	76	24	90	79	86	83	74	75	84	74	84	79	88	82	74	74	80	80	87	85	87	80	72	70	79	90	89	83	79	78	77	72	73	72	81	73	81	71	86	79	83	79	72	84	71	82	82	90	77	83	83	71	80	81	83	83	85	82	74	71	73	86	75	89	82	77	74	79	87	83	73	84	24	86	81	82	74	70	79	23	85	88	82	79	71	78	71	75	73	90	86	78	72	75	81	86	89	89	77	75	76	87	78	79	75	90	82	80	75	71	78	88	73	74	84	23	79	84	72	82	81	87	78	19	86	84	87	73	77	82	79	83	85	86	87	87	71	72	79	89	72	70	89	81	77	71	75	86	86	24	73	75	83	82	80	85	74	84	78	89	80	74	15	75	74	72	81	90	74	90	90	86	71	89	70	74	79	90	86	89	83	22	22	87	77	89	79	87	77	83	88	86	90	90	78	86	72	78	82	80	88	75	85	77	76	90	80	72	21	80	78	77	88	79	88	72	79	75	77	89	73	81	76	76	72	76	88	84	78	22	86	82	78	90	81	79	72	79	70	74	79	86	88	81	86	89	74	72	71	82	84	80	76	86	77	75	80	76	20	83	83	85	78	74	74	75	19	82	70	84	88	71	77	78	73	87	83	70	73	81	74	74	84	86	87	80	81	70	80	75	75	86	80	79	81	89	71	86	75	84	74	72	78	83	73	84	84	78	88	85	81	90	77	83	80	79	20	71	82	86	90	78	79	73	83	82	81	88	81	90	85	76	70	74	78	80	79	77	83	90	84	74	81	16	86	77	71	70	73	87	81	84	73	88	76	72	86	84	75	81	90	87	79	76	79	83	81	79	81	75	70	80	85	85	88	77	76	89	85	75	84	73	80	85	86	87	87	76	77	71	89	84	90	78	84	77	76	73	78	72	84	89	70	78	74	87	75	76	87	90	78	88	83	71	71	76	79	85	90	76	84	79	80	87	71	89	77	19	89	72	74	78	74	85	74	77	77	76	88	84	78	90	84	76	23	77	28	74	71	77	88	19	81	88	80	89	82	73	87	21	74	79	80	83	83	72	89	81	84	70	83	80	28	80	73	78	75	72	23	82	78	81	80	71	71	83	79	82	80	87	78	75	78	71	80	77	73	85	76	87	73	81	71	83	87	70	73	77	72	77	90	88	71	79	76	75	73	86	82	88	83	81	81	18	80	77	86	71	78	85	89	79	72	83	81	72	85	73	85
78	76	77	89	75	73	73	88	79	87	89	74	77	85	79	88	87	89	84	85	71	87	89	88	22	75	85	75	72	81	74	81	86	19	88	84	72	77	87	87	77	85	79	87	79	89	76	73	74	89	80	84	19	71	90	72	81	83	83	73	83	79	88	75	79	82	74	19	76	76	77	90	76	89	72	85	83	74	89	83	89	76	87	87	72	79	79	81	87	89	88	72	73	72	72	83	84	85	76	86	85	71	79	85	83	85	78	86	84	90	77	84	88	25	79	81	72	73	84	71	71	80	86	81	83	70	74	81	77	74	81	79	77	83	81	90	86	81	72	83	73	88	74	74	74	83	71	80	77	88	87	77	75	86	86	89	89	87	85	76	90	83	84	82	78	71	86	79	79	87	77	74	74	86	85	79	80	22	78	82	71	78	84	82	75	78	81	83	77	85	76	85	85	77	28	75	89	83	83	71	72	75	75	78	89	71	83	89	76	88	75	87	87	88	76	74	82	19	87	73	73	87	79	82	86	70	80	75	82	77	71	72	80	90	78	74	90	74	79	24	78	77	87	71	77	89	84	73	78	71	86	79	75	71	77	90	82	73	77	75	74	82	88	86	72	75	82	74	77	80	89	86	75	82	74	71	86	87	71	82	84	88	71	87	79	82	76	74	80	79	73	73	84	89	81	73	81	82	74	85	88	84	80	85	90	78	72	75	71	85	86	84	79	75	71	70	85	23	77	73	73	83	81	86	77	79	83	89	84	86	86	86	76	20	80	77	23	21	21	88	76	72	25	17	72	89	71	71	75	71	79	79	83	19	73	74	89	88	74	79	74	83	73	84	83	85	88	72	77	76	73	75	88	78	82	27	78	87	86	81	81	72	81	77	86	78	73	71	72	82	84	73	73	81	86	84	88	80	82	85	84	73	77	79	89	17	85	84	82	89	72	71	79	76	84	86	80	80	78	74	74	82	83	74	27	80	90	89	71	79	23	71	81	26	83	74	79	89	82	74	81	83	80	74	83	85	88	90	85	72	77	79	87	74	84	77	72	81	84	75	84	81	89	75	88	78	26	85	74	78	72	85	86	23	88	77	79	86	76	75	75	81	84	90	83	81	80	78	72	83	81	71	76	81	80	79	81	80	88	75	89	81	84	77	80	79	89	74	74	78	82	81	84	85	80	75	81	20	74	85	88	90	88	22	83	71	20	82	22	86	86	70	79	74	79	81	86	90	84	84	90	87	77	80	87	86	79	78	73	80	73	20	87	84	74	72	76	88	78	76	88	85	72	90	76	76	86	73	84	76	87	87	78	74	74	79	84	73	70	88	90	85	86	74	77	75	86	72	22	74	78	19	77	77	73	79	80	71	87	83	71	82	71	78	73	20	90	81	84	83	86	24	81	78	76	77	83	81	88	88	87	86	70	81	87	77	77	79	89	82	83	77	81	71	78	83	84	81	83	27	87	75	87	77	86	73	72	82	86	84	81	79	24	80	83	76	84	83	71	79	83	72	85	21	77	88	70	77	72	70	72	88	79	86	77	75	72	77	25	78	81	76	19	77	78	75	71	78	80	89	73	79	88	72	75	72	73	28	88	27	81	72	76	76	72	81	79	78	75	81	77	82	84	75	82	74	85	88	79	72	20	75	72	24	87	77	86	80	74	80	79	83	75	86	70	86	75	77	90	86	88	88	27	80	81	75	82	79	81	88	77	78	78	80	72	84	81	77	75	78	73	85	77	84	28	87	72	76	70	73	78	75	80	71	84	71	77	88	71	80	23	80	74	71	87	84	70	84	89	79	79	83	75	87	80	89	25	88	77	84	70	76	72	28	88	70	76	81	81	70	72	77	75	88	73	75	79	89	77	18	86	71	75	76	80	72	82	23	73	85	85	72	75	89	71	79	87	77	80	75	77	76	76	71	88	18	83	88	71	77	83	87	81	89	74	79	90	79	85	90	81	88	74	73	84	78	75	82	80	82	86	81	88	89	82	78	26	80	83	74	86	79	72	77	71	28	71	82	89	78	85	79	83	83	77	84	76	75	88	87	78	88	80	85	84	80	79	71	73	78	86	90	73	82	75	79	79	75	83	84	83	74	72	89	77	74	81	78	84	75	81	78	85	89	88	88	80	25	90	72	20	89	88	75	86	83	77	79	70	71	77	80	70	86	80	26	82	85	88	87	75	88	86	72	72	82	80	73	84	88	83	85	90	87	86	71	73	74	74	84	86	83	74	81	78	88	73	79	87	81	78	75	85	72	75	25	79	81	79	89
88	71	78	71	86	79	88	82	88	88	23	72	89	77	88	78	72	87	78	88	71	77	85	79	76	77	72	87	84	81	77	76	75	87	72	72	80	84	88	84	21	76	79	89	84	87	85	85	79	76	81	81	90	75	75	77	80	76	72	90	86	70	87	83	78	84	85	90	89	77	83	72	87	76	81	73	84	77	79	84	88	77	79	80	75	85	85	89	78	86	88	89	73	83	83	86	76	82	79	84	78	77	85	89	76	80	75	79	70	74	77	84	71	82	74	88	78	71	74	82	79	89	83	83	73	88	70	73	90	86	20	83	80	70	84	76	88	72	76	86	89	70	25	82	77	81	72	77	72	86	87	80	82	88	75	72	78	80	70	74	89	74	75	89	90	80	83	78	87	80	72	86	85	81	90	75	85	71	78	90	72	81	78	84	72	81	73	76	85	75	82	73	77	90	76	81	77	89	79	22	83	73	22	85	86	89	83	84	89	78	86	78	86	74	89	74	84	86	86	84	81	71	82	77	81	75	72	81	77	82	87	74	80	86	83	75	83	17	80	70	82	88	75	72	89	73	84	70	77	19	88	88	88	78	72	73	23	89	81	82	80	76	82	75	90	80	81	79	88	71	74	88	76	87	89	76	70	80	75	76	78	73	88	85	83	87	87	86	82	72	71	82	80	88	85	74	71	84	87	74	81	80	82	83	82	73	81	73	77	78	77	82	80	76	85	83	76	78	75	80	75	88	84	84	70	80	73	78	90	82	76	84	79	82	73	80	87	76	85	88	85	72	84	86	70	25	82	84	80	85	72	71	74	78	81	79	82	73	72	84	86	82	70	88	23	79	71	73	77	77	72	74	87	84	22	75	80	77	70	84	72	84	75	84	78	78	88	79	71	88	76	21	73	74	76	71	76	87	87	88	89	84	80	72	83	85	80	75	77	83	85	79	80	89	81	80	90	81	70	81	75	81	87	79	84	73	86	86	77	86	79	76	74	81	76	70	82	73	71	75	80	83	73	72	80	80	85	75	80	88	85	18	24	87	72	81	83	85	24	78	71	22	78	86	83	88	86	77	74	20	75	71	86	76	77	71	78	76	72	87	74	77	89	83	85	78	85	72	75	19	86	74	81	86	71	75	74	74	70	22	89	72	77	70	75	77	76	79	86	79	87	88	89	78	70	82	71	75	79	82	80	71	71	73	82	76	86	78	87	80	77	83	81	75	87	88	74	86	81	86	81	81	74	77	82	74	87	78	75	89	78	75	84	84	87	73	86	83	79	71	83	26	79	73	76	83	88	84	78	80	83	88	73	87	81	76	71	80	80	77	87	84	72	83	86	77	77	80	82	76	73	85	78	80	78	73	82	86	78	24	79	79	72	86	20	74	89	77	70	78	74	78	72	73	77	76	84	77	79	89	84	84	90	79	90	78	84	78	87	82	71	75	76	74	73	78	80	77	73	85	72	84	77	74	75	85	85	82	87	74	83	74	79	85	72	79	88	76	85	89	80	24	78	73	81	73	86	89	90	23	86	77	71	76	78	78	79	73	77	71	89	71	74	80	23	83	78	81	83	75	87	73	73	75	79	73	76	82	77	85	88	87	78	79	75	72	77	22	86	87	81	75	73	85	86	89	79	85	78	81	73	89	89	82	85	78	71	80	83	85	82	73	89	75	70	86	71	79	85	71	80	81	70	84	76	77	81	90	81	71	83	79	83	84	78	81	78	88	73	70	81	81	81	86	88	87	17	84	81	78	77	86	73	84	80	76	87	72	77	73	89	76	82	88	83	75	72	88	77	78	70	83	78	79	73	73	89	90	72	74	73	75	85	72	89	81	87	89	76	74	75	80	70	84	74	71	80	75	23	86	75	81	82	74	86	81	79	83	78	76	86	19	80	77	79	81	84	88	85	73	88	76	75	88	87	83	90	77	73	87	74	85	80	72	88	82	80	25	71	82	71	78	84	70	89	74	77	77	89	75	77	87	73	88	72	74	79	87	77	70	89	78	88	81	71	83	85	81	84	75	20	86	71	76	86	74	79	78	81	76	79	79	87	82	87	79	87	70	87	85	70	78	71	80	90	85	76	74	78	80	90	82	81	83	72	77	88	80	74	79	79	83	87	89	89	89	77	87	86	73	88	75	84	79	82	80	88	86	74	73	72	71	72	74	78	76	89	72	89	79	75	87	77	75	27	75	87	72	86	27	85	84	80	79	78	75	80	76	75	87	77	87	75	73	72	88	74	74	88	76	87	77	86	89	73	77	87	85	72	16
89	76	25	76	70	75	70	77	78	72	76	72	82	87	82	75	79	83	87	89	72	75	74	78	85	77	83	89	86	79	76	72	90	81	73	80	73	70	85	87	77	17	78	79	73	77	81	73	78	82	76	78	81	70	72	75	74	82	84	79	83	75	81	76	79	86	74	76	90	82	78	87	83	81	86	84	83	87	80	19	78	87	75	72	76	89	73	74	79	80	78	77	71	86	74	71	84	80	84	76	88	88	80	78	73	84	73	88	71	87	71	89	82	76	78	85	82	87	71	86	78	85	71	88	74	83	79	85	72	79	86	78	77	83	79	77	77	83	78	83	80	86	85	70	79	86	84	86	78	76	81	84	84	74	74	74	89	84	74	81	85	71	82	71	80	83	80	82	90	88	71	82	84	82	86	74	78	79	87	86	80	70	87	86	71	70	77	74	81	71	88	82	74	76	87	88	71	78	84	79	81	88	77	73	72	77	85	71	89	79	85	85	71	18	74	71	82	80	78	84	79	86	78	90	87	76	86	88	88	77	71	80	70	77	84	88	71	73	88	81	77	82	71	71	79	89	87	82	77	72	70	77	74	81	79	86	73	77	84	80	76	83	87	26	73	89	71	75	78	77	74	87	72	85	70	73	73	71	76	23	88	88	71	84	23	79	78	85	84	71	77	73	84	80	86	20	83	75	86	81	83	86	80	77	72	80	82	71	80	73	88	87	73	78	84	71	86	73	87	89	86	26	71	85	84	77	71	84	85	75	79	76	86	88	78	74	70	81	78	74	75	72	79	83	80	72	82	85	78	84	76	87	89	82	83	86	88	71	90	83	82	76	81	77	74	86	71	87	78	81	71	83	72	84	87	71	78	75	83	81	75	72	79	85	76	72	74	80	72	71	82	84	87	88	73	73	87	88	88	89	77	83	88	86	85	77	76	74	77	86	88	71	82	86	84	74	78	78	83	71	70	79	78	78	81	82	89	89	76	87	74	79	76	90	75	77	75	76	81	77	72	85	72	72	74	76	18	83	81	76	87	72	84	81	78	88	83	83	90	84	21	87	71	84	87	85	78	74	81	79	77	72	71	89	88	71	81	82	90	77	87	73	84	82	89	70	78	71	74	70	87	80	81	79	71	75	81	88	79	85	80	70	79	86	78	79	76	75	78	85	81	75	72	70	20	79	71	71	72	16	82	80	86	85	76	88	77	76	83	70	78	78	77	88	79	83	77	71	89	77	72	79	71	77	77	89	87	81	86	18	86	70	78	86	74	90	83	86	82	82	87	72	82	86	77	89	88	88	84	90	89	87	79	75	71	82	82	86	82	24	72	82	90	70	80	26	75	80	88	77	86	73	77	74	78	81	79	89	82	72	74	84	84	75	88	75	72	71	89	78	88	78	80	88	90	82	87	83	84	80	78	87	83	90	70	72	72	87	81	88	72	24	83	28	86	81	82	89	81	83	80	88	74	77	75	85	89	72	87	76	75	89	84	85	79	71	84	70	72	86	86	88	78	86	79	78	78	81	81	89	80	79	71	82	71	89	77	82	82	81	75	88	85	82	83	86	86	72	83	74	88	73	73	81	86	87	80	77	78	75	73	79	80	86	82	77	78	19	78	88	89	88	74	19	87	76	84	79	89	72	76	78	82	72	83	84	86	72	85	84	74	83	80	86	72	81	77	71	85	86	75	83	86	78	78	73	74	76	77	75	85	77	22	74	85	76	80	70	83	84	86	88	71	77	79	89	75	88	86	70	24	89	82	72	72	72	77	83	88	71	84	84	87	87	89	81	71	75	72	79	75	74	71	16	89	89	84	71	81	71	76	86	84	79	80	80	82	85	72	75	72	81	80	86	77	77	71	76	88	82	81	80	88	86	83	89	80	74	81	89	89	77	83	82	79	85	90	77	79	86	71	89	79	84	75	77	89	82	73	72	90	80	86	80	84	80	88	73	85	84	84	87	77	78	90	81	75	87	81	72	75	78	85	86	85	87	75	78	86	74	79	75	82	88	81	89	84	86	88	76	84	86	75	81	79	78	79	89	86	87	89	86	74	78	85	72	79	86	75	82	88	87	74	88	87	74	89	70	76	83	77	88	79	77	85	78	84	88	77	83	73	80	71	86	89	84	84	86	74	75	81	88	71	83	24	70	89	88	71	81	74	88	78	87	74	75	79	74	82	88	76	73	78	75	76	87	73	89	74	74	90	85	87	88	84	75	79	83	79	87	90	89	25	82	87	75	89	78	81	86	70	75	85	86	76	79	71	87	86	89
86	89	85	78	87	88	85	80	88	87	79	78	84	83	86	74	84	87	84	80	73	79	90	78	73	89	81	78	84	78	72	84	74	77	89	78	78	85	74	75	81	77	71	80	72	75	84	71	88	87	78	83	74	90	73	87	26	71	89	82	84	79	73	73	71	80	71	79	84	73	73	87	86	84	81	29	76	73	19	71	81	74	83	81	87	89	71	71	87	84	84	79	86	90	88	89	86	89	89	72	81	87	86	83	81	86	80	89	82	76	83	73	85	89	85	89	74	85	70	77	73	75	71	90	85	83	86	77	89	72	82	70	73	83	72	75	87	88	79	74	87	86	77	85	73	74	89	76	76	80	84	72	77	20	85	79	77	73	75	80	79	88	89	85	77	86	86	90	86	73	79	89	72	27	89	24	84	20	72	81	83	90	18	78	83	88	80	73	89	73	19	71	75	76	80	90	81	71	28	84	85	88	70	81	72	72	70	71	76	87	83	73	84	85	76	82	89	82	89	89	77	79	87	19	81	73	71	79	70	87	74	84	19	87	88	76	87	84	88	81	73	79	75	72	77	84	80	77	79	73	83	81	84	80	79	83	78	73	82	72	82	89	72	80	90	85	85	86	77	76	22	82	75	76	86	75	78	89	71	76	80	85	88	86	78	84	79	80	81	84	88	78	88	80	73	77	75	88	85	79	73	72	74	88	85	80	76	18	72	84	71	20	85	83	74	84	86	85	18	81	71	80	72	75	79	77	87	70	83	20	75	77	80	74	85	21	90	79	73	86	90	90	78	77	83	86	73	81	75	80	75	72	77	84	74	89	89	71	86	84	86	71	89	75	88	81	79	78	89	78	82	25	88	74	89	86	70	81	85	84	79	83	87	86	81	76	83	82	87	90	83	83	73	70	83	74	78	76	78	79	72	87	89	82	88	77	79	70	74	78	87	21	78	88	77	77	88	89	74	72	84	85	73	80	77	19	89	81	78	90	74	81	24	74	84	86	83	83	77	89	74	70	71	87	80	85	79	71	74	72	76	86	84	83	78	76	82	79	78	75	76	85	87	80	82	85	75	74	77	86	71	81	79	77	84	79	84	87	85	75	27	85	73	71	83	70	18	76	77	18	80	82	86	80	85	87	79	21	73	72	87	71	74	87	75	81	86	89	82	79	80	88	83	79	83	79	74	71	80	78	72	77	89	88	74	84	80	75	80	89	82	86	75	77	88	71	88	79	79	87	74	88	73	81	85	76	73	84	76	72	70	90	80	72	72	77	18	83	73	82	90	71	86	75	78	84	89	78	84	89	72	76	84	70	82	84	74	75	77	83	87	72	80	72	77	90	81	76	73	88	75	78	75	83	80	81	75	81	79	82	80	79	90	87	77	86	78	79	77	79	89	72	83	71	80	73	25	88	85	74	73	81	80	78	70	73	82	73	80	85	73	88	79	75	85	82	72	73	71	77	22	85	77	73	71	83	88	87	25	84	76	75	81	79	72	90	73	85	88	81	71	75	71	80	90	89	71	78	83	88	88	81	76	87	71	85	85	83	72	86	89	87	86	74	81	89	84	79	78	78	82	76	80	80	75	77	86	75	89	74	81	76	83	76	78	85	86	87	89	76	74	82	79	84	71	86	90	78	77	88	71	88	77	71	88	81	87	87	81	78	87	84	88	71	74	17	87	90	89	72	86	72	75	83	84	81	79	77	83	80	88	89	21	81	88	86	79	79	71	88	82	81	81	76	83	87	86	79	80	81	79	90	81	79	27	81	84	87	87	80	78	71	87	76	87	88	77	76	89	88	72	78	88	73	86	74	72	73	77	78	81	77	85	73	76	83	80	77	88	76	22	80	84	81	86	25	89	74	76	72	84	73	87	76	72	88	73	81	87	75	81	73	25	74	84	16	79	73	81	71	72	76	22	84	84	88	76	90	73	81	74	87	86	75	86	73	76	88	77	79	79	76	76	18	84	84	84	85	80	87	74	79	71	88	71	78	88	19	87	79	76	77	70	83	81	71	81	78	72	71	75	87	75	80	76	77	75	75	90	87	81	72	79	77	78	80	77	83	79	79	23	79	74	26	85	86	87	72	71	73	78	81	84	77	88	25	78	74	71	86	77	90	75	75	79	85	78	70	77	83	74	70	81	76	80	85	83	73	89	88	87	85	85	72	89	87	81	76	84	78	72	82	89	87	76	79	87	72	83	83	81	89	85	71	78	87	77	90	82	74	81	87	72	89	72	75	73	90	83	86	73	75	79	82	90	76	72	71	71	86
87	77	90	79	71	71	89	74	85	78	73	80	86	75	76	78	73	80	72	76	89	79	89	84	87	78	74	89	74	81	76	83	82	84	74	73	88	90	83	72	73	73	71	89	81	19	75	76	83	79	82	73	86	78	78	89	77	84	74	84	77	82	77	24	81	80	82	78	79	81	74	73	85	74	77	78	83	85	76	87	87	74	90	81	82	85	85	79	75	87	74	79	76	70	83	71	78	70	86	80	81	84	87	73	81	79	23	73	83	74	83	78	84	81	76	27	70	72	74	86	85	81	79	86	88	87	72	81	73	80	72	86	82	74	85	87	83	77	72	78	87	72	81	80	80	84	73	86	79	85	83	78	70	82	75	88	76	83	83	77	73	79	79	74	85	77	83	79	86	82	82	82	70	73	79	79	89	87	78	88	87	79	83	70	89	89	18	86	72	76	75	81	83	70	76	74	81	72	71	84	86	84	77	74	82	75	90	74	80	85	83	75	72	78	74	76	81	71	84	86	20	72	90	80	89	70	78	71	72	84	85	76	88	81	75	79	81	76	26	72	85	76	77	76	88	17	85	77	72	90	86	86	79	87	89	86	87	83	72	78	80	88	73	70	73	75	81	83	82	87	78	84	76	74	80	84	80	70	74	81	88	83	89	77	90	72	84	71	83	90	71	89	80	78	75	83	82	82	78	77	83	86	76	86	86	88	88	74	80	87	84	79	72	77	82	82	88	80	71	81	88	73	89	81	80	89	84	79	87	88	79	83	83	85	70	73	79	85	86	71	74	82	85	83	77	74	87	73	75	82	80	74	74	88	75	72	90	79	71	81	87	76	87	84	75	85	83	87	72	74	80	70	77	79	75	86	74	79	78	88	70	75	88	83	82	86	81	74	78	76	24	85	87	73	87	77	89	77	86	89	85	85	71	81	90	81	75	87	76	86	86	87	88	89	89	83	18	84	82	73	77	83	84	81	89	81	82	85	79	74	85	71	79	87	81	84	88	74	84	76	73	86	80	25	80	78	73	71	72	76	72	70	86	85	77	82	79	74	75	80	88	76	84	75	86	18	76	78	88	74	80	82	82	84	82	87	81	71	89	81	77	17	83	76	82	72	74	76	88	84	89	80	83	71	75	77	90	82	90	85	79	89	75	89	79	74	90	77	88	81	19	89	82	82	85	82	84	71	24	76	85	72	73	75	85	76	74	90	78	72	74	84	73	72	77	87	71	83	71	76	83	84	75	84	76	71	84	85	74	75	71	86	82	70	81	73	86	73	80	84	73	76	88	79	89	73	71	77	87	82	80	89	27	79	72	72	85	75	79	74	70	79	88	88	79	82	76	71	79	79	73	88	76	81	90	86	70	87	90	75	80	78	82	75	74	73	79	87	75	76	79	83	75	85	86	74	86	79	87	80	81	90	81	78	87	78	71	74	89	87	73	71	87	84	89	86	84	71	73	87	84	80	73	74	71	73	89	74	76	79	18	89	87	79	73	80	86	70	76	79	87	81	82	86	79	81	83	77	79	77	72	73	72	75	83	84	82	82	72	85	85	72	85	86	78	74	71	73	85	77	75	73	90	80	83	83	72	80	78	72	73	77	73	84	77	82	77	74	74	87	71	76	80	80	77	88	84	82	88	77	72	80	74	72	70	72	82	76	84	79	82	80	84	83	83	86	90	87	72	82	87	79	71	74	73	89	73	83	87	73	77	88	75	88	82	85	76	79	85	72	73	71	23	80	76	80	84	71	22	75	74	70	86	83	89	84	89	79	90	72	83	85	77	85	87	78	20	81	88	87	83	85	21	83	86	78	82	74	90	83	87	80	88	81	73	77	85	72	86	76	78	29	75	74	89	73	90	74	81	79	72	76	83	82	84	77	84	90	76	70	85	86	25	70	85	72	87	77	79	79	74	79	83	80	80	84	85	72	28	75	86	87	77	89	75	86	89	75	84	84	84	79	82	77	71	80	77	77	87	76	86	83	71	74	86	72	77	79	70	74	87	81	71	71	71	72	88	86	87	74	84	75	89	90	84	76	86	88	75	85	72	72	76	74	76	75	73	73	74	86	72	77	80	83	84	73	80	73	81	86	75	75	76	75	77	83	90	88	75	82	80	75	85	80	75	71	70	85	72	76	77	73	71	85	72	90	74	82	81	72	83	71	79	75	88	82	73	71	70	71	81	77	77	72	79	74	86	89	82	72	78	76	87	75	85	75	79	81	87	79	78	85	84	84	79	76	77	88	90	74	77	85	80	80	77	86	82	73	83	84
wj																																																																																																																																																																																																																																																																																																																																																																																																																																																																																																																																																																																																																																																																																																																																																																																																																																																																																																																																																																																																																																							
52	76	48	18	96	12	5	19	52	49	53	21	88	10	29	37	97	8	55	57	95	64	54	90	79	95	50	51	4	22	73	62	38	94	74	69	89	8	51	44	36	70	63	25	48	65	98	63	98	32	59	72	18	6	99	9	17	67	92	84	53	92	65	17	19	50	10	36	71	87	40	9	55	26	84	86	96	83	9	59	5	24	3	56	40	84	6	64	45	34	58	6	32	24	3	14	61	25	6	92	14	9	15	52	87	84	15	35	23	45	38	62	72	5	64	49	80	98	68	94	77	60	19	78	94	77	27	44	24	35	40	77	51	51	33	64	31	38	88	66	55	13	53	94	79	54	63	73	32	38	50	30	98	14	41	83	17	28	56	95	68	50	88	65	7	75	77	68	54	96	94	13	28	13	7	55	56	16	57	4	19	93	75	18	13	43	64	51	75	14	66	37	40	90	35	15	16	74	52	30	94	68	84	73	37	4	13	85	25	16	81	62	87	30	4	2	58	39	75	50	23	89	78	85	73	24	18	57	95	37	40	63	75	8	21	55	42	25	65	4	31	7	32	42	94	57	61	64	37	38	75	54	92	5	78	45	64	61	11	28	48	38	75	43	84	13	26	3	43	68	33	50	87	53	30	4	2	81	95	88	33	68	58	38	57	57	91	15	65	87	40	3	41	70	7	76	28	22	67	34	83	43	64	29	44	45	61	87	57	67	64	44	49	47	1	37	65	49	77	33	47	82	82	67	35	96	92	22	21	48	44	27	82	62	23	22	73	17	35	18	6	10	66	37	89	5	5	93	74	88	47	84	21	92	12	67	83	73	51	22	33	40	27	80	40	91	45	28	44	85	8	23	78	20	42	63	60	42	69	50	66	81	69	65	56	86	9	83	57	61	24	72	85	92	53	57	3	68	80	46	42	2	57	34	21	97	72	11	46	95	37	95	35	28	98	16	69	51	33	10	21	20	17	41	84	84	10	34	100	62	85	91	27	73	76	94	30	9	52	43	42	98	7	45	75	57	17	61	37	51	78	65	26	62	69	89	84	76	33	18	32	51	99	64	19	89	79	41	62	79	83	94	66	66	27	15	55	51	37	72	94	85	2	74	41	82	65	74	53	5	90	32	51	2	68	86	21	58	51	76	83	50	35	2	73	35	86	35	97	20	14	17	49	47	90	91	80	65	42	35	26	22	8	20	64	74	86	40	56	46	38	81	38	3	37	70	88	77	34	73	48	40	94	27	23	7	3	90	22	12	63	12	66	94	30	1	55	84	62	44	30	48	74	61	50	41	33	22	62	48	28	84	23	32	38	96	3	10	94	5	27	38	83	81	77	43	32	95	45	56	7	77	78	7	83	73	61	14	48	55	90	41	41	62	46	89	51	81	74	96	5	70	57	27	36	18	34	34	26	68	33	51	50	18	93	39	15	47	86	77	11	3	81	74	55	50	6	13	43	7	87	63	43	47	78	96	59	50	91	29	24	4	83	13	53	73	97	49	79	56	65	12	80	40	25	43	55	72	32	1	81	100	52	26	65	30	99	26	48	6	99	94	52	94	40	81	58	85	38	64	62	81	52	39	57	17	13	83	16	49	62	49	93	34	11	38	77	82	60	63	47	47	11	32	93	94	90	47	89	56	14	56	69	24	2	54	68	82	39	28	88	95	20	14	13	41	17	25	13	39	32	97	78	21	39	46	27	44	75	22	84	16	2	81	47	84	37	10	74	78	94	12	29	50	68	93	92	48	81	82	81	73	25	12	17	94	57	61	54	43	15	45	68	34	71	85	34	4	95	67	57	38	76	30	90	77	26	17	87	54	79	46	17	22	69	94	60	57	27	10	75	46	92	42	85	96	26	83	40	91	25	4	95	72	59	39	29	28	47	41	3	74	17	66	18	64	38	33	54	5	44	39	98	55	67	74	11	23	63	75	76	51	89	48	54	98	69	18	12	72	31	92	54	54	40	29	92	26	6	60	7	5	52	53	54	23	32	96	14	31	52	47	45	100	91	94	78	70	38	82	17	60	38	81	49	27	59	56	23	57	78	69	81	39	3	14	93	43	48	84	87	72	56	79	31	100	31	55	71	33	73	2	12	52	43	25	54	35	52	90	43	57	73	96	5	42	79	5	62	20	52	29	82	22	3	31	5	34	51	51	13	14	62	6	15	47	58	95	73	49	15	27	18	14	72	12	88	4	7	58	29	6	49	93	52	9	67	88	8	8	28	83	97	19	64	78	6	92	39	6	14	27	85	8	17	51	66	23	66	92
